2853.005540,2857.743932,2860.719022,2862.567584,2868.105570,2875.296502,2880.757354,2881.985910
2853.244756,2857.533147,2861.242664,2862.620071,2868.101166,2875.550991,2880.683701,2882.012762
2853.921121,2857.953077,2861.626931,2863.339696,2869.414415,2875.074993,2882.098679,2882.742153
2853.325052,2857.571610,2860.721651,2862.998805,2868.100464,2875.772238,2881.239835,2882.018750
2853.001416,2858.513205,2860.391840,2863.692371,2870.624559,2875.852749,2882.054212,2883.860568
2853.231055,2857.657575,2861.814754,2863.287190,2868.100024,2875.713764,2881.650968,2882.000901
2853.002450,2857.269685,2861.319001,2863.345216,2870.143743,2875.069926,2882.065981,2884.715067
2853.533769,2857.612092,2861.473426,2863.314825,2868.102536,2875.741827,2880.107999,2881.981551
2853.410256,2857.476198,2861.507487,2862.831022,2868.101795,2875.262894,2881.490268,2881.987936
2853.314186,2858.338362,2862.778793,2864.227102,2870.640601,2875.860839,2881.248835,2882.189044
2855.194947,2859.475847,2861.715533,2864.127249,2868.356535,2873.814548,2875.827267,2882.089162
2853.563294,2857.848782,2861.992490,2863.889753,2868.100014,2875.250824,2879.914600,2881.838726
2853.037451,2857.455651,2861.419822,2863.920416,2868.100005,2875.940510,2876.343743,2881.859040
2858.056066,2861.668401,2863.752087,2872.994207,2877.474181,2880.027094,2882.528845,2888.844021
2858.186417,2861.533338,2863.947669,2872.991045,2877.507549,2879.908233,2882.335759,2888.550554
2857.853110,2863.451886,2863.812147,2872.999232,2877.968436,2879.796422,2882.923039,2889.282104
2857.749174,2863.937332,2864.308918,2872.998791,2878.157547,2879.976353,2882.957699,2889.099724
2857.899497,2863.520820,2868.183549,2872.995631,2879.608386,2880.114112,2884.060291,2890.408603
2857.873888,2863.580714,2864.071362,2872.996261,2878.266661,2879.789260,2882.909566,2889.288521
2857.773763,2863.800999,2864.738572,2872.998759,2878.298712,2879.742173,2883.100981,2889.448531
2857.897601,2863.758114,2864.039156,2872.997144,2878.253711,2879.919834,2882.985861,2889.333277
2858.226912,2862.290885,2862.519865,2872.988496,2877.523132,2879.800713,2882.411374,2888.559049
2857.798623,2862.379558,2867.159913,2872.998515,2878.537261,2880.025071,2883.303983,2889.418749
2858.473171,2859.084811,2862.406635,2872.997247,2877.112527,2879.624595,2882.260586,2888.586482
2857.987874,2862.367811,2864.340897,2872.992954,2877.837610,2879.962101,2882.603936,2888.808039
2858.116405,2862.922579,2868.103375,2872.992553,2879.909264,2880.264896,2884.091676,2890.453754
2857.949093,2863.683746,2864.266659,2872.992063,2877.986072,2879.417919,2882.635701,2888.860437
2858.965327,2865.279617,2868.766736,2872.957807,2877.049135,2880.781959,2881.367690,2888.867398
2858.876273,2865.626804,2868.278944,2872.995687,2876.664629,2880.316707,2880.483970,2889.021506
2858.993614,2864.985147,2869.262628,2871.038425,2877.756725,2879.359075,2881.192230,2888.773866
2858.403894,2865.521586,2868.955397,2872.999979,2875.012894,2878.648665,2880.544069,2884.243832
2858.955297,2865.087446,2869.208245,2871.872997,2876.140055,2879.933598,2880.547443,2888.497612
2859.338661,2861.938862,2866.374385,2871.245693,2877.359823,2878.622284,2880.908235,2888.137418
2858.988957,2865.356372,2869.593593,2871.095648,2877.112124,2880.636353,2881.144247,2888.768239
2859.308125,2861.695441,2867.066174,2869.760854,2877.262963,2878.916042,2880.874233,2888.143090
2858.593617,2870.908518,2870.951375,2872.450513,2874.634822,2880.631546,2881.098145,2890.455138
2859.003632,2865.626093,2869.920247,2871.090011,2875.793886,2879.489198,2881.484850,2888.629932
2858.972404,2862.343796,2865.583447,2871.385877,2878.021164,2880.185157,2881.339359,2888.900824
2858.613433,2862.622426,2870.173794,2872.985486,2876.836013,2880.901597,2882.536083,2890.491458
2858.841250,2864.453071,2868.980366,2869.544876,2878.988088,2879.423353,2881.013684,2889.015441
2858.968728,2864.585421,2869.046373,2870.334585,2879.002462,2879.142543,2881.070709,2888.544478
2859.370593,2861.463395,2865.119230,2869.548179,2879.403081,2879.995744,2880.470649,2888.256903
2858.800559,2862.303525,2871.380405,2871.809835,2877.266541,2879.343262,2881.276365,2888.032888
2858.558684,2862.976139,2870.213545,2872.510560,2877.619309,2880.365635,2883.343131,2890.498716
2858.976028,2864.509592,2869.414583,2870.229229,2878.657961,2879.450399,2880.951523,2889.001681
2858.795202,2864.953233,2869.489794,2870.199621,2877.394314,2880.887099,2881.187893,2889.261521
2858.777237,2865.171761,2867.929309,2869.840223,2877.707497,2880.662526,2881.028253,2888.833476
2858.916517,2865.055931,2869.401695,2869.684670,2877.634653,2880.440826,2881.063604,2888.641786
2858.817116,2865.057726,2869.397892,2869.814983,2877.049305,2880.873269,2880.964474,2890.039745
2858.886906,2864.647226,2869.847025,2870.096012,2875.698584,2879.583412,2881.198077,2889.439770
2858.908124,2864.549677,2869.582791,2869.689039,2876.424967,2880.252991,2881.147404,2889.410471
2858.886559,2865.318632,2868.977986,2869.892133,2876.828238,2880.413895,2881.171998,2888.804949
2858.864351,2865.542027,2868.375157,2870.076833,2876.499747,2880.260975,2881.247507,2889.254751
2858.815843,2863.715718,2867.725448,2870.077909,2876.018969,2880.374445,2881.178090,2890.486701
2858.847152,2864.933619,2869.111874,2870.384549,2878.598750,2879.709000,2880.905852,2889.533337
2858.905124,2864.783065,2869.112232,2869.780755,2878.825401,2879.693822,2881.026169,2889.196422
2859.131467,2864.273501,2865.152041,2869.080938,2879.298210,2879.749241,2879.983981,2888.287498
2858.863119,2864.831179,2869.129064,2869.768024,2878.649942,2880.004009,2881.105039,2889.022160
2858.840798,2864.814135,2868.997135,2869.985774,2879.027846,2880.394493,2881.086671,2888.646626
2858.894656,2864.515928,2868.302771,2870.673567,2878.232993,2878.807579,2881.093124,2889.080228
2858.887259,2864.322931,2868.352504,2869.950953,2878.429848,2878.668231,2881.158777,2889.263587
2858.853099,2865.065594,2869.068890,2872.457677,2876.553141,2880.359419,2881.263392,2889.490530
2858.863498,2863.347105,2867.101166,2869.925943,2878.524431,2878.608225,2881.235230,2889.165040
2858.820248,2864.453549,2868.853010,2869.374795,2879.280247,2880.138712,2881.123462,2888.838214
2858.807092,2864.652851,2870.435975,2870.726576,2875.797524,2880.356116,2881.156096,2890.044411
2858.809621,2864.471417,2868.364620,2869.097196,2879.022678,2879.426335,2881.041403,2889.359738
2858.929907,2864.449943,2869.114193,2871.179644,2878.385115,2878.447398,2881.061032,2889.771034
2859.349128,2862.284345,2865.625649,2869.536049,2878.228820,2880.384270,2880.819505,2887.936734
2857.942265,2865.011127,2865.500818,2872.999963,2878.769369,2880.232088,2883.129362,2890.275785
2858.773134,2866.818600,2871.669983,2872.990611,2877.180762,2877.183684,2882.258918,2888.247306
2858.782928,2868.638077,2868.889302,2872.944600,2877.190037,2879.189791,2881.796523,2888.043217
2857.802200,2866.831376,2868.925699,2869.547277,2879.352708,2879.653746,2879.688440,2885.760159
2858.739443,2865.058952,2866.932062,2868.370518,2875.960341,2879.944475,2880.385016,2886.945760
2858.937761,2863.675666,2867.464069,2868.255922,2877.104406,2879.566827,2880.939061,2887.746794
2858.895799,2864.703523,2869.243377,2870.093963,2879.042811,2879.063550,2881.092808,2888.940172
2857.072692,2868.315139,2869.441224,2870.012031,2878.747256,2879.860695,2881.885203,2888.074025
2857.201700,2868.575787,2869.062767,2870.045116,2878.115761,2880.324954,2881.548178,2888.248218
2858.391029,2867.924490,2869.284546,2872.977015,2875.785589,2881.228921,2881.356361,2890.499586
2857.272904,2863.956971,2868.445971,2869.446959,2878.747303,2878.915596,2882.566764,2889.391975
2858.650392,2860.642729,2867.082302,2869.501068,2878.915893,2879.299317,2881.332733,2888.836731
2858.691670,2866.290820,2869.481203,2869.588118,2878.691377,2880.555944,2881.073859,2889.201523
2859.005033,2862.958898,2869.720030,2872.363327,2874.428590,2880.789703,2881.201480,2889.741675
2858.801550,2865.350313,2868.333306,2871.285367,2880.013560,2880.089903,2880.384836,2888.701637
2859.003198,2864.212446,2871.086886,2871.104058,2875.374488,2879.167493,2881.219208,2888.018993
2858.522910,2865.966076,2869.647050,2869.916268,2875.877925,2879.349792,2879.653753,2886.646843
2858.843126,2865.393972,2868.223216,2871.339842,2877.768629,2880.646778,2880.978050,2889.685966
2858.797370,2865.363712,2868.791963,2869.982251,2879.031358,2879.737607,2880.993588,2889.119772
2858.902959,2865.163474,2868.992284,2871.214259,2876.939502,2879.324855,2881.112707,2888.371482
2858.896033,2865.330870,2868.612531,2870.482292,2878.842597,2879.958906,2880.816392,2887.334761
2859.029220,2866.786719,2867.977854,2871.126733,2879.353777,2879.945128,2880.112397,2890.407339
2858.382345,2864.529879,2869.492663,2870.587347,2875.654536,2878.994548,2880.489502,2885.015156
2858.753726,2864.612459,2865.837167,2869.488232,2878.655619,2880.237380,2881.227819,2888.914211
2858.800325,2865.395537,2868.349291,2870.105763,2877.746564,2880.414600,2881.150856,2888.864934
2858.788188,2865.432963,2868.058059,2870.481880,2877.781370,2881.038771,2881.290381,2888.575105
2858.798582,2865.534304,2868.455218,2869.509428,2878.460853,2880.441601,2881.098624,2888.128050
2859.115844,2863.173918,2866.538903,2872.447798,2875.623672,2880.571433,2881.220545,2887.618290
2859.020931,2862.225731,2866.742506,2872.997020,2876.089087,2880.262704,2881.561141,2888.055367
2858.723894,2862.875995,2866.813214,2872.999048,2875.767460,2879.884131,2881.508759,2888.028204
2858.074930,2860.099746,2864.048390,2872.999988,2876.281604,2880.817145,2882.675057,2889.047148
2858.862955,2861.754765,2868.506577,2869.180343,2880.817906,2882.516451,2882.531115,2888.099996
2858.307404,2862.346599,2872.362042,2872.453566,2876.984379,2880.089032,2882.091664,2888.292387
2859.119328,2862.763319,2864.974131,2870.674661,2877.157868,2879.528177,2881.598837,2888.093621
2859.093740,2866.448864,2868.999530,2869.602894,2881.108182,2881.217223,2881.260141,2887.238912
2858.898251,2863.579073,2865.564964,2871.995967,2875.920532,2878.565027,2881.778230,2887.974902
2858.558872,2863.441793,2866.941934,2868.485641,2880.002980,2880.882568,2881.682168,2890.098223
2858.946744,2864.158991,2865.775285,2870.296996,2878.506819,2879.882254,2880.555654,2889.190818
2858.739803,2865.217702,2868.765297,2870.352458,2878.930485,2878.936877,2881.338983,2888.978917
2858.921975,2862.285208,2866.653991,2868.203470,2878.606572,2880.528188,2881.578360,2889.142877
2858.820747,2866.442343,2868.553902,2871.078664,2878.994000,2881.360654,2885.519714,2888.847127
2858.289146,2864.679182,2867.287705,2869.021190,2880.284013,2880.704040,2886.229234,2889.825184
2858.814154,2863.815867,2868.987651,2870.913733,2878.870420,2879.141916,2881.273737,2889.050110
2858.881089,2864.930380,2868.148535,2868.808040,2879.583558,2879.648792,2880.622130,2889.124023
2858.765122,2864.453680,2868.786517,2871.463950,2879.334759,2879.489969,2881.081180,2889.232960
2858.891230,2864.381515,2869.016071,2871.673589,2878.515866,2880.136458,2881.123906,2888.345013
2858.511149,2864.285607,2866.342373,2871.126260,2880.265905,2880.379888,2882.752590,2890.492676
2858.573027,2866.287581,2866.333491,2870.341564,2880.265745,2880.425339,2882.588040,2890.481646
2858.866063,2861.382124,2865.926097,2869.524038,2879.561195,2880.415362,2880.623176,2888.556665
2858.203477,2862.310328,2866.044494,2872.985325,2879.561994,2883.342122,2883.862422,2889.646728
2858.809467,2863.787505,2864.334172,2867.974741,2879.801422,2880.520570,2881.046514,2889.418531
2858.752031,2866.234870,2867.082817,2871.883668,2879.882326,2880.068127,2881.694718,2889.951788
2858.661550,2860.551604,2865.927853,2869.173936,2879.696412,2881.231920,2882.657690,2889.170250
2858.343625,2865.624698,2867.125864,2872.959937,2880.457471,2881.694157,2881.927319,2890.499967
2858.666505,2861.574529,2865.385298,2870.877519,2879.898789,2880.898521,2881.884626,2889.407779
2858.769534,2864.831195,2868.307848,2868.653326,2879.441450,2880.880459,2880.884350,2888.383492
2858.820823,2865.411629,2866.518824,2868.827833,2879.698644,2880.124529,2880.286136,2889.142582
2859.853252,2861.580897,2864.800535,2868.545509,2877.126007,2881.280629,2881.671205,2888.290298
2859.791130,2861.391516,2864.288076,2869.133303,2877.008466,2884.534824,2884.933142,2887.922436
2858.461869,2859.934271,2863.713126,2869.347958,2878.831564,2883.128338,2885.224113,2887.260491
2859.252971,2861.902556,2866.588524,2869.348405,2881.064090,2886.568858,2886.753924,2887.937756
2858.883066,2862.758970,2866.431532,2869.934394,2881.462633,2883.142150,2885.713769,2888.236405
2859.251454,2864.729664,2867.135596,2870.551975,2881.681196,2883.779435,2887.187139,2887.524921
2859.354701,2863.776253,2866.316609,2870.891927,2879.930183,2881.012670,2883.925846,2886.806240
2858.970573,2864.224070,2868.983227,2870.135057,2881.225765,2881.834793,2884.587181,2887.248505
2859.165657,2864.701283,2867.468989,2869.513287,2880.559000,2880.831699,2886.798455,2886.846614
2859.412325,2865.436279,2868.778890,2869.190564,2881.366826,2881.413403,2883.529671,2886.102572
2858.673090,2863.019735,2869.103914,2872.995602,2880.060598,2881.242201,2886.630533,2889.913938
2857.242926,2858.433244,2863.900267,2870.945653,2878.754703,2883.205289,2887.667389,2887.677930
2858.621229,2863.827786,2865.058542,2872.931472,2879.686751,2881.163350,2885.675119,2888.995052
2858.654515,2864.066411,2867.144430,2872.999922,2879.860957,2881.165966,2885.443205,2888.241563
2857.808340,2863.144186,2864.117782,2872.995276,2878.503379,2881.126627,2886.419552,2889.392189
2858.879269,2863.497407,2866.786982,2870.597133,2878.852467,2881.546436,2884.327296,2889.628946
2859.287228,2859.848305,2864.814006,2868.257230,2879.264157,2880.020195,2885.579807,2889.426766
2859.130592,2859.992849,2864.400665,2869.788845,2879.288441,2880.105281,2885.604657,2889.825925
2859.025590,2862.025293,2867.216548,2869.647699,2877.908358,2880.985228,2884.520093,2890.033102
2858.881033,2864.354719,2867.588947,2868.918230,2877.882210,2881.246737,2884.359739,2889.249106
2858.769856,2863.991439,2865.893586,2869.798059,2877.821541,2881.403877,2883.877398,2889.288614
2859.046364,2865.485579,2868.569781,2869.330120,2878.160403,2880.818193,2884.435359,2889.968410
2858.401472,2867.482130,2869.811864,2871.569832,2876.969077,2880.889869,2883.781285,2889.965559
2858.540066,2860.013108,2866.783628,2870.647950,2878.490511,2879.210532,2884.578857,2890.195430
2858.750091,2864.807249,2868.872607,2871.885221,2876.201296,2882.119128,2883.068912,2890.666900
2858.651458,2864.334254,2868.516454,2871.371774,2876.520793,2882.078756,2883.350383,2890.569894
2858.710848,2865.250454,2869.267592,2871.372845,2876.421183,2881.986793,2883.303737,2890.911566
2859.003481,2862.838068,2864.953211,2867.236710,2879.890078,2881.300843,2881.993938,2889.784684
2858.479369,2858.774773,2868.605986,2870.256640,2877.266338,2880.049871,2883.590330,2889.236388
2857.647440,2858.631809,2869.562162,2872.181829,2877.328671,2879.042433,2882.978822,2887.550758
2858.271149,2859.390317,2862.180522,2868.538155,2877.432959,2878.166301,2883.700942,2889.468049
2858.946063,2859.044443,2867.561036,2873.792951,2875.966793,2880.743749,2884.139264,2888.122494
2856.892135,2858.174996,2866.878367,2875.899746,2877.523382,2881.133145,2885.941656,2891.191815
2858.643953,2863.621514,2870.379155,2870.419037,2876.881025,2881.094028,2884.357862,2887.302935
2858.574702,2860.047415,2865.932795,2872.329864,2877.765249,2880.167590,2883.688690,2884.898524
2858.949568,2861.833687,2869.485234,2870.844664,2878.567486,2882.799208,2882.893030,2888.148343
2858.383015,2859.343411,2862.393017,2872.635502,2877.939346,2880.387475,2884.010506,2889.805601
2858.770089,2863.045642,2864.294002,2875.887352,2877.416861,2882.652693,2883.669206,2889.276292
2858.683358,2861.103942,2866.595696,2875.792182,2879.205331,2880.601153,2885.081442,2889.921592
2857.928886,2858.834869,2863.956675,2875.897548,2877.674442,2882.704238,2883.599093,2889.398629
2858.121985,2858.802041,2863.793973,2874.293016,2879.424345,2879.874562,2885.618246,2889.471062
2858.077776,2861.538043,2864.894618,2875.897626,2877.058146,2882.795163,2884.251210,2889.646342
2858.122295,2861.589039,2863.415989,2875.897688,2877.125730,2882.807433,2883.317955,2889.764220
2857.941497,2863.004404,2868.196774,2875.829165,2875.899989,2882.291851,2887.188480,2891.478016
2855.341530,2858.843862,2860.397303,2872.397528,2878.299483,2879.797617,2884.800986,2890.865330
2858.584811,2866.310329,2867.214403,2868.086955,2876.994245,2882.713633,2884.741040,2888.835887
2858.755748,2865.235352,2865.460479,2870.296992,2877.750145,2881.369557,2883.544104,2887.357825
2858.820370,2863.335203,2867.229131,2869.776341,2877.625613,2881.739971,2884.684297,2888.508414
2859.615992,2861.467016,2867.838725,2868.288384,2879.949531,2882.029091,2882.470411,2890.476805
2858.191305,2865.509426,2866.797308,2867.805770,2878.879540,2880.955147,2882.583906,2889.396330
2857.973538,2866.386791,2866.844159,2867.496375,2877.762863,2878.940674,2884.401787,2890.186574
2858.601215,2865.488915,2866.848671,2867.148976,2877.348774,2881.277301,2882.621779,2888.906905
2858.190542,2865.876844,2866.975996,2867.449157,2877.112773,2879.429832,2883.801839,2889.097098
2858.918260,2862.792373,2869.108000,2869.261322,2881.142230,2881.644213,2882.349069,2889.265949
2858.166071,2865.002917,2866.408459,2867.295801,2878.514178,2881.150919,2886.457792,2889.966179
2854.718807,2858.540251,2865.395853,2870.676654,2879.554767,2882.388679,2887.160373,2890.818629
2858.630923,2860.861269,2864.660384,2866.045585,2879.863696,2880.089612,2886.317998,2889.936965
2858.828974,2863.204157,2867.040191,2869.896922,2880.009765,2880.711561,2880.919407,2890.107921
2859.706762,2861.326927,2863.550509,2867.192173,2878.619963,2882.020553,2883.044498,2889.551043
2858.887585,2864.855781,2868.108787,2868.776156,2881.347610,2882.097701,2882.950901,2890.149540
2858.524034,2863.571391,2869.410019,2871.784854,2878.469392,2882.849471,2885.034255,2891.493113
2858.431273,2866.427579,2867.863496,2871.822566,2879.423762,2881.716335,2886.896800,2891.138217
2858.709837,2865.866208,2869.056223,2871.928621,2881.579209,2882.841777,2886.604689,2891.043255
2858.653752,2860.948525,2866.745812,2867.036456,2880.057310,2882.510703,2886.528904,2890.238579
2858.752197,2859.104611,2864.542156,2868.432351,2880.055164,2883.435476,2887.133024,2890.984732
2859.637674,2860.682736,2864.347469,2867.691040,2879.247400,2881.165201,2881.396375,2888.894744
2858.850868,2864.322897,2868.133248,2868.454967,2881.257642,2881.275592,2881.921668,2888.963931
2858.674011,2864.900011,2869.540918,2871.999966,2880.118847,2882.517768,2885.266542,2891.492722
2859.415303,2863.188081,2864.739560,2868.902135,2878.930513,2882.184329,2883.595025,2890.721331
2858.744506,2858.818018,2865.468149,2865.899272,2879.758508,2883.047427,2884.190157,2889.821376
2858.675266,2865.233614,2867.514197,2869.196141,2881.791774,2882.355299,2883.272764,2888.642927
2859.647205,2863.071396,2864.253251,2869.752014,2879.685851,2879.770072,2881.671215,2891.107752
2858.785029,2864.280849,2868.542149,2868.925470,2877.903014,2881.230684,2883.807567,2888.815147
2859.535220,2863.675006,2869.216279,2869.473836,2875.448763,2882.658296,2884.238199,2888.872352
2858.045652,2861.391496,2868.832716,2871.991090,2876.979567,2882.746192,2887.389517,2891.250790
2858.899910,2859.083530,2868.954898,2869.427468,2875.194300,2882.608509,2882.703905,2882.946891
2859.515233,2863.073019,2864.857767,2865.648398,2875.814712,2880.234150,2884.039691,2884.226410
2859.034533,2859.465167,2862.736234,2864.753602,2875.642157,2880.227931,2882.710948,2886.139458
2859.578605,2861.464454,2869.441883,2871.999617,2878.559982,2882.351531,2884.657251,2887.154116
2859.288125,2862.608261,2870.663561,2871.997930,2879.339236,2881.914178,2884.837711,2887.499829
2859.983042,2861.086181,2865.690771,2868.760081,2877.355893,2880.280658,2882.863477,2885.182008
2859.523685,2861.800047,2862.789189,2864.108759,2874.933822,2881.138291,2882.403677,2885.605383
2858.589137,2864.298419,2869.503848,2871.996360,2879.590113,2881.687306,2884.550800,2886.873426
2858.935224,2863.015763,2869.322564,2870.007024,2879.439168,2881.840186,2882.516514,2884.980876
2858.385309,2864.643270,2865.116796,2867.332939,2877.407905,2880.647231,2885.240541,2885.278003
2859.246451,2859.922767,2868.445038,2871.974511,2877.926301,2882.534303,2885.652124,2885.760370
2859.010959,2861.951623,2866.218191,2869.588277,2876.527642,2882.072634,2884.495707,2884.883940
2859.465213,2863.388611,2864.033651,2868.671720,2877.891437,2880.937652,2883.970243,2884.148962
2858.728491,2862.619247,2863.500816,2869.341020,2875.396347,2880.324651,2884.609611,2884.935415
2859.052056,2859.742320,2868.706508,2869.873733,2876.452746,2882.614728,2884.395536,2886.360977
2857.748899,2859.490951,2863.720944,2863.968393,2875.805379,2878.551173,2882.790462,2887.308312
2857.460576,2861.593169,2865.991634,2868.795876,2877.510716,2879.570355,2881.221485,2883.501851
2858.652774,2863.026001,2863.946803,2869.257595,2876.181648,2882.900738,2884.107514,2884.839353
2859.432291,2863.056300,2867.897661,2869.508561,2877.662716,2882.176388,2884.542159,2885.047175
2859.138752,2862.781503,2863.155191,2871.036919,2878.388464,2880.359472,2884.821774,2885.040108
2858.568605,2860.888843,2861.741948,2868.913549,2876.736296,2881.759691,2883.611748,2884.217872
2859.019387,2861.717944,2862.663723,2868.838875,2878.182700,2881.765697,2883.574290,2884.719920
2859.027418,2860.727329,2861.590882,2869.443500,2878.778642,2881.474915,2883.749747,2884.463964
2858.782803,2861.148719,2862.584609,2869.215693,2877.462536,2882.173953,2884.102264,2884.926976
2859.016379,2861.005732,2861.527013,2870.162673,2879.202153,2881.590696,2883.751189,2884.739471
2858.967538,2861.796270,2862.904732,2869.762584,2875.130974,2880.108657,2884.461021,2884.612336
2858.758803,2860.922461,2861.156401,2871.051306,2875.443693,2879.484631,2882.567125,2887.766080
2859.539532,2861.088468,2861.561659,2865.896165,2876.745477,2882.921507,2884.283449,2884.367678
2857.909253,2861.759445,2861.963551,2869.320979,2878.600237,2881.237504,2883.870863,2883.990189
2858.591847,2861.775735,2864.889077,2867.962136,2877.968235,2882.696583,2883.882921,2884.509698
2858.926941,2864.523299,2866.788645,2867.427740,2878.537824,2882.496125,2884.005622,2887.647609
2858.759028,2860.002432,2864.435853,2866.311072,2877.817511,2883.356282,2884.374504,2887.938369
2858.688031,2864.884402,2867.435205,2870.032883,2879.024801,2882.744548,2884.618254,2886.936658
2858.737500,2864.799617,2866.716635,2869.203982,2878.719918,2882.656559,2884.037869,2887.256908
2859.006402,2864.664420,2867.455127,2868.372512,2878.946741,2883.358945,2884.992203,2888.723101
2857.190183,2859.543824,2864.263127,2868.276355,2877.035736,2882.589036,2885.922678,2886.966770
2859.375374,2863.736687,2867.590501,2867.667702,2877.789798,2882.682856,2886.138266,2886.417329
2855.900840,2859.215076,2864.800499,2867.688525,2877.213896,2883.389318,2885.702620,2886.863237
2859.263752,2864.135538,2865.990987,2867.593735,2877.298129,2881.419171,2884.932145,2885.261170
2858.630480,2859.518732,2862.896099,2873.764936,2879.040012,2881.045058,2883.657974,2885.990093
2858.614162,2862.677923,2864.455536,2870.692862,2875.203371,2882.625521,2884.016979,2889.600381
2856.795231,2859.573174,2862.335675,2868.110199,2876.933785,2882.020838,2883.963423,2888.059875
2859.537602,2862.653298,2863.930826,2867.345895,2876.855864,2882.477248,2884.001345,2888.407565
2859.329155,2862.811371,2862.938220,2865.772807,2877.558280,2882.404202,2884.440839,2888.228775
2858.541204,2862.404997,2863.635571,2870.563550,2878.345885,2883.163028,2884.048365,2888.139598
2858.911528,2863.861147,2864.523308,2869.424100,2879.081984,2882.594454,2883.552505,2888.133499
2859.480799,2862.391383,2862.393052,2862.720284,2877.007987,2882.160614,2883.971188,2887.238209
2858.285523,2863.364632,2863.494084,2871.421579,2879.858706,2880.703188,2882.896686,2885.879936
2858.988335,2863.058986,2863.389401,2870.594997,2877.839909,2880.349152,2883.053719,2885.777108
2857.865280,2862.658572,2862.727552,2871.984982,2880.164140,2881.036429,2882.778073,2885.934433
2858.652113,2863.302455,2863.684268,2864.041499,2877.771652,2880.902838,2882.565444,2885.973650
2858.225885,2863.106776,2863.370311,2871.690391,2879.935744,2881.008400,2882.962235,2885.892202
2859.114386,2863.149607,2863.445677,2863.632473,2876.750090,2881.977611,2884.570156,2888.018106
2859.050853,2861.484562,2863.383639,2863.677426,2877.369533,2880.767361,2882.648110,2885.786577
2858.601071,2862.577725,2864.608074,2865.651702,2876.849704,2881.234782,2884.197507,2888.063215
2859.059310,2862.761612,2862.808502,2863.601433,2877.051610,2881.951731,2885.166684,2886.850215
2859.274061,2862.681703,2862.951394,2863.501026,2876.851565,2881.974928,2886.098503,2887.209371
2859.170135,2862.239561,2863.471280,2865.831660,2878.117600,2882.346174,2884.348593,2887.800222
2858.343008,2859.161086,2861.913308,2865.143501,2876.740509,2881.925348,2884.067673,2886.467011
2858.667950,2861.770727,2864.697051,2870.417098,2878.484319,2882.311833,2883.898549,2885.227024
2858.639024,2861.851965,2862.165441,2863.000461,2876.525869,2881.927574,2884.298778,2886.990414
2858.985278,2861.692595,2863.211484,2868.207292,2877.982915,2880.906246,2882.908733,2885.211626
2859.083461,2860.534900,2862.416456,2864.069673,2877.569836,2881.912938,2883.555424,2886.601694
2858.711147,2862.826566,2864.803721,2865.778172,2878.047185,2881.556468,2883.674519,2885.414575
2858.770578,2860.689704,2864.895197,2870.020787,2879.063727,2880.724403,2883.065935,2885.150737
2858.347269,2861.253913,2864.379835,2871.274911,2879.237321,2879.694227,2882.276910,2885.545794
2858.709861,2861.595004,2861.605960,2863.151102,2877.867105,2881.098921,2883.007136,2885.633243
2859.094168,2861.111549,2863.140662,2868.759039,2878.609768,2881.605781,2885.654726,2885.720790
2859.052117,2861.560949,2862.569103,2868.841542,2878.713427,2881.630802,2885.333031,2885.437006
2859.044546,2859.346731,2863.736471,2866.585367,2877.716801,2881.558511,2885.380849,2885.681874
2859.113589,2860.727678,2862.552142,2867.935436,2878.069301,2881.694151,2885.019805,2885.022967
2859.064645,2859.557794,2860.984439,2863.063908,2877.226656,2881.888931,2884.329481,2886.129793
2858.611928,2861.139921,2862.606014,2867.501693,2878.914024,2880.583902,2882.919102,2885.970162
2859.255930,2859.860878,2862.096647,2862.866462,2876.735615,2882.201142,2883.319460,2886.671151
2858.913070,2862.381488,2863.589576,2869.523294,2879.108586,2880.797383,2882.938557,2885.821600
2858.746998,2863.411512,2864.686525,2870.108581,2879.445471,2879.622658,2882.329720,2885.991265
2858.593446,2863.316913,2864.457729,2870.016635,2879.512079,2881.097429,2883.032424,2885.899835
2858.695458,2863.520871,2863.763379,2870.316002,2879.481710,2879.718897,2882.344925,2885.928053
2858.963665,2861.399852,2862.552224,2868.865239,2878.969147,2881.305053,2883.209785,2885.188504
2859.155841,2861.010944,2861.650048,2861.956318,2876.823118,2881.855799,2883.662365,2886.059847
2858.919617,2861.040077,2861.750909,2868.444309,2878.506993,2881.791435,2883.606404,2884.937990
2858.932975,2861.551335,2861.874352,2868.816495,2878.805863,2881.399827,2883.433923,2885.326835
2858.909244,2862.149500,2862.483704,2866.213358,2878.236664,2881.360141,2883.443221,2885.892413
2859.197871,2860.292549,2861.731808,2866.647063,2878.287546,2882.558247,2884.740139,2886.233262
2859.132424,2860.011299,2861.635800,2866.964962,2878.058905,2882.408741,2884.726749,2885.755006
2858.766104,2858.814581,2859.675244,2862.866703,2878.176501,2881.908242,2883.085197,2886.572492
2858.390221,2858.644595,2860.960404,2862.308692,2877.270022,2882.253414,2883.178765,2886.715255
2858.377542,2859.477541,2861.709052,2863.134303,2877.044711,2882.600273,2883.196008,2886.559293
2858.891375,2860.983236,2861.342686,2867.977566,2878.460084,2881.931995,2883.277457,2886.120875
2858.953566,2859.142746,2860.479247,2868.804260,2878.570232,2880.826249,2882.547442,2886.554702
2858.867754,2859.346660,2859.429823,2860.388836,2876.113845,2878.372306,2882.748274,2887.799073
2859.092509,2861.921104,2863.239115,2866.494944,2878.233621,2882.537700,2884.809303,2886.024990
2859.144812,2862.120123,2865.479854,2867.186955,2878.398567,2881.974313,2883.961018,2886.130697
2859.053008,2860.597202,2862.203164,2863.983578,2877.269460,2882.730654,2884.200447,2886.277553
2859.125743,2860.453539,2862.761011,2863.125536,2877.837819,2882.537141,2884.232975,2885.568303
2859.073017,2860.533423,2862.779700,2862.832096,2877.862195,2882.515652,2884.557780,2885.697280
2858.546024,2860.040977,2863.572267,2865.766303,2877.339751,2883.039951,2884.178035,2886.171432
2859.423128,2860.587761,2860.674893,2863.747861,2877.093116,2882.587348,2884.694843,2885.765393
2859.110637,2860.656085,2862.689503,2866.879169,2878.214456,2882.459476,2884.359800,2885.104346
2859.080048,2860.458885,2863.099047,2864.012910,2877.826322,2882.213153,2883.524358,2885.509635
2858.881696,2860.735439,2864.818102,2870.247893,2878.685391,2881.014358,2883.094339,2885.624714
2858.937999,2860.416547,2863.791944,2868.349329,2877.690973,2881.261413,2883.319072,2885.590749
2858.949076,2860.462779,2861.607557,2864.550422,2877.744364,2882.818083,2884.394828,2885.858574
2858.995042,2862.543446,2864.292583,2868.354741,2878.718396,2881.272783,2883.436973,2886.224585
2859.181284,2860.545368,2861.487239,2867.634589,2876.986648,2881.962696,2884.030119,2886.287501
2858.882833,2861.659836,2871.621682,2872.892437,2880.107699,2882.575011,2885.304517,2888.618282
2859.115549,2861.046135,2863.860632,2869.245101,2878.712237,2881.052497,2883.167641,2885.099140
2858.956122,2862.488523,2863.431167,2868.440204,2878.610033,2881.995422,2883.687461,2885.392166
2859.055697,2862.332981,2865.037576,2869.019536,2878.686126,2882.330659,2884.006011,2885.024883
2859.153161,2859.702592,2861.688949,2869.180153,2877.886978,2881.507922,2883.294572,2885.630740
2858.874927,2859.354308,2860.937123,2871.513403,2879.034729,2881.601940,2883.340813,2884.905867
2858.887838,2860.882330,2863.170791,2867.740564,2878.353477,2882.288851,2884.447570,2885.639565
2858.063196,2859.518852,2863.120734,2871.669292,2876.008027,2880.745519,2886.286379,2886.416661
2858.515839,2858.697004,2868.397224,2874.071053,2878.372475,2881.459321,2885.900403,2885.951920
2858.800632,2858.966506,2863.573392,2871.277217,2877.317782,2881.067727,2886.158714,2889.484406
2858.802772,2861.209560,2871.270472,2873.083010,2880.126090,2883.540494,2885.809462,2887.365261
2858.847226,2860.045258,2871.300346,2873.937054,2879.921240,2883.374454,2885.411382,2886.805475
2858.884152,2860.642370,2872.022998,2872.798292,2877.710359,2883.880657,2887.113176,2890.393849
2856.876394,2861.716122,2862.217259,2874.199933,2877.232908,2881.881327,2885.211163,2887.116269
2858.657789,2862.670772,2864.403221,2868.110569,2877.975904,2881.566573,2883.347710,2885.098189
2858.804883,2860.998224,2869.649869,2872.822147,2879.590935,2882.832420,2885.557886,2886.692294
2858.927458,2863.133959,2865.954883,2867.409703,2878.157712,2881.483033,2883.865700,2885.012892
2858.808612,2861.741519,2863.080151,2869.432148,2878.677025,2881.769930,2883.742233,2884.848651
2858.402459,2861.755706,2864.983536,2871.107765,2879.616138,2880.980131,2883.398671,2885.502591
2858.847061,2861.217475,2868.927818,2871.900122,2879.378788,2882.920546,2886.122041,2886.642186
2858.792938,2863.329089,2866.290403,2867.571542,2877.893531,2881.314048,2883.466145,2885.164292
2858.855418,2860.555347,2860.711137,2863.872996,2877.398456,2882.973433,2885.667490,2887.764765
2858.734346,2861.147910,2861.949601,2863.640199,2877.950428,2883.274953,2885.718777,2887.627028
2858.885067,2860.723782,2860.982883,2863.793203,2877.470378,2883.106294,2885.710201,2887.855187
2858.578041,2860.028612,2861.303179,2863.838185,2877.474887,2882.885338,2885.452947,2887.638557
2858.634553,2860.898890,2861.880441,2863.877734,2877.710749,2882.957647,2885.474275,2887.663302
2858.607856,2860.833500,2862.729960,2863.732854,2877.780300,2883.107509,2885.467743,2887.727641
2858.430461,2860.688505,2863.464987,2863.548533,2878.296470,2883.172184,2885.417457,2887.465489
2858.835864,2860.835695,2861.491996,2863.837372,2877.984987,2883.290647,2885.624717,2887.881318
2859.046927,2860.894848,2861.164926,2864.078963,2877.845174,2883.291304,2885.707452,2887.905853
2858.589785,2860.888103,2861.038592,2863.917789,2877.665848,2883.101604,2885.550968,2887.826333
2858.942165,2861.600135,2861.655831,2864.568620,2877.790818,2883.167411,2885.498965,2887.901394
2858.798983,2861.198801,2861.361618,2864.689338,2877.626314,2883.013623,2884.894799,2888.087631
2858.801018,2861.242927,2862.014809,2864.691690,2877.622018,2883.103294,2884.850058,2888.121668
2858.877685,2861.089394,2861.143360,2864.689000,2877.585880,2883.058020,2884.858853,2888.084032
2858.839522,2860.416078,2860.957971,2864.203902,2877.601463,2882.905494,2884.927214,2887.967354
2858.227816,2859.819747,2863.524783,2863.703711,2877.691541,2882.391489,2884.653661,2887.319137
2858.297530,2860.125799,2861.997078,2864.154500,2877.504409,2882.343655,2885.098945,2887.468846
2858.192258,2859.548925,2861.600651,2864.449791,2877.564292,2882.274277,2885.367137,2887.490675
2858.150822,2859.862655,2863.478287,2867.010289,2878.676464,2882.939219,2885.118729,2887.060494
2858.483892,2859.552349,2863.646219,2863.665553,2877.835740,2882.300967,2885.423941,2887.370733
2858.610440,2860.088316,2862.533267,2863.772637,2877.820710,2882.717818,2885.489761,2887.672717
2858.380751,2860.088186,2861.263648,2864.530157,2877.460698,2882.522760,2885.624255,2887.757090
2858.470915,2859.278266,2863.087176,2869.778354,2878.095374,2884.134930,2885.102855,2886.425414
2858.344339,2860.020197,2863.547105,2863.778848,2877.933293,2882.493583,2885.495518,2887.395941
2858.331688,2860.309539,2860.950575,2864.601327,2877.491724,2882.610394,2885.688532,2887.794630
2858.623588,2860.765508,2863.368400,2863.579816,2877.764573,2882.514912,2885.409696,2887.575687
2858.584112,2859.460328,2862.658426,2864.162677,2877.802922,2882.771777,2885.516790,2887.724031
2858.528086,2859.620973,2863.708738,2864.003362,2878.003997,2882.850560,2885.500708,2887.742015
2858.702551,2860.635173,2861.226063,2863.823440,2876.786906,2881.698304,2885.433467,2888.000858
2858.821003,2861.916463,2861.944130,2868.004331,2877.847916,2880.536403,2885.118830,2887.897828
2857.880106,2858.578676,2861.609902,2862.313927,2877.169905,2880.779970,2885.475894,2887.529503
2859.046400,2860.792415,2861.976787,2862.399547,2876.699388,2881.132775,2884.978569,2887.902857
2859.050912,2860.985877,2861.155072,2868.244285,2876.866006,2880.661498,2885.143090,2887.734209
2858.962204,2861.470254,2861.840475,2868.484409,2876.787724,2880.688363,2885.098204,2887.579352
2858.926752,2860.996270,2862.077544,2864.640244,2877.068709,2881.109237,2885.500750,2887.716285
2859.110762,2860.749983,2862.953876,2863.127304,2876.632713,2881.400262,2885.339254,2887.516358
2858.865074,2860.498790,2862.563681,2862.802218,2876.804871,2881.084220,2885.289959,2887.483466
2858.582612,2859.013396,2860.614174,2867.681630,2878.064263,2880.680550,2885.591667,2887.307703
2858.510043,2859.014822,2861.366491,2868.037560,2877.943424,2880.040438,2885.353186,2887.840267
2858.366812,2859.037297,2861.390502,2868.360935,2878.270503,2880.050379,2885.436311,2888.018588
2858.754338,2861.048415,2862.930555,2863.715037,2877.764550,2881.148556,2884.828865,2888.086506
2858.872569,2860.661227,2863.105322,2863.970995,2877.691768,2880.949063,2884.988421,2888.051478
2858.582647,2859.144988,2860.798418,2861.541651,2877.633175,2880.560698,2884.992639,2887.664476
2857.663053,2859.391488,2860.745163,2868.208791,2878.691342,2880.752832,2883.130049,2887.734985
2857.691377,2859.420028,2860.826832,2868.474330,2878.580067,2880.479416,2883.567005,2887.971718
2858.215198,2859.081416,2861.320572,2869.168332,2878.169661,2879.673550,2884.696821,2887.435347
2858.734263,2860.016021,2862.074004,2866.156571,2878.216699,2880.908309,2884.978129,2887.594764
2858.715738,2859.943228,2862.161020,2866.372251,2878.493033,2881.024400,2885.142686,2887.847618
2858.743743,2859.834786,2861.163142,2866.932910,2878.031898,2880.952868,2884.876355,2887.455724
2858.772774,2859.592057,2862.251617,2866.586384,2879.418124,2882.112141,2884.371309,2887.744025
2858.746660,2859.826481,2862.144043,2863.372441,2878.250849,2882.708053,2884.492409,2887.771798
2859.169114,2859.986875,2862.168800,2863.327396,2876.818370,2882.155609,2884.638539,2887.742867
2858.803256,2859.800202,2862.230435,2867.334536,2879.135185,2881.536285,2884.186674,2888.514486
2858.706214,2859.864069,2862.077870,2868.138754,2879.542734,2881.364413,2884.089473,2888.574665
2858.811776,2859.772931,2862.199461,2865.322985,2878.137252,2882.524648,2885.106909,2887.498193
2858.539554,2859.571161,2861.410032,2868.752071,2878.252636,2884.417549,2885.579599,2886.404316
2858.739181,2860.024853,2862.685657,2863.149082,2878.276312,2882.261934,2884.612511,2887.665551
2858.816227,2860.413065,2862.576825,2867.341260,2877.575903,2880.744614,2885.087718,2888.759162
2858.792183,2860.624089,2863.044270,2864.531918,2877.779001,2881.150715,2885.041429,2887.877863
2858.441019,2862.400888,2863.355920,2863.358611,2877.757713,2881.069996,2885.360103,2887.602057
2858.617422,2861.019183,2862.684576,2863.981808,2877.686730,2881.312138,2885.603607,2887.912963
2858.576538,2860.563718,2862.305466,2862.347957,2877.538575,2881.936026,2885.259030,2888.359583
2858.689576,2860.534895,2862.180125,2862.249965,2877.410793,2882.052099,2885.612316,2888.258095
2858.582428,2860.734130,2862.305522,2866.938273,2878.841034,2881.546419,2886.141786,2888.340497
2858.721384,2860.696292,2861.708501,2862.049001,2877.254975,2882.099361,2885.751742,2888.120215
2858.689662,2860.594352,2862.056707,2862.266498,2877.385035,2882.016624,2885.665510,2888.277344
2858.516713,2860.634361,2862.038701,2862.999362,2877.890238,2881.850068,2885.835110,2888.168843
2858.560769,2860.686996,2862.064620,2863.442734,2878.191265,2881.897254,2885.861310,2888.200557
2858.510798,2860.649467,2861.979304,2861.987833,2877.694589,2881.882298,2885.902317,2888.133229
2858.583626,2861.073658,2862.196579,2866.185967,2878.231143,2881.348477,2886.203916,2888.027639
2858.548795,2860.430297,2861.793857,2863.164442,2877.266818,2882.258155,2885.339854,2888.789455
2858.860581,2860.576423,2861.491185,2861.800503,2877.087160,2882.165777,2885.284605,2888.636479
2858.521959,2861.545810,2862.875387,2867.617741,2876.207304,2882.751082,2884.738302,2889.016599
2858.574469,2860.932653,2862.475474,2867.823138,2876.168823,2882.504339,2884.936479,2888.543963
2858.524302,2860.608396,2862.061362,2863.394936,2876.683302,2882.048824,2885.354765,2888.377123
2858.524700,2859.819342,2861.928467,2862.544145,2877.374576,2881.975910,2884.960122,2887.384594
2858.578236,2861.570783,2863.417004,2864.396969,2877.591130,2881.342376,2885.115288,2887.460263
2857.033044,2858.650885,2860.959347,2863.966350,2877.486260,2882.081632,2884.925676,2887.627412
2858.873102,2859.895066,2861.695888,2864.655204,2877.359367,2882.183713,2885.273245,2887.717779
2858.438129,2860.435372,2861.823278,2868.161771,2878.941599,2881.784249,2885.841691,2888.239775
2858.109823,2863.443599,2864.281578,2866.949535,2877.651701,2881.402832,2885.352924,2888.095265
2858.348776,2860.823542,2862.199763,2868.979059,2878.039726,2882.875607,2883.314554,2888.676017
2857.885093,2860.370276,2862.529503,2869.451135,2878.537540,2882.211798,2884.208266,2888.731113
2858.222823,2860.262379,2860.743876,2866.563610,2878.313201,2882.132496,2883.206083,2888.408881
2858.439156,2860.879144,2861.331659,2868.650647,2878.604547,2882.875496,2883.653491,2889.128415
2858.501835,2860.911524,2861.793379,2866.619227,2878.121020,2882.224390,2885.112221,2888.169013
2858.577826,2859.221195,2860.141599,2867.641093,2878.691203,2882.210381,2885.760039,2888.756541
2858.219441,2859.819067,2861.813262,2869.183417,2879.265853,2882.726445,2885.449392,2888.871088
2858.271252,2859.667682,2860.101237,2863.602176,2878.102996,2882.596385,2885.717123,2888.893623
2858.258872,2859.659679,2860.114248,2866.562731,2879.237457,2882.813586,2885.047243,2889.012437
2858.269366,2859.497225,2860.131988,2863.822845,2878.551569,2883.297467,2885.188341,2889.100806
2858.256298,2859.546816,2860.130487,2864.006578,2878.576167,2883.316900,2885.215958,2889.074461
2858.258565,2859.827948,2860.570058,2864.504655,2878.839738,2883.614915,2885.581264,2889.048988
2857.247536,2860.169057,2860.438402,2861.550627,2879.033113,2882.575227,2885.439298,2888.748050
2858.234569,2859.981431,2860.020545,2863.026225,2878.266478,2883.211022,2885.852334,2889.360842
2857.918217,2860.614069,2861.314473,2862.753062,2878.043110,2882.403437,2885.965765,2889.129631
2857.596909,2858.595879,2861.087894,2861.775004,2878.904952,2883.407157,2885.973628,2889.544407
2857.974177,2861.045346,2861.468806,2862.041130,2878.204086,2882.506351,2885.694865,2889.747732
2857.243090,2860.981850,2861.601669,2861.700857,2878.665070,2882.559846,2885.063741,2889.619569
2858.179540,2861.243321,2862.001018,2865.113360,2878.009245,2881.325672,2885.226559,2889.417370
2858.089963,2858.374768,2860.389896,2860.650947,2877.425759,2882.865455,2885.649945,2888.852119
2858.147156,2858.367458,2858.734953,2861.988396,2878.148610,2882.032951,2886.125918,2889.092534
2858.300164,2858.423516,2859.354801,2861.994743,2877.155872,2882.244560,2886.434940,2888.722934
2857.720298,2857.857568,2859.370754,2862.279182,2876.851099,2881.631571,2886.215516,2888.284403
2857.842023,2859.505948,2860.164421,2861.881607,2876.982947,2881.890525,2886.340728,2888.473050
2857.655830,2858.948611,2860.093139,2861.159120,2877.347593,2881.584101,2886.445779,2888.563471
2857.689320,2858.737448,2859.105533,2860.947665,2877.440876,2882.175016,2886.506807,2888.905940
2857.976296,2858.527354,2859.313988,2860.563919,2877.717835,2883.112209,2886.290221,2889.239212
2858.113647,2858.740256,2859.734734,2861.782109,2878.054743,2883.532675,2887.018796,2889.555974
2858.211256,2858.762769,2863.553317,2864.512179,2876.831855,2880.853916,2885.239608,2887.965782
2857.353687,2859.251672,2862.883458,2864.135066,2877.175218,2880.735265,2884.004908,2889.091820
2858.099486,2860.809293,2861.664480,2864.545210,2875.677325,2881.933233,2884.593771,2888.853696
2857.275878,2857.615806,2861.129004,2865.812456,2876.322220,2880.531704,2884.641282,2888.663645
2858.388053,2859.806839,2860.575212,2865.784346,2876.043774,2880.917459,2884.604365,2888.497065
2857.158976,2859.140657,2862.837987,2865.452073,2878.077082,2882.331916,2884.478389,2884.909590
2857.216055,2859.556043,2863.626341,2865.136530,2878.438307,2882.776986,2887.085150,2890.746023
2857.471456,2858.680971,2861.692503,2867.209537,2878.086772,2880.022847,2885.815558,2887.122617
2857.490812,2859.335102,2861.682279,2867.646090,2879.094099,2880.392373,2884.592323,2886.748172
2857.995203,2859.286863,2863.560402,2865.032251,2877.610059,2882.966462,2888.483597,2889.215252
2857.844832,2860.085062,2863.094863,2866.090291,2877.710652,2883.226959,2888.177639,2890.327844
2858.175248,2860.514639,2860.914009,2866.500563,2878.848697,2882.704058,2886.245637,2890.050008
2857.879610,2858.921550,2859.734369,2862.537771,2876.882380,2883.141007,2884.799915,2889.906560
2858.090354,2858.979765,2859.243640,2861.444511,2876.786661,2883.530770,2883.783044,2890.121133
2858.370680,2858.800902,2859.676303,2866.050796,2878.326580,2882.245427,2886.219810,2888.859087
2858.127129,2858.925544,2859.473833,2866.256093,2877.862164,2881.603176,2884.955800,2888.343777
2857.744720,2861.864714,2864.022064,2870.493193,2878.221410,2881.968416,2887.627235,2889.681390
2857.544133,2859.540375,2864.858006,2865.395139,2878.194166,2881.310556,2886.679784,2888.197851
2858.053484,2860.649316,2862.731708,2868.843840,2878.738491,2883.089764,2886.108427,2888.632810
2858.327598,2858.444730,2862.577013,2864.219298,2878.106055,2883.980778,2884.313002,2889.411521
2856.591699,2858.747708,2858.886398,2860.422419,2878.837981,2883.771803,2885.576048,2888.483730
2857.083031,2859.486904,2860.108044,2860.128638,2879.239291,2884.536536,2886.374133,2889.083647
2857.355375,2859.687261,2860.182777,2861.590078,2878.688494,2883.430274,2885.398466,2889.022548
2857.403481,2858.847753,2859.901325,2861.326798,2878.420498,2883.333058,2885.505741,2888.993922
2857.592056,2861.465559,2861.889829,2861.893118,2878.826878,2884.061207,2885.641041,2888.325976
2858.155451,2859.943298,2860.374743,2860.495726,2878.206201,2883.506804,2885.501121,2888.852497
2858.042637,2860.808820,2861.417911,2862.420529,2878.634719,2883.812387,2885.565827,2888.538282
2858.008963,2860.509210,2862.482073,2863.289105,2878.607151,2883.873060,2885.355277,2888.410784
2857.608552,2858.694868,2862.402718,2863.328946,2879.042477,2884.311887,2884.756338,2888.549910
2857.857404,2861.432750,2863.337089,2866.639268,2879.462372,2883.869671,2885.412293,2887.986949
2857.714566,2861.749259,2862.564694,2863.259849,2878.479404,2883.444128,2884.721947,2888.682121
2858.066969,2859.665320,2860.347401,2861.230213,2878.557597,2884.495414,2885.816338,2888.845332
2856.508356,2859.495712,2863.310446,2864.589464,2878.463917,2883.259698,2885.821380,2888.753850
2856.286752,2859.585686,2863.748455,2864.377045,2878.637601,2882.504349,2885.925794,2888.681137
2858.013514,2860.272759,2861.781978,2866.088450,2877.707498,2882.976145,2886.382434,2888.847232
2856.104682,2858.291335,2859.945451,2860.726884,2877.755290,2881.395565,2885.395666,2888.697837
2858.432004,2859.053925,2861.976274,2863.203063,2878.433299,2884.767200,2885.596283,2887.810195
2858.124486,2860.453304,2860.657537,2862.361329,2877.531744,2882.580918,2885.477074,2888.518034
2858.125209,2859.448111,2860.423654,2861.048276,2877.546085,2882.671728,2885.407371,2888.542595
2858.306391,2859.114782,2863.335862,2870.497384,2877.819083,2882.400964,2886.483029,2890.235490
2857.834394,2859.780747,2861.971109,2865.333031,2878.462721,2882.267125,2884.904609,2888.962633
2857.870461,2863.162548,2863.430386,2864.002129,2876.994779,2882.528636,2886.429228,2891.471929
2857.261616,2857.535898,2861.695260,2862.773285,2877.827489,2881.789096,2886.507833,2891.499263
2857.749739,2859.322313,2861.106133,2863.329235,2877.432395,2880.228554,2885.157287,2891.187652
2858.095297,2860.756895,2861.619152,2862.537687,2876.927316,2882.224410,2886.837039,2889.277504
2857.034440,2862.698936,2863.042829,2864.136733,2877.464483,2882.532386,2886.938592,2890.991693
2857.270259,2861.795157,2862.489212,2863.697523,2877.439855,2882.549106,2887.741050,2889.775068
2858.128158,2859.792787,2869.946379,2871.699990,2877.119546,2881.502065,2886.600136,2891.098529
2855.424266,2859.508257,2861.530763,2862.846913,2878.123956,2883.705042,2886.735787,2889.092595
2856.869656,2858.133878,2859.679679,2860.919362,2875.775400,2882.319064,2886.748681,2890.126053
2857.492721,2859.518588,2860.588800,2860.648582,2876.691698,2882.895497,2886.896437,2889.858705
2857.573030,2860.076150,2861.041794,2861.715433,2876.314790,2882.666490,2887.023647,2890.124769
2856.789653,2858.994044,2861.399680,2866.612692,2879.122242,2882.039606,2885.621720,2890.856892
2857.323014,2861.108129,2862.068275,2867.991339,2878.794301,2881.501037,2886.378308,2891.732163
2857.676183,2857.801134,2858.839178,2870.457436,2877.120878,2880.760212,2884.679958,2890.895520
2857.285619,2860.145391,2861.261158,2868.117466,2879.591357,2881.786733,2885.617658,2890.331318
2857.486929,2858.059977,2860.285773,2861.314331,2877.725441,2883.274185,2886.319465,2889.904182
2857.553649,2858.299306,2858.585283,2859.425022,2877.144796,2882.987785,2887.536395,2889.543299
2856.772309,2859.820264,2861.104262,2861.371339,2878.085122,2883.809460,2886.741294,2888.971030
2857.761136,2859.634952,2861.950394,2867.896180,2878.900085,2882.726542,2885.662855,2889.519984
2857.738753,2859.218091,2860.621258,2868.347005,2879.256923,2882.655112,2885.860701,2889.206242
2857.703816,2859.256991,2860.547864,2863.338745,2879.275588,2883.412344,2886.537001,2888.455446
2857.672113,2858.301327,2859.486221,2861.548617,2879.190455,2883.871548,2886.907674,2888.795332
2857.677210,2858.715454,2859.682102,2861.971892,2879.254608,2883.762101,2886.841506,2889.035079
2857.697428,2858.828963,2859.593056,2862.216888,2879.133326,2883.746621,2886.778301,2888.732520
2857.548612,2858.300314,2858.992234,2863.807278,2879.016628,2883.671820,2886.575383,2889.327856
2857.627462,2859.338604,2859.456039,2863.786249,2879.382666,2884.000217,2886.262557,2889.850074
2857.645795,2859.315477,2859.388346,2863.814297,2879.423387,2883.979640,2886.164593,2889.949588
2857.621034,2859.374804,2859.412947,2864.080919,2879.433171,2883.954508,2886.163748,2889.921811
2857.730509,2858.925684,2859.162805,2862.435729,2879.162154,2884.195773,2886.458294,2889.992276
2857.732493,2859.153604,2859.237840,2867.311719,2880.064075,2883.268438,2885.868328,2889.654822
2857.579452,2859.533575,2859.770110,2864.964688,2879.057390,2882.557462,2885.786495,2889.223778
2857.681982,2859.369551,2859.583827,2869.335766,2879.810179,2882.800466,2885.993765,2889.636503
2857.554837,2859.863810,2860.390816,2866.103502,2879.944026,2882.714315,2886.601016,2889.345669
2857.429625,2858.541785,2859.099706,2870.003204,2879.525873,2882.177813,2887.354475,2889.641714
2857.757791,2859.732471,2859.873996,2865.128355,2877.907393,2883.598664,2887.192799,2889.578185
2857.747746,2858.815604,2859.148157,2866.258343,2879.231014,2884.602072,2887.001468,2889.634409
2857.513249,2858.471259,2858.597252,2871.074606,2879.297438,2882.114017,2886.712602,2889.708504
2857.763144,2860.265898,2860.537149,2868.903105,2879.101804,2882.434732,2886.007729,2888.785466
2857.806574,2860.198788,2860.659336,2867.202887,2878.890541,2882.749550,2885.878890,2888.717644
2857.523427,2858.666787,2859.352039,2870.243726,2879.682596,2883.104715,2886.138982,2890.466034
2857.755278,2859.868160,2860.169592,2868.762024,2879.047660,2882.047200,2885.633350,2889.038397
2857.166427,2859.678787,2859.865054,2870.584967,2880.751484,2885.512880,2887.187133,2889.860019
2857.530136,2859.928144,2860.649524,2869.779186,2879.849812,2885.348181,2885.901831,2888.171696
2856.622521,2860.255184,2860.283629,2860.956386,2879.199718,2884.342776,2885.436656,2889.458813
2857.374408,2859.661350,2859.977197,2867.151879,2879.997320,2883.876634,2885.044179,2889.211133
2857.215489,2859.271923,2859.692621,2863.831986,2879.263137,2883.868358,2885.989753,2889.554528
2857.399035,2858.585128,2859.299632,2866.635179,2880.087906,2883.036638,2885.839720,2887.679857
2857.372001,2858.904675,2859.739420,2865.845568,2880.282668,2882.974876,2885.894091,2887.764192
2857.284959,2858.911906,2859.528043,2862.260065,2879.666064,2882.879389,2886.045989,2888.248496
2857.338257,2858.802859,2860.151007,2868.480859,2880.089879,2884.201380,2885.605766,2888.240383
2857.111845,2858.847346,2859.548061,2860.202638,2879.407312,2883.370073,2886.160704,2887.952618
2856.942557,2859.244122,2859.605398,2861.182896,2879.756738,2883.144203,2885.880870,2888.430431
2857.296734,2858.972232,2859.854883,2867.502939,2879.691095,2884.328114,2886.570767,2887.526400
2856.995926,2858.551663,2858.567167,2859.148320,2879.445386,2883.389651,2886.559206,2888.292029
2856.977876,2858.747456,2859.076907,2862.258550,2879.740523,2883.407756,2886.782808,2888.363737
2857.355759,2858.831353,2859.083107,2861.762634,2879.077562,2883.800057,2886.895571,2888.758667
2857.357757,2858.754325,2859.004544,2860.664646,2878.823649,2883.630415,2886.691232,2888.359038
2857.415700,2858.678687,2859.024235,2860.679872,2878.825247,2883.318441,2886.980867,2888.440092
2857.418594,2858.407382,2858.774439,2860.480812,2878.932637,2883.669915,2887.030654,2888.560697
2857.212584,2858.269749,2859.406899,2859.448609,2879.433931,2884.023968,2885.731309,2888.723302
2857.396626,2858.734480,2858.981131,2860.149632,2879.218051,2881.627699,2886.517618,2887.924198
2857.291707,2858.986727,2859.237458,2860.137113,2879.135541,2881.763903,2886.517792,2888.160328
2856.784723,2858.272507,2858.840667,2862.043900,2878.951141,2883.923853,2886.614661,2888.421497
2857.137015,2859.030606,2859.394848,2860.285741,2878.772630,2884.421821,2885.464588,2889.409498
2857.439927,2857.839139,2858.659682,2862.447349,2878.901889,2884.378286,2886.406715,2888.640547
2857.427055,2858.356054,2861.158670,2861.956260,2877.401059,2883.539674,2886.299468,2888.284213
2857.724240,2859.603539,2865.834655,2868.745263,2878.244635,2883.769041,2886.516132,2888.392085
2857.483940,2857.564866,2861.280021,2868.751606,2875.930445,2882.306855,2884.727660,2887.138174
2857.444242,2857.604576,2861.587251,2861.895263,2878.391895,2883.332312,2885.597057,2889.333444
2854.584789,2855.410288,2860.045035,2862.827487,2878.444749,2883.664835,2887.616649,2887.632732
2855.814056,2857.424208,2857.606953,2869.496035,2878.149773,2883.114093,2884.145089,2889.492635
2857.100558,2859.314495,2860.825722,2865.538339,2879.108116,2882.860199,2885.739820,2889.055452
2856.501222,2857.259553,2859.053413,2859.054963,2880.062428,2884.072088,2886.172025,2891.639544
2856.601060,2859.267734,2859.614999,2860.224644,2880.035154,2882.932336,2887.322194,2888.609816
2857.126297,2857.415490,2862.676225,2867.961278,2878.758408,2882.847710,2887.084103,2889.472461
2851.948977,2857.226260,2858.043645,2868.000000,2878.300687,2883.885084,2884.807371,2890.012445
2857.047361,2857.814080,2860.809881,2866.720146,2879.511869,2881.532601,2885.297260,2888.384438
2856.363346,2857.985736,2859.641750,2868.823732,2878.675609,2883.666725,2884.965633,2889.022829
2855.569425,2859.572260,2860.264673,2861.186487,2877.694194,2881.972617,2886.255752,2888.115339
2856.242481,2857.519635,2863.822481,2865.132672,2877.628908,2883.128523,2885.671643,2888.337301
2856.216404,2857.607406,2862.903163,2863.276703,2878.111485,2883.272727,2885.897675,2889.192159
2857.124822,2859.231236,2862.459996,2863.844213,2878.586659,2882.081621,2886.248448,2888.986906
2857.228013,2858.729490,2862.115070,2865.585801,2878.744402,2881.832810,2886.137451,2888.976235
2856.471376,2857.918468,2860.909360,2865.649608,2877.933000,2883.834748,2885.307619,2888.866190
2855.668317,2857.533751,2859.947183,2864.376217,2879.710545,2882.784789,2885.251855,2889.109047
2857.248127,2857.316379,2859.108811,2862.916004,2878.918660,2882.630155,2885.591948,2889.078125
2857.210060,2858.480178,2859.946991,2863.073047,2877.491537,2882.246902,2884.620533,2888.560939
2857.299832,2858.315621,2859.559989,2861.961371,2878.443321,2882.334022,2884.856157,2888.276906
2857.145994,2858.573576,2860.614911,2864.634831,2878.547249,2881.925146,2884.978377,2887.864316
2854.140257,2857.274106,2857.881113,2862.908445,2879.774782,2883.449012,2887.161635,2887.204085
2857.203894,2857.804872,2861.976956,2863.629091,2879.876177,2883.542057,2886.410843,2887.823962
2856.168602,2857.083355,2857.800808,2867.930229,2880.466271,2882.833189,2885.984241,2886.915451
2857.355676,2858.039622,2861.238025,2862.942870,2878.198169,2882.267146,2884.216117,2888.602960
2856.877597,2857.622587,2862.845170,2866.380681,2879.836602,2883.015857,2887.429151,2888.999183
2856.886178,2857.575677,2859.749641,2863.721131,2879.410161,2883.529117,2884.810907,2888.382877
2856.721163,2858.526452,2858.917467,2862.440743,2879.300150,2883.472554,2884.890059,2888.715396
2856.110587,2857.711023,2858.791845,2862.591740,2879.718273,2883.739240,2884.815271,2889.025354
2857.468144,2857.604587,2858.045720,2861.352214,2877.522270,2883.889683,2886.332208,2889.422363
2848.020435,2856.352398,2859.076512,2869.500000,2880.026306,2881.269947,2887.612866,2894.741189
2856.845885,2862.625267,2864.034063,2865.009896,2878.065315,2881.138119,2886.270521,2889.590097
2857.362008,2861.287486,2866.577400,2867.879125,2879.950308,2882.717012,2887.704889,2890.266144
2854.410169,2858.258723,2861.351642,2864.671291,2878.084923,2882.966547,2887.766865,2890.601786
2856.928790,2860.209761,2861.899848,2865.691356,2877.184102,2882.964781,2886.468084,2891.087809
2856.789238,2862.083526,2862.432787,2866.117262,2878.740717,2881.351893,2886.010235,2890.603589
2857.113662,2862.076613,2862.948582,2864.267960,2877.763724,2882.972805,2888.230921,2890.111099
2856.416724,2861.569496,2862.228017,2864.281243,2877.132735,2883.619243,2888.058485,2890.539109
2857.064715,2862.139848,2862.420453,2868.702087,2878.100439,2883.518471,2888.151064,2892.805621
2856.736446,2861.719728,2862.372470,2863.923841,2878.278114,2883.354147,2887.300350,2892.101456
2857.084228,2862.836240,2863.326682,2864.727232,2879.226218,2884.703410,2888.871324,2891.351477
2857.122223,2863.007294,2864.290977,2864.691989,2877.894044,2884.640753,2888.769762,2891.976046
2856.721056,2859.284499,2861.110130,2866.623428,2876.614828,2883.722699,2888.188963,2889.593052
2855.394070,2858.112408,2858.794111,2861.443625,2876.018940,2883.034563,2887.926779,2889.732199
2856.893798,2858.868476,2861.120490,2863.455263,2877.412681,2883.557587,2887.890027,2889.995092
2857.497260,2858.446358,2869.481513,2870.694317,2877.719394,2881.993863,2887.191748,2891.585948
2855.631401,2857.482257,2861.989879,2866.693149,2877.856415,2883.124463,2888.571782,2889.749101
2857.170120,2857.652818,2869.427676,2869.495231,2877.511138,2882.474520,2887.656009,2889.313676
2857.124503,2858.433333,2862.238104,2863.399221,2877.496946,2882.416581,2887.366483,2889.347642
2858.064400,2858.556888,2862.430471,2868.653643,2877.709934,2883.409497,2888.436682,2888.881895
2857.219871,2859.321443,2862.972101,2863.555211,2875.916396,2882.883644,2888.245534,2890.120683
2857.187819,2859.362302,2863.113586,2864.496824,2877.529575,2883.335146,2888.360724,2890.271677
2854.151675,2856.957152,2857.856848,2870.291871,2879.559141,2883.945408,2888.331722,2890.232524
2857.107676,2860.718851,2863.154057,2866.011309,2879.236828,2883.552792,2887.446309,2890.170443
2856.215116,2860.576304,2862.182480,2862.559760,2879.677757,2880.072354,2886.177078,2890.769164
2856.548631,2860.712624,2861.215888,2862.126122,2878.278702,2881.948401,2886.803515,2889.998000
2857.083090,2861.378940,2861.684317,2866.855611,2877.846993,2884.854870,2889.422292,2891.739667
2857.235273,2857.952771,2860.697591,2861.014559,2878.033016,2884.238671,2888.113906,2890.001347
2856.031574,2861.607775,2861.790810,2869.498779,2877.454755,2883.885576,2887.214251,2892.188700
2856.702007,2859.359868,2859.749606,2861.742220,2881.040807,2882.409184,2886.760845,2890.319342
2856.409661,2858.584369,2860.342960,2861.604776,2879.968105,2882.241338,2886.771025,2890.772600
2855.881045,2859.179707,2859.927265,2861.633877,2880.452386,2882.560996,2887.848103,2890.613766
2856.076164,2857.876929,2860.829866,2861.626060,2878.938691,2882.358350,2885.307130,2889.628890
2855.967445,2859.868559,2859.896526,2861.444351,2879.847332,2883.431566,2885.975013,2890.658799
2856.677776,2858.874658,2859.688919,2864.152560,2881.285903,2884.318256,2887.654899,2888.737525
2855.367888,2857.326762,2858.117830,2859.495935,2879.785510,2884.448913,2887.284969,2888.635563
2856.021537,2859.161732,2862.291928,2865.879859,2881.114392,2884.399574,2884.936332,2890.256999
2856.285477,2857.041492,2857.715989,2859.500565,2879.057826,2884.951767,2887.857770,2891.517970
2856.898496,2857.265645,2858.361254,2861.563059,2879.021508,2885.998487,2886.295105,2890.495723
2856.983407,2857.006194,2858.652359,2859.449125,2879.027606,2884.923810,2887.481036,2890.056037
2856.864088,2857.323602,2858.276231,2858.695145,2879.766946,2884.648098,2887.090182,2889.518662
2855.959426,2856.268009,2857.541316,2863.206248,2879.707900,2884.360266,2887.943749,2890.102202
2857.114479,2857.816076,2857.997460,2862.553179,2880.282203,2884.293256,2887.523770,2889.584695
2857.065715,2857.790591,2857.921007,2861.953340,2880.181888,2885.461465,2887.927787,2890.457586
2856.928127,2858.192433,2858.338072,2862.190354,2879.838052,2885.089153,2887.904656,2890.952854
2856.841128,2858.635015,2858.873708,2864.491095,2879.907754,2884.635863,2887.491402,2890.500345
2856.901633,2858.129524,2859.546130,2870.573950,2880.131610,2884.786702,2886.174240,2890.760263
2856.672574,2858.427581,2859.394733,2859.837790,2879.421121,2885.245191,2887.561290,2889.887140
2856.825526,2857.897487,2858.250615,2859.358817,2879.939163,2883.759237,2886.910908,2888.992813
2856.924264,2857.955872,2858.285475,2861.495195,2879.928183,2883.987043,2886.991467,2888.897569
2856.164075,2857.073548,2859.668384,2865.243131,2879.967706,2881.936393,2884.544997,2887.644037
2855.393713,2856.691203,2857.308195,2870.451292,2882.344177,2883.207367,2885.693201,2889.967130
2856.897530,2857.577197,2858.104753,2863.711417,2879.985767,2884.467909,2887.827163,2889.945791
2856.558481,2858.205418,2859.089610,2859.892149,2879.105203,2884.844601,2887.387534,2890.003348
2856.474040,2858.150993,2859.074868,2859.452179,2879.421113,2884.735605,2887.407415,2890.104552
2856.288651,2857.836779,2858.124172,2858.190488,2879.396307,2885.287235,2887.569514,2889.718974
2856.789262,2857.969743,2858.186784,2863.080331,2880.289421,2884.306891,2887.843691,2890.085753
2856.585975,2857.835457,2858.089583,2863.183803,2879.906665,2882.506351,2886.338589,2889.674446
2856.811042,2857.573085,2858.114269,2862.593165,2879.578788,2882.182837,2887.631992,2890.255752
2856.509872,2857.966499,2858.157496,2861.533861,2880.079955,2881.803741,2887.534640,2890.231994
2856.791652,2857.212929,2857.487327,2866.337017,2881.577616,2881.731527,2886.838429,2889.340530
2852.842251,2856.914910,2857.123248,2871.845078,2880.894776,2881.405938,2888.062025,2888.395346
2856.591544,2857.433390,2858.245599,2861.394544,2881.330371,2882.011566,2886.948940,2889.270538
2856.092134,2856.657343,2857.307573,2866.233482,2881.276296,2883.218971,2887.947895,2889.791270
2854.894451,2856.959249,2857.678437,2859.420772,2880.881167,2882.996645,2887.175855,2889.278914
2854.506035,2857.142968,2857.195041,2857.553114,2880.553859,2882.181683,2886.784311,2889.975763
2854.621831,2856.670219,2857.054104,2857.296374,2881.679891,2882.575506,2885.961881,2890.139179
2854.687457,2856.242457,2857.222937,2857.652967,2881.918338,2882.593513,2886.044264,2890.024630
2855.869973,2856.540401,2857.636400,2861.513820,2881.532783,2882.537214,2886.318917,2889.097127
2855.633753,2856.349291,2858.138591,2858.260905,2881.299394,2883.546558,2888.518339,2888.591649
2856.819475,2857.146415,2857.410990,2859.038445,2880.893937,2883.128478,2887.293683,2889.740124
2856.829550,2857.131013,2857.359481,2859.215230,2880.937720,2883.137847,2887.277601,2889.695578
2856.782680,2856.823518,2858.525083,2859.774578,2881.051274,2883.171635,2887.281736,2889.510639
2856.607441,2856.897795,2858.621082,2859.966826,2880.877350,2883.143564,2887.342922,2889.598287
2856.785594,2856.800695,2858.671485,2860.448029,2881.709932,2883.333066,2887.145382,2889.311572
2856.765085,2857.054051,2858.838664,2860.404471,2881.596779,2883.260631,2887.137085,2889.248511
2856.784879,2857.036416,2858.930320,2859.364684,2881.010254,2883.387108,2887.390379,2889.474918
2856.738400,2857.092497,2858.967453,2859.096719,2881.569417,2883.271948,2887.120774,2889.296935
2855.090214,2857.242065,2858.163151,2859.337207,2879.188301,2881.424004,2887.040553,2888.679232
2856.710760,2857.206814,2859.058850,2863.962480,2879.332612,2884.674821,2887.353615,2889.366731
2856.684622,2856.842024,2858.961605,2864.896650,2879.930401,2883.379405,2884.005619,2888.892994
2853.248958,2856.509596,2857.759144,2857.897037,2878.536603,2884.900324,2886.973261,2889.457657
2856.924253,2857.000986,2860.891237,2866.577107,2876.954580,2884.330215,2886.345606,2890.328645
2853.376808,2856.802741,2856.955657,2857.788772,2879.525128,2886.193726,2891.455491,2892.139239
2856.364386,2857.027487,2857.850918,2860.033657,2878.648709,2884.214262,2888.542952,2889.860746
2856.175236,2857.080336,2859.271075,2859.405178,2880.210507,2884.966695,2886.986710,2890.463568
2856.142134,2857.336182,2862.489038,2864.312048,2881.184960,2884.866035,2888.066437,2889.572060
2856.544472,2858.034396,2858.230088,2861.107331,2880.164666,2885.877307,2887.327057,2889.965316
2856.688756,2857.180760,2857.812973,2862.165536,2880.742964,2885.942810,2886.384653,2889.627696
2856.600527,2857.489642,2858.252217,2861.092534,2879.618994,2884.864908,2888.508083,2890.324348
2856.599842,2857.110346,2858.020808,2862.941886,2880.091787,2884.803934,2889.179952,2890.512567
2855.619848,2856.798231,2859.540855,2862.539921,2879.242590,2885.041079,2888.507578,2890.863891
2855.184366,2859.461448,2860.663049,2862.961241,2880.240012,2885.006164,2888.518978,2890.590862
2856.607155,2856.894642,2861.978107,2863.481786,2880.511776,2884.228233,2888.729052,2889.969521
2856.420190,2856.790947,2863.074337,2864.726648,2880.141341,2883.857193,2889.362754,2890.926590
2853.549718,2856.693775,2858.844812,2863.434123,2880.372776,2883.058451,2887.376112,2892.273619
2856.031140,2856.916036,2859.302131,2861.013655,2879.974723,2884.743220,2887.906426,2893.062543
2856.514384,2857.418784,2860.622869,2860.853707,2881.397366,2883.658628,2887.802118,2892.400258
2852.410663,2854.755955,2857.060206,2868.434648,2881.123055,2882.971562,2888.776467,2892.087412
2854.984075,2856.981425,2860.201544,2864.910835,2881.092738,2883.698170,2887.416125,2892.318087
2855.755164,2855.912558,2856.863648,2860.979943,2882.518131,2884.748063,2885.498717,2895.152020
2855.962562,2857.204818,2858.104117,2866.594631,2880.421282,2883.929345,2887.076104,2891.014941
2855.992146,2859.621074,2861.172305,2861.420687,2880.180639,2883.263702,2888.171142,2891.653415
2856.016628,2859.663626,2861.697198,2861.970645,2880.360094,2883.211673,2888.596737,2891.304586
2856.181373,2858.927025,2861.807051,2862.810385,2879.289607,2883.411447,2888.004265,2890.849305
2856.367296,2856.371486,2856.912141,2868.499995,2880.359878,2883.086208,2887.395730,2892.584400
2856.244755,2860.035649,2861.163497,2862.775165,2879.223677,2883.158643,2888.326613,2891.211139
2856.271226,2858.825616,2859.215873,2860.366922,2878.084045,2884.785725,2890.478185,2891.568595
2856.441247,2858.561476,2859.059762,2863.586585,2879.544107,2884.694634,2889.510972,2891.574279
2856.405992,2858.252418,2858.857184,2865.861960,2880.002308,2884.512232,2888.755701,2890.465351
2856.148019,2858.471848,2859.912065,2864.775693,2880.647823,2884.156329,2889.021756,2891.209055
2856.071360,2858.746394,2860.569330,2861.518837,2879.813629,2884.020739,2890.007891,2891.093199
2856.395807,2858.199442,2860.350885,2862.829457,2877.598313,2884.662791,2889.089107,2891.243654
2856.330201,2858.869363,2860.106634,2861.407577,2878.741313,2884.721100,2889.639430,2891.856936
2856.461276,2856.731157,2859.089119,2866.921921,2879.074116,2883.650863,2889.493332,2890.911332
2856.136567,2860.171800,2861.449064,2863.302330,2881.072488,2882.421722,2889.008739,2890.283176
2856.068419,2860.258314,2861.207376,2863.051524,2881.096457,2882.395480,2889.216752,2890.329249
2856.021274,2860.961747,2862.145593,2863.163829,2881.449465,2882.334668,2889.765798,2890.987512
2856.413249,2859.494429,2860.402282,2860.511523,2878.136346,2884.858038,2888.558108,2889.922642
2856.396015,2858.282943,2861.482170,2862.225608,2878.038726,2884.594692,2888.661249,2890.308737
2848.504416,2856.157531,2857.753609,2869.699994,2880.591814,2884.698558,2888.600692,2889.925926
2853.069695,2855.357220,2856.864743,2869.602301,2880.416527,2884.465998,2888.258004,2889.415722
2856.633591,2857.001332,2863.764264,2869.135209,2880.759070,2884.120350,2888.294843,2889.986577
2856.570506,2856.657475,2859.255806,2864.203054,2878.377746,2884.539401,2889.870150,2891.182141
2855.123885,2856.375648,2857.091143,2869.153235,2881.207444,2883.428005,2888.752618,2889.603764
2855.614398,2856.911503,2857.322912,2866.032168,2881.417805,2883.372855,2888.586641,2889.004369
2853.132420,2855.626656,2856.785501,2868.496202,2880.883855,2883.426971,2887.852069,2889.772720
2855.677987,2858.550746,2859.309076,2859.701546,2881.931106,2883.171066,2888.481126,2891.306293
2855.582466,2858.765720,2858.965423,2860.283041,2881.304131,2882.371459,2887.718064,2891.704451
2855.243777,2857.753329,2857.863663,2863.451402,2882.069840,2883.574325,2887.486669,2889.443127
2854.771573,2858.102819,2860.291196,2865.145337,2882.122891,2884.919318,2887.540111,2888.856284
2855.605683,2856.819157,2857.449446,2867.192080,2882.182167,2883.848588,2888.139113,2890.778728
2854.627411,2859.087622,2859.384473,2866.160326,2882.525628,2883.573799,2887.586640,2890.665477
2855.504598,2856.732025,2857.712740,2859.684674,2881.341301,2884.345880,2887.353033,2890.246310
2851.793169,2855.093844,2856.730383,2860.463564,2881.748497,2884.154075,2887.784173,2889.466241
2851.368452,2855.889113,2856.616069,2858.288403,2881.257558,2883.205121,2887.456649,2890.323910
2856.189066,2856.770537,2858.493037,2859.861621,2880.953236,2886.153920,2890.081351,2891.402799
2855.889082,2856.156695,2856.956478,2858.332327,2880.837119,2885.601385,2888.519931,2890.161890
2856.088523,2856.746495,2859.296539,2859.799126,2881.290918,2887.043541,2889.440845,2891.842478
2856.437695,2856.541421,2858.531445,2860.064298,2880.730228,2886.485612,2889.155374,2891.836051
2856.308382,2856.603756,2857.724142,2865.527845,2880.898503,2884.656886,2889.606980,2890.815089
2856.203572,2856.924128,2857.015699,2859.293003,2880.641190,2884.877150,2889.481350,2891.164964
2856.247132,2856.544323,2857.504407,2862.508096,2880.722859,2885.996296,2889.397720,2891.451417
2856.350136,2857.059046,2857.098495,2863.704559,2880.280384,2886.441999,2889.779301,2891.619887
2856.642763,2856.920706,2857.424736,2862.515589,2879.820271,2886.302390,2889.271421,2891.702064
2856.387973,2856.700684,2857.057905,2864.522651,2881.507077,2886.165204,2888.968712,2891.324731
2856.382845,2856.763136,2857.256076,2862.407970,2881.475445,2886.208706,2889.627181,2891.009456
2855.934146,2856.512750,2863.159512,2866.016882,2880.413261,2886.975699,2888.729172,2891.369349
2856.270663,2856.790722,2857.410390,2866.987103,2880.628539,2886.865562,2887.602410,2888.135529
2855.831528,2856.445040,2856.753227,2867.111564,2881.573727,2885.115530,2885.582841,2888.665492
2855.341058,2855.720132,2856.614092,2868.764945,2882.987709,2883.824633,2885.634458,2888.853162
2855.657701,2856.158144,2856.574389,2865.486498,2882.641413,2883.585478,2886.303929,2888.965373
2856.069417,2856.942967,2857.351456,2861.449266,2881.588796,2882.568277,2887.481495,2889.994917
2855.974529,2857.149114,2857.200112,2861.192820,2881.152850,2885.425076,2889.100224,2890.957030
2855.632415,2857.607260,2857.676590,2860.213821,2881.192767,2885.482968,2889.199838,2891.069460
2856.195892,2856.944268,2857.086102,2859.065849,2881.221786,2884.975311,2888.201299,2890.349807
2856.144165,2857.005227,2857.322353,2859.107567,2881.520848,2884.586290,2887.874095,2889.830978
2856.106799,2856.267813,2857.593101,2863.530421,2881.531129,2884.639225,2887.624132,2889.912281
2856.191312,2856.420805,2856.604042,2860.894621,2881.447211,2884.731445,2887.981717,2889.818767
2855.985797,2857.043083,2857.174404,2858.675083,2881.691247,2884.941262,2888.152274,2890.182233
2855.985911,2857.022406,2857.162832,2858.701548,2881.684390,2884.981914,2888.207137,2890.230982
2856.056996,2856.968458,2857.192704,2860.349223,2881.863577,2885.132405,2888.437699,2889.969746
2856.077820,2856.966320,2857.223851,2861.633534,2881.970370,2885.255331,2888.539644,2889.809868
2856.148589,2856.695459,2856.708369,2864.325982,2882.655338,2885.366182,2888.539150,2889.627946
2856.071200,2856.271131,2857.092553,2867.768854,2881.923811,2885.074937,2888.237170,2890.125082
2856.092060,2856.968472,2857.025678,2857.850595,2881.744259,2885.083500,2888.576992,2890.775431
2856.083689,2856.576072,2856.938120,2858.009625,2881.564872,2884.859724,2888.354475,2890.440254
2855.951587,2856.317199,2857.639093,2858.356249,2882.119552,2885.003623,2888.523509,2890.519444
2856.026127,2856.128179,2856.265101,2857.640823,2881.909515,2884.491717,2888.134062,2891.082355
2855.775579,2856.381069,2856.898612,2857.146909,2882.163357,2884.436905,2888.018726,2890.672840
2856.020352,2856.182504,2856.238193,2857.326665,2881.937437,2884.307478,2887.948960,2890.924295
2855.978785,2856.125291,2856.132390,2856.153396,2882.325769,2884.287751,2888.039918,2890.661868
2855.838354,2855.913958,2856.411320,2857.013520,2882.327282,2884.260955,2888.048777,2890.881173
2855.793134,2856.070100,2856.812909,2863.777234,2882.397106,2884.691042,2887.876406,2891.194017
2855.929437,2856.061003,2856.493461,2860.078687,2881.864603,2884.440092,2887.922781,2890.889762
2855.758879,2856.057938,2856.768443,2863.234324,2881.931107,2884.661549,2887.813016,2891.344058
2855.775876,2856.096458,2858.079353,2858.358410,2880.863851,2885.768264,2890.526832,2892.411693
2856.065289,2856.079067,2856.969493,2858.555830,2882.408632,2885.719460,2890.796473,2891.562706
2856.006891,2856.133332,2857.543810,2858.753116,2882.015939,2885.680310,2891.188486,2892.447518
2855.987314,2856.172600,2857.190721,2858.398739,2881.996617,2885.683676,2891.089156,2892.457246
2856.063791,2856.125445,2857.908078,2857.979238,2882.013378,2885.832328,2891.177876,2892.498296
2855.889438,2856.165248,2857.402130,2863.096761,2881.466217,2885.470738,2890.799845,2891.534351
2855.960894,2856.178950,2856.967418,2866.013313,2881.890770,2886.715427,2891.095849,2892.120045
2855.908614,2856.171726,2857.243639,2866.852349,2881.430942,2885.914708,2890.459304,2891.618425
2855.949135,2856.133911,2857.187453,2861.296683,2882.089274,2885.918761,2890.543122,2891.759923
2855.863101,2856.151435,2856.761822,2866.398452,2882.251000,2885.586252,2889.822480,2892.072467
2855.898885,2856.394179,2856.699625,2858.271582,2882.348255,2885.709511,2890.028859,2892.096690
2855.900760,2856.387864,2856.696200,2858.243036,2882.346099,2885.705938,2890.029698,2892.095155
2855.825438,2856.051469,2856.132832,2856.388858,2882.378797,2885.465329,2889.956026,2892.104500
2855.910577,2856.298403,2856.571592,2857.665069,2882.565309,2885.649346,2889.969323,2892.413602
2855.501384,2855.835425,2856.983706,2860.726569,2881.742334,2885.766349,2888.545793,2892.806410
2855.417031,2855.982966,2856.252672,2860.982796,2881.246888,2885.633058,2889.702415,2891.713640
2855.258861,2855.824129,2856.480092,2861.341288,2881.270012,2885.772436,2889.647848,2891.412150
2854.770729,2856.483981,2857.349590,2860.142646,2880.868308,2885.188506,2889.290101,2891.568730
2854.549047,2856.324771,2857.065013,2862.162957,2882.120718,2885.681318,2889.788918,2891.485681
2854.325032,2856.596203,2858.314597,2861.692837,2881.955386,2886.630781,2889.269052,2891.891063
2854.608860,2856.034044,2856.139082,2865.975674,2882.155884,2886.515239,2889.830808,2891.247354
2855.830413,2856.096401,2858.925376,2861.243098,2881.738874,2885.069495,2890.169280,2891.636959
2855.629878,2856.176639,2860.160846,2860.895019,2881.943183,2884.839247,2890.439602,2891.699256
2855.565531,2856.298641,2859.604963,2863.809891,2882.253723,2884.331888,2890.119708,2891.841057
2855.610294,2855.991430,2857.721980,2860.587655,2881.998875,2884.108641,2885.561256,2894.127910
2855.550473,2856.324125,2856.477360,2864.563924,2882.474897,2885.304604,2889.773010,2892.344372
2851.831060,2856.396111,2859.769487,2862.201477,2882.638354,2884.282209,2888.346255,2892.768979
2852.801687,2855.331997,2858.007994,2860.661827,2881.560101,2884.085946,2889.323034,2891.062929
2855.548974,2857.514362,2859.487222,2861.079106,2881.347858,2884.588193,2889.556887,2890.817480
2855.713529,2857.662097,2858.748843,2863.269776,2881.269864,2884.754231,2889.184262,2890.849323
2855.580995,2858.224593,2859.581775,2859.963767,2881.053411,2884.801237,2889.894906,2891.574549
2855.454010,2859.066190,2859.516057,2860.269170,2880.660911,2885.523198,2890.512967,2891.968680
2855.739506,2858.622235,2860.144791,2862.043320,2880.752168,2884.621633,2889.790512,2891.612847
2855.639866,2857.685130,2859.809056,2860.909272,2880.791204,2885.709689,2889.922556,2891.743721
2855.605580,2857.390749,2859.678067,2860.297489,2881.430607,2883.719127,2890.342524,2891.978615
2851.865471,2855.451298,2859.475755,2862.470526,2881.267300,2883.521723,2889.675130,2890.372081
2853.642009,2855.405808,2856.067495,2864.533824,2881.571637,2883.511891,2888.206451,2891.204950
2855.480959,2855.746786,2858.442170,2860.651874,2881.957672,2883.452027,2888.419436,2891.323555
2855.199553,2856.296461,2861.386177,2862.169043,2883.189997,2884.123724,2889.982178,2892.240246
2855.829581,2856.060950,2859.267687,2860.848120,2882.052376,2884.639427,2889.813880,2891.792867
2855.860531,2856.417015,2857.861714,2860.587084,2879.727751,2884.367545,2888.850978,2891.413045
2855.677668,2857.029792,2860.263396,2861.136421,2880.135638,2885.177605,2889.792388,2890.908985
2855.609289,2857.183056,2860.643643,2861.187640,2880.944152,2883.339099,2889.642873,2893.469321
2854.941460,2858.618234,2863.057487,2863.725722,2881.452913,2883.687914,2888.877961,2892.175067
2855.848273,2859.770980,2867.164254,2868.556998,2880.937863,2886.349320,2890.847270,2893.149792
2855.641804,2856.019855,2857.833627,2862.373184,2882.574382,2884.382331,2889.108096,2893.504738
2855.516886,2857.107069,2859.075071,2859.823421,2881.769397,2884.486595,2889.115256,2893.700237
2854.075190,2856.665411,2858.328517,2863.609484,2883.319813,2884.602631,2889.214231,2893.720719
2855.489344,2857.116389,2858.339564,2859.095115,2882.662482,2883.609020,2889.614016,2893.230495
2855.465382,2856.070928,2856.291745,2858.802977,2882.606376,2883.237381,2891.242667,2891.824330
2855.409865,2857.996942,2858.811184,2860.750484,2881.907069,2884.976504,2890.085809,2890.880902
2854.975636,2857.827462,2858.831375,2860.368101,2882.166462,2884.982412,2890.658106,2891.925686
2853.597932,2855.980239,2859.315264,2861.094017,2882.860530,2885.429863,2890.264424,2893.011405
2855.221887,2855.226498,2856.167346,2856.714101,2882.877470,2883.674027,2891.193587,2892.551548
2855.350261,2855.614408,2855.916186,2859.620513,2882.109572,2885.825591,2890.564780,2891.657664
2854.773011,2855.727790,2856.117938,2866.956616,2881.179619,2886.552302,2888.656226,2891.050808
2851.852024,2855.700096,2860.223032,2869.893531,2881.781650,2886.443852,2891.159100,2895.489645
2854.928756,2855.721130,2855.915106,2861.240189,2882.542622,2885.035072,2888.305173,2890.303018
2853.009682,2853.967172,2859.252633,2869.899167,2884.160317,2884.644467,2891.902771,2895.184270
2853.939697,2854.683075,2856.324518,2866.544454,2883.565339,2883.641541,2889.932513,2893.352653
2854.401307,2854.917543,2856.288792,2865.956595,2883.699013,2884.696122,2887.554551,2890.007444
2853.286933,2853.939705,2856.156414,2868.812195,2883.836709,2886.140554,2888.716310,2890.327159
2855.064900,2855.869031,2856.020985,2864.505101,2883.121837,2886.856145,2887.583389,2891.381542
2855.424040,2855.508699,2856.416258,2863.847957,2882.932426,2886.415829,2888.209561,2890.043592
2850.685057,2853.171234,2858.117209,2869.899617,2882.627797,2886.392736,2891.942185,2896.631457
2854.169159,2854.613415,2856.133901,2864.590343,2883.034041,2885.155261,2888.618490,2890.419827
2854.567797,2854.812864,2856.027119,2866.605202,2882.730801,2885.541704,2888.321000,2889.536492
2855.125802,2855.355935,2855.656678,2863.586701,2883.421133,2884.926254,2888.101022,2890.147256
2854.496217,2855.662406,2855.808482,2864.856718,2882.760280,2884.689618,2887.867727,2889.756216
2853.796027,2854.789433,2856.031690,2866.493129,2882.818946,2883.243683,2887.486962,2891.425740
2853.962076,2854.612859,2856.081507,2866.405042,2882.968421,2886.019259,2888.176929,2891.057503
2854.485684,2855.102830,2855.718654,2866.052169,2882.818137,2885.043221,2888.407846,2891.260365
2854.153663,2854.361770,2856.249766,2864.862678,2882.875898,2884.927010,2888.147126,2889.760750
2853.792592,2855.573256,2856.104339,2863.838057,2883.170355,2886.059102,2888.224438,2889.780846
2853.034866,2854.622847,2857.486366,2861.901401,2882.342642,2886.076040,2887.564517,2889.281774
2852.781037,2853.875552,2858.061678,2861.282163,2882.385241,2886.262447,2886.753088,2887.733323
2851.438451,2856.492198,2858.404254,2862.732155,2882.573139,2884.408802,2887.430175,2889.505805
2850.307822,2854.900903,2856.339058,2864.386388,2883.575223,2885.921499,2887.822880,2889.768764
2851.539963,2856.776802,2858.994715,2860.033267,2882.806329,2885.181316,2886.197131,2889.530080
2852.188719,2855.150173,2855.554359,2858.236017,2881.324373,2886.577316,2889.757343,2891.548936
2855.490652,2856.373647,2856.683289,2856.740737,2881.251730,2887.725170,2889.789118,2891.963258
2855.138446,2855.506381,2855.587910,2856.141745,2881.574948,2887.342019,2890.318885,2892.497415
2855.163058,2855.294217,2855.593541,2855.671748,2881.186115,2886.708578,2889.599947,2892.375667
2854.717653,2855.430615,2855.455231,2857.009315,2881.435665,2886.752334,2889.866262,2891.841348
2854.535809,2855.122241,2855.251834,2855.892967,2882.605604,2887.072663,2889.541931,2891.496563
2854.456897,2854.912372,2854.978934,2855.963844,2880.197225,2886.471062,2889.702243,2892.048405
2854.625018,2855.290078,2855.444779,2855.877709,2880.128377,2886.604053,2889.828704,2891.965261
2855.120561,2855.490285,2855.515824,2855.581988,2880.155009,2886.876091,2890.026948,2892.155870
2853.956303,2854.384264,2856.156655,2865.397432,2884.072117,2884.521829,2893.978484,2894.254998
2854.213572,2854.508325,2856.283528,2868.695104,2883.676280,2884.871039,2891.915778,2893.275464
2854.088138,2855.165045,2856.261283,2860.449531,2884.159351,2884.886236,2894.043136,2894.178640
2854.142947,2855.180511,2855.953577,2859.225308,2884.087305,2884.797075,2894.117392,2894.134977
2854.948388,2855.552772,2856.105147,2858.623558,2883.854976,2884.909927,2893.680435,2893.920669
2854.908310,2855.591020,2856.089205,2858.352701,2883.843286,2884.919081,2893.659834,2893.963156
2854.901236,2855.568177,2856.240920,2859.500994,2883.908603,2885.056728,2893.509094,2893.872476
2854.721859,2856.104065,2856.213245,2859.163735,2883.902104,2885.604739,2893.171794,2894.139737
2854.526455,2856.076917,2856.548776,2857.936349,2883.806297,2885.749614,2892.974316,2894.017823
2852.063128,2853.604035,2858.429548,2865.999998,2883.724403,2886.947639,2897.204346,2898.194260
2854.935056,2855.812680,2856.691189,2857.442638,2883.493520,2885.919123,2892.895785,2893.985846
2854.443520,2856.287779,2857.530646,2857.927872,2883.708089,2886.060416,2893.548646,2893.948529
2854.427232,2855.982680,2856.193336,2864.264509,2883.694406,2886.186281,2892.549073,2892.563311
2855.040847,2855.551819,2856.875379,2857.388425,2883.554355,2886.481250,2892.923583,2894.143232
2854.877847,2855.556015,2855.852574,2856.949814,2883.489592,2886.344373,2892.707561,2893.993052
2854.715843,2855.548537,2856.705390,2857.320884,2883.399628,2886.869063,2892.703292,2894.068999
2854.802655,2855.566547,2856.775255,2858.068749,2883.073436,2886.947412,2891.905987,2894.032080
2847.375369,2855.121151,2855.589808,2856.135979,2881.931279,2887.366249,2892.902068,2893.743897
2848.650043,2854.689226,2854.926301,2855.599781,2882.481863,2886.325429,2892.916568,2893.743221
2855.138521,2855.407721,2856.412159,2856.702625,2882.980978,2886.699387,2892.279491,2893.665577
2854.940228,2855.909516,2856.418185,2861.839165,2881.882610,2887.942456,2891.911837,2893.281784
2854.861077,2855.555073,2855.769924,2856.808687,2881.810539,2887.607847,2892.069906,2893.781995
2854.569408,2856.609771,2857.318856,2864.562465,2883.514321,2888.426020,2892.695823,2893.772592
2855.332918,2855.560541,2856.691789,2859.689479,2882.777491,2887.488443,2890.350900,2893.988127
2853.303288,2854.677080,2855.605187,2861.024344,2882.900566,2887.327630,2891.295253,2893.580945
2854.689800,2854.918962,2856.259380,2862.153818,2882.739720,2887.407717,2890.459981,2892.592234
2855.138273,2855.180571,2856.092976,2859.336858,2882.914606,2887.019109,2890.540591,2892.392697
2853.770085,2854.093449,2854.426750,2855.809955,2882.246520,2887.325930,2890.820354,2894.213573
2854.036654,2855.482965,2855.618342,2857.928673,2881.425775,2888.472365,2892.628315,2894.439750
2855.303311,2855.567505,2855.699933,2856.793513,2882.698060,2888.023920,2891.888863,2893.926252
2851.840510,2853.869106,2856.134805,2865.348672,2882.874139,2886.030935,2888.551337,2890.909971
2854.013660,2856.016833,2856.675244,2856.805248,2882.574992,2886.135626,2889.110687,2890.911470
2851.352119,2856.217936,2859.131638,2859.217665,2883.150697,2885.700713,2888.727373,2890.714375
2851.105887,2856.223271,2858.636082,2859.912334,2883.573033,2886.191178,2889.129081,2889.903136
2852.475454,2857.003686,2857.405168,2857.964445,2882.715161,2886.410267,2889.182039,2891.037448
2852.942601,2856.645433,2856.765620,2857.311235,2883.048981,2886.075842,2888.964592,2890.928337
2852.398026,2855.297894,2856.238719,2856.828814,2882.378239,2886.615162,2889.391841,2891.607387
2852.416524,2857.131215,2857.134896,2858.749825,2882.960961,2886.263125,2888.989670,2891.583428
2852.208927,2856.448298,2856.487763,2859.290387,2883.066459,2886.434174,2889.216810,2890.815654
2851.890174,2854.498324,2855.109455,2856.631950,2882.650150,2886.545774,2889.395176,2891.631982
2852.181230,2853.764175,2855.877483,2857.060862,2882.345978,2886.294850,2888.806729,2890.218040
2850.761636,2854.226883,2855.481173,2857.682630,2882.472490,2886.654204,2889.207341,2890.484452
2850.956168,2854.509675,2855.263546,2857.888735,2882.204316,2886.702691,2889.337034,2890.824132
2851.874676,2853.879139,2855.334619,2858.113354,2882.236634,2886.572709,2889.204877,2891.213976
2850.779298,2853.833852,2855.592638,2857.904264,2882.872109,2886.952542,2889.591657,2891.304468
2852.081862,2852.701305,2856.050265,2856.914473,2882.617691,2886.406898,2888.718776,2891.812073
2855.194527,2855.198166,2856.220417,2856.549023,2881.145766,2887.956596,2891.511803,2893.403384
2854.919035,2855.251108,2855.567650,2857.518146,2881.102307,2887.859720,2891.594088,2893.610811
2854.793962,2855.246745,2855.891680,2857.320535,2881.148529,2887.885676,2890.254833,2894.204646
2852.372883,2854.837273,2855.731396,2855.799482,2882.423396,2885.650889,2890.446365,2892.900107
2851.612152,2855.521302,2857.244185,2861.168229,2882.701740,2885.184166,2890.115524,2891.161492
2852.444618,2855.464484,2859.001072,2859.531141,2882.940359,2885.328430,2890.178856,2891.741764
2854.902790,2857.024905,2859.584505,2859.706010,2882.357113,2885.898309,2892.382642,2892.756806
2853.963547,2854.495130,2856.767109,2864.488556,2883.973607,2886.390535,2890.800623,2892.031355
2854.293977,2854.376674,2856.780763,2866.051775,2883.744174,2887.370510,2890.742944,2891.775540
2853.977683,2855.633366,2856.458039,2859.570124,2882.696251,2887.326378,2890.789338,2892.714402
2851.531354,2854.605559,2855.651121,2859.423894,2882.725535,2887.643743,2889.630103,2890.743144
2854.503758,2855.198793,2855.810832,2858.738647,2880.994294,2887.800799,2891.792066,2893.625077
2854.811929,2855.119613,2856.661028,2857.950541,2882.268911,2887.901320,2889.548444,2891.425450
2853.379063,2854.320511,2857.135968,2863.953191,2883.535105,2888.255345,2889.658840,2890.598039
2855.023144,2855.038625,2855.453408,2856.100239,2881.492526,2888.580277,2888.960583,2894.675202
2854.624257,2855.087717,2855.878302,2856.400503,2881.443682,2887.528912,2890.701549,2894.070905
2852.841255,2854.520885,2854.859558,2855.248802,2882.905442,2889.423836,2890.690413,2892.885298
2854.051846,2854.998217,2855.349024,2855.838967,2881.829018,2888.664230,2891.577118,2893.742351
2853.990874,2854.961571,2856.405675,2856.955698,2882.477724,2889.068928,2890.426404,2895.165734
2853.615487,2854.523187,2854.921133,2855.933549,2882.048918,2887.442489,2889.266572,2894.447432
2853.020315,2856.225801,2856.967327,2858.175636,2881.428044,2888.527796,2891.897875,2893.898834
2852.052623,2854.096793,2854.411825,2855.622240,2881.456836,2888.335305,2889.430872,2894.790320
2850.058694,2853.853393,2855.185859,2855.358563,2881.342563,2888.268652,2891.335941,2894.970731
2854.437040,2854.881055,2855.347100,2856.487234,2881.511768,2887.810672,2890.912796,2893.688842
2854.206225,2854.597914,2855.292855,2855.447272,2881.435755,2888.120201,2890.302836,2893.662556
2854.174452,2854.210823,2856.165581,2856.940065,2881.586077,2888.672772,2889.422678,2894.109795
2854.529540,2854.747697,2854.963270,2855.977734,2881.568248,2888.446220,2890.798989,2895.186835
2854.454043,2854.776704,2854.786401,2857.093745,2881.404251,2887.815561,2890.722850,2893.273444
2853.477306,2854.040366,2854.946602,2857.133678,2881.363075,2887.931662,2890.612803,2893.166662
2853.451406,2854.070733,2854.988107,2857.517305,2881.331488,2887.903782,2890.721568,2893.157001
2854.284733,2854.904423,2855.683688,2858.015899,2881.625573,2888.314056,2891.355355,2893.517247
2852.158650,2854.163136,2855.443483,2858.914609,2882.399038,2888.168500,2890.248488,2893.084353
2853.454236,2854.208021,2856.693710,2864.987251,2882.275306,2889.373218,2892.153111,2893.056368
2847.487477,2854.805235,2854.847765,2858.873770,2881.432496,2888.074480,2890.356304,2891.953144
2850.649262,2853.440977,2855.025938,2859.554913,2882.463199,2887.893627,2890.275576,2892.158407
2851.162943,2852.286416,2855.619625,2861.101824,2882.382707,2887.092785,2888.574743,2893.543426
2850.551800,2854.301866,2855.907923,2864.943286,2882.102825,2889.040239,2890.406883,2892.519208
2849.509939,2854.026815,2856.515781,2865.105632,2882.223140,2888.276137,2889.989653,2892.236854
2850.089535,2854.040614,2855.158880,2863.011592,2882.116193,2888.563537,2890.757013,2892.293598
2854.352681,2854.740146,2856.972363,2857.488205,2881.912761,2889.362223,2891.042113,2892.857735
2853.508459,2854.622204,2854.658126,2856.550217,2882.164727,2888.172578,2890.740896,2893.026549
2853.836949,2854.557451,2855.221589,2855.566540,2881.679862,2887.895538,2890.039396,2892.181300
2852.550247,2853.949963,2856.066777,2861.308780,2881.270810,2888.805426,2890.801140,2892.866647
2853.361550,2854.002422,2855.256517,2857.083624,2881.440679,2888.154119,2890.743459,2892.031008
2852.070007,2852.981804,2855.639583,2861.834748,2880.901903,2888.495606,2890.461802,2892.063999
2852.772592,2854.016731,2855.311881,2860.767653,2881.596062,2887.936918,2890.839267,2892.129227
2853.989840,2854.524769,2855.063450,2856.511656,2881.459104,2888.524929,2891.771399,2893.663486
2854.301784,2854.371230,2854.848154,2855.313577,2881.577005,2888.166261,2891.885346,2893.954505
2853.953408,2854.760229,2857.312029,2863.244591,2882.343646,2888.848202,2890.929982,2892.714143
2854.108835,2854.629150,2856.433225,2858.040304,2881.544332,2888.797948,2891.285867,2893.501223
2853.244512,2854.576560,2857.549850,2863.187620,2882.790621,2888.834036,2890.795828,2892.767059
2853.634828,2854.497047,2855.984562,2865.764072,2882.945180,2888.839490,2891.218616,2892.576823
2853.023612,2853.423716,2856.298513,2856.568402,2882.103221,2887.301403,2889.653814,2891.423731
2851.831265,2852.084671,2856.246455,2865.333359,2881.897026,2887.043339,2888.886981,2891.162563
2851.912554,2852.292685,2856.875478,2861.121407,2881.914109,2887.022965,2888.941699,2891.295681
2852.312998,2854.219565,2854.520850,2855.667226,2881.129674,2888.123099,2889.744415,2891.896396
2854.438316,2855.077996,2855.419636,2855.627797,2881.675463,2887.993080,2891.901196,2894.124240
2854.529389,2855.183767,2856.110096,2857.392302,2881.552406,2888.577329,2891.917533,2893.708978
2853.599429,2855.233610,2855.268863,2855.701032,2880.663120,2888.066367,2890.850977,2895.198786
2853.058014,2854.361664,2855.161193,2855.971849,2881.012681,2888.670702,2889.036067,2895.915872
2853.352562,2854.618282,2855.610649,2856.960586,2880.786398,2888.084839,2890.792369,2895.416169
2854.441278,2854.818703,2855.912593,2856.295836,2880.934854,2888.562202,2890.925684,2895.423416
2854.653005,2855.601990,2856.122044,2856.603258,2881.102465,2889.114214,2890.727828,2895.240860
2854.657503,2854.977000,2855.582388,2856.065149,2881.142693,2888.393745,2891.998310,2894.904655
2853.896783,2855.628616,2856.039636,2858.119512,2881.876584,2888.554147,2892.172667,2894.050989
2854.447232,2854.667952,2854.767827,2855.774779,2881.415824,2888.671247,2892.172998,2894.115256
2852.018293,2853.816058,2855.274081,2855.924868,2882.318226,2889.598954,2889.711450,2895.319705
2849.340959,2853.488197,2855.071182,2856.660218,2882.876689,2888.287539,2891.117720,2892.980686
2853.213434,2853.287917,2854.541083,2856.676345,2883.082074,2887.848105,2890.465219,2892.287330
2850.504550,2853.399871,2855.230211,2857.297164,2882.430028,2888.451782,2890.295524,2892.963805
2849.321944,2852.995413,2855.344867,2857.378834,2882.634618,2888.388588,2889.981824,2892.771342
2853.385298,2853.771474,2853.855900,2856.087456,2882.813459,2888.177117,2891.348946,2892.804820
2850.625737,2852.197508,2854.706250,2856.444371,2882.892011,2888.192766,2890.583883,2892.406400
2852.483129,2853.974612,2856.291863,2857.069571,2883.360329,2888.146495,2890.217579,2891.921515
2852.208304,2854.543588,2856.427536,2862.740048,2882.350135,2888.854156,2890.932505,2894.586746
2851.602516,2853.420236,2853.523588,2856.633818,2882.976832,2886.632421,2889.582174,2892.575901
2849.489781,2852.789950,2855.001464,2855.826079,2882.595749,2888.193978,2891.195317,2893.148298
2847.864466,2853.638959,2854.886871,2857.286888,2882.653228,2887.923386,2889.877463,2892.515809
2852.778964,2855.164075,2855.385950,2857.076270,2882.014411,2889.481825,2890.045428,2894.513002
2849.084451,2854.065436,2855.120938,2855.149878,2882.727895,2888.384570,2890.703830,2892.362010
2850.692833,2853.030143,2855.216302,2855.738325,2882.912623,2888.302217,2890.624487,2892.793464
2852.636258,2853.811881,2855.129102,2856.886121,2883.053211,2887.383356,2889.186828,2892.424959
2853.987355,2854.263657,2856.784144,2866.490600,2882.208736,2889.299541,2889.558395,2890.354443
2851.401517,2851.740178,2856.088971,2866.306696,2882.380687,2888.505857,2890.553553,2891.533373
2848.796540,2853.877755,2854.389902,2858.468942,2882.687999,2888.412784,2890.433625,2891.958290
2853.298825,2853.415392,2855.988310,2864.918836,2882.184237,2888.558941,2890.493363,2891.872283
2850.334634,2853.132487,2858.871547,2866.490116,2882.378969,2888.376157,2891.639208,2897.837307
2850.850448,2853.060281,2858.754210,2866.498203,2882.196892,2888.363235,2891.942480,2898.508995
2852.454187,2853.325986,2857.134990,2859.131457,2883.003626,2887.743475,2889.063410,2892.478341
2852.641415,2853.263843,2856.587262,2864.245974,2882.710065,2889.335971,2890.050585,2892.410286
2852.595744,2852.792878,2857.195285,2861.202158,2882.850156,2888.307294,2889.297729,2891.849472
2854.149638,2854.645472,2856.780839,2860.410881,2881.672254,2888.928977,2893.017732,2895.878579
2853.951890,2854.538630,2855.791440,2856.337812,2881.125324,2888.558770,2892.875260,2895.835193
2854.069320,2854.606415,2854.979050,2858.229808,2881.599482,2888.727390,2892.618483,2896.224072
2854.435321,2854.555108,2855.303327,2855.312394,2881.444441,2888.704319,2892.243576,2896.008342
2853.130947,2853.196275,2856.324839,2862.364528,2881.586863,2889.025980,2893.176453,2895.145257
2851.593186,2853.091710,2854.177313,2855.839826,2881.221296,2888.109180,2892.950422,2895.254259
2852.617884,2853.666896,2854.558011,2855.130391,2880.751166,2888.332744,2892.467422,2897.989552
2845.130895,2852.528015,2854.742651,2855.923633,2881.658245,2888.471017,2892.217752,2896.189400
2846.009235,2852.852258,2854.489832,2855.671449,2881.404405,2887.988294,2893.025112,2896.034214
2853.175905,2854.585968,2854.848309,2855.785453,2880.977283,2888.083590,2893.282128,2895.605322
2853.122829,2854.537259,2855.063029,2855.803668,2881.264596,2888.276192,2893.295415,2895.603567
2853.012033,2854.292130,2854.986032,2855.508668,2881.344505,2888.331107,2893.269457,2895.695123
2852.748384,2854.973157,2855.144475,2856.287021,2881.527080,2888.537842,2892.888148,2895.579493
2853.113639,2854.173134,2855.189540,2855.204042,2881.557946,2888.490203,2893.049726,2895.711942
2850.233755,2851.092274,2857.860881,2868.899999,2881.846184,2885.669580,2894.113662,2900.189174
2850.503988,2852.291572,2857.767641,2868.899996,2881.767279,2887.920468,2896.838851,2900.499067
2853.688039,2854.553382,2855.179044,2856.127725,2881.846997,2888.687083,2892.617896,2895.362266
2853.780673,2854.553721,2855.092862,2855.265353,2881.741701,2888.551133,2892.606295,2895.266608
2853.788032,2854.010539,2856.444780,2859.490522,2882.208443,2888.981546,2891.774093,2895.570749
2852.486256,2855.137249,2856.168139,2857.188095,2882.123007,2889.665995,2892.472184,2893.457623
2852.951164,2854.732180,2855.014794,2858.493343,2883.014709,2890.624720,2891.546035,2894.104108
2852.524845,2853.602523,2854.748996,2858.925867,2882.315041,2889.785657,2891.715899,2893.799955
2851.965750,2853.616439,2854.733313,2858.918106,2882.289461,2890.052133,2891.645940,2893.680420
2852.827792,2852.880260,2854.928206,2855.431708,2881.945708,2888.855417,2891.521605,2894.248688
2851.320875,2852.397504,2856.377059,2864.013020,2880.823634,2887.858166,2890.317504,2894.017928
2853.688446,2854.815560,2855.034755,2855.850637,2881.963890,2888.722213,2890.727185,2894.256636
2852.153171,2852.210629,2856.087600,2868.890629,2883.762363,2888.062043,2892.240781,2896.437176
2850.595160,2852.469076,2855.079778,2858.864942,2882.065140,2889.166834,2891.716397,2894.133346
2850.627946,2853.834091,2854.350917,2855.233384,2882.029644,2889.109837,2891.820592,2893.232473
2852.536585,2853.690620,2854.323262,2855.597549,2882.530508,2889.356509,2891.304394,2893.874320
2851.078642,2853.400649,2855.188298,2855.403117,2882.301730,2889.901696,2891.782131,2893.830194
2852.497364,2854.580786,2857.535952,2861.767001,2883.988753,2888.258192,2891.777299,2894.099244
2852.992214,2854.820536,2856.179308,2859.971259,2882.682894,2890.100745,2892.585612,2894.174742
2852.820583,2853.831224,2856.358164,2862.907649,2883.760955,2891.541958,2892.255840,2893.916800
2853.014398,2855.702723,2857.346130,2864.308796,2883.739983,2890.767130,2891.344614,2893.677984
2852.831773,2855.943552,2857.419773,2863.860265,2883.824282,2891.053625,2891.371309,2893.738669
2852.593790,2854.504934,2856.841439,2863.350541,2883.679686,2890.640767,2891.031304,2893.961972
2852.192757,2853.040632,2856.421161,2862.956081,2883.490344,2891.469884,2892.391375,2893.217729
2852.772427,2853.620811,2856.475127,2859.576043,2882.366812,2889.589641,2892.647235,2894.978880
2851.033248,2852.050090,2855.257309,2857.876205,2882.325006,2889.767562,2892.019811,2893.195223
2852.252092,2856.170361,2856.294537,2861.800142,2882.580841,2889.512194,2891.115736,2891.773741
2851.384990,2852.605218,2855.174298,2860.136481,2881.853316,2888.099415,2890.279523,2890.648723
2851.598832,2853.859983,2857.089778,2864.867703,2882.202827,2889.233103,2889.842798,2889.912574
2852.875454,2853.108231,2856.258699,2863.095880,2881.303241,2887.540137,2889.239915,2890.499580
2852.661711,2855.060430,2856.252805,2865.280898,2881.585726,2887.589570,2889.079171,2889.780824
2851.246525,2853.733250,2855.099184,2855.123441,2881.326691,2889.750285,2890.974286,2895.854916
2853.627041,2854.152091,2854.675323,2856.354681,2882.294879,2889.603503,2891.462321,2895.389503
2852.088712,2852.948399,2857.183714,2861.779854,2882.230704,2889.480078,2892.055150,2894.310843
2852.534848,2853.443967,2854.075505,2855.356751,2882.347807,2889.473972,2891.996317,2895.443881
2852.987469,2853.905098,2856.206277,2860.606429,2882.329736,2890.048239,2893.334062,2896.759464
2853.459572,2853.810009,2854.776121,2855.035311,2882.003010,2889.571522,2892.132353,2895.743433
2853.735799,2853.897383,2854.943236,2855.052697,2882.100096,2889.527089,2892.178587,2895.190758
2851.149766,2851.453674,2852.972578,2855.767570,2882.198595,2886.386147,2887.490303,2893.542981
2850.556582,2851.827876,2853.319330,2855.912077,2884.206390,2884.703105,2887.321528,2893.540482
2851.028721,2853.577375,2857.333589,2859.922097,2884.970098,2886.540506,2887.090916,2893.763580
2850.306595,2853.273306,2857.043737,2862.357375,2884.540703,2886.715917,2887.391109,2893.916581
2850.979233,2853.093049,2854.775544,2857.531591,2884.243068,2887.279245,2888.216257,2893.695365
2852.454364,2853.053212,2853.857786,2855.023289,2881.093933,2888.976247,2891.333569,2894.699763
2853.244952,2854.098308,2854.228277,2854.407929,2880.936870,2889.109163,2891.449160,2895.234048
2852.394548,2853.491568,2854.129930,2856.147810,2881.867859,2887.270668,2889.762058,2893.101578
2848.964155,2852.638545,2854.849258,2855.968735,2881.374196,2887.667042,2889.044276,2895.459474
2847.527479,2852.688188,2854.493557,2856.195024,2882.592073,2889.312046,2892.198285,2894.535029
2852.863579,2853.938907,2854.557158,2855.011931,2880.650391,2888.616695,2892.401976,2896.608653
2853.053254,2853.645802,2856.968907,2857.396745,2882.528612,2889.522814,2893.603639,2897.449160
2853.054230,2855.001018,2857.106492,2859.026622,2882.500855,2890.031741,2893.680614,2897.486301
2853.391318,2853.528594,2853.994556,2855.743858,2882.543680,2890.116903,2894.073663,2898.289869
2852.534064,2852.829671,2853.591017,2857.090930,2882.934187,2889.863837,2892.089844,2895.240836
2850.708730,2852.866278,2853.772697,2857.508927,2883.301468,2890.139602,2891.634084,2893.588377
2850.434105,2853.043261,2853.151324,2857.487943,2882.866337,2888.975691,2891.189764,2894.231156
2849.120891,2852.729573,2854.940233,2855.332020,2882.781446,2889.820564,2892.205051,2894.066798
2847.928031,2852.346450,2854.100581,2855.288643,2882.956271,2889.670842,2891.826825,2893.616501
2851.431502,2852.652447,2856.153613,2865.499742,2883.516465,2887.369401,2892.977963,2893.374152
2851.978014,2853.151110,2853.394640,2855.766628,2882.714800,2889.281621,2891.849829,2894.662489
2853.141122,2853.393730,2853.756092,2855.814054,2883.240958,2890.414074,2895.296219,2896.962251
2853.306454,2853.561556,2854.598464,2856.548472,2883.585490,2890.619191,2895.757829,2896.127464
2853.127408,2853.988559,2856.816142,2859.817234,2883.512008,2891.186388,2895.433693,2895.565395
2853.371882,2853.660989,2855.039999,2856.156042,2883.348210,2890.607103,2895.387023,2895.636816
2853.105453,2853.968151,2856.948107,2861.589274,2883.835418,2892.409125,2893.112126,2893.512326
2852.579213,2853.253720,2855.561120,2856.129377,2883.922882,2892.926536,2893.048145,2893.509114
2851.863794,2854.215873,2854.328294,2854.582193,2882.574151,2890.458708,2893.503770,2895.474276
2852.141550,2852.878388,2853.365020,2856.352581,2882.377818,2888.813333,2893.661556,2895.427628
2852.155638,2853.113754,2854.215585,2854.386127,2882.892084,2890.611139,2892.813722,2895.201820
2852.402513,2853.107458,2856.234238,2856.276605,2883.414511,2890.299625,2893.276632,2895.666576
2852.231757,2853.962779,2854.474706,2855.193035,2882.759639,2890.438235,2892.940274,2895.721789
2848.119420,2854.290891,2856.456124,2867.820057,2884.688069,2894.148725,2894.396553,2898.436008
2851.682937,2852.167994,2854.802269,2855.899591,2883.131594,2891.146931,2892.579762,2894.346014
2852.877086,2855.473821,2855.971321,2865.661466,2882.875313,2889.519273,2891.752970,2891.934645
2851.786512,2853.062894,2853.619023,2856.179898,2883.145523,2890.245742,2891.557310,2894.811705
2849.208561,2852.838659,2853.719125,2856.870913,2883.293429,2890.184045,2891.461626,2895.459211
2849.754276,2852.841324,2853.608420,2856.732973,2883.451144,2890.056387,2891.948427,2895.530433
2853.274814,2853.369973,2853.458004,2853.794667,2882.129431,2890.551380,2892.681278,2893.359162
2851.335896,2853.219959,2853.766171,2855.704560,2883.726729,2891.765736,2892.642343,2894.187060
2851.196165,2853.060173,2853.615199,2856.917900,2883.377994,2892.297538,2892.337210,2892.346697
2849.824485,2852.063145,2854.898235,2857.665889,2883.094288,2891.273701,2891.525090,2892.775293
2849.905218,2853.003526,2853.063579,2855.309183,2882.680710,2891.688138,2892.571588,2892.821289
2852.050808,2852.845663,2855.622951,2857.939803,2883.252220,2890.545649,2891.651739,2892.265533
2852.171116,2854.270223,2854.727690,2856.482434,2883.349355,2890.758951,2892.822895,2893.506914
2848.739053,2851.980094,2853.355121,2854.710580,2882.397591,2890.954025,2891.770484,2892.509980
2850.565237,2853.241371,2853.463265,2856.013444,2883.177437,2891.930279,2892.104055,2893.542933
2852.994932,2853.842501,2856.024597,2862.434324,2883.156609,2890.970437,2891.649235,2892.503991
2852.970111,2853.370263,2856.443600,2858.128342,2883.142118,2891.037385,2891.251570,2892.417377
2851.304151,2852.756678,2853.360305,2856.390559,2883.191253,2891.382244,2891.570709,2892.547236
2852.751225,2854.543913,2856.006054,2861.863366,2882.864327,2890.277618,2890.929414,2892.063515
2852.224452,2852.957572,2853.349627,2856.173991,2883.066865,2891.188489,2891.860610,2892.960126
2851.616266,2854.534486,2856.670735,2860.065142,2883.095192,2890.219980,2890.706645,2891.288276
2851.225396,2854.900233,2856.412976,2857.165825,2883.026844,2889.882203,2890.447442,2890.517484
2852.516486,2853.532161,2855.011135,2855.912416,2882.257176,2890.306422,2891.164703,2892.299729
2853.041070,2853.425190,2854.824970,2856.017927,2882.557513,2890.336448,2891.233916,2892.555464
2852.011399,2854.507147,2856.838352,2863.955402,2882.844279,2890.213273,2891.680529,2892.277250
2851.940094,2852.522854,2854.731203,2855.568091,2882.572204,2890.077322,2891.706167,2892.305332
2852.544920,2854.947045,2856.194465,2864.349424,2883.000103,2890.328787,2890.685570,2891.850663
2848.191324,2852.606343,2856.227351,2860.867909,2883.008114,2889.644650,2891.019861,2891.540447
2849.115401,2853.596350,2854.769246,2855.737222,2882.484529,2889.609831,2890.953229,2892.436293
2849.267139,2855.185495,2856.819710,2862.637064,2883.019981,2888.951935,2890.006563,2891.432255
2851.552526,2855.163046,2855.207996,2855.247249,2882.370981,2889.733298,2891.483772,2892.181052
2852.793756,2852.967166,2853.079931,2855.145623,2882.163765,2889.748963,2891.982490,2891.984958
2852.668015,2852.837283,2856.279693,2863.453920,2882.561325,2889.190948,2890.208656,2891.985534
2852.316991,2852.851287,2855.231123,2855.405556,2881.832763,2889.525281,2890.747744,2891.752717
2852.905002,2853.171158,2855.241671,2856.361980,2882.675232,2889.595563,2890.514436,2892.018182
2852.758045,2852.951522,2856.642080,2861.945104,2882.875892,2889.371232,2890.354929,2891.725468
2852.736119,2853.350765,2854.866505,2856.391156,2882.363055,2888.949422,2890.198819,2891.587109
2852.642475,2852.978890,2856.461181,2863.009661,2882.776694,2889.032654,2889.852331,2891.555093
2852.244363,2853.519330,2856.059605,2867.240327,2882.529241,2888.457639,2889.202742,2891.324864
2852.690657,2853.086716,2853.155670,2856.587040,2882.367495,2889.801764,2890.561414,2891.736472
2852.499389,2853.208954,2856.725334,2863.074673,2883.044590,2889.493200,2890.498112,2891.787187
2851.989754,2853.035179,2856.705686,2857.947231,2883.043970,2884.914497,2889.764416,2890.136222
2852.547350,2852.693469,2856.303570,2860.495691,2882.868037,2884.913323,2889.867005,2889.992480
2852.341403,2854.373024,2855.999263,2864.975567,2882.837908,2889.161915,2889.833117,2890.526457
2852.224814,2852.999016,2857.056755,2859.587864,2883.212430,2890.150729,2891.238677,2891.463455
2851.291562,2852.666758,2853.447950,2855.307217,2882.110119,2889.937386,2890.711584,2891.422226
2851.977398,2853.562956,2856.133790,2865.883705,2882.857213,2888.814505,2889.084611,2890.105751
2850.813013,2852.468793,2852.742510,2855.105809,2882.045409,2890.003841,2890.223487,2891.066413
2852.567924,2852.900697,2856.080792,2861.952382,2882.810610,2889.479073,2890.566053,2891.430442
2852.496010,2853.325006,2856.017734,2856.336250,2882.472388,2889.209179,2890.317928,2890.921177
2852.892674,2853.000892,2853.101758,2855.946138,2882.818610,2891.035189,2891.095471,2892.466781
2852.710882,2853.268934,2856.156668,2861.240580,2882.767651,2890.090832,2891.502935,2892.258277
2852.762066,2853.291604,2855.857772,2862.214397,2882.800692,2890.694784,2891.969426,2893.213521
2852.883516,2853.083130,2856.386086,2856.750510,2882.878543,2890.151440,2892.553266,2893.447451
2852.843081,2852.983102,2856.155177,2857.723808,2882.744992,2889.700865,2892.824590,2893.609751
2852.232709,2852.433231,2855.212536,2856.611969,2882.988214,2890.378210,2893.509700,2894.344888
2851.915274,2853.804095,2854.289940,2855.687038,2882.752202,2890.713622,2893.110839,2894.417766
2852.287840,2854.312020,2856.323378,2859.035534,2883.589048,2892.096110,2893.533681,2895.353201
2852.466306,2853.833316,2856.300776,2860.671410,2883.516705,2892.071383,2892.424637,2893.990586
2852.642905,2852.889640,2855.994788,2856.935406,2883.797751,2891.859955,2893.341891,2895.338182
2852.450473,2852.714401,2854.440723,2855.901361,2883.643521,2891.790467,2894.409173,2896.762189
2852.574181,2852.619228,2853.483192,2855.247489,2883.595273,2891.874406,2894.085020,2896.771400
2850.006196,2851.524151,2851.775840,2855.910234,2882.806514,2889.811208,2894.731175,2900.304926
2849.798498,2850.836722,2851.829688,2855.524450,2883.332323,2890.451098,2894.623929,2897.652925
2852.183225,2852.868048,2853.475032,2854.788326,2882.939828,2891.212171,2894.681109,2897.236609
2852.654061,2852.968742,2853.159995,2855.621244,2883.449534,2890.256327,2895.400080,2899.046680
2851.978015,2852.014675,2854.089189,2855.923275,2883.712988,2891.217121,2895.079564,2899.847563
2851.838611,2853.301251,2856.374263,2867.802583,2884.877464,2894.934991,2897.673172,2900.139164
2852.414604,2852.770721,2855.764936,2860.996955,2883.251346,2891.709733,2893.662314,2896.714265
2852.220215,2853.094703,2856.527873,2859.124062,2883.522639,2891.481404,2894.436893,2896.348900
2851.186993,2853.538281,2856.457944,2867.837697,2884.435182,2893.646430,2893.934490,2901.494997
2852.573104,2852.862416,2853.776479,2855.274988,2883.468575,2891.394766,2894.184344,2897.032385
2849.244810,2850.123054,2851.132181,2857.189939,2883.724212,2889.680802,2894.675319,2902.450889
2852.136068,2852.624578,2856.100912,2865.957510,2883.010416,2890.095070,2895.921111,2902.497116
2851.964999,2852.902564,2855.949916,2867.899988,2882.808271,2890.795433,2896.596844,2902.499979
2851.708659,2853.001151,2855.917859,2867.899850,2883.199355,2891.862631,2898.346136,2902.499290
2852.295857,2852.531473,2855.970721,2856.152698,2883.828741,2889.667111,2894.860299,2897.976742
2851.327468,2852.010097,2855.776780,2856.898389,2883.206874,2889.635826,2895.763723,2897.531763
2852.066754,2852.722593,2852.818749,2855.342143,2883.142001,2889.490808,2894.873238,2897.643400
2852.304509,2852.523087,2853.088723,2855.400872,2882.744883,2889.596325,2895.306433,2897.792401
2852.222710,2852.381045,2852.643874,2855.126894,2883.044512,2889.892921,2894.849728,2897.142956
2851.902946,2853.804870,2854.477582,2855.668963,2883.459070,2890.417101,2895.420939,2897.333235
2851.844892,2853.806492,2854.558873,2855.672664,2883.443700,2890.454292,2895.479797,2897.180902
2852.523426,2853.256903,2855.776661,2864.653410,2882.770851,2890.561953,2896.972650,2901.298380
2852.444534,2853.069195,2855.567160,2865.678589,2883.612286,2892.638225,2894.468303,2896.358331
2851.583973,2852.691330,2853.122914,2855.522500,2882.780919,2889.827140,2894.390162,2897.515394
2852.042819,2852.693689,2855.822632,2866.859012,2884.934859,2890.973640,2893.900696,2898.653116
2850.082542,2852.986670,2855.712070,2866.888982,2885.140391,2895.860836,2896.558020,2898.002890
2851.895569,2853.576341,2856.038763,2862.193471,2883.293038,2891.490312,2895.460693,2898.821711
2852.013976,2853.059133,2855.504986,2856.064968,2884.041611,2893.140905,2893.230770,2893.889319
2851.877407,2854.482558,2855.994546,2861.792444,2884.080915,2892.889101,2893.400875,2895.111116
2852.023648,2852.339238,2856.270941,2857.202373,2884.010654,2892.669207,2892.818989,2894.635427
2852.096948,2852.155606,2856.295493,2856.420849,2884.216683,2891.914685,2893.075334,2894.003186
2851.865383,2852.356227,2853.081554,2855.628333,2883.784456,2892.818176,2892.913292,2894.310434
2850.049117,2851.337041,2854.798858,2855.103355,2883.197156,2890.259036,2894.150401,2896.756540
2852.138095,2852.965575,2856.030560,2860.289733,2883.821735,2892.631811,2892.838163,2893.748296
2852.189656,2853.277271,2855.793088,2861.579096,2884.041003,2892.193647,2893.057934,2893.480630
2852.077046,2853.143296,2856.008047,2861.891728,2883.991210,2891.309033,2892.303243,2893.360874
2851.646806,2852.479623,2853.411269,2855.404235,2883.943591,2892.357985,2892.552705,2893.892646
2852.099294,2852.999033,2855.641050,2861.125805,2884.133362,2892.119826,2893.519102,2893.678545
2851.772145,2854.949054,2855.903031,2862.569435,2884.273680,2891.033091,2891.327463,2893.910345
2851.340966,2854.940592,2856.106997,2862.865032,2884.351919,2891.237529,2892.130293,2893.913688
2851.003444,2854.408535,2856.093692,2863.985926,2884.887171,2886.304735,2891.174644,2894.685238
2849.089278,2852.013534,2852.112873,2856.329457,2883.529259,2889.571918,2892.126849,2892.338884
2850.156569,2850.890750,2851.794278,2855.404662,2883.281722,2892.181237,2892.589133,2892.672452
2850.295028,2851.316130,2851.736292,2855.427197,2884.015820,2891.342519,2893.984107,2895.755309
2850.639856,2852.621145,2854.487656,2855.198449,2882.920916,2890.658834,2894.865206,2897.243779
2852.044629,2852.698225,2853.243630,2855.223819,2883.316201,2891.819487,2894.661166,2896.830521
2849.521898,2851.300546,2853.163352,2854.950453,2882.875373,2891.190672,2893.789802,2896.811036
2851.879044,2852.700467,2855.875229,2860.027073,2884.038169,2891.961634,2893.071908,2894.927444
2851.798572,2852.618989,2855.935134,2862.708322,2883.839396,2892.037799,2892.535657,2893.804554
2850.531194,2852.672077,2856.014284,2866.899581,2884.458882,2890.680051,2894.207091,2895.006166
2852.005934,2852.102062,2855.884592,2856.207639,2883.871857,2891.183856,2892.302206,2892.881366
2851.838393,2852.793136,2855.751008,2861.862258,2883.598853,2892.396861,2892.551361,2896.833391
2851.840468,2852.490487,2855.878706,2857.791410,2883.787636,2890.902152,2892.189219,2892.737063
2851.940327,2852.438527,2855.707390,2859.424981,2883.756686,2889.994886,2892.328053,2892.329952
2851.830090,2852.129683,2855.736293,2860.829124,2883.648020,2890.116830,2891.367035,2892.464553
2851.737123,2851.913067,2855.621148,2860.866255,2883.452091,2890.006724,2891.350494,2892.754906
2847.509287,2851.618294,2855.585535,2866.899925,2884.390269,2889.135832,2890.992554,2895.137542
2851.964972,2852.002706,2856.080919,2857.830492,2883.683834,2888.814372,2892.324506,2892.693248
2850.111792,2851.247090,2855.764088,2866.897838,2884.405773,2885.940520,2891.604460,2893.775440
2850.373076,2851.295408,2855.764696,2866.863850,2884.251414,2886.297935,2891.925139,2893.367121
2850.291114,2851.234670,2855.822084,2866.899484,2885.030861,2885.587758,2892.294957,2895.135915
2851.150075,2852.627463,2855.792189,2865.512729,2884.111507,2886.380052,2891.998814,2892.891125
2850.254568,2851.270751,2855.804371,2866.805231,2884.852778,2884.876456,2893.202869,2894.712923
2850.788824,2852.387495,2855.835294,2859.970906,2883.772931,2890.787971,2891.321791,2891.708016
2851.761449,2853.442786,2855.436518,2866.292916,2883.781812,2889.486356,2891.901811,2892.577397
2851.041395,2853.778835,2855.897906,2863.402483,2883.604954,2889.681736,2891.479589,2892.260403
2850.693662,2851.716105,2852.117562,2855.176876,2883.423314,2888.098355,2892.185882,2892.563289
2850.732804,2854.268846,2855.982299,2864.058737,2883.608800,2887.258970,2890.962245,2891.878334
2851.713933,2851.866133,2855.596747,2855.918611,2883.940933,2886.053556,2892.329715,2893.165833
2850.610232,2851.190954,2855.754570,2863.735294,2882.717667,2884.109987,2892.132594,2892.693745
2851.637661,2852.444138,2855.527397,2861.634132,2883.546348,2890.903703,2891.305320,2891.578696
2849.670679,2851.429084,2855.539169,2866.900000,2883.994997,2889.716019,2892.681848,2893.537076
2851.638998,2851.660509,2851.927103,2855.157631,2883.241629,2890.997308,2892.459835,2892.711718
2850.145162,2854.109121,2855.955219,2864.235398,2883.800731,2890.403622,2891.286851,2891.467951
2850.941340,2851.406451,2851.807004,2855.250997,2883.125305,2891.196402,2893.085131,2893.366314
2850.630988,2852.353801,2855.938628,2862.403832,2883.820200,2887.425120,2891.611859,2891.669512
2851.398561,2853.073138,2855.654626,2862.108412,2883.863263,2891.087569,2891.712999,2892.766132
2851.701720,2852.227095,2855.441269,2859.475428,2883.737414,2891.907921,2892.237864,2892.707513
2851.612082,2853.317103,2855.441235,2860.910091,2883.558510,2891.789854,2891.942336,2891.990682
2849.369791,2851.189917,2855.596432,2866.899991,2885.292741,2890.200835,2891.148446,2895.836574
2851.304964,2853.248147,2855.607031,2858.901450,2883.712466,2891.408274,2893.067781,2893.671129
2848.346288,2854.685831,2855.771720,2866.896690,2883.598014,2891.304990,2896.169840,2901.622659
2851.151165,2853.655454,2855.539464,2866.409538,2884.194207,2893.236751,2894.704777,2899.661752
2851.634444,2851.923823,2855.499746,2857.693778,2883.398590,2890.771711,2894.929595,2897.500538
2849.877390,2853.759544,2855.766640,2866.899452,2885.762907,2895.758377,2896.718968,2900.769238
2850.993103,2851.456155,2855.592205,2866.899939,2885.640557,2896.246717,2896.750448,2902.499090
2851.115977,2852.734158,2855.649605,2866.864936,2886.374849,2895.789858,2898.038471,2901.091242
2851.433854,2852.540260,2852.906103,2855.213846,2884.071897,2892.365520,2894.949682,2897.871606
2851.687378,2852.673538,2855.256164,2857.988285,2884.870356,2892.588249,2895.376716,2898.456909
2851.729575,2852.034392,2852.296574,2855.005863,2884.120070,2892.721212,2895.126880,2897.941285
2851.331430,2851.787589,2851.914809,2854.917127,2883.874693,2892.618678,2895.027975,2897.917989
2851.276819,2851.792442,2851.984570,2854.862524,2883.718540,2892.668223,2895.063470,2898.093320
2851.547982,2851.613338,2851.799433,2855.109391,2884.292367,2892.697478,2895.190845,2898.003632
2850.877583,2852.929085,2855.617110,2866.891887,2885.605039,2894.832889,2896.247755,2901.569970
2851.024875,2851.701888,2852.237560,2855.005418,2884.023724,2892.525224,2894.769943,2898.038977
2851.404027,2851.847728,2852.006732,2855.077254,2884.169286,2893.176967,2894.159181,2898.422610
2851.505849,2851.786764,2854.958387,2855.659098,2884.510919,2892.566925,2895.874402,2900.219126
2848.815235,2850.259265,2853.979770,2855.027921,2883.810030,2891.721017,2895.510534,2898.456614
2848.927020,2852.911996,2855.728265,2866.859992,2885.821124,2895.100472,2896.827766,2900.451924
2849.499803,2853.244378,2855.758289,2866.471186,2886.087972,2894.762566,2897.400813,2899.207651
2851.081427,2852.109504,2852.324741,2855.398482,2884.578475,2892.963800,2895.349610,2896.399124
2850.984506,2852.544730,2855.489479,2866.892996,2885.053899,2893.428883,2895.367818,2902.496556
2851.260849,2851.769049,2855.536946,2857.585206,2884.462952,2892.906004,2894.300777,2896.283000
2851.528941,2851.581798,2855.334104,2855.413298,2884.469694,2893.317214,2894.250908,2896.710520
2851.593703,2851.617923,2855.298754,2856.300472,2884.303854,2893.511165,2893.940277,2896.320440
2851.005517,2851.344756,2856.751562,2863.000000,2886.749278,2890.480168,2897.508755,2899.835111
2851.084331,2851.352529,2855.344804,2862.999958,2886.129930,2890.661799,2895.220131,2898.184005
2848.301839,2855.656785,2856.147667,2863.000000,2886.762960,2892.081498,2898.586382,2899.077474
2851.129486,2851.928870,2855.272516,2859.134054,2884.691406,2889.974512,2894.544441,2896.775908
2847.858900,2853.952152,2855.584814,2863.000000,2886.566971,2890.510339,2898.417773,2900.071387
2851.073315,2851.746943,2855.330433,2862.761725,2885.148503,2891.518909,2895.748435,2896.806126
2850.649058,2852.152778,2855.367050,2862.953097,2885.279461,2890.514225,2895.971464,2897.377845
2851.023049,2851.815293,2855.311554,2862.728470,2885.085125,2891.539256,2895.597320,2897.096749
2849.255558,2853.032172,2855.487362,2862.997733,2885.918527,2889.735372,2897.194033,2898.487614
2849.966913,2853.063309,2855.447042,2862.905581,2885.744129,2889.904619,2896.855099,2898.407733
2850.167469,2852.240650,2855.368235,2862.981231,2885.371880,2891.491593,2896.171676,2897.549399
2851.069704,2852.093345,2854.966611,2862.999578,2884.004001,2889.903846,2896.235345,2901.884977
2849.259852,2854.807150,2855.545561,2862.999998,2886.539475,2890.418316,2898.464624,2899.178146
2851.142578,2853.645753,2855.351106,2862.995862,2886.795382,2888.829123,2898.857607,2902.633864
2849.178669,2853.311002,2855.437387,2862.987252,2885.862605,2890.773380,2896.907560,2897.221810
2849.155141,2853.740181,2855.471394,2862.999954,2886.357512,2890.072200,2898.046696,2899.576230
2848.088160,2855.201594,2855.490081,2862.995988,2885.635945,2890.062339,2896.399837,2898.950811
2851.161939,2851.611656,2854.230992,2855.145192,2884.877880,2889.641402,2894.810522,2898.656808
2846.878357,2855.492676,2856.390676,2863.000000,2886.639933,2890.917999,2898.458573,2899.952111
2850.720797,2851.736620,2855.217131,2861.973723,2885.237785,2891.016997,2895.814162,2897.650397
2846.671742,2854.096586,2855.239954,2862.991537,2885.045697,2890.366899,2896.354161,2903.499668
2848.441565,2853.036036,2855.300390,2862.993573,2884.253256,2890.203389,2894.593282,2898.190750
2849.787085,2852.281518,2855.558949,2856.250302,2885.265486,2889.264360,2895.156413,2903.489754
2851.016781,2851.289850,2851.331606,2855.102821,2884.631949,2889.897535,2894.731513,2898.348243
2844.651883,2854.107052,2854.821868,2862.998292,2885.360023,2890.559599,2897.107996,2903.497865
2846.713577,2854.310616,2855.005526,2862.967759,2884.559412,2889.813947,2896.250842,2903.499300
2844.571509,2855.012484,2855.291188,2862.999952,2886.758732,2891.641856,2898.640524,2903.499846
2845.472175,2855.009888,2855.190671,2862.840191,2885.736679,2890.641207,2896.562732,2899.027737
2846.051805,2854.298402,2855.163442,2862.895188,2885.422403,2890.737302,2896.925476,2903.499311
2845.964059,2854.413036,2855.181750,2863.000000,2885.700405,2890.909408,2897.027357,2903.499326
2845.831498,2855.129223,2855.187925,2862.999999,2886.335142,2891.331772,2897.991192,2902.427583
2846.021729,2855.281956,2856.754672,2863.000000,2886.442895,2891.744189,2898.185428,2903.499865
2846.423532,2855.259093,2855.695224,2862.999998,2886.068394,2891.276551,2897.468785,2903.499602
2846.983839,2855.302363,2855.763092,2862.999997,2885.894616,2891.110412,2897.187524,2903.499699
2847.083712,2855.090776,2855.283630,2862.999997,2885.663674,2890.964496,2896.913727,2903.499817
2850.332770,2853.538942,2855.319285,2862.355548,2886.386734,2890.740657,2894.895401,2899.859433
2847.108926,2853.800576,2854.742283,2855.281507,2885.515774,2891.335027,2895.423579,2903.497990
2845.725526,2853.786185,2855.082479,2861.428236,2883.918580,2891.852137,2896.991344,2903.497964
2847.421590,2852.258055,2853.631602,2855.386653,2885.600071,2891.494968,2895.859897,2903.495368
2847.102039,2853.448796,2855.246378,2862.993895,2885.493458,2891.431321,2895.496882,2903.498498
2846.617441,2852.660026,2855.491194,2860.870460,2886.136194,2892.048008,2896.688718,2903.497411
2845.809643,2855.169467,2855.910766,2862.999999,2886.421733,2891.605040,2898.132613,2903.499940
2845.310479,2855.118333,2856.384605,2863.000000,2886.493144,2891.817674,2898.294062,2903.499692
2848.275753,2854.043386,2855.380685,2862.841890,2886.373677,2890.958604,2894.255057,2899.407678
2845.691963,2854.250698,2854.950822,2862.992337,2886.475066,2891.329936,2898.390633,2903.499706
2846.116767,2853.364423,2855.225207,2862.721810,2885.552531,2893.218722,2895.364244,2903.499697
2845.501267,2853.925210,2855.043809,2858.997549,2884.075773,2892.560476,2895.593202,2903.495450
2848.886192,2852.348641,2855.247354,2862.995681,2885.088878,2892.067144,2894.745514,2903.497351
2843.000047,2853.892773,2854.637190,2864.500000,2886.948901,2891.812892,2898.177269,2899.812349
2848.884584,2851.474045,2855.093980,2859.241101,2885.738518,2891.610214,2894.625479,2898.830844
2846.191413,2852.521940,2855.239962,2862.989830,2886.307998,2891.596256,2894.558269,2900.143958
2844.927496,2853.837092,2855.007773,2862.998208,2886.397468,2889.392655,2897.923277,2903.498794
2844.547147,2853.645114,2854.870693,2859.809098,2884.245018,2891.344832,2896.139079,2903.499071
2845.757473,2853.736039,2854.997695,2859.015626,2884.331510,2890.677244,2895.814950,2896.276504
2843.587769,2854.709998,2855.503126,2863.500000,2886.924016,2891.830864,2899.044231,2902.218156
2843.900185,2854.757516,2855.360179,2863.499974,2886.213201,2891.130596,2897.859941,2899.964917
2842.752988,2852.408186,2854.559295,2863.499978,2887.425709,2890.320617,2900.683799,2902.303407
2845.439180,2852.180429,2855.111178,2861.307255,2885.812084,2892.382685,2896.003716,2903.496268
2843.880960,2854.800553,2855.217113,2861.996831,2886.966551,2890.514239,2898.972425,2902.413305
2843.175071,2854.584958,2854.623730,2863.499985,2887.014600,2889.532642,2899.448979,2901.664351
2843.716424,2854.608844,2854.697407,2862.000000,2886.492323,2891.394334,2898.558603,2903.499767
2844.102383,2854.872791,2855.135596,2863.183280,2886.503018,2890.074850,2895.581379,2898.726548
2844.382087,2854.821489,2854.855062,2860.996430,2886.205182,2889.224103,2897.395795,2901.682462
2843.001551,2854.557699,2855.250316,2863.500000,2887.110628,2892.205062,2899.549283,2901.607399
2844.254467,2854.897026,2856.226453,2861.999972,2886.846311,2889.207470,2898.654484,2901.704942
2843.500032,2854.647255,2855.570584,2862.000000,2886.471124,2891.331599,2898.296012,2902.874144
2842.075933,2853.828310,2854.297601,2863.500000,2887.441703,2893.030507,2900.175462,2903.256226
2843.018202,2851.804467,2854.460948,2854.532295,2885.676381,2891.147929,2897.061342,2898.339320
2842.000030,2853.511997,2854.264736,2863.500000,2887.203070,2892.502382,2899.826560,2903.258350
2843.102028,2854.538013,2854.637743,2863.495786,2885.228070,2890.480805,2896.079735,2903.499564
2843.347116,2852.574603,2854.745290,2863.416272,2884.993597,2892.628866,2896.879969,2903.499686
2842.448020,2854.134634,2854.352324,2863.500000,2886.501299,2891.147410,2898.325866,2903.195177
2842.984559,2854.504484,2855.036760,2863.499999,2886.448080,2891.088604,2898.166549,2901.393049
2842.716314,2854.450517,2855.375114,2863.500000,2886.364745,2891.426869,2898.403941,2899.873975
2842.665636,2854.454768,2854.601458,2863.499999,2887.128372,2890.686357,2899.423293,2903.499941
2847.644450,2850.632313,2854.265822,2854.929589,2885.326557,2889.998920,2895.449455,2897.884202
2842.000166,2854.236560,2854.506032,2863.500000,2886.954029,2892.530201,2899.392207,2902.438728
2843.500405,2854.664669,2854.789552,2861.954508,2886.366011,2892.369267,2895.812873,2899.745478
2845.352780,2853.645191,2854.956499,2863.465765,2885.404428,2892.356155,2895.369989,2903.492956
2848.261287,2850.506928,2852.456173,2854.872917,2885.480124,2891.280917,2896.490404,2896.492790
2843.323338,2854.588971,2855.080129,2863.227330,2886.168332,2891.363379,2896.700334,2897.709049
2844.901889,2854.309139,2854.803704,2859.403825,2885.670732,2891.841991,2896.341948,2898.220067
2845.182104,2854.674778,2854.911463,2860.928791,2886.210978,2892.124469,2895.725726,2898.531865
2847.036911,2851.638673,2852.746514,2855.082217,2886.074031,2892.175194,2895.424085,2897.884204
2843.608499,2853.712848,2854.652786,2854.742552,2885.824711,2892.421164,2894.798107,2897.568742
2844.949206,2851.136203,2852.603305,2855.053153,2886.786994,2891.009419,2894.724285,2899.690348
2843.501424,2852.280389,2852.328094,2854.878608,2886.355761,2892.074318,2894.580757,2899.949989
2843.500020,2854.398408,2854.629059,2861.999285,2886.467981,2892.956889,2896.261767,2900.403761
2842.000086,2854.280484,2855.584528,2863.500000,2886.904573,2893.567967,2897.485134,2900.839482
2842.000037,2854.263095,2854.753200,2863.500000,2886.755840,2892.974597,2896.845262,2900.516501
2842.178942,2854.337533,2855.750634,2863.500000,2886.910401,2892.310758,2895.772230,2899.874712
2843.670726,2854.286330,2854.579380,2856.274205,2885.126396,2891.901201,2894.802082,2897.454435
2843.697208,2854.184619,2854.740789,2863.490513,2886.175377,2891.913457,2895.914865,2898.903708
2842.000026,2854.246797,2855.364562,2863.499993,2886.716631,2892.343528,2896.582709,2900.061499
2843.081913,2854.477907,2854.651815,2863.497592,2886.373897,2891.415587,2898.140955,2898.276885
2842.452089,2854.310321,2854.382589,2863.500000,2887.740409,2894.041165,2900.837132,2903.499986
2842.000196,2854.201659,2855.144584,2863.489735,2886.102480,2891.023449,2897.624332,2898.896614
2842.655299,2854.345866,2855.566405,2863.205596,2885.782827,2892.381655,2896.558939,2897.603284
2844.102559,2853.472360,2854.618835,2854.914033,2885.655481,2892.079648,2896.168338,2897.844938
2842.000075,2854.222219,2855.991679,2863.500000,2886.846489,2891.088357,2899.085719,2899.310290
2842.391332,2853.030750,2854.269420,2854.891953,2886.450015,2891.276176,2898.299333,2899.078593
2842.630897,2854.230202,2854.922492,2855.592168,2886.080151,2892.530226,2897.334605,2899.630605
2842.802596,2852.366422,2854.298665,2855.548511,2885.999366,2892.338458,2897.163875,2898.864349
2842.666170,2854.331519,2856.074231,2863.500000,2887.543917,2892.527159,2900.196751,2903.500000
2845.077339,2850.740456,2854.574635,2854.698920,2885.749286,2891.676974,2897.126798,2897.243058
2843.230582,2854.517839,2854.536175,2859.728585,2885.808729,2893.586305,2895.416172,2903.497536
2843.266194,2853.600180,2854.232148,2854.437787,2885.852619,2892.772452,2896.772989,2898.366065
2842.369597,2854.256658,2854.806980,2858.151552,2886.384213,2893.056173,2897.613682,2900.015859
2843.651873,2852.007671,2854.481765,2855.231998,2885.811610,2893.081534,2896.588860,2898.472855
2842.000042,2854.147305,2855.797634,2862.524989,2886.591733,2892.312654,2898.380539,2900.391508
2842.000571,2854.153810,2855.901328,2862.113527,2886.661801,2892.237141,2898.482589,2901.176351
2843.785929,2851.521302,2854.305765,2854.504925,2885.882292,2892.523546,2896.625906,2898.419684
2843.036090,2851.683434,2854.185648,2854.368776,2886.088977,2892.251067,2897.543553,2898.461142
2842.001556,2850.734571,2854.056846,2855.337505,2886.106464,2892.619793,2897.411274,2899.388201
2842.735292,2854.337031,2855.553580,2858.781822,2885.765515,2891.769853,2895.670224,2898.509284
2846.422243,2850.783311,2854.273403,2854.771757,2885.862171,2891.528089,2896.862128,2898.166322
2842.000107,2851.942004,2854.143052,2854.643258,2885.979001,2890.968605,2897.854119,2899.893428
2843.660332,2851.117526,2853.862226,2854.518088,2886.203327,2890.475215,2897.823302,2898.535139
2848.106743,2849.190564,2852.825824,2854.668823,2885.600458,2890.308541,2896.511474,2897.587411
2846.851272,2850.784574,2853.384047,2854.744580,2885.449173,2891.034359,2895.903512,2897.543077
2847.644422,2850.756448,2853.042569,2854.775490,2885.490155,2890.658774,2896.076648,2897.466855
2844.609932,2851.030670,2854.617404,2854.848858,2886.111281,2890.654503,2896.515763,2900.197148
2846.634971,2850.447397,2853.911742,2854.735878,2885.615721,2890.691619,2895.971799,2898.780758
2845.384259,2850.031802,2854.185083,2854.656102,2885.976003,2890.809927,2896.761065,2899.435926
2845.236459,2850.418686,2854.660145,2854.754806,2885.960413,2890.709035,2896.723146,2898.982151
2844.490696,2852.095969,2854.608492,2854.826012,2885.962663,2890.948635,2896.623336,2899.127146
2845.790035,2851.652380,2853.591933,2854.709011,2885.632686,2890.986636,2896.110542,2898.029457
2845.297573,2849.591571,2854.638342,2854.870810,2885.862574,2890.892694,2896.679478,2898.487860
2845.557352,2849.624727,2854.650328,2854.676235,2885.786683,2890.931355,2896.538897,2898.383613
2845.140803,2849.699442,2854.624404,2854.807256,2885.805801,2890.928592,2896.690722,2898.339651
2845.586910,2849.425211,2854.646400,2854.864344,2885.865181,2890.951730,2896.777719,2898.528186
2845.138779,2849.437122,2854.605665,2855.527018,2885.793634,2890.908180,2896.520219,2898.641574
2844.269097,2849.448115,2854.592262,2855.416082,2886.215015,2891.177576,2897.526188,2899.100529
2842.198921,2850.685008,2854.090245,2856.414877,2886.480605,2890.737883,2897.610187,2900.264815
2846.197648,2849.467114,2854.642257,2854.788063,2885.648148,2890.667265,2896.134638,2898.027624
2849.092200,2850.653377,2852.313861,2854.549231,2885.247624,2890.590559,2895.504335,2896.928061
2843.500334,2848.877501,2855.334611,2855.521597,2886.441409,2891.359306,2898.277818,2900.146073
2849.108903,2849.528702,2852.558294,2854.628605,2886.002624,2890.373662,2897.508481,2897.700219
2849.025029,2850.053969,2852.575637,2854.592052,2885.895450,2890.340713,2897.272362,2897.533143
2849.005969,2850.681368,2852.383908,2854.526365,2885.364629,2890.353636,2895.904033,2896.990286
2847.340744,2850.167277,2853.206819,2854.728074,2886.201069,2890.026195,2897.900154,2897.921618
2848.651696,2850.651551,2852.495366,2854.533949,2885.554206,2890.315767,2896.366168,2897.330043
2848.336443,2850.649937,2852.598649,2854.556835,2885.571807,2889.988454,2896.349426,2897.174870
2844.079329,2851.054215,2853.567686,2854.503368,2886.225244,2890.650893,2897.922173,2898.124127
2842.472191,2852.004256,2854.107938,2855.321803,2884.107606,2890.289098,2896.362101,2899.303973
2842.000655,2851.558922,2854.046664,2855.260491,2884.675538,2890.892605,2896.918297,2899.403022
2847.970924,2849.532329,2852.298096,2854.665186,2886.001085,2888.153101,2897.326812,2897.909765
2848.079172,2850.603530,2852.282956,2854.610854,2885.359620,2890.226352,2895.554274,2897.170562
2842.666285,2850.563571,2854.202359,2855.321357,2886.274882,2891.777694,2897.925700,2899.623686
2842.001002,2850.199583,2854.025827,2855.594857,2886.690976,2891.478102,2899.085311,2899.329427
2844.962839,2849.761873,2853.699927,2854.550473,2885.870205,2890.801578,2896.839781,2897.937611
2844.404519,2849.673548,2854.616519,2855.429880,2886.174980,2891.905392,2897.444085,2898.339780
2843.523017,2849.299953,2854.458406,2855.383157,2886.143501,2892.108449,2897.317236,2898.278122
2843.936678,2849.699809,2854.539257,2855.180838,2885.856713,2892.401993,2896.496107,2897.917720
2842.001360,2851.010258,2854.010413,2855.431155,2886.456978,2891.609680,2898.349702,2899.516148
2842.000160,2849.165703,2854.099220,2855.683818,2886.438342,2891.362105,2897.064938,2901.330420
2842.893491,2850.770013,2854.137436,2854.236287,2885.996025,2890.630971,2896.400841,2899.055509
2842.852240,2848.042604,2854.250578,2854.606549,2886.955338,2890.519016,2895.849789,2900.090192
2842.334821,2852.043276,2853.721182,2854.194914,2886.342143,2890.619838,2896.576976,2900.756968
2844.239070,2851.066133,2854.110362,2854.431766,2885.960984,2892.086853,2897.106773,2898.041869
2842.000172,2850.736464,2854.019602,2856.086499,2886.427945,2891.110804,2896.896155,2900.068846
2843.558756,2849.523439,2854.401078,2854.824095,2886.403849,2892.566858,2897.867947,2899.408128
2844.207922,2850.139947,2853.719475,2854.450125,2886.179070,2892.442293,2897.659706,2898.124750
2842.758413,2851.314920,2854.114038,2854.227794,2886.535200,2893.590490,2898.499254,2898.851535
2842.200863,2851.575305,2854.154284,2854.631190,2886.913489,2892.154554,2899.156730,2900.963204
2847.523229,2850.380033,2852.835869,2854.503381,2885.746966,2892.173851,2896.417197,2897.950020
2847.836562,2848.162289,2851.545644,2854.488604,2885.795690,2891.518705,2896.583692,2897.295937
2847.566911,2851.067599,2852.527231,2854.484004,2885.782068,2892.371799,2896.614433,2897.569968
2848.265504,2850.695760,2852.040650,2854.290273,2885.770911,2891.862899,2896.901965,2897.432720
2842.001634,2850.953711,2854.083144,2855.639178,2886.216236,2892.780052,2898.088914,2900.908206
2848.631117,2850.593810,2851.894232,2854.275939,2885.442362,2891.983375,2895.655437,2896.972867
2847.849684,2850.935064,2852.321596,2854.404588,2885.775921,2892.276416,2896.635678,2897.162173
2847.546514,2851.130076,2852.539396,2854.425979,2885.906609,2892.234082,2897.017022,2897.379995
2846.930062,2851.776254,2853.181947,2854.468515,2885.883762,2892.195152,2896.737631,2897.542190
2847.242696,2851.163250,2852.098894,2854.426560,2886.138872,2892.149524,2897.645158,2897.703269
2843.728831,2850.909281,2854.293524,2856.601238,2886.636433,2891.945759,2898.653316,2899.016206
2844.841445,2851.106704,2854.089117,2854.389589,2886.135908,2892.927005,2897.400273,2897.631405
2843.819955,2851.200455,2854.292822,2854.419568,2886.360106,2892.955686,2897.985949,2898.061132
2845.312730,2851.088753,2853.431560,2854.394210,2886.070402,2892.355878,2897.151663,2897.760069
2845.986260,2852.076568,2852.405923,2854.417667,2886.279383,2891.643590,2897.354181,2897.970113
2844.664451,2852.559077,2853.832279,2854.369140,2886.268637,2891.691803,2897.689199,2898.044729
2844.704554,2847.112325,2851.486109,2854.776549,2887.044750,2890.774394,2896.389381,2899.486256
2842.000772,2850.427843,2854.153133,2854.515263,2886.034846,2892.204042,2898.582676,2899.156158
2844.402698,2850.662153,2853.840198,2854.482297,2886.278657,2891.803258,2897.439540,2897.895150
2843.108219,2851.943266,2853.934034,2854.266872,2886.629805,2891.812158,2897.759060,2898.840679
2843.032312,2848.393753,2854.210566,2855.178777,2887.150868,2891.624643,2898.431808,2899.833273
2842.000724,2848.878272,2854.179006,2854.918688,2887.435062,2891.691808,2898.945997,2900.833944
2843.751171,2848.948138,2854.041553,2854.451102,2886.853016,2891.622154,2898.293033,2899.386449
2842.000333,2851.445275,2851.707031,2854.997909,2887.552557,2890.556315,2898.804884,2900.781304
2844.142996,2852.197106,2852.927812,2854.383447,2886.777429,2891.592707,2897.676042,2899.199866
2842.000470,2851.288976,2852.369008,2854.882597,2887.538732,2890.708854,2897.992198,2900.809777
2842.000593,2849.831109,2852.596326,2855.087022,2887.297506,2890.903872,2898.192640,2899.850078
2847.896268,2850.037246,2850.755369,2853.447352,2886.391672,2891.970943,2897.578133,2898.443512
2842.718975,2850.564566,2854.305285,2854.471489,2887.092772,2891.597854,2898.274532,2899.884234
2845.062682,2851.447932,2853.411851,2854.383893,2886.472871,2891.080246,2897.648634,2898.531769
2842.000431,2851.861787,2853.963608,2854.547530,2886.990168,2891.138342,2898.360450,2900.372715
2845.920144,2850.694422,2852.862073,2854.436888,2886.444342,2890.982351,2897.474808,2898.504245
2845.807996,2847.515214,2849.431859,2854.614391,2886.657748,2889.977216,2897.070611,2900.843736
2845.267429,2851.265526,2853.665783,2854.363885,2886.320671,2891.552902,2897.948502,2898.042016
2842.231942,2847.845203,2849.767529,2856.158432,2887.391273,2889.857368,2896.977371,2902.275067
2843.283030,2850.399442,2854.342407,2854.580390,2886.532845,2892.033315,2897.988353,2898.650108
2842.274980,2849.689769,2854.239125,2854.996854,2886.996066,2892.785614,2898.336851,2899.482688
2846.683970,2851.401727,2851.501116,2853.687593,2886.494210,2892.294029,2898.228602,2898.433447
2842.000893,2849.106063,2854.009046,2854.682213,2887.176786,2891.976954,2899.553995,2900.046231
2844.631666,2849.560789,2853.680523,2854.244586,2886.893551,2892.752056,2895.958150,2899.229342
2841.875574,2849.902359,2853.887284,2855.138241,2887.291846,2892.912118,2896.383975,2900.260258
2845.359535,2849.638322,2853.208343,2854.245528,2886.633133,2892.485753,2895.650335,2898.606607
2845.265582,2851.296786,2852.748488,2854.240286,2886.814204,2892.413971,2895.294201,2899.070810
2841.002799,2852.785959,2853.466894,2853.752418,2887.287928,2892.447815,2895.337997,2900.208003
2842.924207,2852.594066,2853.065651,2854.104178,2887.078486,2892.378523,2895.285318,2899.617650
2846.362961,2850.670856,2852.163843,2854.197894,2886.525000,2892.572901,2895.533988,2898.321866
2846.367157,2850.415360,2851.846339,2854.162997,2886.528283,2892.912274,2895.713333,2898.339040
2846.946162,2850.207651,2851.550130,2854.127805,2886.293728,2892.939650,2895.723217,2897.684015
2845.915763,2850.782408,2852.245758,2854.159154,2886.547047,2892.961354,2895.749744,2898.366790
2843.607093,2851.096908,2852.902161,2854.118520,2887.121218,2892.324866,2895.600620,2899.760533
2843.899235,2851.030167,2852.910067,2854.150701,2887.099012,2892.333593,2895.573481,2899.704555
2846.037492,2850.470040,2851.998816,2854.162647,2886.629308,2892.837225,2895.800213,2898.568466
2845.664180,2851.282083,2852.791745,2854.188715,2886.809544,2892.450936,2895.372580,2899.074242
2845.609442,2850.847700,2852.404263,2854.166208,2886.828201,2892.492490,2895.649082,2899.083937
2843.305564,2851.943221,2853.600853,2854.099749,2887.121217,2892.330774,2895.326537,2899.761679
2844.962624,2851.267455,2852.950624,2854.174747,2886.979899,2892.505811,2895.546244,2899.428413
2846.124969,2850.653441,2852.209086,2854.146944,2886.662611,2892.522521,2895.692672,2898.654593
2845.915645,2850.703748,2852.305730,2854.146647,2886.726468,2892.531868,2895.713851,2898.819282
2846.081566,2850.657827,2852.247455,2854.145853,2886.685409,2892.532314,2895.716029,2898.715502
2844.681477,2850.751870,2852.738396,2854.158054,2886.924809,2892.552883,2895.178994,2899.216997
2841.004361,2851.320438,2853.626663,2855.430751,2887.403025,2892.627109,2895.489798,2900.669739
2846.477396,2850.459376,2852.094982,2854.105336,2886.532078,2892.527429,2895.776559,2898.380508
2847.123308,2850.091674,2851.597271,2854.072030,2886.369662,2892.502640,2895.852876,2897.958275
2847.006684,2850.099501,2851.643887,2854.074649,2886.397177,2892.479730,2895.910052,2898.024506
2843.721706,2851.219883,2853.153128,2854.091816,2887.126917,2892.385126,2895.835625,2899.777599
2846.509506,2850.233960,2851.909096,2854.099354,2886.574661,2892.432311,2895.963220,2898.492547
2844.477511,2851.537647,2852.818600,2854.121715,2887.151425,2892.376844,2896.076562,2899.867928
2841.004536,2853.377879,2853.644299,2855.026574,2887.442688,2892.744172,2896.647537,2900.693330
2842.859640,2850.834406,2853.010569,2854.006317,2887.363217,2892.554529,2896.440249,2900.376867
2846.992709,2849.890585,2851.410605,2853.975709,2886.184922,2892.559203,2896.432627,2898.162556
2846.568832,2850.058439,2851.680690,2853.980229,2886.248151,2892.330633,2896.671565,2898.328667
2842.130976,2848.259835,2853.753196,2853.925812,2886.860622,2889.745797,2896.965434,2899.019501
2844.421206,2850.987580,2852.938457,2854.027512,2887.171872,2890.572406,2896.883499,2900.063510
2846.033541,2850.700772,2852.127255,2854.013143,2886.772563,2889.931106,2896.989756,2899.188306
2846.263483,2850.541047,2852.044090,2854.014979,2886.737104,2889.956904,2896.953562,2899.117597
2842.696649,2850.061585,2853.887600,2855.649891,2887.473188,2891.266206,2897.927496,2900.702463
2842.500546,2848.328709,2853.966324,2855.619637,2886.799656,2890.918728,2897.510151,2899.859666
2841.000442,2851.157079,2853.414862,2855.500683,2884.175178,2891.592561,2897.890539,2899.966499
2846.851116,2848.092023,2851.869522,2853.949680,2886.506401,2889.983649,2896.736375,2898.356735
2845.795664,2850.099802,2852.064923,2853.932300,2886.478594,2892.779844,2897.086472,2898.959429
2842.235191,2850.001855,2853.687452,2853.874312,2887.083088,2892.738929,2897.792437,2899.890384
2841.000354,2850.127375,2853.576675,2855.480925,2887.388077,2893.080429,2897.961653,2901.796332
2843.049588,2850.553657,2853.333619,2853.859831,2886.730759,2892.737509,2897.229480,2899.398668
2841.000309,2849.495666,2853.011579,2853.898038,2887.627786,2890.960580,2898.013814,2901.356504
2843.015906,2849.708912,2853.200691,2853.935576,2886.892278,2892.067762,2898.459217,2899.746331
2842.500392,2846.492637,2853.057755,2853.885858,2887.591590,2890.937297,2900.015082,2900.416809
2845.642120,2850.142891,2851.950356,2853.873925,2886.555212,2893.127258,2896.804903,2898.746081
2841.000509,2848.395719,2853.571570,2854.830083,2887.483574,2893.482827,2897.660497,2900.812367
2841.001985,2850.253836,2853.519671,2855.307113,2887.474239,2893.256423,2897.399222,2901.106851
2841.749310,2850.824878,2853.687033,2854.225500,2887.425270,2893.199370,2897.376205,2900.475846
2841.385181,2850.579355,2853.618588,2854.120277,2887.482675,2893.205542,2897.231107,2900.456682
2846.253003,2850.270653,2852.139577,2853.814027,2886.470969,2893.113544,2896.573538,2898.265262
2844.040528,2850.847775,2853.592320,2853.844055,2886.925838,2893.029467,2897.145416,2899.531083
2845.161995,2850.685829,2852.958959,2853.838697,2886.683833,2893.031155,2896.932440,2898.875027
2845.911269,2850.422770,2852.094231,2853.791626,2886.532266,2892.986837,2896.559707,2898.114333
2842.577432,2849.110232,2853.830664,2854.460849,2887.422837,2891.519663,2897.160991,2900.469892
2841.473371,2853.607987,2854.200077,2855.021338,2887.887458,2893.338624,2897.924459,2901.754272
2844.970305,2849.414723,2851.938239,2854.070666,2887.593564,2891.403303,2896.509479,2900.901116
2846.860481,2849.665761,2851.682769,2853.751839,2886.708094,2893.411029,2896.740661,2898.395496
2841.770677,2849.246250,2853.645243,2854.841409,2887.822490,2893.627999,2897.916930,2901.181520
2844.245660,2850.406644,2853.843047,2853.849029,2887.587862,2893.752351,2897.812539,2900.690343
2843.607815,2851.387901,2853.688508,2853.993520,2887.838083,2892.165768,2897.557170,2901.027714
2844.942744,2850.217252,2853.124257,2853.939152,2887.709664,2892.896287,2895.764132,2900.974407
2842.245977,2851.508834,2853.732916,2855.119064,2887.879394,2892.638410,2897.432045,2901.505456
2845.353814,2850.892977,2851.271052,2854.076130,2887.258127,2891.761321,2895.639043,2899.435673
2845.776545,2851.256938,2851.364531,2853.966678,2887.212786,2892.890049,2897.620498,2899.945829
2842.500712,2844.722238,2852.202854,2859.454089,2887.569579,2891.000645,2900.264432,2901.134453
2842.500490,2844.506992,2851.970134,2859.415042,2887.883783,2890.924709,2900.416543,2901.768861
2841.005264,2848.160813,2853.362569,2854.353594,2887.890435,2891.737364,2895.091462,2901.201791
2841.001265,2849.510224,2853.815753,2855.031180,2887.393887,2892.681475,2898.479290,2899.950958
2841.002528,2849.837968,2853.882040,2854.155124,2887.450786,2892.838810,2899.085500,2900.449936
2841.088472,2849.012342,2853.496106,2854.876996,2887.526091,2893.084042,2899.064145,2900.362126
2841.000921,2847.659355,2853.655924,2855.856971,2887.596292,2893.743891,2899.236111,2900.546918
2841.000588,2847.811711,2853.774194,2854.118237,2887.687638,2893.633718,2898.654969,2900.545117
2841.000427,2848.587703,2853.613166,2853.800148,2887.414048,2893.543083,2898.466687,2899.832415
2841.001188,2848.903652,2853.709363,2854.482485,2887.581995,2892.722374,2898.276870,2900.349953
2841.001734,2848.017973,2853.269810,2854.921455,2888.257027,2891.696358,2901.326266,2902.050149
2841.000525,2848.006679,2852.807160,2854.891701,2888.252461,2891.061314,2898.895488,2901.673197
2841.000732,2848.093459,2852.636378,2854.840821,2888.076239,2891.139898,2898.934293,2901.217096
2841.001029,2847.907631,2852.613671,2854.731978,2888.236105,2891.538453,2898.637797,2901.425527
2841.001113,2848.017195,2852.438560,2854.698111,2888.086189,2891.619445,2898.594634,2901.195165
2842.093289,2846.743935,2853.643982,2854.399899,2887.832856,2892.713157,2897.034854,2900.874229
2842.403147,2847.292317,2853.721521,2854.313446,2887.780136,2892.718492,2897.078420,2900.691793
2841.000955,2849.620210,2853.421244,2855.810651,2887.850039,2893.472073,2898.210404,2901.056038
2841.883423,2849.149052,2853.556771,2855.831580,2887.537954,2893.530495,2898.079860,2900.158603
2841.000955,2847.812943,2854.068305,2854.605458,2887.982020,2892.368471,2898.313875,2901.390673
2841.001441,2849.089899,2853.790472,2855.342651,2887.519803,2892.578671,2897.841859,2900.174582
2841.006663,2847.334275,2852.812892,2853.698388,2887.962194,2891.511020,2897.668169,2901.697849
2841.001182,2847.499394,2848.484070,2854.870441,2888.576173,2889.968911,2899.559484,2902.081938
2841.000484,2848.427590,2849.155274,2855.115928,2888.460926,2889.848481,2898.325527,2901.918514
2841.000305,2848.485048,2848.595269,2855.042818,2888.584581,2890.062095,2897.872059,2902.136674
2841.000519,2848.345994,2850.057352,2855.005997,2888.560307,2890.047374,2897.274433,2902.138990
2846.420679,2849.842508,2850.789225,2852.714657,2887.286963,2892.804158,2897.310951,2899.611839
2843.353392,2847.468131,2853.611991,2854.163219,2887.645416,2892.604558,2898.176782,2900.469712
2841.164077,2843.248100,2853.294405,2856.801119,2887.872155,2894.306189,2898.719014,2901.147851
2841.136529,2845.259779,2853.313520,2855.622101,2887.733368,2893.682542,2898.323898,2900.672798
2841.212781,2846.914171,2853.373170,2855.202574,2888.004504,2894.253134,2898.395348,2901.498030
2844.441361,2848.054804,2853.381108,2853.653616,2887.565048,2893.207749,2897.714633,2900.428490
2841.000033,2847.645962,2853.283002,2856.573051,2888.146112,2893.529870,2898.545886,2901.845298
2841.001303,2847.819665,2853.297766,2856.365101,2888.074854,2893.676632,2898.311306,2901.678740
2841.208110,2847.592056,2853.353156,2855.057167,2888.020075,2893.325408,2897.986348,2901.387733
2844.897192,2848.081438,2852.927119,2853.641684,2887.437206,2893.187706,2897.634239,2900.087382
2841.001264,2847.972407,2853.289502,2856.493599,2888.100723,2893.996027,2898.395547,2901.657038
2841.001304,2848.860240,2853.264925,2856.723580,2887.989163,2894.294810,2898.641486,2901.874880
2841.002076,2847.701593,2853.215705,2857.165069,2888.076210,2893.788403,2898.692401,2901.671888
2841.001191,2847.477213,2853.250753,2856.943681,2888.150265,2894.013015,2898.394927,2901.853939
2841.000661,2848.043144,2853.318483,2855.668558,2887.957735,2893.473748,2897.955862,2901.266863
2841.000462,2848.097506,2853.296856,2855.811518,2888.089936,2893.411994,2897.975972,2901.595222
2841.000587,2848.053351,2853.312547,2855.401817,2888.178447,2893.460828,2898.070796,2901.841470
2841.001087,2848.021179,2853.289421,2855.879506,2888.231074,2893.444450,2898.129879,2901.960239
2841.003277,2848.142270,2853.285558,2856.135638,2888.077609,2893.612395,2898.145882,2901.617524
2841.001121,2848.262664,2853.283734,2856.040867,2888.193809,2893.354420,2897.928269,2901.831979
2841.000847,2848.294063,2853.285899,2855.678185,2888.119964,2893.456568,2897.873830,2901.628329
2841.001050,2848.119910,2853.277964,2855.785050,2888.097296,2893.522191,2898.134511,2901.552941
2841.000832,2848.237234,2853.285567,2855.093454,2887.949377,2893.197052,2897.540564,2901.100527
2841.003754,2848.331674,2853.366381,2855.009664,2888.060950,2893.085323,2897.964194,2901.281726
2842.810504,2849.035712,2853.556276,2854.773400,2887.819269,2893.044363,2897.708686,2900.822319
2841.001154,2848.185884,2853.251275,2857.306064,2888.167685,2893.303669,2898.330324,2901.873627
2841.000523,2848.401665,2853.316795,2855.159649,2888.158371,2893.296778,2897.643621,2901.617473
2841.000841,2847.761252,2853.234725,2855.248772,2888.190337,2892.813807,2897.620885,2901.642796
2843.641145,2848.847559,2853.590092,2853.842031,2887.755781,2893.044511,2897.354303,2900.499331
2841.001936,2847.730719,2853.270283,2856.215235,2888.146335,2893.318193,2897.956604,2901.891412
2841.000746,2848.672863,2853.318531,2855.066278,2888.122005,2893.005234,2897.757147,2901.568664
2841.001214,2848.246910,2853.299119,2854.373746,2888.201738,2892.707783,2897.227320,2901.561997
2841.001066,2847.863896,2853.290915,2854.998641,2888.280963,2892.503455,2897.530416,2901.808685
2841.001998,2847.273223,2852.247976,2855.138043,2888.279579,2892.781797,2897.554322,2902.075093
2841.001588,2846.853038,2853.321760,2855.464072,2888.331518,2892.906796,2897.959212,2901.926851
2841.001470,2847.238378,2853.237928,2855.796867,2888.307691,2892.757513,2898.348851,2901.914352
2841.001959,2848.803579,2849.966508,2858.171642,2889.103450,2891.055007,2897.851162,2903.005090
2841.000390,2848.453035,2849.632229,2857.832462,2889.202729,2890.020487,2898.587718,2903.406741
2841.001023,2848.274207,2853.248652,2855.893775,2888.249511,2892.886302,2897.479087,2901.846719
2841.000756,2847.959688,2852.520340,2858.688703,2888.253867,2893.542811,2897.915085,2902.380845
2841.000971,2848.359222,2853.239308,2856.933183,2888.137493,2893.398173,2897.410013,2901.519731
2841.000519,2849.128870,2851.722662,2858.374171,2888.111199,2892.248846,2896.868549,2901.932705
2842.870228,2850.806392,2851.038666,2852.596896,2888.182510,2891.877722,2896.794713,2901.668984
2841.000640,2849.764168,2850.086953,2857.868120,2889.272385,2890.272198,2897.083016,2903.523573
2841.002543,2849.834998,2849.856314,2857.856033,2889.137364,2890.140596,2897.114733,2903.286729
2841.045578,2848.699624,2849.029228,2856.898963,2889.178592,2890.424029,2896.802191,2903.289388
2841.000307,2847.776878,2848.798927,2856.465568,2889.134111,2890.413301,2899.672478,2903.143651
2841.000694,2846.542449,2848.692932,2856.417818,2889.103930,2890.365903,2899.519800,2903.248520
2841.001122,2848.884285,2851.453016,2856.686719,2888.879100,2891.140140,2896.366061,2902.704132
2841.001278,2850.140554,2852.918598,2856.564282,2888.476057,2893.767014,2896.732806,2902.614551
2841.002253,2850.791000,2852.517545,2856.939071,2888.388216,2893.882892,2896.563124,2902.574202
2841.001501,2849.443954,2853.480714,2857.214696,2889.148155,2891.953904,2895.949557,2903.882705
2841.002480,2850.560169,2852.565694,2857.043469,2888.462823,2893.664818,2895.836821,2903.096997
2841.002630,2850.882293,2852.536474,2856.315182,2888.226384,2893.987143,2896.565783,2902.123596
2841.001310,2849.257130,2852.828728,2857.121624,2888.625914,2893.107917,2895.980556,2902.550069
2841.002282,2849.380724,2851.906822,2857.129052,2888.756710,2892.070963,2897.600657,2902.750230
2840.882071,2851.287455,2853.156346,2854.210543,2888.629167,2894.238022,2897.829678,2902.707318
2840.001104,2846.973399,2851.817578,2855.081844,2889.066674,2891.235526,2896.541198,2904.844831
2840.002986,2850.977335,2852.972880,2856.036111,2888.703647,2893.450421,2898.095402,2902.921029
2840.003721,2847.129570,2852.076178,2858.318249,2888.538761,2893.775911,2894.930153,2902.922397
2846.827363,2846.961894,2848.824472,2851.086081,2888.300587,2893.687631,2896.575506,2902.371899
2843.681263,2846.267427,2846.802467,2850.724188,2889.565789,2891.111686,2896.997017,2905.218259
2843.625749,2846.337646,2847.742429,2848.996962,2889.357648,2891.306361,2897.014105,2905.178453
2840.003827,2846.347896,2852.900090,2855.850480,2888.254801,2893.020350,2900.612152,2901.828260
2840.133299,2845.088067,2848.246418,2850.361767,2889.505619,2890.396493,2901.101994,2905.033323
2841.503440,2846.356352,2851.904531,2857.814847,2887.753704,2892.447419,2899.549253,2900.666969
2841.500900,2845.540308,2853.152026,2857.870114,2888.403394,2892.557696,2900.685638,2902.224288
2840.001674,2841.593279,2852.841723,2857.946035,2888.500470,2893.699484,2900.740363,2902.422638
2840.002839,2841.647512,2852.788299,2858.747832,2888.672867,2893.637258,2900.972709,2902.941536
2841.502654,2842.050799,2850.012386,2858.275100,2889.486494,2891.131332,2900.667952,2903.933880
2840.003031,2841.501023,2851.117858,2855.987691,2889.218771,2892.668591,2900.771212,2904.114328
2840.000969,2842.544318,2852.800761,2857.670270,2888.489138,2892.827126,2900.809453,2902.480815
2840.072757,2841.505866,2851.056249,2857.918504,2889.451278,2893.742225,2902.747639,2904.768431
2843.971033,2845.669435,2846.730733,2849.979368,2889.620254,2891.279984,2900.096205,2905.032403
2840.002140,2848.662708,2849.233192,2856.645673,2889.525240,2890.516244,2900.750770,2904.187582
2840.000528,2847.889468,2849.447376,2857.855296,2889.619492,2891.015487,2899.742425,2904.266200
2840.000767,2847.255388,2850.068403,2858.363598,2889.592833,2892.089686,2899.508006,2904.633771
2840.001213,2846.612203,2851.165521,2853.856887,2889.009357,2894.025010,2897.932595,2903.613173
2840.002252,2847.210286,2851.767450,2854.029132,2888.746894,2894.574750,2898.834388,2902.867942
2840.000394,2847.186357,2849.454333,2857.925703,2889.658868,2891.413297,2900.551174,2904.165388
2840.002324,2847.406464,2851.517064,2859.466436,2888.746181,2894.310827,2899.636621,2903.068058
2840.000563,2845.624020,2851.099386,2854.215909,2888.665933,2894.566748,2899.152502,2903.729131
2840.001503,2844.513144,2850.377918,2854.120297,2889.241148,2894.839375,2898.435711,2903.981574
2840.003166,2847.211500,2852.786002,2854.039335,2888.120204,2894.580600,2898.632255,2902.252528
2840.000334,2846.310159,2852.699476,2855.038295,2887.878502,2895.497986,2898.364329,2902.138051
2840.001685,2844.187028,2850.277884,2854.431988,2888.736289,2894.249479,2898.884367,2903.726804
2840.000426,2844.091726,2849.937615,2853.587468,2889.295111,2894.544982,2900.005873,2904.357972
2846.014519,2846.385555,2848.769363,2849.285465,2889.781917,2893.681138,2897.570885,2905.646537
2843.504339,2845.919772,2847.156752,2847.719927,2889.670065,2892.637349,2899.832671,2905.510309
2843.737224,2845.764690,2846.947940,2850.878449,2889.893347,2893.541171,2898.251296,2906.499748
2846.104179,2848.779525,2848.987817,2851.231316,2888.089797,2894.470691,2896.351620,2901.407887
2844.833221,2845.343444,2849.346321,2849.739922,2889.370127,2894.533622,2896.540363,2904.741292
2845.622565,2846.827982,2848.881300,2850.426738,2888.754544,2894.417023,2896.466697,2903.289480
2845.292356,2846.154103,2848.825395,2849.539438,2889.091160,2894.331122,2896.792682,2904.213986
2845.606172,2845.892488,2849.235077,2849.762228,2889.133510,2894.517488,2896.641755,2904.224340
2846.248379,2847.267874,2848.742932,2850.680527,2888.388622,2894.445779,2896.308853,2902.364997
2846.076232,2846.131651,2849.552288,2849.587088,2889.101070,2894.324506,2896.231811,2904.164505
2844.437749,2845.829906,2847.898813,2849.245115,2891.225117,2892.987000,2896.332601,2906.414238
2840.000337,2846.188394,2849.344657,2857.933230,2889.846355,2891.197678,2898.942805,2904.640428
2840.001754,2846.418684,2849.395082,2857.984180,2889.846184,2891.554071,2898.931828,2904.710102
2840.000330,2846.646065,2848.729713,2857.086853,2889.677020,2891.438054,2898.842719,2903.898520
2840.000860,2846.022173,2848.479626,2856.718022,2889.766613,2891.689368,2899.213845,2904.183165
2840.001976,2845.239643,2848.303917,2856.404723,2889.676752,2891.538450,2900.351804,2904.054014
2840.000607,2847.264518,2848.600192,2856.755097,2889.972823,2890.616354,2898.941654,2905.280888
2840.001814,2846.365982,2849.188983,2857.752160,2890.112229,2891.480838,2899.968092,2904.806221
2840.002664,2846.807911,2850.570907,2858.073694,2889.013458,2892.476042,2898.561216,2903.640664
2840.000884,2846.755724,2849.452566,2857.809427,2889.759512,2890.904829,2898.370488,2904.647936
2840.000850,2846.560451,2848.267329,2856.242127,2889.169095,2890.164669,2898.326285,2905.412960
2844.568610,2845.820416,2848.043293,2848.398077,2890.162734,2893.754682,2897.254203,2906.498600
2844.370822,2845.892731,2847.590561,2847.906027,2890.290617,2893.875534,2898.714073,2906.499071
2844.571647,2845.814400,2847.867824,2847.949239,2890.105050,2894.160509,2899.150748,2905.900506
2843.644785,2845.474353,2847.434478,2848.059692,2889.954343,2893.594536,2900.730290,2905.988340
2843.892184,2845.607990,2847.107059,2847.168675,2890.465980,2893.548761,2899.233901,2906.498004
2843.735280,2845.597321,2847.107991,2847.833039,2890.174243,2892.530722,2899.347884,2906.279854
2843.339668,2845.474371,2846.775467,2848.463605,2889.815221,2893.270937,2899.987367,2906.283494
2844.863069,2845.880519,2847.483990,2848.592545,2890.227747,2894.745903,2898.457186,2906.086677
2844.281055,2845.540579,2847.149301,2847.450020,2890.352021,2893.703203,2900.009363,2905.860948
2843.636646,2845.645880,2846.891607,2846.983243,2890.464543,2893.691784,2899.411138,2906.399649
2843.507608,2845.542475,2847.221017,2847.352584,2889.970939,2893.006548,2900.374873,2906.009485
2844.286955,2845.665915,2847.285269,2847.625758,2890.870186,2893.862565,2899.317463,2906.217416
2840.003974,2847.002149,2848.825601,2857.384145,2890.172369,2890.576544,2899.187316,2905.524007
2840.000702,2846.357670,2848.930158,2857.539927,2890.069571,2890.484147,2898.261096,2905.172768
2840.002545,2846.519555,2849.384190,2857.725736,2889.850539,2891.004236,2898.810561,2904.871181
2840.000774,2848.251524,2848.894751,2857.513909,2889.984095,2890.741826,2898.753524,2904.912989
2840.001225,2848.223040,2849.293273,2857.637244,2889.632990,2891.561114,2898.259589,2904.236969
2840.003453,2848.420650,2849.039510,2857.675536,2890.095019,2890.639143,2896.652302,2905.301903
2840.000726,2845.638097,2848.904495,2857.537322,2890.204206,2890.830199,2899.975797,2905.360593
2840.000582,2846.037890,2849.025869,2857.782103,2890.052187,2890.824783,2899.297559,2904.903168
2840.002556,2848.145480,2848.801759,2857.410368,2890.042447,2891.327721,2898.973279,2905.141641
2840.000096,2846.645901,2848.920579,2857.602613,2890.107796,2892.046291,2898.265755,2904.987484
2840.001329,2846.833801,2848.665501,2857.327023,2890.078281,2891.075149,2898.114225,2905.042140
2840.002225,2847.431057,2850.065933,2857.932193,2889.271195,2892.605948,2898.082444,2903.767031
2840.000899,2845.455288,2849.277499,2858.063202,2890.326475,2891.504667,2899.342375,2905.737877
2840.002080,2846.134864,2849.145739,2858.106619,2890.325821,2892.237513,2898.708515,2905.620375
2840.001016,2845.880031,2849.219580,2858.230020,2890.511636,2892.096506,2898.826806,2906.292056
2840.000416,2848.859394,2848.886262,2857.731838,2890.243722,2891.051521,2897.993029,2905.119645
2840.000431,2847.899770,2848.662843,2857.385030,2890.357943,2890.645672,2898.707964,2905.818684
2840.001275,2846.615890,2849.712485,2858.637584,2889.901515,2892.851891,2898.733756,2904.568628
2840.001528,2846.366957,2849.105264,2858.085990,2890.073844,2891.363043,2898.894590,2904.760452
2840.001140,2845.551557,2849.103005,2858.131617,2890.359445,2892.376276,2900.040571,2905.754330
2840.001753,2848.534059,2851.411094,2857.027986,2890.405409,2891.859250,2898.323108,2905.833140
2840.002989,2848.504525,2851.764651,2856.966292,2890.340809,2891.594820,2899.193940,2905.826635
2840.001766,2848.412054,2852.230649,2856.918138,2890.392139,2891.399289,2898.060275,2905.838620
2840.000785,2848.585688,2852.217175,2857.129732,2890.481960,2891.642479,2898.070667,2906.071315
2840.007107,2848.205769,2852.306340,2856.500102,2890.580817,2891.484030,2899.046349,2906.343445
2840.000488,2848.248737,2852.620974,2856.613267,2890.363502,2891.587384,2899.217065,2905.698514
2840.000688,2848.209196,2852.118213,2856.546463,2890.411753,2892.288686,2899.321531,2905.753703
2840.002700,2848.811320,2852.347678,2857.319932,2889.563426,2893.040726,2897.763519,2903.854038
2840.001254,2848.950284,2851.712537,2857.667099,2890.658690,2892.469951,2897.898101,2905.129715
2840.002484,2849.039308,2853.321170,2857.688034,2889.467165,2893.378875,2898.342839,2904.027359
2840.001589,2848.069036,2852.609173,2856.373220,2890.409453,2892.650557,2899.317821,2905.659879
2840.001637,2847.978663,2853.607558,2856.259730,2890.309849,2892.487226,2900.094794,2905.711001
2840.000556,2848.116379,2853.154938,2856.418948,2890.512263,2892.977177,2900.314410,2905.986660
2840.000755,2848.036958,2853.756919,2856.348092,2890.606053,2891.302705,2900.072182,2906.414431
2840.000454,2848.201038,2853.657426,2856.589217,2890.586641,2890.855962,2899.439219,2906.095568
2840.001122,2848.388785,2853.816614,2856.829504,2890.628190,2892.040201,2899.777293,2906.444338
2840.000594,2849.551297,2853.602454,2858.245713,2890.486107,2893.219788,2898.932371,2906.273278
2840.002678,2849.914483,2852.969072,2858.708298,2890.218550,2893.877540,2898.751162,2906.300957
2840.001534,2850.038471,2853.775653,2858.451157,2889.307674,2894.252076,2898.243181,2904.312957
2840.000510,2850.491066,2852.836195,2858.985728,2889.392678,2894.454187,2898.975924,2904.655089
2840.002061,2848.293149,2849.647145,2856.696004,2890.881932,2892.016699,2897.679513,2907.257328
2840.002369,2847.978993,2849.267985,2856.195699,2890.831765,2891.212025,2897.216527,2907.003029
2843.728011,2845.297946,2847.670168,2848.908491,2890.607509,2896.349275,2899.289812,2907.497744
2840.000974,2847.933204,2849.417314,2856.140574,2890.876411,2891.578839,2897.352745,2907.032986
2840.002239,2847.924190,2848.540121,2856.151742,2890.829684,2891.741321,2898.781694,2906.886598
2840.002537,2845.654733,2847.666057,2855.630591,2890.846878,2891.740909,2897.405835,2907.464717
2840.000796,2847.921183,2848.996645,2856.139448,2890.827403,2891.299358,2896.428967,2906.995710
2844.319733,2846.120892,2847.446983,2849.107125,2890.593081,2896.237555,2899.309065,2907.497524
2844.403006,2846.669032,2847.184747,2849.209686,2890.610912,2896.246314,2899.287097,2907.498648
2840.001460,2847.437072,2848.302214,2856.884609,2890.831909,2891.906038,2898.207937,2906.900797
2843.947480,2846.998511,2847.706149,2849.729946,2890.453159,2896.210100,2899.294409,2907.129748
2843.495848,2848.342257,2848.907632,2850.633314,2889.958279,2896.356846,2899.082581,2905.796888
2840.001826,2847.833737,2851.001916,2856.032148,2890.696180,2890.940864,2893.921712,2907.193276
2840.001974,2848.122764,2848.225001,2856.782316,2890.846199,2891.676421,2897.933335,2906.966078
2840.002658,2847.860175,2848.695268,2856.143833,2890.984217,2891.229089,2894.975398,2907.294434
2840.000834,2846.070416,2848.218311,2856.718770,2890.259935,2892.671490,2896.254524,2906.890992
2840.001258,2847.263236,2848.017508,2856.447620,2890.877779,2891.777300,2897.904956,2907.092794
2840.001340,2847.805623,2848.313027,2856.962213,2890.928919,2893.124293,2899.080221,2907.236654
2840.001092,2847.884970,2848.104935,2856.562660,2890.942235,2892.891237,2899.209191,2907.195708
2840.001914,2846.825800,2847.998595,2856.507978,2890.998612,2892.400019,2899.136623,2907.490447
2840.000146,2846.279097,2848.291634,2856.963205,2891.000061,2892.446582,2899.248758,2907.489336
2840.000788,2846.551583,2847.932763,2856.317132,2890.986776,2892.378663,2899.542629,2907.171176
2840.000698,2846.907626,2847.976886,2856.409185,2890.969351,2893.211524,2899.927463,2906.875251
2840.000106,2846.400744,2847.841467,2856.196992,2890.918223,2892.646586,2900.773083,2906.877674
2840.002738,2846.826363,2847.521196,2855.818284,2890.927758,2892.411812,2898.356845,2907.497805
2840.002473,2847.608084,2847.844217,2856.177985,2890.879334,2892.370709,2899.742729,2906.927203
2840.001134,2843.538391,2850.157692,2857.831646,2891.043257,2893.008524,2899.838145,2907.487781
2840.002975,2846.940862,2847.608648,2855.877534,2891.010613,2892.025722,2899.604477,2906.978831
2840.000450,2847.576495,2847.987525,2856.507379,2890.908027,2893.314381,2900.195739,2906.527676
2844.611469,2846.905393,2852.002458,2854.185925,2889.486831,2896.602711,2899.640523,2904.705009
2840.001413,2846.858416,2847.995718,2856.462511,2891.040403,2892.615319,2900.492963,2907.186942
2840.000518,2847.728160,2847.888341,2856.037400,2891.028817,2891.994460,2900.122310,2907.143431
2840.002006,2847.615695,2850.701125,2855.904165,2890.856515,2892.264028,2901.945958,2906.789577
2840.001097,2847.791048,2848.354102,2857.141312,2891.002344,2892.242950,2899.737086,2907.100526
2840.000668,2844.468878,2847.396953,2855.383990,2891.002120,2891.294906,2901.282961,2907.490883
2840.000619,2847.932675,2847.941476,2856.385084,2891.201584,2891.867965,2900.022382,2907.493232
2840.000358,2847.671224,2848.040479,2856.656427,2890.907828,2892.175150,2899.871466,2906.794359
2840.000486,2846.642026,2847.479982,2855.965014,2891.028655,2891.397796,2899.863794,2907.499703
2840.001086,2847.155630,2847.692528,2856.092823,2890.437183,2890.991436,2900.034941,2907.030265
2840.000702,2847.681953,2847.966693,2856.582264,2891.100521,2891.462470,2900.048706,2907.248061
2840.001147,2846.054207,2847.921672,2856.529119,2890.978789,2891.451118,2900.669652,2906.998991
2840.002469,2847.529913,2848.209178,2857.025806,2890.839263,2891.766055,2900.013855,2906.715322
2840.002449,2847.707126,2849.052317,2856.112082,2890.976033,2891.937421,2900.031323,2906.961416
2840.000840,2847.778515,2848.714532,2856.239774,2891.071680,2891.758476,2900.031629,2907.121960
2840.000921,2848.110521,2848.955177,2856.816829,2890.528891,2892.290146,2899.978923,2906.077956
2839.002591,2842.653118,2847.747886,2856.419473,2890.089727,2890.725071,2901.382094,2905.666006
2843.310125,2843.942980,2845.101084,2846.322039,2890.759623,2891.321658,2901.602363,2907.465583
2842.575296,2842.953684,2845.777264,2845.949090,2891.003471,2891.224264,2902.358756,2907.498970
2839.000071,2841.505511,2846.496260,2855.846682,2889.675948,2890.826791,2902.881196,2907.177012
2839.002293,2843.454587,2844.256307,2849.715227,2888.693149,2890.374339,2900.182241,2906.117591
2839.002879,2842.222530,2847.187705,2856.538867,2891.230735,2891.454467,2901.608030,2907.055202
2839.002269,2843.947553,2848.003199,2856.805440,2890.638560,2891.099682,2900.472587,2905.319198
2839.001522,2844.625214,2848.044958,2856.931171,2890.472054,2890.975584,2900.426435,2904.927616
2841.487072,2844.016871,2845.268378,2849.023846,2890.467232,2890.489103,2900.448714,2906.112175
2839.001063,2844.275722,2846.802865,2855.294508,2890.989725,2891.364131,2900.771774,2906.790567
2839.003143,2843.731416,2847.243562,2855.588228,2890.966951,2891.096606,2901.251801,2906.564329
2839.000638,2844.913242,2847.839632,2856.626732,2891.066712,2891.538972,2900.423631,2906.057788
2839.000716,2842.569431,2847.180654,2855.454545,2889.939209,2890.946325,2901.947496,2906.327453
2839.000437,2843.015276,2847.136330,2855.417914,2890.097028,2891.161948,2901.528029,2906.655253
2839.001976,2846.105823,2847.743625,2856.540063,2890.882615,2890.941247,2900.097104,2905.715828
2839.000656,2846.397272,2847.721533,2856.471400,2890.537384,2891.119966,2899.343865,2906.236402
2839.000837,2840.876826,2845.730255,2854.728881,2891.104812,2892.087853,2901.215030,2906.802035
2839.002458,2842.786345,2847.198238,2855.597009,2890.677420,2891.229480,2898.943279,2907.273366
2839.001873,2843.641638,2847.263997,2855.770384,2891.154720,2891.284324,2898.851713,2907.499993
2839.001164,2842.305207,2847.160456,2855.638252,2890.155930,2890.915101,2898.470122,2906.660593
2839.004166,2843.164769,2847.449727,2855.830052,2890.563321,2890.765109,2898.556163,2905.968086
2839.000335,2842.736757,2846.477171,2854.522249,2890.243713,2891.222409,2899.131089,2907.498408
2839.000847,2841.360988,2847.144392,2855.548456,2889.874737,2891.136662,2899.011278,2907.297467
2839.000796,2842.412782,2847.230766,2855.741475,2890.990208,2891.636276,2899.035657,2906.770763
2839.002406,2842.980740,2847.239054,2855.849164,2890.736884,2891.005548,2898.906896,2906.602694
2839.001538,2843.594599,2847.088760,2855.569980,2890.318009,2891.291298,2898.705905,2907.200601
2839.000844,2842.714179,2846.719083,2855.146167,2889.396731,2891.265424,2898.897301,2907.498148
2839.000770,2840.576112,2847.116640,2855.531776,2890.443457,2891.196578,2900.155412,2906.925778
2839.000692,2840.539078,2847.188779,2855.612539,2890.650656,2891.296001,2899.374489,2907.449642
2839.000920,2841.407560,2847.395441,2856.009586,2887.085541,2891.146091,2899.569168,2907.154698
2839.001046,2842.269603,2847.091150,2855.616700,2887.498935,2890.796333,2899.572422,2906.316034
2839.000646,2843.180979,2847.865843,2856.839691,2890.284227,2890.858885,2900.027857,2906.535650
2839.000233,2844.099296,2847.073819,2855.705968,2889.711352,2891.193438,2899.526555,2907.498157
2839.000064,2842.745597,2847.257376,2855.818681,2889.027781,2891.070357,2899.891685,2907.071990
2844.828453,2845.600468,2846.443829,2848.635055,2890.036671,2895.611313,2898.720247,2905.861536
2845.148665,2846.076277,2846.405674,2849.031552,2889.796829,2895.981806,2898.605983,2905.368958
2844.781607,2845.543281,2846.384499,2848.575868,2890.302475,2896.051423,2898.518733,2906.644766
2844.344457,2844.759235,2846.231779,2847.550990,2890.774598,2894.032016,2899.199870,2907.498008
2843.617801,2844.044556,2846.413236,2846.832772,2890.859320,2892.674873,2899.365654,2907.498686
2842.871255,2843.954236,2845.851474,2847.631005,2890.848301,2892.172454,2898.648907,2907.497418
2842.878937,2843.308022,2846.479532,2846.826092,2890.256173,2891.119493,2898.034863,2907.498461
2843.221509,2843.850768,2847.310221,2847.533370,2890.847177,2891.636241,2897.621309,2907.498434
2844.977628,2845.609521,2846.646534,2848.619125,2889.982888,2896.071489,2896.530412,2905.919560
2839.001506,2843.788967,2847.601932,2856.537944,2888.919073,2891.275787,2899.108411,2907.499997
2839.001065,2846.685740,2853.584264,2854.357186,2889.790414,2891.251850,2892.823217,2907.181300
2839.000541,2844.625120,2853.353868,2854.172483,2888.048360,2891.450408,2898.947135,2907.447169
2840.027063,2845.269994,2847.475098,2848.811696,2890.870797,2893.240874,2898.195566,2907.176401
2839.003234,2844.168724,2846.756973,2855.167203,2889.903259,2891.239489,2898.277896,2907.263289
2839.002744,2844.278641,2847.520978,2856.245075,2890.653076,2894.088206,2900.043179,2906.465590
2839.001732,2843.814446,2847.201060,2855.760071,2890.646306,2894.030934,2899.687668,2906.534371
2839.001326,2843.976430,2847.067545,2855.789819,2891.020589,2891.135855,2898.154066,2906.577485
2839.001486,2844.868653,2846.983515,2855.617578,2891.419372,2891.475281,2899.684088,2907.436921
2839.001207,2843.867126,2847.087028,2855.772981,2891.390142,2891.770753,2899.264266,2907.381621
2839.000749,2840.565757,2846.793200,2855.258828,2891.047235,2891.364921,2900.768608,2907.497512
2839.001033,2843.839085,2847.106680,2855.811389,2891.379012,2891.898903,2899.333471,2907.424078
2839.000343,2844.021849,2847.066450,2855.836331,2891.239945,2891.464643,2899.748222,2907.225005
2839.000136,2844.436313,2846.258765,2854.768782,2891.356003,2891.697967,2900.062404,2907.499305
2839.000018,2844.954580,2846.806248,2855.465418,2891.492879,2891.498593,2899.962158,2907.499422
2839.000018,2844.953679,2846.804461,2855.464092,2891.499336,2891.509847,2899.963778,2907.499425
2839.001996,2843.145118,2846.744164,2855.271104,2888.728145,2891.317905,2897.248496,2907.498799
2839.001434,2844.655095,2846.837616,2855.498217,2891.178552,2891.466721,2899.405834,2907.020679
2839.000771,2842.521498,2846.760603,2855.282735,2890.620965,2891.574670,2899.694035,2907.498221
2839.000988,2844.303535,2846.959904,2855.732086,2891.297564,2891.845801,2899.193105,2907.083965
2839.001027,2843.957823,2846.788845,2855.422838,2891.190463,2891.499648,2899.182879,2907.498034
2839.004424,2844.298480,2847.239955,2856.219693,2891.309991,2892.042445,2898.718089,2907.117453
2839.001540,2844.599355,2847.083559,2855.951836,2891.487987,2891.555840,2898.611280,2907.498434
2839.001110,2844.994802,2846.765594,2855.464176,2890.459551,2891.411672,2897.879387,2907.238403
2839.002074,2844.840951,2846.634179,2855.271917,2890.157456,2891.392435,2898.343391,2907.050649
2839.001092,2844.677602,2846.675279,2855.342805,2890.224991,2891.350281,2898.488408,2907.016301
2839.001310,2844.903158,2846.776174,2855.509964,2891.071517,2891.386651,2898.569818,2907.006872
2839.001339,2844.982667,2846.765547,2855.519557,2891.240092,2891.601365,2898.688353,2907.284919
2839.001712,2843.845473,2846.806135,2855.623600,2890.613879,2890.947113,2903.006384,2906.114865
2839.002565,2844.996347,2846.787867,2855.617187,2891.425840,2891.618267,2899.255712,2907.239942
2839.005708,2843.337465,2845.933060,2855.369217,2887.014188,2891.273635,2892.396587,2907.498605
2839.000991,2844.781213,2846.739113,2855.374736,2889.262029,2891.951444,2898.886272,2907.147500
2839.001085,2843.225860,2846.813014,2855.582700,2888.783925,2891.369002,2901.195241,2906.945866
2839.001133,2844.490039,2846.708738,2855.418752,2887.639106,2891.730062,2900.884961,2907.497559
2839.000959,2844.754128,2846.855554,2855.618764,2890.614798,2891.665683,2900.375884,2907.498633
2839.000042,2843.886101,2846.653527,2855.339695,2890.715621,2891.454152,2905.923753,2907.296871
2839.000023,2844.348933,2846.762741,2855.637573,2890.363130,2891.622574,2905.730780,2907.298361
2843.713307,2845.264783,2846.868855,2849.234880,2890.433953,2896.038014,2904.594887,2906.609159
2840.519686,2844.483773,2845.942477,2854.689876,2890.208509,2891.717383,2902.879282,2908.498518
2840.305283,2840.500312,2846.635251,2855.096070,2890.924715,2891.737065,2903.598427,2908.498892
2840.501576,2846.975281,2850.476434,2855.843382,2891.808176,2892.061279,2902.671302,2908.336357
2840.501061,2847.015876,2848.238378,2855.898853,2891.852752,2892.024805,2903.131784,2908.497990
2840.500005,2842.593476,2848.893561,2856.882615,2889.080207,2891.666985,2895.644812,2908.496588
2840.500020,2845.813173,2846.764419,2855.463008,2890.376243,2891.430760,2899.238238,2908.493330
2840.500140,2841.082150,2846.673634,2855.191911,2890.924651,2891.704319,2900.279776,2908.497030
2839.000437,2846.741514,2847.300878,2855.543331,2891.279586,2891.694741,2902.945185,2908.078170
2840.503021,2843.196950,2845.498964,2854.663177,2891.814193,2892.649453,2902.219386,2908.498424
2840.511478,2841.630774,2847.230498,2856.141512,2891.357483,2891.879015,2901.725620,2908.497531
2842.326702,2844.571119,2846.995615,2849.798740,2891.401010,2896.875677,2905.832536,2908.497419
2840.500940,2843.938510,2850.595311,2858.615221,2893.386016,2900.549097,2901.451055,2908.497983
2843.722338,2844.920128,2846.996664,2849.402937,2891.421840,2897.971637,2900.369282,2907.559069
2843.553471,2846.144426,2849.423693,2850.779418,2890.429741,2897.592611,2900.066084,2906.081040
2842.414410,2842.841909,2843.968515,2848.430126,2891.766541,2892.372860,2900.723700,2908.499813
2844.329566,2844.386725,2846.151066,2849.231013,2891.152112,2897.121415,2899.677152,2908.421336
2842.169542,2844.127960,2844.918092,2848.788369,2891.644729,2893.506787,2900.740294,2908.499309
2843.770317,2845.633593,2848.252308,2850.224126,2890.647791,2897.993763,2900.059732,2906.471823
2843.574731,2843.678230,2845.618011,2849.737049,2891.275093,2894.453821,2897.857875,2908.370861
2843.014009,2844.532612,2847.155773,2850.634031,2890.953868,2897.194511,2899.588350,2907.787306
2842.934238,2844.656703,2847.569436,2850.772404,2891.004110,2897.043130,2899.950878,2907.908132
2844.552988,2844.782688,2846.980672,2849.744552,2890.757984,2897.821830,2900.291754,2907.445893
2844.679869,2845.065938,2846.717134,2849.377006,2890.984484,2897.996128,2900.414707,2907.976593
2843.521286,2843.637885,2844.606017,2847.727360,2893.186304,2900.880952,2902.442608,2907.279736
2840.535274,2843.632030,2844.596274,2848.628955,2893.444615,2897.304988,2902.171974,2905.602397
2840.537957,2843.474555,2845.253988,2849.697869,2891.508645,2896.564026,2904.653123,2908.499982
2839.000423,2842.239967,2848.830119,2857.019237,2892.828797,2893.053805,2902.251779,2908.490856
2839.000418,2845.568068,2845.875847,2854.866936,2891.755809,2895.275047,2907.117911,2908.490632
2839.278515,2842.143198,2844.631436,2854.123782,2892.354285,2892.479462,2904.939503,2907.636589
2839.000137,2846.464641,2850.492839,2855.523012,2891.984733,2895.917656,2905.436027,2908.499994
2840.504438,2843.753511,2847.452630,2855.220216,2891.922115,2894.627209,2902.650890,2908.496636
2840.500817,2842.251976,2848.446908,2856.711810,2892.164972,2892.619789,2902.364267,2908.499928
2842.797102,2843.813128,2845.559965,2849.353956,2891.414643,2898.052189,2901.715244,2908.497663
2842.852934,2844.746066,2852.221717,2852.472452,2890.296291,2899.090753,2901.478679,2905.584022
2842.315960,2843.902833,2846.351940,2849.986143,2891.471264,2896.138780,2901.011417,2908.496441
2843.596238,2844.495902,2846.636138,2849.530149,2891.539344,2898.865234,2901.017577,2908.497662
2840.509639,2841.016257,2847.291673,2855.470329,2892.143770,2892.884222,2901.690911,2908.498909
2842.144885,2842.610212,2844.802754,2848.587779,2891.753198,2893.076073,2903.546459,2908.498982
2840.501552,2844.041571,2845.978719,2850.401449,2892.041582,2893.234086,2901.020167,2908.496376
2840.501242,2843.203761,2845.591583,2849.354765,2891.645149,2892.954385,2901.905446,2908.499322
2840.752976,2844.551098,2846.300659,2849.977200,2890.983945,2898.266507,2900.677054,2907.902523
2840.616632,2843.313512,2844.780574,2848.178755,2893.491305,2896.157472,2902.129899,2908.497562
2840.520955,2842.149160,2842.519452,2846.497992,2891.565893,2891.833028,2903.717390,2908.499866
2840.503823,2842.630965,2845.983649,2850.274017,2891.981854,2894.373241,2901.811302,2908.497668
2840.542910,2844.901737,2848.700403,2851.466778,2890.764101,2897.237660,2900.408758,2906.783916
2840.546526,2844.574216,2847.670074,2850.587792,2891.179517,2897.690258,2900.891263,2907.909935
2840.579687,2843.263098,2846.342797,2849.682567,2892.132821,2896.252303,2901.753772,2908.498985
2838.002080,2845.192558,2852.925094,2853.772115,2891.168581,2892.322922,2900.865903,2908.487224
2841.478185,2842.264726,2843.026717,2846.823041,2891.067170,2891.692737,2901.300679,2908.498137
2838.003117,2842.017969,2845.995144,2854.899049,2890.721840,2892.075429,2899.715883,2908.499993
2842.160894,2842.755897,2843.022760,2846.571273,2891.764917,2892.994528,2901.502586,2908.497744
2841.208340,2841.226705,2843.380804,2845.838891,2891.756155,2891.871950,2901.532529,2908.496615
2840.213500,2843.347398,2846.132623,2849.401377,2891.611219,2891.865102,2899.711719,2907.854145
2838.003057,2844.285959,2852.583040,2853.504608,2889.754586,2892.351128,2897.592425,2908.493081
2841.803731,2842.538715,2842.977667,2847.072388,2891.639245,2892.110922,2900.167936,2908.496461
2838.001568,2845.281468,2852.049985,2853.074353,2891.135315,2892.172316,2899.783220,2908.492067
2840.967710,2842.370163,2842.874086,2847.509867,2891.372883,2891.862699,2898.524744,2908.499349
2842.259630,2842.765772,2843.431256,2847.037550,2890.621544,2891.457477,2900.489876,2908.492881
2842.560923,2842.620864,2843.428362,2847.387072,2890.851903,2891.512425,2900.559742,2908.497102
2841.264008,2841.961241,2843.096970,2845.762853,2889.481471,2891.543083,2901.059472,2908.498536
2843.925852,2845.028380,2845.134753,2848.336563,2890.551176,2896.384782,2899.466501,2906.341966
2843.711716,2845.066004,2845.168139,2848.947293,2890.389368,2896.509366,2899.443269,2905.403729
2840.702890,2842.198560,2845.405234,2846.792262,2891.470744,2891.581523,2899.677331,2908.475318
2843.177398,2843.881918,2845.465746,2847.477816,2891.289316,2895.160041,2899.171462,2908.273106
2843.734773,2845.074338,2845.554979,2848.063458,2891.025526,2895.792742,2898.994585,2907.732480
2843.612629,2844.849614,2845.467728,2848.022077,2891.049118,2895.441742,2898.819847,2907.427064
2841.511037,2842.532605,2845.037457,2846.543508,2891.650401,2893.219836,2900.532274,2908.498977
2843.191057,2843.747885,2845.541207,2847.623353,2890.951580,2895.301834,2898.982124,2907.324586
2843.801346,2845.021250,2845.524269,2848.018671,2890.793440,2896.157434,2899.345418,2907.090200
2842.961918,2843.392126,2845.561386,2847.136245,2891.261138,2895.035199,2899.645681,2908.130728
2842.398240,2842.630676,2845.449841,2846.679625,2891.456722,2894.534552,2899.261643,2908.496026
2842.373549,2842.415806,2845.743258,2845.989366,2891.547393,2893.035930,2899.597830,2908.496928
2843.410146,2844.122114,2846.179969,2847.512118,2890.903742,2895.911283,2898.586302,2907.293455
2844.280311,2844.934667,2845.770348,2848.558494,2890.626205,2897.381463,2898.953220,2906.528068
2843.965133,2844.926226,2845.022989,2847.781890,2891.066055,2897.362404,2899.362382,2907.703714
2844.128594,2845.071490,2845.363199,2848.263423,2890.731047,2897.194293,2898.394966,2906.910900
2843.730803,2844.951632,2845.277359,2848.387133,2890.517621,2896.377024,2896.675854,2905.892587
2840.839445,2841.916965,2846.497951,2850.890444,2891.086509,2891.949335,2898.646257,2908.498825
2842.102415,2842.273568,2845.696380,2846.222075,2892.023148,2895.043323,2901.824603,2908.498692
2843.949266,2845.076558,2845.816456,2848.245253,2890.554592,2897.051412,2900.243272,2906.217939
2842.538389,2843.191086,2845.964047,2846.978852,2891.300509,2895.933578,2900.836060,2907.588291
2842.740770,2843.738134,2846.505896,2847.494717,2891.163702,2895.761413,2900.912774,2907.445323
2842.627788,2843.254607,2846.604751,2847.432804,2891.430254,2895.981893,2901.016826,2908.197987
2843.763356,2845.301632,2845.532578,2848.108302,2892.520403,2897.940589,2900.384216,2905.129897
2843.189609,2844.390798,2845.719017,2847.687597,2891.066796,2894.154784,2897.694907,2907.472385
2842.510629,2843.044302,2845.388593,2846.831482,2891.706812,2892.747930,2898.096563,2908.497681
2838.235659,2841.873173,2845.036731,2852.903687,2887.829660,2892.140128,2897.684846,2908.497047
2838.000363,2844.135367,2845.615955,2854.973796,2888.501753,2892.551294,2900.497443,2908.493607
2838.006575,2842.489948,2845.418228,2854.614578,2886.882935,2892.940672,2900.658135,2908.499596
2838.004878,2841.866317,2847.186428,2849.898543,2888.572998,2892.021116,2899.780645,2908.499054
2839.064872,2842.082143,2846.347301,2849.431708,2888.982375,2891.923375,2900.045563,2908.491014
2838.085454,2842.629119,2847.908533,2850.212406,2888.996079,2891.804007,2900.090847,2907.895434
2838.000580,2842.148246,2848.502103,2856.059034,2889.188401,2892.438469,2899.853244,2908.499996
2838.000287,2841.497130,2847.869513,2855.190576,2888.629620,2894.016173,2899.504399,2908.491185
2838.004067,2841.554687,2847.936940,2854.847448,2889.713238,2893.926323,2899.602422,2908.498061
2838.001789,2843.466539,2845.247687,2854.700304,2888.841884,2891.526183,2898.218950,2908.499144
2838.000937,2844.536118,2845.553821,2854.978227,2887.520520,2892.723312,2899.128566,2908.499977
2838.002432,2845.771653,2851.942222,2852.690225,2889.950634,2891.385618,2899.145904,2908.335099
2838.000011,2842.169145,2845.482634,2854.508737,2887.333223,2892.205549,2899.260794,2908.498820
2838.000828,2845.294727,2845.333077,2854.674595,2886.760515,2892.261856,2901.549051,2908.498974
2838.000016,2843.716115,2852.466574,2853.158668,2889.030240,2892.407413,2900.620253,2908.499498
2838.001778,2844.837513,2845.582341,2854.888104,2887.249380,2893.516408,2899.199402,2908.497718
2840.741124,2842.506774,2845.445934,2848.743142,2890.238718,2891.996618,2899.147169,2908.488359
2840.929897,2841.795311,2846.222287,2849.010015,2889.659456,2891.871833,2898.881465,2908.269238
2840.332196,2841.765403,2846.962625,2849.529681,2889.534400,2891.989059,2898.780665,2908.394034
2838.000710,2844.471451,2845.610998,2855.055488,2887.664093,2893.026133,2898.971790,2908.492009
2838.001975,2842.675726,2844.732665,2854.226753,2887.114280,2893.311697,2899.240584,2908.499047
2838.279056,2841.470274,2843.584718,2853.297116,2888.702952,2894.540010,2902.836763,2908.496438
2838.001710,2843.185926,2845.626764,2854.670631,2890.100306,2892.722181,2901.178099,2908.498907
2838.000017,2843.752680,2845.611282,2854.882943,2890.241046,2892.464232,2901.464390,2908.498799
2838.000522,2845.460374,2846.072580,2855.160929,2889.512156,2891.638573,2899.418140,2908.494593
2838.005513,2844.184058,2845.018466,2854.208829,2886.107114,2890.854285,2892.804771,2908.499983
2838.001534,2844.760657,2845.210979,2854.659131,2889.923479,2891.674902,2897.099833,2908.490766
2838.001283,2844.564458,2845.140538,2854.431676,2889.095297,2892.940819,2898.782074,2908.496684
2838.000665,2844.707922,2845.597984,2855.324140,2890.186069,2892.409567,2898.837158,2908.499945
2838.001141,2844.287116,2845.159554,2854.387734,2890.480362,2893.034908,2900.920367,2908.496794
2838.000078,2843.344733,2845.620788,2854.712927,2889.158242,2893.212458,2900.710142,2908.499633
2839.502692,2844.522577,2845.828234,2855.072482,2889.764561,2893.132529,2899.522831,2908.498774
2839.501253,2843.535733,2845.711246,2854.797279,2887.757314,2892.960631,2899.063612,2908.495548
2838.002568,2844.552621,2845.422073,2854.458449,2890.437682,2892.871979,2900.301596,2908.498974
2841.561700,2842.353140,2843.998646,2847.816542,2892.410101,2893.914772,2904.398528,2909.498886
2839.444611,2842.021345,2842.376608,2847.823115,2892.452993,2892.998962,2903.904912,2909.497731
2840.609829,2841.746850,2843.808686,2848.409914,2891.721155,2892.928624,2903.738404,2909.497938
2841.028678,2841.361436,2844.106542,2848.166914,2893.316894,2893.559372,2903.804116,2909.498135
2840.125863,2841.984154,2843.733034,2848.018619,2892.986457,2893.095038,2903.224121,2909.497493
2840.491543,2842.222055,2845.356327,2848.877756,2892.364404,2894.551884,2903.071327,2909.487398
2840.207942,2842.799214,2845.643101,2849.334999,2892.193138,2894.761179,2902.854508,2909.496612
2839.517375,2842.893081,2845.845789,2849.455250,2892.669706,2893.936878,2902.474900,2909.499876
2840.173930,2842.109735,2843.862233,2847.964576,2893.395383,2893.423679,2902.554251,2909.499024
2839.501985,2841.531617,2842.659472,2848.045477,2890.216556,2893.037510,2904.947009,2909.497608
2839.518281,2840.993273,2843.568572,2848.390580,2891.381789,2893.456349,2902.627588,2909.498192
2839.515358,2842.830702,2843.843121,2849.605539,2893.202975,2893.539793,2900.468585,2909.499627
2839.501718,2842.989258,2854.248275,2855.291180,2892.347496,2893.254523,2901.401339,2909.496922
2839.502642,2842.770521,2844.366337,2849.288049,2892.585183,2892.636621,2902.765595,2909.496012
2839.520507,2841.993835,2853.225327,2854.127503,2892.841304,2893.126998,2901.024219,2909.497068
2839.501663,2842.142992,2848.635365,2851.250350,2893.824149,2893.925963,2901.433204,2909.498729
2839.818495,2843.018090,2846.928944,2850.154442,2892.451908,2894.822515,2902.184282,2909.497908
2841.029140,2842.638536,2843.860413,2847.663485,2894.564019,2900.769274,2901.701783,2909.306309
2839.586751,2841.719900,2844.545376,2848.317135,2892.562148,2892.836426,2903.561594,2909.499715
2839.512536,2843.282211,2846.332464,2850.055883,2892.406031,2894.198082,2902.008042,2909.498534
2839.500009,2844.011457,2849.160738,2857.074619,2889.563009,2893.692430,2900.363561,2909.498746
2839.500909,2843.833008,2849.405822,2857.315478,2891.094025,2893.554511,2902.092871,2909.491152
2839.504425,2843.025427,2845.821976,2849.722057,2892.623455,2893.936694,2901.853411,2909.495212
2839.516951,2842.489621,2844.647829,2848.981203,2892.616247,2893.705053,2902.451783,2909.495786
2839.505707,2842.911442,2844.663289,2849.510406,2892.882542,2893.076989,2901.913334,2909.497587
2839.501404,2840.764600,2847.870413,2857.971055,2890.930612,2896.678763,2897.274791,2909.495259
2839.517033,2842.191398,2844.267137,2848.790207,2892.381243,2892.577259,2903.130528,2909.497679
2839.501037,2843.450831,2849.902268,2857.824131,2890.406639,2893.752756,2901.476681,2909.499846
2839.521525,2842.466077,2844.986409,2849.100280,2892.919836,2893.492525,2902.045042,2909.497630
2841.401807,2843.086652,2844.163095,2848.064943,2892.302723,2894.662624,2901.844390,2909.498852
2840.522885,2840.726680,2845.598663,2847.104753,2893.036666,2893.080610,2903.714447,2909.496606
2839.434842,2841.688816,2843.255665,2847.021454,2892.563965,2894.196768,2904.498022,2909.499850
2840.769166,2842.890601,2843.508217,2847.323337,2892.599745,2896.147950,2904.467578,2909.497699
2840.430388,2842.860293,2843.185236,2847.297066,2892.257294,2894.179321,2905.313732,2909.499870
2841.212599,2841.737105,2845.064832,2846.851556,2895.332853,2903.082820,2904.345837,2909.499995
2840.782460,2841.510615,2845.323444,2845.955951,2895.238523,2904.089894,2904.389831,2909.499979
2839.907074,2841.197443,2841.700937,2845.982034,2892.448810,2893.265788,2905.533322,2909.494952
2842.231930,2842.486143,2845.471911,2846.499334,2894.331863,2897.524659,2900.312714,2907.820923
2842.722429,2843.717216,2847.325918,2847.794866,2893.874521,2899.747569,2901.313591,2904.289747
2841.142749,2841.655430,2846.148669,2849.545489,2892.439632,2895.071180,2904.708323,2909.497912
2841.923607,2842.047478,2846.245942,2850.196275,2891.766669,2895.480310,2904.131683,2908.374954
2840.512314,2840.536635,2842.230989,2849.281440,2894.623721,2895.845550,2904.729882,2909.098063
2838.003725,2845.327478,2845.515260,2855.363974,2888.124252,2894.244206,2903.009347,2909.497657
2841.164083,2842.306090,2844.833612,2850.777299,2894.178028,2895.375610,2904.096468,2909.026061
2841.647324,2841.848282,2845.991845,2850.302266,2893.849449,2896.853551,2903.799738,2906.149286
2838.002674,2844.095083,2844.764374,2854.314896,2893.265206,2893.514876,2903.518047,2909.495993
2840.958253,2841.572157,2845.429810,2849.076861,2892.315695,2895.794959,2904.491727,2909.375219
2838.004119,2844.857902,2846.344721,2854.388931,2892.336354,2896.123747,2904.604012,2909.496223
2838.001096,2844.028809,2844.663827,2854.545507,2892.119675,2893.001835,2904.024662,2909.499317
2841.773357,2842.455902,2846.393108,2850.572057,2892.839650,2894.907335,2903.943020,2909.496466
2842.128828,2842.939455,2846.735335,2850.240378,2891.685469,2896.117203,2903.863860,2908.378099
2841.814684,2842.014853,2846.270283,2851.612834,2893.379547,2896.315500,2903.650774,2909.481847
2838.002256,2844.707937,2845.500714,2854.561359,2887.119038,2892.727500,2904.352679,2909.499998
2841.377797,2843.183798,2846.990279,2851.390051,2892.155344,2895.930476,2905.247261,2909.496609
2841.626996,2842.736583,2846.547780,2851.080479,2892.364012,2896.231238,2904.990517,2909.491354
2837.002603,2844.266181,2845.032806,2854.950083,2888.797087,2893.846100,2897.979570,2909.491426
2837.001788,2842.690815,2844.885020,2854.371507,2888.311478,2893.575984,2899.420462,2909.496551
2837.000522,2843.131439,2844.765309,2854.491027,2889.963174,2893.656479,2899.225520,2909.496007
2841.586965,2842.765467,2843.163272,2846.445157,2893.253351,2895.222412,2896.773884,2909.469639
2840.203849,2841.639873,2843.702839,2847.504411,2891.556557,2893.088232,2896.715847,2909.491762
2841.603009,2841.764924,2843.962275,2847.070802,2893.479463,2894.597880,2897.044835,2909.499038
2841.275473,2841.646045,2842.033749,2846.122022,2894.113239,2895.156270,2898.689061,2909.476447
2842.080305,2842.640761,2845.044347,2847.783300,2892.978224,2896.317576,2896.665032,2909.002389
2837.000052,2843.360626,2844.658156,2853.976838,2887.639714,2893.762984,2899.701139,2909.497119
2837.004383,2843.598000,2844.851248,2854.461271,2891.323030,2893.811026,2901.856805,2909.497485
2837.887251,2842.333649,2845.605649,2848.544097,2892.344577,2892.666071,2900.805170,2909.499587
2837.002518,2842.752260,2844.788162,2854.287058,2892.613808,2893.525716,2901.455222,2909.496418
2841.747040,2841.867923,2849.944057,2850.852506,2891.994752,2895.636073,2900.805156,2908.802280
2837.002912,2841.671070,2844.259153,2854.434402,2889.558563,2894.023390,2899.926650,2909.499034
2837.001767,2843.171953,2852.106554,2852.988476,2891.708317,2893.378172,2901.898721,2909.494650
2838.652820,2840.988050,2843.407360,2847.381698,2889.526795,2893.481802,2899.592269,2909.499981
2839.638512,2840.751045,2841.232950,2846.306526,2891.563176,2895.211685,2902.347936,2909.499048
2837.933154,2841.256712,2843.100363,2847.437603,2890.703567,2893.624801,2900.975614,2909.493631
2842.747582,2842.902743,2844.163512,2846.679451,2891.961896,2895.347139,2901.015923,2909.409937
2841.423068,2842.463610,2843.101946,2846.231291,2892.241405,2892.279713,2901.914182,2909.494137
2842.185728,2842.523847,2843.765347,2847.184663,2892.127296,2894.323283,2901.294136,2909.479234
2842.709753,2842.957717,2843.868379,2846.684636,2892.454265,2896.000499,2901.788934,2909.499946
2842.492305,2842.808261,2844.256132,2846.982753,2892.022758,2895.284795,2901.911386,2909.493782
2842.738860,2843.662863,2844.895099,2847.407435,2892.522159,2895.615598,2902.352016,2909.499993
2842.890846,2843.162937,2844.716849,2847.462339,2892.958583,2896.257761,2902.542928,2909.498101
2842.493337,2843.349508,2843.538206,2846.403730,2892.053158,2895.323298,2901.662483,2909.427344
2842.593187,2843.173473,2843.809778,2846.607878,2892.007256,2894.841867,2901.237502,2909.496685
2842.176960,2842.553154,2843.821301,2846.528844,2892.029949,2894.517643,2901.334566,2909.491474
2841.155363,2842.374750,2843.096405,2846.440220,2892.284585,2892.801590,2901.356445,2909.487565
2838.228099,2841.803960,2843.678455,2848.475282,2892.540114,2892.709121,2901.587186,2909.491263
2839.081196,2840.874193,2841.124969,2846.957387,2890.996009,2893.928607,2902.041208,2909.488493
2838.584478,2841.342070,2841.511955,2847.813107,2890.913456,2893.305033,2901.095220,2909.497592
2839.402237,2841.150419,2841.376124,2847.841636,2891.682665,2892.804656,2902.293491,2909.487707
2837.001414,2842.521623,2844.597297,2854.372712,2889.328496,2894.054334,2901.989249,2909.491961
2839.839922,2841.365892,2849.915077,2851.305824,2891.663135,2892.499025,2901.546220,2909.497951
2837.001072,2844.253732,2844.679698,2854.740193,2890.233068,2893.975633,2902.271309,2909.494790
2837.000075,2843.564589,2844.557107,2854.849786,2887.100003,2893.474945,2898.841021,2909.497852
2839.414273,2841.805429,2842.463149,2846.382561,2891.201856,2891.546120,2898.296241,2909.144637
2837.062638,2839.240305,2844.700358,2853.940808,2887.100142,2894.424434,2900.336176,2909.495813
2837.017838,2842.244084,2844.744098,2849.410985,2888.646309,2892.829911,2900.535059,2909.494660
2841.834368,2842.741400,2844.726053,2847.453426,2893.081151,2896.279923,2899.903245,2909.499959
2842.184058,2842.480233,2843.978927,2846.796689,2893.149199,2896.171111,2900.625873,2909.495188
2841.394031,2842.941027,2843.998549,2847.473567,2893.954832,2898.515972,2901.106348,2909.493597
2837.003455,2844.116428,2849.414765,2850.776319,2890.208595,2893.765637,2901.125340,2909.498936
2837.001174,2841.659757,2853.753956,2855.895463,2887.122721,2893.907531,2899.117479,2909.496340
2837.001918,2841.585850,2854.104116,2855.798450,2887.119006,2894.228595,2898.910458,2909.492786
2837.010961,2843.756937,2845.386215,2855.967718,2887.117898,2894.647338,2898.458963,2909.488985
2837.001204,2840.715660,2845.483150,2848.375421,2888.332657,2893.205891,2894.048644,2909.490248
2842.490336,2842.988286,2844.471602,2847.358930,2893.432748,2899.099573,2904.648627,2906.851012
2841.887241,2843.010998,2843.127993,2846.332737,2894.793315,2900.730106,2904.843605,2907.387105
2841.984176,2842.528908,2844.079563,2847.447061,2894.373773,2899.559667,2905.338177,2906.462128
2840.685973,2840.740500,2843.092027,2844.545297,2888.714604,2896.376555,2904.084442,2910.499701
2839.250562,2840.097643,2844.075935,2844.755792,2889.036300,2896.815415,2904.172256,2910.499978
2841.220350,2841.297558,2842.378649,2845.472348,2889.444896,2896.982125,2904.499724,2910.499973
2840.212632,2840.840588,2842.664967,2844.359848,2888.963398,2896.460615,2904.540512,2910.498006
2840.810554,2840.985384,2842.634085,2844.606506,2888.912924,2896.481360,2904.371452,2910.497564
2840.032164,2840.816306,2841.763123,2844.100927,2889.701267,2896.852031,2904.004664,2910.499323
2839.983572,2841.149699,2844.020769,2845.355749,2889.391087,2897.067387,2899.490839,2910.499964
2839.158188,2840.032532,2843.990311,2844.639862,2889.738180,2897.123656,2901.447669,2910.498979
2840.309438,2840.807929,2841.966828,2843.531350,2889.154833,2896.613031,2901.169884,2910.498700
2841.430673,2841.696521,2842.276671,2846.638097,2889.528648,2897.141364,2900.711745,2910.276344
2839.699422,2840.875774,2843.286142,2845.304575,2889.204099,2897.034244,2901.129178,2910.498643
2840.267032,2840.830795,2843.004957,2844.867240,2889.022010,2896.811985,2901.182061,2910.499989
2839.227767,2840.085004,2843.725046,2844.681171,2889.517912,2897.204105,2901.118601,2910.495974
2838.500029,2840.910649,2847.435948,2856.258750,2888.029747,2895.479738,2899.693106,2910.499994
2841.278377,2841.684812,2841.693449,2846.489540,2889.526774,2897.115798,2898.751735,2910.499733
2840.316904,2841.234788,2841.985713,2846.641868,2890.281518,2897.202618,2904.081728,2910.499834
2840.425877,2841.099607,2841.308536,2845.105156,2888.816623,2896.892196,2903.592880,2910.496843
2840.064928,2841.187519,2842.671346,2845.904058,2889.495971,2897.283026,2904.549704,2910.497503
2837.000932,2843.791099,2844.442212,2853.631566,2892.848624,2895.783732,2903.412264,2910.487624
2838.675306,2839.705363,2844.137027,2844.162624,2889.041082,2897.037456,2904.392060,2910.499086
2841.137666,2841.463441,2841.469246,2845.510803,2889.628886,2897.185570,2903.682919,2910.496885
2840.876846,2841.187016,2841.644238,2845.662138,2889.684561,2897.313080,2903.625388,2910.495886
2840.836521,2841.071252,2841.994317,2846.141612,2889.432674,2897.109932,2904.134131,2910.423917
2839.701026,2840.631077,2842.942208,2843.522135,2889.150354,2896.843169,2903.927494,2910.497414
2837.308491,2838.502645,2843.127820,2854.569720,2888.078242,2896.815147,2905.127678,2910.499988
2838.159827,2838.537986,2844.250430,2856.194781,2888.157769,2896.974184,2903.606756,2910.499977
2837.008152,2841.656453,2844.732275,2854.977257,2887.635106,2895.741493,2900.665170,2910.499716
2840.139644,2840.307342,2843.274837,2844.813330,2889.176672,2897.175923,2903.992046,2910.497809
2840.684723,2841.748556,2842.872503,2846.400238,2896.011770,2903.418647,2903.629703,2910.496019
2841.497230,2842.087774,2843.377003,2847.853374,2894.536082,2899.794778,2903.963813,2910.495531
2841.320780,2842.158648,2843.247393,2847.430868,2895.189937,2900.427245,2903.625507,2910.496377
2841.409858,2842.008024,2843.467465,2847.505774,2894.918228,2900.088910,2903.642032,2910.498797
2841.512858,2842.212581,2843.805065,2847.795945,2894.701862,2899.519253,2903.594805,2910.493958
2838.129356,2839.700887,2843.589665,2845.307625,2889.183481,2897.412211,2904.497357,2910.499999
2841.107989,2842.129345,2842.229759,2846.094960,2889.879284,2897.688290,2903.590065,2910.494418
2841.186184,2841.410675,2841.902690,2847.174288,2890.432353,2897.916789,2903.496334,2910.479272
2841.108329,2841.733483,2841.968604,2846.271845,2890.005481,2897.619639,2903.420209,2910.495106
2841.053200,2841.306211,2842.968576,2847.042104,2890.044843,2897.798387,2903.636405,2910.492521
2841.031014,2841.545288,2841.793545,2845.817080,2889.618735,2897.468385,2903.717850,2910.490333
2840.843203,2841.065383,2842.279081,2844.499973,2889.088311,2897.060126,2903.726737,2910.496262
2841.300472,2841.354174,2842.776702,2846.793513,2890.211220,2897.815902,2903.454465,2910.494381
2841.116062,2842.347797,2842.430843,2846.959780,2895.237498,2901.845775,2903.558791,2910.499023
2841.170879,2842.593022,2843.220090,2847.374938,2895.565462,2900.942755,2903.198926,2910.497857
2841.297608,2842.542777,2843.265424,2847.479435,2894.919786,2900.508922,2903.460205,2910.494091
2841.838525,2842.354296,2844.603524,2848.278155,2894.506315,2899.664627,2903.503450,2909.857165
2838.650902,2839.700136,2844.171863,2846.988219,2889.339605,2897.554316,2904.643968,2910.499998
2840.096509,2841.349142,2844.472901,2845.493547,2889.233468,2897.353308,2902.523211,2910.306795
2839.449135,2839.700480,2844.049885,2844.187990,2889.898391,2897.513163,2902.463433,2910.499108
2841.797695,2842.961929,2844.496179,2848.074068,2893.952472,2898.995549,2902.426352,2909.462698
2841.432035,2843.167795,2843.757053,2847.508403,2894.474397,2899.723634,2902.401985,2910.499973
2839.597767,2839.701097,2843.984228,2844.472854,2895.358342,2903.392131,2906.729006,2910.285885
2841.314599,2843.352422,2843.984287,2847.693196,2895.082665,2899.803866,2901.764388,2910.497263
2841.895307,2843.202008,2845.039922,2848.392970,2893.948215,2898.783164,2901.790544,2909.284659
2841.563383,2843.281797,2844.219658,2847.821870,2893.844469,2899.575149,2902.664166,2910.491986
2838.689683,2839.700439,2844.091572,2849.629161,2889.388356,2897.675292,2902.283439,2910.499996
2840.348425,2840.515252,2842.931865,2843.895200,2888.745821,2896.869526,2908.035190,2910.484449
2838.995841,2839.700721,2843.676992,2844.960871,2889.816387,2897.697119,2905.201645,2910.498944
2839.722573,2840.180145,2840.608355,2844.523190,2890.426260,2897.727184,2902.572340,2910.496159
2839.523255,2839.700256,2843.764751,2845.018398,2889.008243,2897.185256,2904.003354,2910.498546
2839.964626,2840.430883,2841.784829,2843.953448,2888.935597,2896.952480,2907.790300,2910.499993
2840.580726,2840.724352,2842.590091,2844.203325,2889.015097,2897.077729,2908.660835,2910.499784
2840.591507,2840.657386,2843.158370,2844.071826,2889.103800,2897.088494,2909.169824,2910.498627
2839.700602,2840.795980,2845.582034,2852.051297,2889.234622,2897.388178,2907.362813,2910.496331
2840.286717,2840.429984,2842.415734,2843.369368,2888.812499,2896.914978,2907.018232,2910.499994
2840.320361,2840.418820,2842.364852,2849.426017,2888.841662,2896.975342,2906.626285,2910.486416
2838.951093,2839.700621,2843.523651,2847.920853,2889.252700,2897.525249,2909.191431,2910.500000
2841.233662,2843.898691,2846.466246,2857.679408,2895.552483,2900.908326,2905.579159,2910.494665
2838.061880,2838.501291,2843.595446,2855.443591,2890.425006,2898.653396,2906.078715,2910.499694
2839.296171,2840.031491,2843.090665,2851.741511,2896.921925,2899.897326,2906.263910,2910.053948
2837.002504,2843.466914,2844.923904,2855.740105,2893.104934,2897.012750,2902.911901,2910.494109
2840.094406,2840.313048,2842.577302,2843.352476,2889.175471,2897.414448,2904.963699,2910.300404
2838.391645,2838.703000,2842.478787,2844.327515,2888.879783,2897.200442,2904.869682,2910.498152
2836.896578,2838.700062,2843.067585,2845.669346,2889.326689,2897.673009,2904.881349,2910.499978
2840.490977,2841.064278,2841.323128,2844.664891,2889.492700,2897.825720,2904.393281,2910.490692
2840.892317,2841.641852,2843.151432,2845.897108,2889.919546,2898.225615,2905.874679,2909.009980
2840.154039,2842.014606,2850.118963,2850.658167,2890.156027,2898.247911,2902.839598,2910.436722
2840.144052,2842.695929,2845.468729,2847.579328,2889.927070,2898.538074,2903.715464,2909.004860
2836.002981,2840.503207,2843.426637,2854.611806,2888.046188,2896.515694,2896.758439,2910.483288
2836.055340,2837.500809,2841.299339,2853.722988,2888.609700,2897.213774,2897.579295,2910.500000
2839.740777,2840.083706,2840.583331,2843.352624,2889.430359,2895.972083,2897.678658,2910.364519
2836.009978,2842.561447,2843.970976,2854.763458,2887.106270,2896.058764,2897.995451,2910.492081
2836.020728,2843.044218,2844.143036,2854.940928,2887.056453,2895.872324,2898.404724,2910.496237
2836.004828,2842.922102,2844.453819,2855.758858,2887.473735,2896.362072,2898.911361,2910.490641
2836.000548,2843.731235,2844.118445,2854.532370,2887.515162,2894.823682,2896.435042,2910.492526
2836.001675,2838.651912,2843.399474,2852.970011,2889.327306,2891.151362,2899.288375,2910.499834
2837.500014,2841.941812,2848.581054,2857.197531,2889.581065,2898.605324,2899.485048,2910.496541
2838.486886,2838.700156,2841.815750,2843.327684,2889.123087,2897.516387,2899.772739,2910.500000
2839.492007,2839.929264,2840.152868,2842.593255,2889.137652,2897.385274,2899.710813,2910.499986
2838.266905,2839.190335,2840.002813,2843.762967,2889.201337,2897.488879,2899.977468,2910.499999
2837.948098,2840.152336,2840.179236,2844.615571,2889.315070,2897.641639,2899.731052,2910.499937
2839.126436,2840.426443,2841.399357,2845.327572,2889.717073,2897.961152,2899.769418,2910.454693
2839.083071,2839.084252,2839.902362,2841.949923,2888.695708,2897.084273,2900.154925,2910.500000
2840.482253,2841.747048,2842.850655,2845.303902,2896.189841,2902.315500,2904.670247,2906.575782
2840.765553,2842.682584,2842.847870,2845.958155,2895.587365,2901.514522,2904.682956,2906.375479
2840.860174,2842.846991,2843.081109,2846.286437,2895.347411,2901.243303,2904.684581,2906.285764
2840.622069,2842.275258,2842.849510,2845.753216,2895.776648,2901.816759,2904.672282,2906.555566
2840.788440,2842.759471,2842.846300,2846.033325,2895.536491,2901.454433,2904.678430,2906.509342
2840.549387,2842.009569,2842.873591,2845.497937,2895.925074,2902.179836,2904.664420,2906.630885
2840.128825,2840.391221,2842.965670,2844.364543,2897.010397,2904.053447,2904.654233,2907.330256
2840.444297,2841.733625,2842.938202,2845.211323,2896.359301,2902.635352,2904.679143,2906.891916
2840.229857,2840.782732,2842.950623,2844.442988,2896.731475,2904.132880,2904.684260,2907.349479
2840.630439,2842.404771,2842.893676,2845.839029,2895.634186,2901.708560,2904.714780,2906.443023
2840.761934,2842.910086,2842.911404,2846.154017,2895.312718,2901.416078,2904.705911,2906.350692
2836.002446,2844.865819,2844.951029,2856.569437,2893.585566,2898.305250,2905.869498,2910.606914
2836.003355,2841.951805,2842.535022,2852.327372,2896.184932,2897.050103,2907.115776,2908.841310
2836.015834,2841.186224,2842.441582,2852.484957,2894.829915,2896.977832,2907.908134,2908.869794
2836.004243,2842.364009,2844.327920,2854.995574,2893.299910,2897.194154,2907.082117,2909.559504
2836.003687,2841.762824,2842.659260,2853.087287,2895.353771,2897.647363,2905.328841,2910.275646
2836.002878,2841.143708,2842.258058,2852.345393,2891.728058,2897.689160,2905.477495,2911.495839
2836.009623,2843.671547,2844.959569,2854.417516,2895.849014,2895.920553,2907.788099,2909.244885
2836.006395,2843.712020,2844.660531,2855.943136,2895.121847,2896.833048,2907.678761,2909.219690
2836.002455,2843.155660,2843.408043,2853.507311,2895.673572,2896.338270,2907.646723,2909.087348
2836.000031,2843.958989,2853.006018,2853.446698,2897.922310,2899.202315,2907.859556,2911.498531
2836.002438,2841.962417,2842.870561,2852.043815,2894.011095,2897.815236,2907.898670,2911.497135
2836.001661,2841.885740,2842.315170,2852.008690,2893.980660,2897.917765,2908.277015,2911.499398
2836.001771,2840.144608,2844.197622,2854.787446,2894.577905,2896.262766,2908.108543,2909.751354
2840.743142,2841.571470,2842.225763,2852.170954,2893.271650,2903.609567,2908.056268,2911.499983
2837.501473,2838.552389,2842.377292,2851.199587,2893.487225,2899.421033,2907.044104,2911.500000
2836.001902,2839.344118,2842.510601,2853.316012,2893.991583,2899.239453,2907.757783,2907.852000
2836.007878,2842.041807,2843.092954,2853.422247,2895.994247,2901.899159,2906.360572,2907.318597
2836.000414,2840.116340,2843.525153,2853.707084,2890.859417,2891.964536,2899.939990,2911.499942
2836.001858,2839.808827,2843.452013,2853.500929,2890.318074,2891.813823,2899.859403,2911.500000
2836.003196,2841.629091,2842.928452,2853.381950,2889.824902,2897.357601,2903.088265,2911.493380
2836.000886,2840.529244,2841.984249,2851.928324,2893.893462,2895.686701,2908.602986,2910.948911
2836.000834,2843.908181,2844.445692,2855.842574,2892.271996,2894.604256,2907.864743,2908.239945
2836.001978,2842.157180,2843.113900,2853.536529,2896.209673,2903.234983,2905.772996,2907.283360
2836.000000,2839.148972,2846.223435,2854.926019,2891.336085,2897.684238,2907.994695,2909.097671
2836.003559,2843.428978,2843.758066,2853.580042,2893.784982,2901.960010,2907.448196,2907.980689
2836.000028,2840.613320,2844.212123,2854.761356,2894.439475,2895.209160,2907.993904,2908.071838
2836.000066,2844.167456,2846.085780,2855.905995,2887.011851,2896.470406,2902.489672,2911.487831
2836.000098,2844.576284,2846.341382,2856.977695,2887.003283,2896.642041,2902.506038,2911.484303
2836.013098,2841.997878,2843.419539,2851.918349,2890.395908,2891.683842,2899.854144,2911.499771
2836.003658,2841.619372,2843.521298,2854.690539,2896.251954,2904.989783,2907.414847,2907.691223
2836.005248,2843.059188,2843.118018,2853.341007,2895.700561,2901.874904,2908.125781,2909.276989
2836.002440,2841.690597,2843.159835,2851.370937,2890.371243,2891.626049,2899.820716,2911.499322
2836.001190,2842.880518,2844.558399,2856.004647,2896.362274,2899.377637,2907.255568,2907.738782
2836.002298,2842.922475,2844.338810,2855.766442,2894.094640,2895.856037,2909.073102,2910.556066
2836.001380,2844.515476,2845.532201,2856.434290,2891.975198,2895.886060,2909.076778,2910.179236
2836.002134,2840.811487,2842.384201,2852.513879,2896.320245,2900.823508,2907.865874,2908.680894
2836.000061,2843.417975,2843.502416,2854.228043,2896.554501,2903.381122,2905.865479,2907.546479
2836.001149,2844.932027,2845.242568,2857.227256,2894.523652,2902.740754,2906.625159,2907.981973
2836.001413,2838.547730,2841.467276,2851.987655,2895.496956,2899.392605,2908.580974,2909.786048
2838.328841,2840.916195,2843.168115,2853.055562,2890.696613,2898.350491,2904.368770,2911.491552
2838.474621,2839.954533,2842.388979,2853.011235,2890.254262,2898.139935,2904.143522,2911.486451
2837.067417,2837.500289,2840.267385,2851.527478,2895.530404,2902.517026,2908.022993,2908.426422
2837.631594,2838.733560,2841.856214,2851.845881,2896.532244,2903.920813,2907.458097,2907.949485
2838.613628,2839.095094,2841.233811,2851.523306,2891.165455,2898.909498,2904.826935,2911.499371
2836.000749,2838.708223,2841.640440,2852.585357,2896.701105,2899.440776,2908.267191,2909.469115
2836.002864,2841.888277,2842.692924,2852.178306,2890.533050,2892.429247,2894.233366,2911.499911
2836.000134,2840.821968,2843.393451,2853.878702,2890.014931,2890.311149,2894.572772,2911.500000
2837.334138,2840.849859,2841.580134,2852.013051,2894.107470,2894.953356,2902.864657,2911.492516
2836.003163,2841.985601,2842.153405,2852.862435,2890.462676,2894.258458,2907.066560,2911.472807
2836.000000,2843.505830,2853.433140,2853.993834,2889.111548,2890.957905,2897.902948,2911.500000
2836.273411,2842.781201,2843.579074,2852.841239,2892.452632,2894.986415,2904.389874,2911.494695
2836.005435,2842.958524,2843.624969,2853.466037,2889.454527,2895.423986,2904.151314,2911.497371
2836.004812,2840.844981,2841.771389,2852.184893,2892.690795,2897.237364,2904.697013,2911.490883
2836.000013,2843.009923,2844.746092,2853.513008,2891.499525,2895.444222,2903.638585,2911.495988
2836.002913,2841.108283,2841.882677,2852.348436,2894.079990,2896.751350,2904.377046,2911.495264
2836.007302,2842.395527,2843.375605,2853.086356,2895.023269,2895.346534,2904.411158,2911.083436
2836.002482,2841.618020,2841.879717,2852.065755,2895.312444,2897.452302,2904.505524,2911.490987
2836.544562,2843.000038,2844.477337,2853.127287,2894.175497,2895.580006,2904.073062,2911.496792
2836.002942,2842.248135,2844.133033,2855.564198,2893.617222,2898.645272,2906.977549,2911.475385
2836.001422,2839.421074,2843.978663,2854.632440,2897.501928,2899.182206,2907.948355,2911.492074
2837.078959,2840.596358,2841.169439,2850.683205,2897.549985,2899.050958,2907.627672,2911.473513
2836.011027,2841.681011,2841.906578,2852.040512,2896.390784,2898.284365,2905.793285,2911.494454
2836.000675,2838.421288,2841.109600,2851.646431,2895.581759,2896.310074,2909.683086,2911.489283
2836.047370,2839.424516,2841.681576,2851.735088,2896.666473,2898.148041,2908.577630,2911.484856
2836.002180,2841.434150,2842.581252,2852.642712,2897.382140,2901.126667,2908.539616,2911.499959
2836.001503,2840.424259,2842.080949,2851.892723,2897.029151,2901.466197,2908.599694,2911.417251
2838.579222,2840.453404,2841.515427,2851.380478,2896.110957,2901.852159,2908.699593,2911.494379
2836.007795,2842.168827,2843.475903,2852.794733,2893.078448,2894.628115,2905.008906,2911.496295
2836.008128,2841.818086,2842.272196,2852.987267,2894.269826,2896.010612,2905.718568,2911.496592
2836.036405,2842.890475,2843.534167,2853.400811,2891.889441,2894.891936,2904.656077,2911.499971
2836.303393,2842.553658,2842.880042,2853.099874,2893.796303,2894.665154,2904.336551,2911.500000
2836.005696,2842.743931,2843.078133,2853.014597,2898.241030,2902.166230,2906.691535,2907.906287
2836.041039,2840.493405,2842.100591,2852.272062,2897.242207,2904.173852,2907.006991,2907.920765
2836.020760,2842.828412,2842.971012,2853.269409,2893.872982,2895.141324,2904.783730,2911.495627
2836.300986,2842.779195,2843.185451,2853.450999,2894.555743,2897.904654,2906.738034,2911.375848
2836.000005,2841.292719,2842.732416,2852.940733,2894.266123,2894.713358,2907.534686,2911.499692
2836.000640,2841.008265,2844.888444,2857.192645,2893.699321,2903.059696,2904.188765,2911.262338
2840.557294,2842.218150,2842.590481,2853.085699,2894.690691,2901.741724,2904.752816,2911.499890
2839.925368,2841.536449,2842.496897,2853.167653,2893.862357,2900.873405,2902.433987,2911.496925
2839.695785,2841.174406,2842.443856,2853.181212,2897.436329,2901.993067,2905.616212,2911.487116
2838.855327,2838.893788,2840.926966,2851.535420,2895.837445,2902.526612,2909.026588,2911.422044
2838.367279,2839.181242,2841.714394,2844.462442,2890.440704,2899.083383,2904.109162,2911.497895
2839.629906,2839.720103,2843.371356,2843.392768,2890.424304,2898.893740,2905.322058,2910.308527
2837.934659,2839.481775,2839.767509,2843.892712,2890.195791,2898.830156,2907.379041,2911.496445
2839.472474,2839.946740,2842.247168,2843.033759,2889.937065,2898.679689,2903.474811,2911.044110
2839.272829,2839.677701,2842.662901,2847.329337,2889.830107,2898.684114,2903.813578,2911.494899
2837.700036,2837.904077,2838.793963,2840.380708,2890.481271,2903.949383,2906.943830,2907.523915
2836.502427,2838.787590,2841.206748,2842.237958,2892.115776,2900.067457,2902.867175,2910.140655
2837.849803,2839.033735,2841.045513,2844.145496,2890.741431,2899.344203,2904.168380,2911.470939
2838.386996,2839.050046,2841.504229,2842.357644,2891.864019,2900.671062,2903.359212,2908.187500
2835.011911,2843.384648,2848.072756,2854.660851,2897.625393,2898.118502,2906.152127,2908.417515
2835.102446,2838.674652,2843.313078,2853.287959,2899.711793,2904.205483,2904.215624,2904.507150
2835.007513,2841.113422,2842.479701,2853.645763,2899.991054,2903.204337,2904.389747,2904.431792
2839.871077,2842.243879,2844.795806,2845.465544,2897.380286,2902.261792,2904.077734,2906.812548
2837.487636,2838.477612,2847.678464,2848.035322,2896.787537,2903.044200,2904.307055,2906.907397
2837.074301,2838.499672,2847.919425,2849.165089,2898.146112,2903.826001,2904.386497,2906.895105
2835.006067,2839.094117,2843.663133,2854.728712,2898.006827,2899.601005,2906.804515,2908.378838
2835.148880,2836.677325,2843.037620,2852.991282,2899.529396,2900.614234,2905.584726,2908.053996
2836.678882,2838.763779,2847.802273,2848.464927,2897.905495,2903.930814,2905.437528,2907.940141
2835.012653,2836.879470,2843.062097,2853.090138,2899.845373,2900.870596,2905.674380,2906.248914
2835.026661,2839.581435,2841.879743,2852.851997,2901.075594,2902.279174,2904.617297,2905.795584
2837.700012,2838.667930,2838.688109,2841.103248,2896.999223,2902.609838,2908.853178,2909.658018
2836.506597,2837.922201,2839.429711,2847.402763,2897.814050,2902.651102,2909.113889,2910.309179
2836.503974,2837.927927,2839.759507,2846.732260,2898.938163,2902.575031,2908.724433,2909.961672
2836.500390,2837.892258,2840.219493,2848.163418,2898.791113,2902.922579,2908.758967,2910.002303
2836.513512,2838.247852,2840.377785,2848.137898,2896.136319,2902.603133,2909.008767,2909.760090
2838.692252,2838.767617,2842.898003,2842.909656,2898.095392,2902.982026,2904.542378,2907.671928
2836.929028,2838.305576,2840.976555,2843.050646,2899.396923,2902.932750,2907.973593,2908.237998
2838.738832,2839.088666,2842.804918,2843.676929,2897.818763,2903.006256,2904.113055,2908.094953
2838.471022,2838.605844,2842.783251,2842.802048,2898.549904,2902.913286,2905.526264,2907.997416
2836.503255,2838.201407,2840.058888,2841.083300,2898.482444,2902.935754,2907.932437,2908.421389
2837.680204,2838.466350,2842.257361,2842.630027,2898.699125,2902.813263,2905.619429,2907.907664
2838.206700,2838.557434,2843.080702,2843.339451,2897.887834,2903.065651,2903.773351,2907.675920
2836.627341,2838.222279,2840.535394,2841.989398,2899.164320,2902.587162,2907.455559,2908.326741
2837.701706,2838.306733,2841.065632,2844.974261,2897.734042,2901.748968,2907.995040,2908.612791
2837.300840,2837.703216,2839.775222,2847.684550,2897.711741,2904.292632,2908.338456,2908.653202
2836.912621,2838.192783,2840.830352,2843.419242,2898.884693,2902.657480,2908.505342,2909.148818
2838.811159,2839.778955,2843.416907,2843.694942,2897.997244,2902.611755,2905.121163,2908.723453
2836.502131,2838.149212,2840.065767,2843.839583,2898.260358,2902.513505,2908.784612,2909.642564
2836.506320,2838.090315,2839.945002,2842.817848,2898.705582,2902.129929,2908.561571,2908.620704
2838.697765,2839.420354,2843.511213,2843.661763,2897.981743,2902.977004,2904.525729,2908.371929
2838.660340,2839.460693,2843.416803,2843.477302,2898.067758,2902.772501,2904.451317,2908.148168
2838.350871,2838.450260,2842.584312,2843.575339,2898.615439,2902.790294,2905.445887,2907.942745
2836.502767,2838.011401,2840.604823,2843.473330,2899.447059,2903.104529,2908.599013,2908.868314
2837.812444,2838.308854,2842.361712,2843.401051,2898.660508,2902.990744,2905.293582,2907.382861
2837.786444,2838.295631,2841.659147,2844.937373,2899.019212,2902.858799,2908.088776,2908.478762
2837.647286,2837.701958,2841.041376,2845.827487,2898.145023,2903.022508,2908.842994,2909.675178
2837.562696,2837.701056,2840.910580,2846.385602,2897.936222,2902.920693,2908.874003,2908.950774
2836.504167,2838.017281,2840.302831,2843.119230,2898.290166,2902.173227,2908.718466,2908.842862
2836.500044,2838.125222,2840.016994,2840.948622,2897.914871,2901.255274,2908.981112,2909.342225
2836.501248,2837.984460,2840.058903,2843.339593,2899.398675,2903.709832,2908.724154,2908.967328
2837.139381,2838.250119,2840.958684,2842.298713,2898.403609,2902.522729,2908.447134,2908.640761
2836.500977,2837.996758,2840.190886,2843.901953,2898.820186,2901.726511,2908.001855,2908.776079
2836.500101,2837.748790,2839.990300,2844.356514,2899.687289,2901.917114,2908.054464,2908.797376
2836.500296,2838.081930,2839.905605,2843.092702,2898.585853,2901.627826,2907.625462,2908.868482
2836.846906,2838.154234,2840.728432,2842.572529,2899.112311,2902.402078,2908.705580,2908.794304
2836.500757,2837.918741,2839.807743,2842.997479,2897.527895,2903.221934,2909.190370,2909.561948
2837.712008,2837.758359,2841.505285,2844.077230,2896.200758,2903.287572,2909.505304,2909.511782
2837.701246,2838.175225,2839.959055,2841.325497,2897.025333,2903.508220,2909.012703,2909.063073
2837.563121,2837.700070,2841.384478,2847.601908,2899.718656,2902.919369,2908.774133,2909.018395
2837.704734,2837.790509,2841.211060,2847.120945,2899.459161,2902.883022,2908.069677,2908.719428
2837.460538,2837.701169,2841.090883,2847.449660,2898.883747,2902.943576,2908.776155,2908.891971
2836.503268,2837.945492,2840.405039,2843.227658,2898.858601,2903.164750,2908.899637,2909.644171
2838.326286,2838.579656,2842.702930,2843.295773,2898.542260,2903.135334,2905.367352,2908.896840
2836.501384,2837.873900,2840.093993,2842.896628,2898.246707,2903.827946,2909.358208,2911.057175
2836.502875,2837.769345,2839.959285,2844.191559,2899.312138,2903.103958,2909.128385,2910.520310
2838.249585,2838.307087,2842.701510,2843.382848,2898.565278,2903.205731,2905.832628,2909.101524
2836.504480,2837.677184,2840.266597,2842.816966,2899.251782,2903.440498,2908.649660,2908.917367
2838.076725,2838.222782,2842.453611,2843.165787,2898.722719,2903.200264,2905.351657,2908.260295
2836.502783,2837.854685,2840.371934,2843.287689,2900.184562,2902.737859,2907.829607,2908.579676
2836.502413,2837.898121,2840.345496,2842.555673,2900.203350,2902.719131,2908.797713,2909.249449
2836.500935,2837.421691,2839.509514,2843.206527,2897.319492,2902.540640,2909.643321,2910.203370
2836.598814,2837.722823,2839.987488,2840.799097,2897.723165,2904.050057,2909.094530,2909.203305
2836.503938,2837.762205,2840.110368,2840.644482,2899.111197,2904.002924,2908.161888,2908.851222
2837.008111,2837.877797,2840.434730,2840.973761,2899.396085,2903.930230,2907.937106,2908.808791
2836.513870,2837.776389,2840.216102,2841.001995,2897.819526,2903.834911,2909.096852,2909.108755
2836.566314,2837.743782,2839.597421,2842.230841,2898.394242,2908.417937,2909.093062,2909.275565
2836.504222,2837.407559,2839.918027,2846.805426,2898.740132,2903.066151,2908.814317,2909.100543
2836.704501,2837.840836,2840.778536,2846.604874,2898.625224,2903.712652,2908.986089,2909.266158
2836.685362,2837.719017,2840.180866,2846.048371,2899.393258,2903.406362,2908.976415,2909.062482
2836.500066,2837.544859,2840.070490,2845.443626,2899.247810,2901.908238,2909.204156,2909.469349
2836.607573,2837.758714,2840.210019,2845.848574,2899.344932,2902.858040,2908.286514,2909.006658
2836.722700,2837.815621,2840.805693,2845.914909,2899.157070,2903.911767,2908.571253,2908.874226
2836.500174,2836.917013,2840.046959,2846.292558,2898.645462,2903.377035,2908.845903,2909.251688
2836.777780,2837.797597,2840.470154,2845.042594,2899.295069,2902.397328,2909.154791,2909.880083
2836.505676,2836.971737,2839.328273,2846.528646,2897.022712,2902.416730,2909.906607,2910.358817
2836.628968,2837.789505,2840.183595,2842.810555,2898.551338,2903.001876,2909.531032,2910.801222
2836.506749,2837.487731,2838.473699,2838.902993,2898.764617,2910.097819,2911.299946,2912.331165
2836.761751,2837.772837,2840.662480,2841.269697,2899.705591,2909.017736,2909.994183,2910.192467
2836.502661,2837.738186,2839.630310,2840.180075,2898.493111,2908.813922,2909.336916,2910.292231
2836.651253,2837.754996,2840.393992,2840.642693,2898.695472,2908.430638,2909.199677,2909.855058
2836.514535,2837.704322,2838.188543,2839.934651,2899.463748,2909.388106,2910.324188,2911.417447
2837.224563,2837.936496,2840.139620,2841.532668,2900.100547,2902.790003,2908.688487,2911.516683
2837.701031,2837.929750,2841.142602,2842.760532,2900.189322,2900.299238,2909.470856,2912.076023
2837.700123,2838.062501,2840.716280,2844.812584,2898.708204,2899.021033,2909.761499,2911.753125
2836.895087,2837.921277,2837.970093,2841.860430,2899.020219,2906.664081,2908.667840,2910.050195
2837.708764,2837.861695,2837.934716,2841.334276,2899.813015,2903.108713,2909.433347,2911.873859
2838.246696,2838.638896,2839.096368,2843.001051,2898.746418,2904.097618,2905.731607,2910.070288
2837.715590,2837.902146,2838.062571,2841.342734,2900.284452,2903.837285,2909.194558,2911.197984
2837.700000,2837.944152,2838.391657,2840.973523,2897.499655,2899.345457,2909.902260,2911.082130
2838.273493,2838.580023,2840.337887,2842.443318,2898.957916,2903.698295,2905.690865,2910.608329
2837.701118,2837.760206,2837.835814,2841.414432,2899.810733,2904.754819,2904.764885,2911.940301
2837.620546,2837.700000,2838.466211,2840.933729,2897.506234,2898.349818,2909.969082,2911.261451
2836.835612,2837.702505,2839.033354,2847.199685,2899.020254,2899.579403,2909.967450,2910.452007
2837.613273,2837.703089,2840.443941,2845.072181,2899.162804,2899.350556,2909.853195,2910.740526
2835.574160,2837.350469,2839.051342,2839.414075,2899.163134,2903.655578,2908.359585,2909.499830
2835.500229,2837.275879,2838.809359,2841.399669,2899.984925,2903.347168,2909.103621,2909.584022
2835.501040,2837.273859,2839.678963,2841.387119,2900.731970,2903.817298,2907.819015,2909.393407
2836.961100,2837.494986,2841.441307,2841.955435,2899.496703,2903.846818,2906.098065,2908.311042
2836.958782,2837.494425,2841.442247,2841.953798,2899.497374,2903.846874,2906.098973,2908.311923
2835.506636,2837.348317,2839.236246,2839.905303,2900.258228,2903.569149,2908.744593,2909.458054
2835.501784,2837.343794,2838.214963,2840.245343,2901.154183,2903.137901,2908.566123,2909.205142
2836.846086,2837.455705,2841.195147,2841.377030,2899.645053,2903.819609,2906.517311,2907.805696
2836.082604,2837.336927,2840.574888,2841.074686,2900.395183,2903.756827,2907.463678,2907.650363
2837.763347,2838.818731,2841.474218,2843.132814,2898.624781,2903.900369,2905.024859,2908.696038
2837.588129,2837.591210,2841.348084,2841.689483,2899.223741,2903.864322,2905.676403,2908.355567
2835.502182,2837.076109,2838.927269,2842.504681,2901.824145,2903.371711,2907.908304,2909.582090
2836.702393,2837.442806,2840.321238,2841.583389,2896.572819,2906.729262,2910.576337,2911.104164
2837.808961,2838.698831,2842.689764,2842.830457,2898.890756,2904.979977,2905.409832,2909.719674
2837.672850,2837.946970,2840.223482,2842.535598,2898.584949,2904.885219,2904.930353,2910.871865
2836.700750,2837.390516,2840.588866,2842.272789,2900.270499,2904.331798,2909.566791,2910.049175
2835.508223,2837.008058,2839.694112,2842.557404,2899.931631,2904.724453,2909.495989,2909.801946
2837.771520,2838.733870,2842.401054,2843.027599,2898.773701,2904.794742,2905.960890,2909.392423
2835.502866,2837.201630,2839.315752,2840.047566,2900.585272,2903.791760,2909.095239,2909.710344
2837.041992,2837.511631,2840.730331,2841.576141,2899.721162,2903.735427,2907.385243,2909.392164
2835.504458,2837.193743,2839.345110,2839.975186,2900.578693,2903.983709,2909.760667,2909.946862
2835.502516,2837.131249,2839.652483,2840.835581,2900.251313,2904.269736,2909.418379,2909.790901
2835.502077,2837.165330,2839.621507,2841.095564,2900.156930,2904.088800,2908.958235,2909.760919
2835.505364,2836.701833,2837.083845,2839.751558,2899.783248,2903.435015,2909.997161,2910.664561
2835.504595,2836.505254,2838.586308,2843.456137,2901.198723,2902.637479,2910.461926,2912.536405
2835.506649,2837.181351,2839.345291,2840.635950,2900.343591,2903.434136,2909.259018,2909.767480
2837.740017,2838.823647,2843.138948,2843.537817,2899.058756,2905.229656,2906.077395,2909.960750
2836.701854,2837.185124,2840.575984,2840.865540,2899.426405,2904.942704,2909.823504,2911.451553
2837.262533,2838.219811,2839.453181,2843.252490,2893.648416,2902.556744,2907.285000,2913.493656
2836.916002,2837.313729,2840.539744,2842.765703,2900.225248,2901.397342,2910.656328,2913.480449
2835.638756,2837.015929,2839.585610,2843.123484,2899.122243,2906.957169,2909.180550,2910.041194
2835.501999,2836.968451,2840.452667,2843.322872,2899.034368,2907.779358,2910.625515,2913.498375
2835.516791,2836.257596,2838.725726,2847.870671,2899.376811,2908.198257,2910.912555,2913.498855
2837.287042,2837.896051,2842.682899,2849.361108,2898.915783,2905.572503,2907.253453,2908.604469
2835.501803,2835.572973,2840.302179,2848.144909,2899.085854,2908.431917,2910.941580,2913.495077
2835.501491,2835.629912,2840.009945,2847.430461,2898.003503,2907.829671,2911.087174,2913.482838
2835.515785,2835.951565,2840.711576,2847.475707,2898.275391,2908.533452,2911.071170,2913.499669
2835.506422,2835.800670,2840.453197,2847.140608,2899.128473,2908.702588,2910.876775,2913.491975
2835.461693,2835.505146,2839.622673,2847.018726,2899.429156,2908.719286,2910.675240,2913.491947
2835.508295,2837.073943,2840.045215,2846.166268,2891.160109,2900.154554,2906.531582,2913.499931
2837.728541,2838.101682,2841.862509,2845.363524,2895.145920,2905.095858,2907.354876,2913.058281
2835.500108,2836.636554,2839.026700,2845.889566,2900.316115,2905.646517,2910.394764,2913.092451
2837.805421,2837.945555,2841.542427,2845.015032,2895.056442,2904.031016,2909.055475,2912.293905
2835.505880,2836.965082,2840.022451,2842.529712,2897.746343,2910.527398,2910.867997,2913.498979
2835.500526,2836.593165,2840.852946,2843.773278,2899.593307,2899.760368,2909.231227,2913.494614
2836.349961,2836.709476,2837.811239,2845.901635,2899.265074,2901.715006,2910.750761,2912.295823
2835.505828,2836.342293,2838.966956,2844.688954,2900.928666,2906.950045,2909.339790,2910.261475
2834.000714,2838.643124,2846.412612,2850.955847,2896.871867,2903.858480,2911.089104,2913.488651
2835.721811,2840.504169,2846.497988,2848.125944,2899.629246,2906.571054,2906.849254,2912.805374
2837.076947,2837.473005,2838.546769,2842.003178,2899.816170,2906.347810,2908.461556,2912.635755
2834.002998,2839.774016,2846.751627,2853.680525,2897.823201,2906.603088,2910.508839,2912.722632
2834.001166,2839.489815,2846.691083,2853.200286,2898.663808,2907.242005,2909.487382,2912.544149
2835.234259,2835.627439,2845.025113,2846.499854,2899.613592,2906.815994,2907.398237,2911.491172
2836.700000,2837.043391,2837.564256,2840.001201,2897.453448,2902.833216,2910.902488,2912.064773
2836.063868,2836.706728,2836.847165,2840.008521,2899.769790,2907.098458,2910.262775,2911.309549
2835.501090,2836.900750,2839.302633,2840.245896,2900.912155,2904.950563,2908.999377,2911.681164
2835.516565,2836.682142,2839.108494,2843.391508,2899.818905,2905.813884,2910.472218,2912.191534
2837.357609,2837.600562,2838.463881,2841.543765,2899.838969,2906.846575,2908.164161,2911.730605
2835.502934,2836.364388,2839.432219,2847.069918,2901.096289,2906.790201,2907.491658,2908.451587
2836.555890,2836.944689,2838.389558,2848.789520,2898.367648,2905.269909,2910.924262,2912.870890
2834.657062,2836.000841,2838.542960,2850.143772,2896.338196,2901.025050,2908.562830,2913.496850
2837.466880,2838.143201,2842.135078,2843.814720,2898.962482,2906.139443,2907.758543,2910.746343
2838.628491,2840.789128,2840.905106,2844.092715,2895.533401,2905.351773,2908.735586,2913.491481
2836.864086,2836.918163,2838.178214,2840.321696,2898.920042,2908.416428,2910.809739,2913.494235
2836.738580,2837.416734,2846.353462,2846.995039,2899.279761,2905.965910,2908.247071,2913.200987
2834.115062,2838.683250,2848.714665,2849.758622,2898.951566,2901.922866,2911.090513,2913.497459
2836.700058,2837.052715,2840.154996,2840.435600,2897.806489,2908.276236,2911.098042,2913.499076
2837.330886,2839.164896,2846.316152,2846.810609,2899.369855,2906.153286,2907.992407,2913.499431
2834.000251,2839.969949,2843.536037,2851.239753,2893.689955,2896.407193,2907.190254,2913.499705
2835.504143,2836.418114,2838.917004,2843.321642,2898.388553,2906.414148,2910.972289,2912.855780
2835.501137,2836.029544,2838.989893,2845.533702,2900.952988,2907.391101,2909.522560,2910.402204
2835.673312,2836.160594,2839.349935,2844.717480,2900.831027,2907.811754,2909.533320,2910.320560
2835.533030,2836.529356,2839.237713,2842.828691,2900.121479,2906.911241,2910.246892,2910.519294
2835.500439,2836.142765,2838.869539,2844.561580,2900.276715,2907.605806,2910.190068,2910.613032
2834.000007,2836.468173,2843.300224,2853.102801,2900.626026,2901.447173,2911.099020,2913.490364
2837.579246,2838.665975,2839.127620,2849.871631,2895.571588,2906.522908,2907.163487,2912.991168
2836.624521,2838.673885,2838.861705,2848.888803,2900.854216,2906.656552,2907.596730,2908.075569
2835.684027,2836.328136,2836.705008,2845.323097,2900.179621,2906.924432,2908.605625,2910.826850
2835.506654,2836.384975,2839.566369,2843.560832,2901.368718,2907.248775,2908.948596,2909.949913
2835.989811,2838.158353,2838.573627,2848.141913,2901.307570,2907.062179,2907.706251,2907.748071
2835.502006,2836.158155,2837.281883,2846.983393,2902.373556,2907.586666,2907.748863,2910.845683
2836.087765,2838.619683,2838.849591,2848.386865,2901.186643,2907.025435,2907.687449,2907.744229
2835.916477,2838.060475,2838.388748,2848.136455,2901.687070,2907.583275,2907.617561,2908.536613
2836.572868,2838.851686,2839.304723,2849.218034,2900.772650,2907.354827,2907.483555,2908.065340
2836.170409,2836.278020,2837.494179,2846.832074,2901.093871,2907.015258,2907.936045,2910.914823
2834.941991,2840.748425,2841.475321,2850.696296,2900.060128,2905.104086,2907.956522,2907.989860
2835.772351,2835.791334,2837.658025,2847.252183,2902.631995,2907.432787,2907.998855,2910.823673
2835.503276,2835.928578,2837.348439,2846.511377,2902.868755,2907.567846,2908.364677,2910.717820
2835.937389,2836.273020,2836.702981,2845.829933,2900.119064,2907.845761,2911.097715,2913.499739
2837.403852,2838.669603,2839.138538,2849.135819,2899.810597,2907.549575,2907.673883,2913.496197
2836.281646,2836.512105,2837.656323,2847.674171,2899.921361,2907.908853,2911.097631,2913.496386
2836.810575,2838.151893,2838.341668,2848.725156,2900.919976,2907.604859,2910.237010,2913.498759
2834.002833,2838.621713,2839.821139,2851.282326,2900.905001,2903.488653,2908.458252,2909.639551
2834.010196,2837.654572,2840.785597,2851.162447,2897.396570,2900.563701,2907.692778,2913.499811
2838.032803,2838.644174,2840.825241,2848.619140,2895.803768,2906.321910,2907.803577,2913.483743
2836.932830,2837.437949,2838.841135,2846.604486,2895.815226,2906.187440,2907.526779,2913.414531
2835.501701,2836.338589,2840.525396,2843.441126,2899.515937,2906.687845,2911.537232,2913.498435
2835.500584,2836.111859,2839.373649,2843.842257,2901.016614,2907.471288,2908.969134,2910.620466
2834.003761,2841.587793,2842.186275,2855.042850,2892.713575,2904.144025,2910.480695,2910.880990
2834.005253,2839.959798,2842.923360,2856.932389,2905.289128,2905.363629,2909.997929,2911.323259
2834.003697,2838.570465,2840.614068,2851.275035,2896.729147,2900.560620,2911.045032,2913.495531
2835.992158,2837.426605,2838.089099,2846.497674,2901.864510,2907.544861,2908.261048,2908.413143
2835.481669,2837.307835,2838.125229,2847.676246,2902.462469,2907.701949,2907.826523,2908.792888
2836.000881,2836.639815,2837.329378,2846.948014,2901.252008,2906.641332,2911.073446,2913.488660
2836.539240,2838.397324,2838.811859,2848.833719,2900.770603,2907.288891,2908.006263,2908.801534
2835.943887,2837.208327,2838.141715,2848.623651,2901.740093,2907.663430,2908.089714,2908.102799
2834.000415,2841.125344,2842.034869,2855.128313,2893.202667,2902.600321,2910.812638,2913.489753
2835.926068,2836.222364,2836.832892,2841.937154,2898.221110,2903.520876,2907.156252,2913.475083
2834.674833,2836.017255,2841.096678,2851.493239,2902.886407,2907.200512,2907.687763,2908.152154
2836.029230,2839.971742,2846.121636,2846.199728,2899.766133,2905.711647,2908.504448,2910.335187
2834.888726,2838.007094,2838.494272,2848.364709,2902.456470,2907.332897,2907.827972,2908.583222
2835.340472,2839.382229,2840.481110,2849.245628,2900.623051,2906.633928,2907.374535,2908.270167
2835.871500,2835.990848,2837.651105,2848.535397,2901.329999,2904.853750,2909.333456,2911.095964
2834.001271,2840.591977,2841.825301,2851.430434,2896.899452,2898.899392,2910.673134,2914.499334
2835.700228,2836.304475,2838.735219,2839.342325,2900.168965,2907.486516,2910.781439,2911.164967
2835.812210,2836.150669,2838.597852,2839.620238,2900.553673,2907.387910,2911.328683,2913.021134
2835.700340,2835.768629,2839.089414,2839.560853,2900.468490,2907.532920,2911.494391,2913.002674
2836.645007,2838.015029,2838.461998,2841.894543,2899.877245,2906.009227,2907.804190,2911.796295
2835.526769,2835.704980,2838.063842,2843.095506,2900.563331,2907.230043,2911.634766,2912.382431
2835.701618,2836.869999,2838.498602,2847.544462,2901.183230,2908.722765,2911.920470,2912.620821
2835.704216,2836.078817,2838.632849,2839.536708,2901.683257,2906.679495,2910.506854,2912.377094
2835.700660,2836.177370,2838.581474,2839.305937,2900.613021,2907.494289,2911.219619,2912.811550
2835.703017,2836.075671,2838.657296,2839.389300,2900.707208,2907.118648,2911.338976,2913.253318
2835.700175,2835.825105,2839.225196,2839.391500,2900.246289,2907.650559,2911.597863,2913.544203
2835.701774,2836.090879,2838.715293,2839.462880,2901.143183,2907.333925,2911.373377,2913.419811
2836.391962,2836.892372,2838.690154,2840.895586,2900.207005,2907.247378,2907.579258,2912.670879
2835.703731,2836.090054,2838.689276,2839.451047,2901.225403,2907.099707,2911.288130,2913.694945
2835.702081,2836.135926,2838.756995,2839.588612,2901.566851,2907.129151,2910.757474,2913.103213
2835.700103,2835.890591,2839.130252,2839.320447,2901.402399,2907.535110,2911.280811,2912.479152
2835.702294,2836.102723,2838.942702,2839.633137,2901.472168,2907.240583,2910.195663,2911.833260
2835.893801,2836.078399,2838.780506,2839.746004,2901.081205,2907.467890,2911.243777,2912.698494
2834.102677,2836.144649,2840.803304,2851.285252,2902.059033,2906.835937,2906.859061,2907.287967
2834.482508,2837.386399,2840.779837,2851.161829,2902.415403,2906.998891,2907.222277,2907.317549
2835.700217,2835.915784,2839.057824,2839.322762,2900.490733,2907.543869,2911.674692,2913.459179
2835.701614,2836.027166,2838.824190,2839.509926,2901.502276,2907.397045,2910.617626,2911.217289
2835.706677,2836.039322,2838.759463,2839.328028,2900.237111,2907.478726,2911.179889,2911.370279
2833.710521,2835.711520,2840.787948,2851.259576,2902.511195,2906.320162,2907.520603,2907.596755
2834.674068,2838.172783,2838.856916,2849.715767,2901.210534,2906.759020,2907.824903,2908.221282
2835.043825,2835.336208,2837.470682,2847.458195,2903.362636,2907.439773,2908.244210,2908.896706
2834.790742,2836.829981,2838.010726,2848.112642,2903.032487,2907.347536,2908.151893,2909.531570
2834.814060,2837.359090,2838.474965,2849.314196,2902.287004,2907.500634,2908.225934,2908.762396
2833.000738,2838.166755,2839.017160,2849.663842,2902.752926,2907.587826,2907.868501,2908.259255
2833.455715,2837.852391,2839.014501,2849.872519,2903.257606,2907.243672,2907.956522,2909.460965
2833.008999,2839.585770,2842.181393,2855.808242,2898.545085,2904.827677,2911.396190,2911.487132
2833.000053,2836.533828,2838.630274,2849.407235,2904.035861,2907.303971,2907.959122,2909.620643
2833.003262,2837.067092,2838.889612,2849.830815,2904.555955,2906.790923,2907.963642,2909.772165
2833.026304,2836.535031,2839.075678,2851.228716,2903.695643,2904.526978,2910.425095,2911.187466
2833.746725,2838.729298,2840.341456,2850.551368,2902.004910,2907.498323,2907.548754,2908.627907
2833.001917,2836.102553,2838.261905,2848.250083,2904.597948,2907.045342,2908.039220,2910.109644
2833.006793,2836.809841,2838.624292,2849.357235,2903.876604,2907.233861,2908.047596,2909.568089
2833.002816,2838.432402,2839.279761,2850.550801,2903.036414,2907.235130,2908.019622,2908.808066
2833.129409,2836.047230,2838.290561,2848.822535,2903.926864,2907.183351,2908.051360,2909.390516
2833.002197,2834.500799,2837.968628,2848.279211,2904.588677,2906.836854,2908.126772,2910.211414
2833.031198,2836.707320,2838.785682,2850.045061,2903.473471,2905.167652,2909.272170,2909.584511
2833.649020,2839.010238,2840.401656,2850.730756,2902.189197,2907.501099,2907.579378,2908.468478
2833.014902,2836.549241,2838.772168,2850.083281,2904.079036,2907.598487,2908.064946,2909.682279
2833.100350,2837.337161,2839.044657,2850.199222,2904.452959,2907.527935,2908.054253,2909.966670
2833.005353,2839.788929,2839.798845,2851.112590,2903.063242,2907.357208,2908.066472,2908.298227
2833.713619,2838.860980,2840.388998,2850.672811,2902.121936,2907.296761,2908.142258,2908.286728
2833.012926,2838.966299,2839.474749,2850.834654,2903.152352,2907.958101,2908.039863,2908.625270
2833.040778,2834.500050,2837.996227,2849.244191,2904.777435,2907.658029,2908.154592,2910.379880
2833.001356,2836.344017,2838.398092,2849.013170,2904.497370,2907.833661,2908.181363,2910.209519
2833.002297,2835.862876,2838.164162,2848.465414,2904.553162,2907.675845,2908.220268,2910.394515
2833.642872,2839.630337,2839.812547,2850.948963,2903.058502,2908.175409,2908.234981,2908.758843
2833.003759,2834.506346,2837.828154,2848.592844,2904.643765,2907.932751,2908.259562,2910.290546
2833.026514,2838.134329,2838.925014,2849.969363,2903.548789,2908.253506,2908.351850,2909.486945
2833.001516,2835.208768,2837.847831,2848.365556,2905.282467,2908.036620,2908.322506,2910.876983
2833.005180,2835.815385,2837.991942,2848.368174,2904.628711,2907.482985,2908.349326,2910.202481
2833.005833,2836.095991,2838.430803,2849.974850,2904.555733,2907.371455,2908.379921,2910.349918
2833.000242,2836.009691,2838.434730,2850.049918,2904.204204,2904.717626,2910.083787,2911.402586
2833.615223,2837.250788,2838.330126,2849.151404,2903.260334,2907.665422,2908.458828,2908.980535
2833.018665,2836.321627,2838.247624,2848.956655,2904.891325,2906.326187,2908.518443,2910.507878
2833.005151,2839.871419,2841.728143,2855.384110,2898.449330,2904.097980,2910.035110,2912.342705
2833.394684,2838.833360,2840.280893,2850.702508,2903.009454,2907.483574,2908.577699,2908.808226
2833.010163,2836.808915,2838.569567,2849.837239,2904.380891,2904.873110,2909.433499,2910.496117
2833.136769,2838.575796,2840.173105,2850.597321,2902.228921,2907.701946,2908.110942,2908.782121
2833.981651,2834.502307,2837.173479,2848.023594,2904.027985,2908.180579,2908.591456,2909.850385
2833.016637,2835.753602,2837.675350,2847.505783,2903.111784,2908.363040,2908.521565,2908.969670
2833.002375,2835.437507,2837.614084,2847.831352,2903.746600,2908.468510,2908.513183,2909.288365
2833.735548,2836.605906,2837.832490,2848.152063,2903.800960,2908.196419,2908.655009,2910.255443
2833.433969,2836.023521,2837.520931,2847.476846,2902.733567,2908.317870,2908.599755,2908.672193
2833.078134,2838.057162,2838.751594,2849.935677,2903.393294,2908.283686,2908.603422,2909.218690
2833.008415,2836.039969,2838.076139,2848.918818,2904.529557,2908.259897,2908.605560,2910.601143
2833.000355,2834.500125,2837.773021,2849.266180,2903.968677,2908.162985,2908.564918,2909.599953
2833.000853,2834.500129,2837.166968,2847.273967,2906.900379,2907.082631,2908.823903,2911.732333
2833.423297,2838.171227,2839.815896,2850.103786,2901.723562,2906.906540,2908.466992,2909.346961
2833.003942,2836.743222,2838.381154,2849.678938,2904.051106,2908.174507,2908.634540,2909.914860
2833.001215,2835.861962,2840.844020,2851.968161,2904.224387,2907.915537,2908.007962,2911.417945
2834.505002,2835.498629,2838.549176,2841.014578,2901.932138,2907.832988,2909.402516,2910.655723
2833.960928,2834.502862,2837.747295,2847.487985,2902.807254,2907.846880,2910.272314,2912.091833
2834.506389,2834.692215,2838.104178,2845.612046,2902.721231,2907.698894,2909.922021,2910.342280
2833.474957,2834.500218,2837.512795,2845.796896,2903.404012,2905.112875,2910.974342,2912.648837
2834.165578,2834.502243,2837.300024,2847.603880,2903.516507,2906.315020,2911.370292,2912.089444
2834.505378,2834.805041,2838.454983,2845.171401,2902.320566,2908.080216,2911.824793,2912.097307
2834.500208,2835.066523,2838.985095,2844.754106,2901.973491,2908.196840,2908.947691,2910.421697
2834.503009,2834.808942,2838.447779,2845.169567,2902.510275,2908.175679,2911.637192,2912.087703
2834.280061,2834.501501,2837.277375,2845.346019,2903.277621,2907.735680,2909.384084,2911.315243
2834.139559,2834.503870,2836.910825,2846.042541,2903.321266,2906.571743,2912.093893,2912.143347
2834.269972,2834.509290,2837.822231,2845.283795,2902.833795,2907.486996,2910.183538,2911.189081
2834.296384,2834.502177,2838.234573,2844.955406,2902.540102,2907.013345,2910.763344,2911.778427
2833.899525,2834.505257,2837.454897,2847.502977,2903.506388,2904.028135,2912.099519,2912.651771
2834.929654,2835.018723,2838.718791,2845.265436,2901.965334,2907.509885,2909.909234,2913.103750
2834.822183,2834.925154,2838.599568,2844.784288,2901.982532,2908.028389,2909.277345,2912.106127
2834.305311,2834.500145,2837.943464,2844.983303,2902.755992,2907.791666,2909.711007,2909.759976
2834.226171,2834.500648,2838.030149,2844.951794,2902.934812,2907.634182,2910.437760,2911.400840
2833.939567,2834.505866,2837.286301,2845.535847,2903.624902,2907.791011,2909.452271,2912.093202
2834.608617,2834.890832,2838.435075,2844.994507,2902.285393,2908.090438,2909.860118,2910.725766
2834.405591,2834.500067,2838.056554,2845.077896,2902.747458,2907.485966,2910.666778,2910.698299
2833.982738,2834.500089,2837.508789,2845.786535,2903.207208,2906.333783,2911.365348,2911.796060
2833.005313,2837.081931,2838.456905,2850.230814,2905.584043,2909.023274,2909.352852,2911.152435
2833.002744,2838.652588,2840.583167,2852.982751,2895.697774,2903.038645,2910.559570,2915.492808
2833.000119,2838.851706,2839.936186,2851.643782,2893.100022,2901.113572,2907.332078,2915.489170
2833.023563,2837.055557,2840.600090,2852.475732,2902.395063,2903.777891,2910.200784,2914.211643
2833.772848,2834.800204,2836.681179,2846.188526,2903.977609,2908.646798,2909.394226,2910.201048
2833.777906,2834.500385,2837.115280,2845.614656,2902.727771,2907.556304,2911.509095,2913.043943
2833.706952,2834.501808,2837.046569,2846.175968,2903.383875,2907.662179,2910.358169,2913.026308
2833.002296,2834.500236,2840.433668,2851.767648,2906.970145,2907.034132,2908.666413,2911.311169
2833.010320,2834.561966,2840.094337,2850.991129,2904.222143,2908.506180,2908.598522,2909.183584
2833.395655,2835.958020,2839.690667,2850.242093,2902.679342,2907.606696,2908.783655,2909.352854
2833.070283,2836.070461,2839.739896,2850.358051,2902.937576,2907.684198,2908.815136,2909.335050
2833.226159,2834.771949,2839.918720,2850.717028,2903.323827,2908.252928,2908.664020,2908.783931
2833.120639,2834.788362,2840.049050,2850.939163,2904.639568,2908.591515,2909.162982,2909.802888
2833.022009,2836.103599,2839.952906,2850.647368,2904.318730,2908.475010,2908.949231,2910.103102
2832.003163,2833.500000,2836.122028,2846.782863,2909.054195,2910.691083,2911.515225,2912.172352
2832.003755,2833.500141,2836.423595,2847.380949,2906.688138,2909.526358,2912.035389,2914.299899
2832.598858,2836.564552,2840.034245,2850.921763,2903.875386,2907.804853,2908.468975,2908.732464
2832.002766,2833.501621,2840.069556,2850.932640,2904.916514,2908.569799,2908.936767,2909.911388
2833.321947,2837.900968,2839.728790,2850.095095,2902.113724,2907.802330,2910.150780,2912.607673
2832.000107,2840.345370,2841.255092,2855.887028,2897.154448,2903.978416,2913.071619,2915.480587
2832.008246,2834.407750,2840.299975,2851.754065,2904.134398,2904.851531,2910.171652,2913.093757
2832.060106,2836.198572,2837.534758,2848.860474,2904.666057,2905.402566,2911.394473,2914.191084
2832.000029,2837.022610,2841.058890,2854.301410,2901.959901,2905.432438,2912.070444,2912.148299
2832.011313,2834.416564,2840.874660,2852.986797,2905.587486,2907.247266,2908.958308,2911.415222
2832.002343,2833.691828,2840.492991,2852.031419,2906.281715,2907.133926,2909.100928,2913.099984
2834.802458,2834.842875,2837.862813,2837.994426,2902.782231,2907.775719,2913.097709,2914.969225
2833.467279,2833.501174,2836.973332,2842.097727,2903.716678,2907.230336,2911.336033,2912.744162
2832.051490,2835.831005,2837.578860,2848.661323,2905.439255,2908.513164,2909.394114,2910.602670
2834.703503,2834.854437,2837.648241,2838.891714,2903.192369,2908.704802,2911.260994,2913.085402
2833.500071,2833.888778,2836.005021,2846.233765,2905.395363,2905.887078,2913.099900,2913.782884
2832.002534,2835.341898,2837.327277,2848.199720,2905.504615,2909.555447,2911.587528,2911.604175
2832.018651,2835.142593,2837.703801,2850.024069,2904.955623,2909.603284,2910.634572,2913.169987
2832.008381,2834.554210,2840.183560,2851.514419,2905.892127,2908.192353,2908.689269,2910.801219
2832.000610,2841.072382,2842.048652,2855.897893,2905.335104,2906.989785,2912.612580,2914.299810
2834.822652,2835.822325,2838.672902,2848.671200,2894.700312,2904.674166,2905.609355,2915.497913
2808.124067,2816.195472,2842.001602,2845.308879,2891.969382,2896.666592,2902.827797,2914.492581
2809.977365,2814.317723,2842.250713,2844.384652,2892.037694,2896.662243,2902.662434,2914.493851
2809.495243,2814.558474,2841.984246,2845.248127,2891.327849,2896.995422,2902.366831,2914.492866
2807.864098,2815.515568,2841.688505,2843.833895,2890.551373,2899.195118,2906.675187,2914.500000
2810.416631,2810.506084,2842.040986,2845.151305,2892.028308,2896.997750,2902.678198,2914.494898
2810.594149,2810.765679,2842.142506,2844.787113,2891.569120,2893.481172,2905.574240,2914.500000
2809.884873,2813.384848,2842.137613,2844.672850,2892.132986,2896.997613,2902.724893,2914.497392
2810.488834,2810.619897,2841.852027,2845.984965,2891.830340,2896.999478,2902.573716,2914.499082
2808.413258,2816.233374,2842.109741,2845.012511,2892.316212,2896.998360,2902.978257,2914.496708
2808.109736,2815.648032,2837.619919,2845.585061,2891.213727,2896.999405,2901.930495,2914.490063
2810.106491,2811.553233,2841.765139,2845.158606,2892.268507,2896.991675,2902.784013,2914.499939
2810.174707,2810.480976,2841.925162,2845.310579,2892.300851,2896.998482,2902.841386,2914.494360
2808.927951,2814.437141,2841.684932,2845.672411,2891.998045,2896.997240,2902.728739,2914.496312
2807.381925,2815.456629,2841.493605,2847.614498,2891.961491,2896.999768,2902.735158,2914.499313
2808.752755,2816.100747,2841.640925,2846.747650,2891.837122,2896.999485,2902.688540,2914.499661
2807.457118,2815.733593,2841.171197,2846.567662,2891.916935,2893.438745,2905.869889,2914.500000
2808.115019,2815.302754,2840.699004,2851.999996,2888.550005,2896.998626,2901.117849,2914.497193
2809.689304,2814.812279,2841.763592,2845.419198,2891.917879,2896.999930,2902.742285,2914.497877
2808.612353,2816.103136,2841.557228,2847.101602,2891.891534,2896.999942,2902.718908,2914.499994
2809.035715,2815.160314,2841.783659,2845.350944,2891.917225,2896.996503,2902.712678,2914.498842
2806.844083,2814.939560,2841.532976,2846.761485,2892.236218,2897.333324,2902.916402,2914.499560
2808.564406,2814.481095,2841.595064,2846.321225,2892.132605,2897.333023,2902.881865,2914.497199
2808.117518,2815.349969,2841.594640,2846.282623,2892.311602,2897.331915,2902.981564,2914.491507
2808.422629,2815.609248,2841.801026,2844.528293,2892.415106,2897.329797,2902.956359,2913.945651
2808.117324,2815.807631,2841.463880,2847.314691,2892.194501,2897.333211,2902.945605,2914.499914
2807.625706,2815.498707,2840.660920,2844.491676,2890.614669,2899.390087,2906.868226,2914.500000
2808.387258,2815.204562,2841.386004,2845.281243,2891.494926,2897.332600,2902.596216,2914.496691
2808.268590,2815.861889,2841.223468,2849.306106,2891.338945,2897.331871,2902.597722,2914.499457
2805.549746,2814.234312,2840.401740,2850.856827,2891.369493,2899.868915,2907.177846,2914.500000
2807.970085,2813.572203,2841.535643,2846.149613,2892.252245,2897.333083,2903.014771,2914.496586
2808.135618,2813.483469,2841.573178,2845.676695,2892.214480,2897.332685,2902.989431,2914.496587
2807.187016,2815.043055,2841.428372,2846.369659,2892.186531,2897.332562,2903.036721,2914.494777
2810.053175,2810.211976,2839.121219,2842.688781,2892.569665,2901.669869,2907.743529,2910.938716
2807.544682,2815.381077,2842.197407,2844.087831,2897.320416,2901.831734,2910.996978,2913.424947
2808.203627,2814.774143,2842.375240,2843.471164,2897.332022,2901.472523,2908.744085,2913.651433
2807.394663,2815.350504,2841.395922,2844.581637,2897.299165,2901.741035,2909.536657,2914.498253
2806.929450,2815.455953,2840.063727,2847.735814,2897.056034,2901.681430,2910.999147,2914.496800
2807.852981,2815.029363,2842.155650,2844.086991,2896.268981,2901.823764,2909.232440,2913.430297
2807.613792,2815.336472,2841.983346,2844.313675,2897.324788,2901.153827,2908.513411,2914.493618
2807.623393,2815.595105,2841.182368,2844.824450,2897.230279,2901.832430,2910.999039,2914.493620
2808.637447,2814.203958,2842.251214,2842.580631,2895.281444,2900.674383,2908.811929,2912.622094
2807.826129,2815.511413,2841.545163,2844.278079,2897.264285,2901.766866,2910.996180,2914.497363
2807.594921,2815.485702,2841.336864,2844.829172,2897.285437,2901.725087,2909.914503,2914.498228
2807.771232,2815.633075,2841.588369,2845.038527,2897.317442,2900.791205,2908.207364,2914.112057
2806.677956,2814.785342,2842.089189,2843.735821,2897.331873,2901.832332,2910.997830,2913.729792
2807.020939,2815.089246,2841.946849,2843.740528,2895.955118,2901.832162,2910.999982,2914.056929
2809.857352,2810.028453,2842.212060,2844.705543,2892.613588,2901.831278,2910.999319,2912.937383
2809.771974,2809.974068,2842.219736,2844.334272,2892.268334,2901.831356,2910.616842,2914.078108
2809.949117,2810.111196,2841.848752,2844.888565,2891.300035,2901.832066,2909.868649,2912.144948
2807.960328,2814.218110,2841.830786,2845.083181,2891.980689,2901.828850,2910.999968,2913.451824
2808.010026,2814.114630,2841.945966,2844.802054,2892.087053,2901.826627,2910.999961,2913.387293
2807.556757,2815.103447,2841.337471,2845.512513,2891.689111,2901.831585,2910.989858,2914.088300
2807.985234,2813.814383,2842.342180,2842.932561,2896.156516,2900.791984,2907.580448,2911.948356
2807.661184,2814.263038,2841.822392,2843.986724,2896.687603,2901.344111,2908.319101,2913.112420
2807.730640,2814.062316,2841.685762,2844.192005,2895.952036,2902.160687,2910.039525,2913.214877
2807.031722,2815.000413,2840.599940,2844.421483,2897.012702,2902.165388,2910.999988,2914.312730
2807.160322,2814.861814,2840.823496,2844.774048,2897.649551,2902.025956,2909.895635,2914.498644
2807.192923,2814.794347,2841.903460,2845.003913,2892.322580,2902.163964,2910.997977,2911.964690
2807.337805,2814.560270,2841.924214,2844.811888,2892.660704,2902.164613,2910.998985,2911.938673
2807.878749,2813.271259,2842.248759,2842.437849,2892.454828,2902.142553,2907.719222,2910.486655
2806.891776,2815.165821,2839.917461,2846.053000,2891.174312,2901.833326,2911.997397,2914.134153
2807.799568,2814.481677,2841.334807,2844.983391,2892.444797,2901.831669,2911.994869,2913.696131
2807.315827,2814.918511,2841.248055,2845.422875,2892.273134,2901.831763,2910.835837,2914.273096
2807.128749,2815.130064,2840.662138,2845.760646,2891.545159,2901.832475,2911.278326,2913.875852
2807.271783,2815.071880,2840.574860,2844.082966,2896.863531,2901.774878,2911.488830,2915.499894
2807.956283,2813.228204,2842.207406,2843.319902,2891.612476,2901.832850,2908.998644,2911.830635
2808.045358,2813.093142,2842.351419,2842.409549,2892.304246,2901.830383,2907.810526,2911.131852
2807.144880,2814.295458,2840.973450,2844.791173,2897.284642,2901.831077,2911.995244,2913.383379
2807.686343,2812.825190,2842.015960,2843.192162,2897.200232,2900.703288,2907.593653,2913.662226
2807.190778,2813.410579,2840.432522,2844.381250,2897.309883,2901.816545,2910.252369,2915.497292
2806.836860,2813.290837,2839.730364,2843.688021,2897.303689,2901.833274,2911.999000,2915.381346
2806.936924,2813.296245,2840.021468,2843.724842,2897.321033,2901.830389,2911.998853,2915.493468
2807.711765,2812.735916,2842.294423,2842.424865,2894.206187,2901.373133,2908.116244,2911.930200
2807.389789,2813.167072,2841.382682,2843.681231,2895.600579,2901.830394,2909.053862,2913.091782
2807.165285,2813.128243,2841.423136,2844.470128,2896.466053,2901.831025,2910.121672,2913.479764
2807.129683,2813.298443,2841.000785,2844.396856,2896.533048,2901.831748,2909.965521,2913.568474
2807.148490,2813.260338,2840.964511,2844.366937,2896.509603,2901.831529,2909.834165,2913.516877
2805.971855,2814.183918,2839.602444,2843.567386,2897.459417,2902.161517,2911.999604,2913.074033
2805.944445,2814.172408,2839.781333,2843.711548,2897.320198,2902.030298,2911.998722,2913.904288
2808.866007,2813.508996,2841.213327,2845.357714,2892.697497,2897.665137,2903.629133,2915.489028
2807.413719,2815.133854,2841.012891,2845.491577,2892.493801,2897.664956,2903.516685,2915.498729
2807.793620,2815.190532,2840.883609,2848.097245,2892.411236,2897.666632,2903.513095,2915.487685
2808.172127,2815.170820,2840.940533,2847.450183,2892.658360,2897.665818,2903.651352,2915.499921
2806.043818,2814.072361,2840.787506,2844.716486,2897.031521,2902.494440,2911.999087,2913.964948
2805.565140,2813.977884,2839.807173,2844.757564,2897.946687,2902.361510,2911.999412,2915.498274
2805.496291,2814.021166,2839.899287,2846.935198,2897.897124,2902.499511,2911.999996,2915.499536
2805.744649,2813.819516,2840.562892,2843.703294,2896.460719,2902.494571,2911.317344,2913.534191
2805.386002,2813.802331,2839.735274,2844.769274,2897.963808,2902.258797,2911.707181,2915.498705
2805.828892,2813.457884,2841.276662,2842.201318,2894.292366,2902.495922,2909.272575,2910.873908
2805.908687,2813.642431,2841.885612,2843.720035,2896.019691,2902.490573,2911.086942,2912.562959
2806.479527,2814.493542,2840.244890,2845.556254,2897.999781,2902.492054,2911.998763,2913.987480
2806.050745,2813.637919,2841.758532,2843.828703,2896.035552,2902.496579,2911.999424,2913.266526
2806.133318,2813.424540,2841.212521,2842.195203,2894.123088,2902.499467,2908.381763,2910.556248
2806.375035,2814.036187,2840.938416,2845.272740,2897.982924,2902.494665,2911.999025,2914.276181
2806.732273,2814.357061,2839.594162,2844.784797,2897.752375,2902.100441,2911.999009,2915.499609
2806.345895,2814.034233,2840.484679,2844.216135,2897.977193,2902.492227,2911.998874,2914.688352
2806.487286,2814.141970,2840.440352,2844.665039,2897.957320,2902.496815,2911.999975,2914.072644
2806.669161,2813.735359,2841.485521,2843.593491,2897.098216,2902.374844,2910.942955,2913.989557
2806.847901,2813.867130,2841.855542,2842.913956,2896.993745,2902.484443,2910.822497,2913.126535
2806.249249,2814.189735,2840.076149,2843.304202,2897.312541,2902.498361,2910.562877,2912.537902
2807.056803,2814.471294,2838.960925,2844.539579,2897.994038,2902.249071,2911.996493,2914.780819
2807.270895,2814.326109,2839.179883,2844.137572,2897.676662,2902.115091,2911.642634,2915.163277
2806.665213,2813.875522,2840.850020,2846.785598,2893.004397,2898.331525,2904.008736,2915.497882
2807.314407,2813.387131,2840.748926,2847.306667,2892.939075,2898.332980,2903.986834,2915.499740
2807.289093,2812.938576,2840.690232,2846.358108,2892.943270,2898.325722,2903.937148,2915.480768
2806.879625,2813.619432,2840.704757,2848.577107,2893.033218,2898.333208,2904.051707,2915.482920
2807.265130,2814.091600,2840.760643,2847.435136,2893.086822,2898.332283,2904.095461,2915.498636
2807.103989,2813.281785,2840.757836,2846.282920,2892.978646,2898.330752,2903.982444,2915.220891
2806.783839,2813.434567,2840.636954,2846.617232,2892.943066,2898.330985,2903.968209,2915.494210
2806.748696,2814.077210,2840.530941,2849.969265,2893.088098,2898.331512,2904.153769,2915.493182
2806.381113,2812.945151,2840.720901,2846.405922,2892.919389,2898.332370,2903.996480,2915.494560
2806.513836,2813.135625,2840.698398,2847.815946,2893.086756,2898.333207,2904.105854,2915.499033
2807.065779,2812.078044,2840.302692,2846.307149,2892.107398,2898.332466,2903.588299,2915.468693
2806.438850,2813.154843,2840.719801,2847.067044,2893.025121,2898.332542,2904.094048,2915.498506
2806.666769,2813.252774,2840.689833,2847.006519,2892.943803,2898.331250,2904.039931,2915.499968
2806.682811,2813.568845,2840.605052,2848.036136,2892.941308,2898.332331,2904.055460,2915.495139
2806.512716,2813.249871,2840.662861,2846.382945,2892.810707,2898.331591,2903.973118,2915.455812
2806.367371,2813.565538,2840.597386,2847.178136,2892.743832,2898.333298,2903.962468,2915.492436
2806.169915,2813.687656,2840.607626,2847.939622,2892.787636,2898.331475,2903.979367,2915.469604
2806.623776,2813.273676,2840.562591,2847.487379,2892.754902,2898.181657,2903.953173,2915.496074
2806.841055,2814.443378,2838.750716,2846.805245,2892.152358,2900.740426,2908.162112,2915.500000
2806.012861,2812.854155,2840.597836,2845.583515,2892.942335,2897.889979,2903.967797,2915.476505
2806.330612,2813.665660,2840.650626,2846.877073,2892.957095,2898.292570,2904.066705,2915.499255
2806.374060,2813.869492,2840.640365,2848.254927,2893.052821,2898.332716,2904.160014,2915.494892
2806.591126,2813.905913,2840.626853,2847.879233,2893.137816,2898.333277,2904.194501,2915.499708
2806.641042,2813.140538,2838.723797,2843.416401,2898.101162,2902.832205,2910.748178,2912.915677
2805.913243,2813.108400,2839.209257,2842.925013,2898.315422,2902.832318,2911.998641,2913.725325
2806.837984,2813.571631,2838.869951,2843.169574,2898.265338,2902.825876,2911.820079,2913.420365
2807.230909,2812.494346,2837.957700,2843.690324,2890.351250,2902.830507,2909.658272,2912.837886
2806.981886,2813.188724,2837.697885,2843.105072,2896.321546,2902.831253,2910.116234,2912.607558
2807.150163,2812.748924,2838.460382,2845.649115,2898.182169,2902.832428,2911.999996,2915.382500
2807.248202,2808.302550,2838.689543,2843.279391,2898.333039,2902.831139,2911.172319,2914.104616
2808.657946,2809.724437,2838.061046,2843.799882,2897.146084,2902.666546,2911.991284,2913.747497
2808.526276,2810.319916,2838.008211,2843.981992,2898.133238,2902.831387,2911.996076,2913.343010
2809.087798,2809.513384,2837.576017,2844.426935,2897.420936,2902.829215,2911.998975,2913.828922
2806.133774,2813.057740,2840.501975,2847.042561,2892.984645,2898.333269,2904.165697,2915.498402
2806.475720,2813.032213,2840.502814,2848.012755,2893.070638,2898.333333,2904.237251,2915.446296
2806.816477,2813.500598,2840.456249,2846.756717,2892.918291,2898.332215,2904.139370,2915.498779
2806.754308,2813.737683,2840.401668,2848.718475,2893.126293,2898.332950,2904.304910,2915.499474
2806.539366,2813.741521,2840.492155,2847.099552,2893.031004,2898.332658,2904.220410,2915.498331
2807.565232,2812.993440,2840.433328,2846.668925,2892.571153,2898.331178,2903.579624,2912.776764
2807.268789,2812.971119,2840.585888,2845.374757,2893.297691,2898.328260,2904.325767,2915.471776
2806.489747,2813.880557,2840.413554,2847.786883,2893.245951,2898.333246,2904.374228,2915.499703
2806.567282,2813.796649,2840.410272,2847.190549,2893.174467,2898.332747,2904.323831,2915.495972
2805.363521,2813.025526,2839.844570,2848.493430,2891.904693,2898.333328,2906.125582,2915.499245
2807.115292,2813.472210,2840.431862,2846.488503,2893.071118,2898.332058,2904.268248,2915.496648
2804.907831,2812.416412,2839.173123,2844.967055,2888.908598,2903.050829,2907.012325,2915.492682
2805.360367,2813.159768,2840.247646,2849.694730,2894.074980,2896.311496,2898.069235,2915.493487
2805.176855,2812.761045,2838.990078,2845.268778,2888.141059,2903.166666,2909.732681,2915.498841
2804.416087,2812.162715,2838.168466,2844.809181,2892.000007,2898.666581,2903.166667,2915.499104
2807.582213,2812.058504,2836.773121,2843.114800,2887.695673,2902.833333,2912.997807,2915.015402
2808.096635,2810.188530,2836.654127,2842.903517,2891.501883,2902.833327,2911.925006,2915.405753
2806.194599,2812.982940,2837.840808,2843.056307,2897.486448,2902.832649,2912.998468,2916.498018
2806.654990,2811.963423,2838.454252,2842.540344,2896.037974,2902.120367,2911.914036,2916.238708
2807.394130,2811.179019,2837.948986,2843.384363,2896.875024,2901.364578,2909.231992,2916.495010
2807.322619,2810.980509,2838.198245,2843.200235,2896.450270,2901.505919,2909.327324,2916.487865
2807.346947,2811.157249,2837.768890,2843.632465,2897.983166,2902.826907,2912.999484,2916.494383
2806.964751,2811.731094,2838.007554,2842.999236,2897.374245,2902.131745,2912.996201,2916.497842
2807.100030,2812.224720,2837.723733,2843.819883,2898.010469,2902.832905,2912.475638,2916.496396
2806.992235,2812.061563,2838.019416,2843.620638,2898.300423,2902.320151,2911.470933,2916.491967
2806.054981,2812.651467,2837.236519,2843.315595,2898.291922,2902.511931,2912.999726,2916.499667
2807.106417,2812.019854,2836.989019,2844.116237,2898.006989,2902.832635,2912.999152,2916.498275
2807.374736,2810.882089,2837.604484,2843.760220,2898.300535,2902.832683,2912.999129,2916.497060
2806.396456,2812.148700,2837.809899,2842.790419,2896.916212,2902.388306,2912.998390,2916.049319
2806.271474,2812.186938,2837.697409,2842.844165,2897.245131,2902.197974,2912.997343,2916.492693
2806.984872,2811.978003,2837.102648,2842.662775,2891.935231,2902.831759,2910.292986,2914.597755
2807.611328,2811.913129,2836.345960,2843.174449,2891.656170,2902.832890,2912.997574,2915.831357
2806.441826,2813.387216,2837.073356,2843.908799,2896.631066,2902.832987,2912.999711,2913.985281
2807.235293,2811.434960,2836.805675,2842.611154,2891.819968,2902.828477,2909.926933,2916.082699
2807.469275,2811.522977,2836.370771,2842.935238,2887.638021,2902.833328,2911.598765,2916.499896
2806.956671,2811.958440,2837.662658,2843.449746,2884.257417,2902.831608,2912.999071,2916.458182
2807.235760,2811.418421,2836.701773,2842.974967,2891.174602,2902.832390,2910.072657,2914.613384
2807.471431,2811.118302,2836.282114,2842.710432,2888.876529,2902.833328,2912.998061,2916.498685
2806.640087,2810.414162,2840.013352,2848.676855,2893.318247,2898.666564,2904.737280,2916.482560
2805.767339,2811.856280,2840.169039,2846.091573,2893.514933,2898.664040,2904.783058,2916.475953
2805.782585,2812.670287,2839.991577,2848.772056,2893.627555,2898.664227,2904.876839,2916.499686
2803.101306,2811.005509,2837.553926,2844.838432,2887.537902,2898.666666,2907.467946,2916.500000
2806.023569,2810.417213,2839.838258,2848.148744,2893.230264,2898.665918,2904.687671,2916.499332
2807.521275,2810.131688,2837.155404,2845.808911,2888.530910,2898.666651,2907.268215,2916.500000
2806.676530,2811.349164,2837.723020,2845.723880,2893.019574,2894.874791,2907.602576,2916.500000
2804.394773,2812.264256,2837.854594,2846.253818,2892.743577,2901.422641,2908.942766,2916.500000
2804.603894,2812.497331,2837.828817,2846.850957,2892.878063,2901.463123,2908.967996,2916.500000
2806.157843,2813.817616,2837.828097,2847.705429,2892.733576,2901.439780,2908.962603,2916.500000
2806.826566,2813.431963,2837.655966,2852.872003,2902.050207,2903.826728,2929.267409,2937.698303
2806.016089,2813.339648,2837.427178,2846.481459,2887.451870,2898.666667,2907.532990,2916.500000
2804.865316,2812.677613,2837.749917,2846.825282,2892.798972,2901.525340,2909.021432,2916.500000
2809.118735,2817.543220,2838.105778,2845.365224,2893.356782,2901.891087,2909.224483,2916.500000
2805.562799,2812.645986,2837.725276,2846.336869,2892.730474,2901.446880,2908.973433,2916.500000
2806.825290,2810.943364,2837.617542,2845.572684,2892.943858,2895.029142,2907.592243,2916.500000
2806.100613,2813.756275,2837.745786,2847.528935,2892.789930,2901.488491,2909.007579,2916.500000
2806.096363,2813.753516,2837.746541,2847.524315,2892.789407,2901.488101,2909.007642,2916.500000
2805.832144,2810.518481,2837.521097,2843.248297,2898.895732,2903.499319,2912.999742,2914.644873
2805.559934,2811.190521,2837.265141,2844.238430,2898.999787,2903.498707,2912.999712,2915.735847
2806.726215,2809.882070,2837.021308,2842.841622,2895.522508,2903.493073,2911.817641,2913.580342
2806.561753,2810.487097,2837.497340,2843.573612,2898.986280,2903.498246,2912.997662,2914.984658
2806.668217,2810.079890,2837.368963,2843.164195,2897.836934,2903.496849,2912.999014,2914.321526
2806.691724,2813.486815,2836.699112,2844.092991,2902.083723,2903.414258,2929.626450,2938.219113
2802.195871,2809.193085,2843.672589,2846.734975,2902.243857,2903.983510,2930.066454,2938.725099
2803.449085,2809.297643,2836.471358,2849.999108,2902.123150,2903.733582,2928.391819,2936.560716
2805.597538,2812.262340,2836.374493,2849.353364,2902.236421,2903.674354,2930.004279,2938.682488
2806.616077,2812.905604,2836.682668,2849.999945,2902.273491,2903.637419,2930.080078,2938.765635
2804.888000,2811.478872,2836.416339,2849.998856,2902.244477,2904.253115,2926.504516,2934.192253
2805.711988,2812.471962,2836.543986,2849.999745,2902.318298,2903.713924,2930.113280,2938.792793
2809.857530,2819.898498,2837.458174,2843.582105,2902.354394,2904.090706,2928.779079,2937.236080
2803.341147,2807.248859,2836.377901,2849.999537,2902.302365,2903.671273,2930.145022,2938.841360
2803.543560,2806.534448,2835.962235,2844.996681,2902.275119,2903.480497,2930.060441,2938.753838
2804.221569,2807.544635,2836.377916,2849.999972,2902.338491,2903.672315,2930.183385,2938.877426
2801.518338,2808.042808,2837.051976,2852.332340,2902.363826,2904.088678,2930.476989,2936.472183
2807.312659,2808.063922,2836.262346,2849.510097,2902.431889,2903.644796,2930.307834,2939.008154
2804.394579,2807.625826,2836.263888,2849.999772,2902.340132,2904.182683,2930.479004,2936.486790
2805.668466,2812.460212,2836.346311,2843.944980,2902.396898,2903.946455,2930.501762,2936.559919
2804.336077,2811.444591,2836.831845,2842.731356,2902.422216,2904.030832,2930.517041,2936.577191
2805.143341,2809.534317,2835.658100,2846.455075,2902.406384,2904.138542,2930.553600,2936.587656
2805.381589,2812.248385,2836.491529,2843.455566,2902.405721,2904.045667,2930.545198,2936.597234
2806.067675,2807.645428,2834.944834,2843.976597,2901.715144,2905.647157,2930.844745,2939.455135
2806.721063,2807.885720,2836.271254,2850.000000,2901.869034,2905.421986,2930.800895,2939.413455
2806.679920,2807.938952,2836.267581,2849.999988,2900.257453,2907.719323,2931.247745,2939.809465
2805.370870,2812.244385,2836.216667,2844.699483,2902.539366,2903.572950,2930.521874,2939.248835
2805.375785,2812.247883,2836.171902,2844.949563,2902.542531,2903.573415,2930.525828,2939.252156
2807.280542,2813.407930,2835.139747,2844.384928,2901.794030,2905.674241,2930.905755,2939.512741
2805.366876,2812.420693,2836.626300,2842.804507,2900.240494,2907.692369,2931.250315,2939.860669
2805.361238,2812.415482,2836.623234,2842.803396,2900.243579,2907.696353,2931.255380,2939.865703
2805.620767,2812.574614,2836.594238,2842.874247,2901.831714,2905.402752,2930.883452,2939.528011
2805.194106,2812.083628,2836.182940,2844.784078,2902.574784,2903.595627,2930.572001,2939.298304
2805.372865,2812.244514,2836.113820,2845.093920,2902.582186,2903.595797,2930.584180,2939.311264
2805.936434,2812.782520,2836.284425,2844.067512,2902.575084,2903.639232,2930.575935,2939.303074
2806.096806,2812.833943,2836.003342,2844.454438,2902.577620,2903.986810,2930.759917,2936.826821
2807.030862,2813.192076,2835.019392,2844.243529,2901.724065,2906.052370,2931.473103,2937.184982
2804.561001,2811.487503,2836.161900,2843.788122,2901.720263,2905.949656,2931.447937,2937.188375
2807.088591,2807.456113,2836.402204,2850.959203,2902.673150,2904.212600,2930.926106,2936.946455
2807.136414,2807.820546,2835.578926,2846.430425,2902.627955,2904.169356,2930.870005,2936.918461
2806.764528,2807.560228,2835.654183,2847.682266,2902.658272,2904.095800,2930.886375,2936.937141
2805.818679,2807.301312,2834.781829,2843.829831,2901.748669,2906.129258,2931.549451,2937.267537
2804.955836,2811.819503,2835.936608,2844.624672,2902.682625,2904.045334,2930.930783,2936.999543
2804.904747,2811.758310,2835.945871,2844.549217,2902.686824,2904.059076,2930.937272,2937.006466
2805.333646,2812.299716,2836.512273,2842.813358,2902.670719,2904.102460,2930.927845,2937.003804
2805.139910,2812.037996,2835.934133,2845.367011,2902.759911,2903.703118,2930.843655,2939.574153
2805.604624,2812.474764,2836.061056,2844.337062,2902.741648,2903.758063,2930.827516,2939.558528
2804.860448,2811.788731,2836.106983,2844.202850,2902.766381,2903.762408,2930.859388,2939.590850
2805.097614,2812.005319,2835.892084,2845.430446,2902.805862,2903.727896,2930.910904,2939.642585
2805.385719,2812.334989,2836.248415,2843.589109,2902.799959,2903.779610,2930.915764,2939.649657
2804.238631,2811.189301,2835.996180,2843.742577,2901.929304,2906.096376,2931.723454,2937.473466
2805.707783,2810.686395,2834.960527,2844.219847,2902.162112,2905.861676,2931.323212,2939.936901
2805.198077,2812.181790,2836.289130,2842.951713,2902.208919,2905.552561,2931.293570,2939.946232
2799.879405,2807.172648,2835.972166,2849.997732,2902.357579,2905.575718,2931.322420,2939.953697
2799.500948,2806.200937,2835.528366,2848.301893,2902.292090,2905.585415,2931.327305,2939.965130
2802.673976,2807.292412,2835.557662,2847.665658,2902.930515,2903.893457,2931.073091,2939.796532
2800.372322,2806.315778,2835.525740,2846.974564,2902.940830,2903.798783,2931.098265,2939.829969
2799.501604,2805.983849,2835.752635,2849.056579,2902.971025,2903.911262,2931.118270,2939.836360
2806.455337,2807.038783,2835.758628,2848.838899,2902.985245,2903.930748,2931.140592,2939.856827
2801.969086,2807.434827,2835.654772,2848.674476,2902.954046,2904.040310,2931.099083,2939.820073
2800.037786,2806.049165,2835.720025,2848.980076,2902.992107,2903.946646,2931.155462,2939.875369
2802.831866,2807.268754,2835.709986,2848.959076,2903.006487,2903.996965,2931.168681,2939.885043
2799.610874,2806.097493,2835.672148,2848.779306,2903.038046,2903.916933,2931.225345,2939.949772
2799.778838,2807.155422,2836.742889,2852.499450,2902.059826,2906.602889,2932.047616,2937.758191
2799.502184,2805.642080,2835.231382,2845.916906,2902.469735,2905.478705,2931.480571,2940.141524
2800.392196,2804.439000,2836.631609,2852.500000,2903.061851,2904.390245,2931.377107,2940.067786
2800.259777,2805.081803,2835.299654,2844.721829,2902.512196,2905.475722,2931.531753,2940.197739
2799.730224,2804.765334,2835.227681,2845.113257,2902.533655,2905.460025,2931.537733,2940.203003
2799.500409,2805.160012,2835.175752,2845.675315,2902.523919,2905.526451,2931.561738,2940.225067
2799.501550,2805.698292,2835.151611,2846.127835,2902.445256,2905.753312,2931.593756,2940.243901
2800.382406,2803.415045,2836.572678,2852.500000,2903.189097,2904.198122,2931.458813,2940.159065
2799.502891,2806.651305,2836.539658,2852.166862,2900.809994,2908.421859,2932.109345,2940.638155
2799.501269,2806.672092,2835.515251,2843.338892,2900.723577,2908.288550,2933.283714,2936.865159
2799.502545,2806.506715,2835.456135,2843.468960,2900.731277,2908.297074,2933.286080,2936.869862
2799.504533,2806.377242,2835.397037,2843.693872,2900.731670,2908.301198,2933.293802,2936.877119
2800.398260,2805.069825,2835.305802,2844.127017,2902.290268,2906.287312,2932.178088,2937.951705
2799.526762,2806.567882,2835.461597,2843.372484,2900.914624,2908.255742,2933.300568,2936.883621
2799.500693,2806.448437,2835.413109,2843.424659,2900.796689,2908.365224,2933.365777,2936.953646
2801.461135,2807.391246,2835.186560,2847.603651,2903.133394,2904.496713,2932.586899,2936.405924
2801.879481,2807.239235,2835.108364,2846.699178,2903.138921,2904.417841,2932.568662,2936.398212
2799.502129,2806.602449,2836.284204,2851.596430,2900.937597,2908.558557,2932.273591,2940.822256
2799.500410,2806.549989,2836.260491,2851.541361,2900.949809,2908.570147,2932.287984,2940.841765
2799.502683,2806.578020,2835.422978,2843.367902,2900.835537,2908.429422,2933.458523,2937.039209
2799.501561,2806.444160,2835.342984,2843.565631,2900.857527,2908.460135,2933.494898,2937.076185
2799.500797,2806.330742,2835.320525,2843.519959,2900.897353,2908.505444,2932.769891,2938.384560
2799.501255,2806.399744,2835.314832,2843.567670,2900.912975,2908.520991,2933.544571,2937.125954
2801.501156,2807.407853,2835.644723,2850.043894,2903.317923,2904.530229,2931.900238,2937.950263
2805.375853,2806.539831,2835.854911,2850.587856,2903.307503,2904.682549,2931.937251,2937.977102
2805.733632,2806.218009,2836.524063,2852.499880,2902.933994,2905.852870,2932.346277,2938.163807
2805.370073,2806.462353,2835.773142,2850.381771,2903.350757,2904.630484,2931.971985,2938.023411
2799.505286,2805.721329,2836.469201,2852.499176,2903.258298,2904.990047,2931.864945,2940.546533
2801.010599,2806.507695,2836.459508,2852.499174,2903.436297,2904.482873,2931.783531,2940.482906
2805.166152,2805.996193,2834.043584,2843.260895,2900.997446,2908.662844,2933.000251,2938.590145
2805.802950,2806.107112,2836.601636,2852.500000,2901.094213,2908.706952,2933.039096,2938.611365
2798.853272,2806.256291,2835.740907,2850.341337,2901.103714,2908.777049,2932.552992,2941.106347
2798.689137,2806.082577,2836.097294,2851.499199,2903.122676,2905.567475,2932.007491,2940.665896
2798.777308,2804.807175,2835.656885,2850.200075,2903.532663,2904.256274,2931.940568,2940.665930
2799.969317,2806.949699,2836.011570,2851.499051,2903.480681,2904.517311,2932.128384,2938.176294
2800.454239,2805.677675,2835.112454,2845.966751,2903.448444,2904.210210,2931.867095,2940.619148
2799.886788,2805.712015,2835.135780,2847.149009,2903.482379,2904.228493,2931.899715,2940.643754
2800.068512,2806.000693,2835.110977,2846.897818,2903.477291,2904.231934,2931.896676,2940.643983
2801.747653,2805.703444,2835.444122,2842.838205,2901.148225,2908.817780,2932.652782,2941.270153
2798.544727,2805.893652,2835.487918,2849.737701,2903.211690,2905.525069,2932.121918,2940.790007
2798.542375,2805.561264,2836.018899,2851.499959,2903.460164,2904.884768,2932.061482,2940.755432
2800.643438,2806.142264,2835.050557,2846.598584,2903.537118,2904.260286,2931.980548,2940.729219
2798.505147,2805.401218,2835.664796,2850.433964,2903.393963,2905.105198,2932.113743,2940.802715
2798.514354,2806.000625,2834.985401,2844.143617,2901.230611,2908.882291,2932.715951,2941.322813
2798.683826,2805.813051,2835.996760,2851.499616,2903.594468,2904.577975,2932.085603,2940.795650
2802.228106,2806.152138,2835.218928,2844.426459,2903.965061,2903.977221,2930.026248,2936.260830
2802.101409,2806.162856,2835.224890,2844.351052,2903.979192,2904.001776,2930.053140,2936.175567
2803.991997,2805.869796,2835.075973,2846.094214,2903.946050,2904.248823,2930.994285,2937.023110
2802.981969,2805.909719,2835.108005,2845.106950,2903.968145,2904.115209,2930.478697,2936.497164
2803.435977,2805.895687,2835.092529,2845.347157,2903.985931,2904.082086,2930.403071,2936.367722
2802.110719,2805.920885,2835.148800,2844.622784,2903.974115,2904.166820,2930.559593,2936.605261
2801.499870,2805.823066,2835.121934,2844.678348,2903.974879,2904.285006,2931.169921,2937.298975
2803.250107,2805.916327,2835.058732,2845.240234,2904.022454,2904.072814,2930.123561,2936.351660
2803.049670,2805.803505,2835.069401,2845.020807,2904.047270,2904.078432,2930.578585,2936.520347
2804.176556,2805.784105,2835.010551,2846.186623,2904.033819,2904.108954,2930.342693,2936.536971
2801.454031,2805.926533,2835.169533,2844.165169,2904.029782,2904.082078,2930.188138,2936.317571
2800.350334,2805.763358,2835.128458,2844.289667,2904.024163,2904.263545,2931.124938,2937.178183
2798.755839,2805.764214,2835.171777,2843.983539,2903.812032,2904.333013,2930.168401,2937.307514
2804.911911,2805.712400,2835.087620,2847.623827,2904.024689,2904.067444,2930.474246,2936.953042
2804.019300,2805.734661,2834.993085,2846.143613,2904.005906,2904.137367,2930.334530,2937.040038
2799.101816,2805.724946,2835.146242,2844.025690,2903.822563,2904.386977,2930.207208,2937.358808
2804.784062,2805.664958,2835.057959,2847.527128,2904.047768,2904.051370,2930.205988,2937.157904
2804.636254,2805.653875,2835.024049,2847.272554,2904.049914,2904.102923,2930.268783,2937.203094
2804.035238,2805.657465,2834.977107,2846.694064,2904.102248,2904.134483,2930.537208,2936.594205
2804.926257,2805.600537,2835.553294,2850.252164,2904.009006,2904.258833,2930.247646,2937.324119
2804.080573,2805.619343,2834.955317,2846.556095,2904.104160,2904.148297,2930.683363,2936.890578
2803.263151,2805.634068,2834.956572,2845.950634,2903.965039,2904.282671,2930.325756,2937.456905
2804.414310,2805.539557,2835.041324,2847.867400,2904.053465,2904.310264,2930.463391,2937.523032
2803.919011,2805.517877,2834.896607,2846.238480,2904.152340,2904.209598,2930.638643,2936.824188
2803.876649,2805.487715,2834.880258,2846.401315,2904.172107,2904.182931,2930.427086,2937.338294
2802.174639,2805.486274,2834.935465,2844.609508,2904.172330,2904.452060,2930.858918,2936.727935
2802.208918,2805.488933,2834.931629,2844.602215,2904.164186,2904.464018,2930.782942,2936.712579
2804.624829,2805.388866,2835.061983,2848.406286,2904.140453,2904.298421,2930.363291,2937.427628
2801.543522,2805.384873,2834.889466,2844.732858,2904.232823,2904.483345,2931.180495,2937.161586
2799.060090,2805.377465,2834.972742,2843.990715,2904.242552,2904.480344,2931.365833,2937.412060
2800.715507,2805.359691,2834.908203,2844.394694,2904.254096,2904.464867,2931.285448,2937.339726
2801.583461,2805.353171,2834.845565,2845.121227,2904.266510,2904.476328,2931.271222,2937.289295
2801.834307,2805.304104,2834.840024,2844.832107,2904.322543,2904.342547,2931.172225,2937.358188
2801.245838,2805.305324,2834.851924,2844.728564,2904.291502,2904.479110,2931.384862,2937.374494
2797.829991,2805.284755,2834.949656,2843.920961,2904.304684,2904.512097,2931.633286,2937.628356
2800.660700,2805.262154,2834.857877,2844.240632,2904.354918,2904.396238,2931.000819,2937.340729
2800.856507,2805.326742,2834.879474,2844.144307,2904.228024,2904.432929,2930.870281,2937.158246
2801.245682,2805.245819,2834.839989,2844.352247,2904.362347,2904.393333,2930.980979,2937.104953
2800.887652,2805.273559,2834.854546,2844.202077,2904.336840,2904.384289,2930.813821,2937.250056
2800.573123,2805.224551,2834.837525,2844.231164,2904.340669,2904.429195,2930.807833,2937.584999
2800.385965,2805.265841,2834.867765,2843.984459,2904.378375,2904.397733,2930.833854,2937.336431
2800.761003,2805.248363,2834.844664,2844.084392,2904.370196,2904.415990,2930.764325,2937.235232
2801.300941,2805.174629,2834.796187,2844.446898,2904.378548,2904.443717,2931.112025,2937.236649
2801.724374,2805.109436,2834.714635,2844.843732,2904.364223,2904.503153,2930.666455,2937.513869
2801.692879,2805.074369,2834.708309,2844.850278,2904.451627,2904.471801,2931.167618,2937.464121
2802.890227,2805.015523,2834.672392,2846.314851,2904.290509,2904.657594,2930.747045,2937.895165
2802.573317,2804.946188,2834.638096,2845.404398,2904.488428,2904.497345,2931.074036,2937.718945
2801.465328,2804.959778,2834.670475,2844.725700,2904.418521,2904.609600,2930.891879,2937.737759
2801.973044,2804.938782,2834.648172,2845.112326,2904.510462,2904.595762,2931.529337,2937.592365
2801.351480,2804.989988,2834.679544,2844.620950,2904.490668,2904.502747,2930.860820,2937.556888
2800.539431,2805.019423,2834.740004,2844.148537,2904.419932,2904.535184,2930.837818,2937.481010
2800.717347,2804.997619,2834.718374,2844.287279,2904.474949,2904.493245,2930.769374,2937.601297
2801.068998,2804.956376,2834.677105,2844.642838,2904.367165,2904.653304,2930.777394,2937.899677
2802.263976,2804.925318,2834.612099,2845.382012,2904.432735,2904.594953,2930.786302,2937.860224
2802.065186,2804.895674,2834.610426,2845.208533,2904.471381,2904.565640,2930.815354,2937.859257
2801.822224,2804.889664,2834.617125,2844.953545,2904.475018,2904.589785,2931.196901,2937.657096
2801.767735,2804.873588,2834.607315,2845.091639,2904.448301,2904.650996,2930.838221,2937.929685
2801.781761,2804.824229,2834.603396,2844.903408,2904.466411,2904.678691,2930.903534,2937.870243
2801.334212,2804.846815,2834.615100,2844.710966,2904.519947,2904.616404,2931.364625,2937.676517
2802.378422,2804.843922,2834.574840,2845.595239,2904.443434,2904.694007,2930.870514,2937.971882
2802.802151,2804.823285,2834.578505,2845.873542,2904.458101,2904.653433,2930.889746,2938.022658
2802.333017,2804.803158,2834.541764,2845.947707,2904.479534,2904.716256,2930.864225,2937.945661
2802.847184,2804.756562,2834.546077,2846.198329,2904.464939,2904.743205,2930.908177,2938.057065
2803.426940,2804.722070,2834.637139,2847.521855,2904.515868,2904.681627,2931.002618,2938.150298
2802.970923,2804.705412,2834.533300,2846.512369,2904.573261,2904.623091,2930.978203,2938.087628
2803.021377,2804.679830,2834.518307,2846.406367,2904.605104,2904.609299,2930.973463,2938.039392
2803.051093,2804.659531,2835.445616,2851.368691,2904.600324,2904.704578,2931.085417,2938.215225
2803.226373,2804.652782,2835.310658,2850.920768,2904.615732,2904.635884,2931.057200,2938.183363
2803.099565,2804.619516,2835.357059,2851.144693,2904.524776,2904.746271,2931.599786,2937.762528
2802.350222,2804.584626,2835.434791,2851.499998,2904.667280,2904.715461,2931.208416,2938.363118
2803.662906,2804.479199,2834.517930,2847.329819,2904.645099,2904.701068,2931.095294,2938.201878
2803.613578,2804.473721,2834.899959,2849.524478,2904.622470,2904.874154,2931.138386,2938.300723
2803.249558,2804.447579,2835.040312,2850.202205,2904.793142,2904.838571,2932.089044,2938.029491
2802.489101,2804.484746,2835.402212,2851.499965,2904.496048,2904.844825,2931.747900,2938.024491
2800.701535,2804.482411,2834.429054,2844.926610,2904.684350,2904.798338,2931.249460,2938.422202
2802.688545,2804.408306,2834.427282,2846.808733,2904.747165,2904.778163,2931.216742,2938.294224
2803.424489,2804.353573,2834.844462,2849.523437,2904.741862,2904.792604,2931.280782,2938.425567
2802.318675,2804.403835,2834.411816,2846.723722,2904.749103,2904.806440,2931.227908,2938.321860
2802.438600,2804.381526,2834.380091,2846.471714,2904.715972,2904.806114,2931.262373,2938.351057
2802.577534,2804.330900,2834.383040,2846.715277,2904.778596,2904.848031,2931.566785,2938.360480
2802.025030,2804.258458,2834.321907,2846.602885,2904.795712,2904.971800,2931.874603,2938.072024
2803.157536,2804.161861,2834.517227,2848.344314,2904.680036,2905.011692,2931.832420,2937.968076
2803.168849,2804.129653,2834.428304,2847.832829,2904.812334,2904.975789,2931.886068,2938.360407
2802.793688,2804.114673,2834.916518,2850.285323,2904.797542,2905.017088,2932.251710,2938.347058
2802.441721,2804.142561,2835.208476,2851.302326,2904.775229,2905.019028,2932.243475,2938.298048
2803.106127,2804.070655,2834.717353,2849.535038,2904.912552,2905.019319,2932.263777,2938.276710
2803.053435,2804.040845,2834.336309,2847.331939,2904.915479,2905.027404,2932.192637,2938.306268
2802.405731,2804.093523,2834.273822,2846.668367,2904.861765,2905.046979,2932.021564,2938.143275
2802.953463,2804.054710,2834.431371,2848.096225,2904.747300,2905.068423,2932.021894,2938.242753
2802.049221,2804.100294,2834.246842,2846.208671,2904.897310,2905.047324,2932.104438,2938.168177
2802.712512,2804.042104,2834.286665,2846.994992,2904.858450,2905.061501,2932.083504,2938.304736
2802.991121,2804.025448,2834.386536,2847.880391,2904.812671,2905.070643,2932.092381,2938.355334
2803.229990,2803.995970,2834.434711,2848.188664,2904.831665,2905.064158,2932.149294,2938.360050
2802.796628,2804.042252,2834.333457,2847.460011,2904.894264,2905.062674,2932.148313,2938.168675
2802.280523,2804.035155,2835.141945,2851.248323,2904.924905,2905.076729,2932.392495,2938.351444
2795.787242,2804.416530,2834.635310,2842.713922,2904.852853,2905.291410,2931.633010,2938.875628
2802.907439,2803.853282,2834.454064,2848.698306,2904.751933,2905.189109,2932.301212,2938.513756
2802.236837,2803.891174,2834.876184,2850.499375,2904.910081,2905.151223,2932.393358,2938.585503
2802.809954,2803.836171,2834.612191,2849.499636,2904.948036,2905.170082,2932.424451,2938.376388
2801.351220,2803.911030,2834.135196,2846.015931,2904.944461,2905.194531,2932.268268,2938.436606
2802.728457,2803.808037,2834.450415,2848.744871,2904.971031,2905.308408,2931.747404,2938.974513
2801.925254,2803.860486,2834.857582,2850.499970,2905.007703,2905.243647,2931.763121,2938.977100
2802.634245,2803.820197,2834.640826,2849.649195,2905.054470,2905.070409,2931.776708,2938.973731
2801.833211,2803.845928,2834.846254,2850.500000,2904.999902,2905.320315,2931.709895,2938.915969
2802.766737,2803.775928,2834.365477,2848.407327,2904.944839,2905.213450,2932.409028,2938.428225
2802.831177,2803.740981,2834.334367,2848.263542,2904.921095,2905.232582,2932.475024,2938.538821
2801.719837,2803.798429,2834.178905,2847.377875,2904.874443,2905.270173,2931.889646,2938.567473
2802.529281,2803.643016,2834.269808,2848.198681,2905.007922,2905.278723,2932.340080,2938.800383
2801.693284,2803.696861,2834.794022,2850.499941,2905.100055,2905.370171,2931.886988,2939.108889
2802.517466,2803.642902,2834.517166,2849.421815,2905.130948,2905.231084,2931.918692,2939.135780
2802.317946,2803.620435,2834.433760,2849.115008,2905.070335,2905.203914,2931.974791,2939.180482
2801.700738,2803.663939,2834.776122,2850.499867,2905.050884,2905.213426,2931.965455,2939.166434
2802.216363,2803.615951,2834.614888,2849.902943,2905.047387,2905.218519,2931.985516,2939.187678
2802.263156,2803.552186,2834.497726,2849.499179,2905.176455,2905.301363,2931.981354,2939.202179
2796.394732,2804.546548,2834.572108,2842.262064,2905.094922,2905.467481,2931.971593,2939.235723
2795.512882,2804.064040,2834.430926,2842.686274,2905.101129,2905.457160,2931.989279,2939.255996
2802.422886,2803.465991,2834.261668,2848.560105,2905.138044,2905.377561,2932.651505,2938.834975
2802.384593,2803.464267,2834.213417,2848.287691,2905.196073,2905.368352,2932.581150,2938.719315
2802.363932,2803.471380,2834.291203,2848.721334,2905.192820,2905.369768,2932.592322,2938.645881
2801.953761,2803.483256,2834.079905,2847.443643,2905.219161,2905.374563,2932.515057,2938.728615
2801.335002,2803.512651,2833.994032,2846.702010,2905.194341,2905.386280,2932.411380,2938.883752
2802.230172,2803.435593,2834.354636,2849.096415,2905.226674,2905.366019,2932.534496,2938.906740
2802.222803,2803.397576,2834.173763,2848.252536,2905.145213,2905.425029,2932.670686,2939.023825
2802.101666,2803.393162,2834.344203,2849.134520,2905.294026,2905.388133,2932.758490,2939.070601
2802.153780,2803.336790,2834.164957,2848.281506,2905.249889,2905.505338,2932.264416,2939.544663
2802.063739,2803.323204,2834.104760,2848.014761,2905.167673,2905.467521,2932.753693,2939.162696
2802.003412,2803.331518,2834.335495,2849.211180,2905.333274,2905.353668,2932.247701,2939.465061
2801.767864,2803.309288,2834.390548,2849.498052,2905.293573,2905.525033,2932.158058,2939.400671
2801.991967,2803.286135,2834.258421,2848.910890,2905.333728,2905.402351,2932.305752,2939.571331
2802.000424,2803.245109,2834.110534,2848.183488,2905.331716,2905.481377,2932.258520,2939.518756
2801.714735,2803.270493,2834.145777,2848.452357,2905.295091,2905.408932,2932.400917,2939.645499
2801.844678,2803.211779,2834.263071,2849.141804,2905.311222,2905.527059,2932.891890,2939.001070
2802.002113,2803.152764,2834.077690,2848.296864,2905.382422,2905.547063,2932.814530,2938.934620
2801.970364,2803.137670,2834.159657,2848.749432,2905.420371,2905.542961,2933.035830,2939.104290
2801.903365,2803.137164,2834.225688,2849.119133,2905.318488,2905.577423,2932.796069,2938.930646
2801.808477,2803.135362,2834.216274,2849.075761,2905.260253,2905.589150,2932.771619,2939.022604
2801.856845,2803.099799,2833.970173,2847.804680,2905.447732,2905.572552,2932.799553,2939.022111
2801.843308,2803.082888,2834.160772,2848.885298,2905.447483,2905.575585,2933.038089,2939.209167
2801.947669,2803.076196,2834.103009,2848.613046,2905.381104,2905.600554,2933.006928,2939.050823
2801.816219,2803.074211,2833.947385,2847.703683,2905.461590,2905.584330,2932.905172,2939.131812
2801.930788,2803.066058,2834.041873,2848.312239,2905.425187,2905.599279,2932.939631,2939.036486
2801.538641,2803.072968,2834.219413,2849.172857,2905.468042,2905.517080,2932.632740,2939.939044
2801.305055,2803.074145,2834.335526,2849.695210,2905.483399,2905.537359,2932.696482,2939.966443
2801.040373,2803.095810,2834.467891,2850.191656,2905.480449,2905.499251,2932.623619,2939.923023
2800.370937,2803.114188,2833.863180,2847.194336,2905.483935,2905.507644,2932.820578,2940.129021
2800.845926,2803.095238,2834.541468,2850.498895,2905.491366,2905.521749,2932.503210,2939.773579
2801.321127,2803.022945,2834.328734,2849.745447,2905.473755,2905.645071,2932.548520,2939.834695
2801.556665,2802.989310,2834.128713,2848.875783,2905.463377,2905.707885,2932.841249,2940.203963
2800.419493,2803.004701,2834.500024,2850.499880,2905.510820,2905.692522,2932.530605,2939.797575
2801.109437,2802.980498,2834.351651,2849.955157,2905.494050,2905.573435,2932.604805,2939.836676
2801.352965,2802.923346,2834.241574,2849.599683,2905.345011,2905.715729,2933.112344,2939.394069
2801.404696,2802.911654,2834.184700,2849.359973,2905.358089,2905.716828,2933.159538,2939.464358
2800.649008,2802.919305,2834.461337,2850.500000,2905.404309,2905.725047,2933.328728,2939.394647
2800.835891,2802.925997,2834.469823,2850.499606,2905.524918,2905.624141,2932.575989,2939.670775
2800.716464,2802.924629,2834.467463,2850.499799,2905.581617,2905.677776,2932.529464,2939.755136
2801.359120,2802.877136,2834.196161,2849.504386,2905.465929,2905.736935,2933.184015,2939.240208
2801.185319,2802.864803,2834.215182,2849.597846,2905.456096,2905.675851,2932.736282,2939.873069
2800.963190,2802.854365,2834.316824,2850.037213,2905.471619,2905.718853,2932.972302,2939.644098
2801.356973,2802.827841,2834.158957,2849.407900,2905.350300,2905.762336,2932.988877,2939.616758
2800.662941,2802.844782,2834.434841,2850.499012,2905.477337,2905.733077,2933.057939,2939.650439
2801.163771,2802.787339,2834.191298,2849.630509,2905.416106,2905.793899,2933.276837,2939.546924
2800.221488,2802.776410,2834.400640,2850.499803,2905.635351,2905.828242,2932.633661,2939.907536
2801.019981,2802.747376,2834.254201,2849.968679,2905.490066,2905.819036,2933.224315,2939.390946
2801.144291,2802.687381,2834.061588,2849.262421,2905.551793,2905.846649,2933.279762,2939.404945
2800.865328,2802.656655,2834.157552,2849.741246,2905.530550,2905.797262,2932.744603,2939.984376
2799.967783,2802.671875,2834.357080,2850.499830,2905.722420,2905.814227,2932.805468,2940.096383
2800.695921,2802.623504,2834.236246,2850.104494,2905.463623,2905.894166,2933.228154,2939.694263
2800.191995,2802.550326,2834.245498,2850.260296,2905.802184,2905.829525,2932.780448,2940.011432
2800.578693,2802.537604,2834.158846,2849.935542,2905.674469,2905.864892,2932.869996,2939.934389
2800.394309,2802.532929,2834.238566,2850.249983,2905.592616,2905.928530,2933.303180,2939.767062
2799.935366,2802.506173,2834.292882,2850.499370,2905.729599,2905.857118,2933.003199,2940.298499
2799.913044,2802.494725,2834.282893,2850.499823,2905.801002,2905.854247,2932.928341,2940.212096
2799.909929,2802.461051,2834.267277,2850.499953,2905.803838,2905.866050,2932.947100,2940.231793
2800.495809,2802.431607,2833.636690,2847.698206,2905.556042,2906.001859,2932.847081,2939.985649
2799.810796,2802.436603,2834.260336,2850.499885,2905.810752,2905.886192,2933.017193,2940.313110
2799.859545,2802.403483,2834.242071,2850.499893,2905.878605,2905.910806,2933.022807,2940.324867
2799.669231,2802.390660,2834.233207,2850.499999,2905.886032,2905.930376,2933.004523,2940.301624
2800.691605,2802.325466,2833.867000,2849.080376,2905.520749,2906.053582,2933.085003,2940.187702
2799.564882,2802.366752,2834.224131,2850.499999,2905.901679,2905.926739,2933.043150,2940.344834
2800.765549,2802.294638,2833.742059,2848.547866,2905.526228,2906.122139,2933.527549,2939.919069
2799.751133,2802.325851,2834.211472,2850.499962,2905.743623,2906.023644,2933.311269,2940.255213
2799.959514,2802.250171,2834.175869,2850.499940,2905.654838,2906.064891,2933.190916,2940.474973
2799.071947,2802.229779,2834.174127,2850.499561,2905.924389,2906.005101,2933.193982,2940.503140
2799.361056,2802.215576,2834.166456,2850.499201,2905.746495,2906.140201,2933.725394,2940.172918
2800.109212,2802.178873,2834.018114,2849.989586,2905.784156,2906.072062,2933.236358,2940.533661
2799.585445,2802.147840,2834.148793,2850.498122,2905.823426,2906.125231,2933.536632,2940.784703
2799.574640,2802.138054,2834.128102,2850.499782,2905.840020,2906.108885,2933.298216,2940.602753
2799.324988,2802.135274,2834.131598,2850.499090,2905.847041,2906.113099,2933.348013,2940.663395
2799.470966,2802.113456,2834.123121,2850.499627,2905.870816,2906.116182,2933.342135,2940.653763
2799.130913,2802.105420,2834.118470,2850.499642,2905.983780,2906.103096,2933.301503,2940.612870
2799.175512,2802.097484,2834.115705,2850.499691,2906.017488,2906.095470,2933.308859,2940.624435
2798.764488,2801.993012,2834.069340,2850.499773,2906.134704,2906.159591,2933.369144,2940.693758
2799.287580,2802.006701,2834.070125,2850.499499,2905.811886,2906.224026,2933.465936,2940.777162
2799.129361,2801.917181,2834.043520,2850.499418,2906.076131,2906.193565,2933.467472,2940.796210
2799.350677,2801.811996,2833.903654,2850.156096,2906.078474,2906.261853,2933.538762,2940.866965
2797.078983,2804.760990,2833.871805,2841.493014,2906.174134,2906.331038,2933.534982,2940.911012
2799.417054,2801.773644,2833.227595,2846.625051,2906.114090,2906.286254,2933.591995,2940.932112
2799.044384,2801.774030,2833.204054,2846.446443,2906.088680,2906.301750,2933.615372,2940.959357
2798.635244,2801.782268,2833.168061,2846.092317,2906.222642,2906.305016,2933.631641,2941.008513
2798.849419,2801.687802,2833.694907,2849.499993,2906.237722,2906.312392,2933.696998,2941.056142
2799.585052,2801.637520,2833.564225,2849.059124,2906.023748,2906.411247,2933.634891,2940.944612
2799.611585,2801.547612,2833.172354,2846.999035,2906.165309,2906.437359,2933.892523,2941.265154
2794.460775,2802.330157,2833.302617,2843.026872,2906.350060,2906.377488,2933.775568,2941.160365
2799.051341,2801.528968,2833.158888,2846.998745,2906.346942,2906.421969,2933.941679,2941.209790
2799.108119,2801.488806,2833.044265,2846.172065,2906.232326,2906.501230,2933.701438,2940.983791
2799.403349,2801.458962,2833.102382,2846.999422,2906.204413,2906.558732,2933.796667,2941.051258
2799.665692,2801.408099,2833.113457,2846.998827,2906.253004,2906.500900,2933.880407,2941.239979
2797.316856,2801.646158,2833.111562,2846.999920,2906.179006,2906.546387,2933.906284,2941.256150
2799.186940,2806.715674,2833.578281,2841.952275,2906.428744,2906.458586,2933.877765,2941.270059
2795.163387,2803.044134,2833.522106,2841.787559,2906.406024,2906.513713,2933.871901,2941.271612
2798.687311,2801.309396,2833.527573,2849.499964,2906.347484,2906.548808,2933.981523,2941.347995
2799.221674,2801.308064,2833.168029,2847.817595,2906.269005,2906.616497,2933.952152,2941.289628
2799.032734,2801.260897,2833.287870,2848.547149,2906.153444,2906.680611,2933.988704,2941.316008
2798.414024,2801.235275,2833.495444,2849.499999,2906.439428,2906.570493,2934.050635,2941.430370
2798.589079,2801.233823,2833.494727,2849.499677,2906.369133,2906.613651,2934.005404,2941.362065
2798.621373,2801.218485,2833.491878,2849.499845,2906.271930,2906.666372,2934.171992,2941.549884
2798.815718,2801.211925,2833.487188,2849.499752,2906.216705,2906.679702,2934.165435,2941.534534
2798.394345,2801.203093,2833.478330,2849.499603,2906.321303,2906.644197,2934.132522,2941.507386
2798.883985,2801.205696,2833.303969,2848.752060,2906.194138,2906.702555,2934.145327,2941.505192
2798.398513,2801.188234,2833.475710,2849.499964,2906.464146,2906.609893,2934.086696,2941.465816
2798.488300,2801.168813,2833.468292,2849.499763,2906.356888,2906.674539,2934.164158,2941.540357
2799.011817,2801.111787,2833.064326,2847.682780,2906.147045,2906.803759,2934.234183,2941.582348
2798.953082,2801.093921,2833.308272,2848.935356,2906.260855,2906.740671,2934.188064,2941.548121
2798.877789,2801.082414,2833.315541,2848.976028,2906.392742,2906.700106,2934.309818,2941.714466
2798.424799,2801.051602,2833.416377,2849.499951,2906.320606,2906.770263,2934.296613,2941.676343
2798.420079,2801.035477,2833.413628,2849.499872,2906.385831,2906.751700,2934.318175,2941.707979
2798.142928,2801.025521,2833.410467,2849.499998,2906.430385,2906.735510,2934.320994,2941.716034
2798.331816,2801.043968,2833.413405,2849.499858,2906.357578,2906.768444,2934.276701,2941.654527
2797.998375,2801.018300,2833.401299,2849.499887,2906.544920,2906.725261,2934.271074,2941.665395
2798.322064,2800.958010,2833.375013,2849.499287,2906.469236,2906.811633,2934.373410,2941.764865
2795.110882,2801.300560,2833.375343,2849.499368,2906.623106,2906.784448,2934.363830,2941.766612
2798.087013,2800.915952,2833.361307,2849.499092,2906.481824,2906.827383,2934.402690,2941.798159
2797.723627,2800.870517,2833.341065,2849.500000,2906.709953,2906.773224,2934.347194,2941.752529
2797.832599,2800.826205,2833.320906,2849.499950,2906.733476,2906.802206,2934.371478,2941.777194
2798.346596,2800.842143,2833.322604,2849.499606,2906.489524,2906.902755,2934.219798,2941.509257
2797.701124,2800.833819,2833.324131,2849.499800,2906.648053,2906.831693,2934.443280,2941.854158
2797.726616,2800.820455,2833.318413,2849.499931,2906.703483,2906.820059,2934.397732,2941.803625
2798.510268,2800.786290,2833.192952,2849.025308,2906.451766,2906.925450,2934.424124,2941.801207
2798.576988,2800.783406,2833.141617,2848.801378,2906.526194,2906.901911,2934.394960,2941.766566
2798.288522,2800.795812,2833.301715,2849.499873,2906.486057,2906.900896,2934.420051,2941.798381
2797.878402,2800.770278,2833.296506,2849.499530,2906.478452,2906.922153,2934.519662,2941.915688
2797.709805,2800.734214,2833.279757,2849.500000,2906.697331,2906.870079,2934.493327,2941.906266
2797.539969,2800.751608,2833.288543,2849.499421,2906.615794,2906.909770,2934.560506,2941.975081
2797.866004,2800.707305,2833.266741,2849.484059,2906.581825,2906.930217,2934.614084,2942.032731
2797.710196,2800.672882,2833.252401,2849.499996,2906.689836,2906.919457,2934.556794,2941.970623
2797.721462,2800.638989,2833.238288,2849.498830,2906.647635,2906.950744,2934.634812,2942.054193
2798.341405,2800.622760,2832.995584,2848.430584,2906.374939,2907.058633,2934.629431,2942.013827
2797.482964,2800.630618,2833.236577,2849.499948,2906.664111,2906.958590,2934.608557,2942.022214
2797.789039,2800.632769,2833.234629,2849.499948,2906.536127,2907.003467,2934.640602,2942.047151
2797.280404,2800.599171,2832.781034,2847.165919,2900.500350,2910.396639,2937.067099,2943.553534
2797.447234,2800.550458,2833.202810,2849.499992,2906.690077,2907.007523,2934.757157,2942.190194
2797.508486,2800.543596,2833.203665,2849.499273,2906.821232,2906.977503,2934.682941,2942.114617
2797.305037,2800.531725,2833.194996,2849.499942,2906.691885,2907.032822,2934.735486,2942.159114
2797.644756,2800.528306,2833.189409,2849.499575,2906.675873,2907.050158,2934.693751,2942.108425
2797.343667,2800.548689,2833.194948,2849.499352,2906.584705,2907.086222,2934.725659,2942.137104
2797.263100,2800.538439,2833.186229,2849.499880,2906.672579,2907.072209,2934.701201,2942.110069
2797.884925,2800.476802,2832.942157,2848.520815,2906.532556,2907.160203,2934.851788,2942.265354
2797.507147,2800.488792,2833.167044,2849.499788,2906.591162,2907.134316,2934.798846,2942.207595
2797.642383,2800.421684,2832.998225,2848.879299,2906.539450,2907.201957,2935.006270,2942.440906
2795.505565,2800.784557,2832.648404,2846.764189,2900.500320,2910.533117,2937.032116,2942.628703
2796.694951,2800.377896,2833.134217,2849.499942,2906.910980,2907.105981,2934.834136,2942.272060
2797.092618,2800.352030,2833.117577,2849.499803,2906.809625,2907.159708,2934.908964,2942.345237
2797.283374,2800.323968,2833.032336,2849.220310,2906.633750,2907.236817,2934.876164,2942.279487
2796.738722,2800.288872,2833.090325,2849.500000,2906.844616,2907.173601,2934.917051,2942.353482
2796.776597,2800.286338,2833.089954,2849.499893,2906.842047,2907.181793,2934.912228,2942.346975
2797.016721,2800.323728,2833.101269,2849.499894,2906.756014,2907.220113,2934.996341,2942.433764
2797.304704,2800.236941,2833.043676,2849.390971,2906.830583,2907.221783,2934.957674,2942.390090
2797.175254,2800.264982,2832.957867,2849.028242,2906.628743,2907.296763,2934.976810,2942.390755
2796.623726,2800.213238,2833.058900,2849.499999,2906.952583,2907.193441,2934.967988,2942.414107
2796.798533,2800.246921,2833.068502,2849.499705,2906.764785,2907.257790,2934.978334,2942.405844
2796.779413,2800.193356,2833.048303,2849.499953,2906.827073,2907.270356,2935.041510,2942.481079
2797.180381,2800.130536,2832.922317,2849.055898,2907.014873,2907.243436,2935.098856,2942.556897
2796.724646,2800.119225,2833.020012,2849.499803,2906.978075,2907.271491,2935.192705,2942.663685
2796.884530,2800.118240,2833.023168,2849.497997,2907.051284,2907.269071,2935.698919,2943.267025
2796.772953,2800.122339,2833.019768,2849.499181,2906.820642,2907.344425,2935.471047,2942.934191
2796.884763,2800.114636,2833.017151,2849.499535,2906.869234,2907.323968,2935.532605,2943.054548
2796.665328,2800.077683,2833.001387,2849.499990,2906.910547,2907.319141,2935.354057,2942.844504
2796.157774,2800.083757,2833.002512,2849.499885,2906.906129,2907.338629,2935.160096,2942.610028
2796.977715,2800.068521,2832.951124,2849.335442,2906.699815,2907.418486,2935.097649,2942.503267
2796.548204,2800.052260,2832.988729,2849.495535,2906.838413,2907.368969,2935.219143,2942.673747
2796.702993,2800.055576,2832.987336,2849.499973,2906.877458,2907.356187,2935.171870,2942.620542
2796.073681,2800.047257,2832.991737,2849.499961,2907.053889,2907.314629,2935.149262,2942.609681
2796.551999,2800.034824,2832.980950,2849.499911,2906.918294,2907.348923,2935.162999,2942.613899
2796.449923,2800.052958,2832.993026,2849.499894,2906.906223,2907.352611,2935.247814,2942.710442
2796.362476,2800.029760,2832.981868,2849.498215,2906.915821,2907.356852,2935.239505,2942.702592
2796.770317,2800.045280,2832.955525,2849.415447,2906.726621,2907.435352,2935.077136,2942.467814
2796.612068,2800.010826,2832.968948,2849.499237,2906.986510,2907.375061,2935.212975,2942.669510
2796.507697,2800.012739,2832.965569,2849.497039,2906.863426,2907.413631,2935.210477,2942.654705
2796.622980,2799.877610,2832.908328,2849.499798,2906.934203,2907.459907,2935.356355,2942.822090
2796.685635,2799.861542,2832.904804,2849.499408,2906.877978,2907.506413,2935.260727,2942.684056
2795.959132,2799.799159,2832.880813,2849.499612,2907.133847,2907.456892,2935.392899,2942.875582
2795.918400,2799.794934,2832.878469,2849.500000,2907.149298,2907.449922,2935.370125,2942.848530
2796.126517,2799.750400,2832.859776,2849.499999,2907.221948,2907.482303,2935.517689,2943.016500
2796.247594,2799.731783,2832.850213,2849.499859,2907.241683,2907.475489,2935.393623,2942.874733
2795.871905,2799.707526,2832.840159,2849.500000,2907.202439,2907.499216,2935.444423,2942.928420
2796.459441,2799.724802,2832.842141,2849.499761,2907.047139,2907.564326,2935.551453,2943.032299
2796.562207,2799.754905,2832.710801,2848.923690,2906.907668,2907.637611,2935.778247,2943.260290
2796.395310,2799.724024,2832.843870,2849.498787,2906.923211,2907.611118,2935.545953,2943.013846
2795.605787,2799.671688,2832.827651,2849.499991,2907.258260,2907.521870,2935.473264,2942.960825
2795.615149,2799.659997,2832.823967,2849.499999,2907.232617,2907.537523,2935.512861,2943.002104
2796.453432,2799.601798,2832.566983,2848.499870,2907.078505,2907.646135,2935.610347,2943.091565
2796.405311,2799.537541,2832.538547,2848.499858,2907.069497,2907.696636,2935.678303,2943.160275
2796.414304,2799.539723,2832.538505,2848.499251,2907.073098,2907.701312,2935.715701,2943.202676
2796.322965,2799.550908,2832.536415,2848.498542,2906.985883,2907.736453,2935.798800,2943.292994
2796.248139,2799.483138,2832.509062,2848.499581,2907.015578,2907.785338,2935.943714,2943.454384
2796.124928,2799.433992,2832.503442,2848.499769,2907.172197,2907.725439,2935.794144,2943.296749
2796.246679,2799.464182,2832.500346,2848.499759,2907.022614,2907.794085,2935.909968,2943.414636
2796.208530,2799.446029,2832.488553,2848.499215,2907.085157,2907.797559,2935.908135,2943.413140
2795.883190,2799.432243,2832.487104,2848.499675,2907.076097,2907.832646,2936.023749,2943.544541
2796.164416,2799.415891,2832.477429,2848.498395,2907.070548,2907.837956,2936.134520,2943.668274
2796.025689,2799.365148,2832.462954,2848.499345,2907.183618,2907.817759,2935.889756,2943.392329
2795.750600,2799.329298,2832.457356,2848.499944,2907.254381,2907.796887,2935.897343,2943.410715
2795.884989,2799.332526,2832.454659,2848.499813,2907.193193,2907.819537,2935.844340,2943.338763
2795.621135,2799.322629,2832.455319,2848.499947,2907.199403,2907.816846,2935.889475,2943.395465
2795.791894,2799.333200,2832.453887,2848.499945,2907.162510,2907.845741,2935.890264,2943.388255
2795.980558,2799.329377,2832.445031,2848.499150,2907.124063,2907.850499,2935.890796,2943.385374
2795.946897,2799.289002,2832.427988,2848.499893,2907.143818,2907.883834,2935.901351,2943.392497
2795.912616,2799.265772,2832.419166,2848.499359,2907.200427,2907.873283,2935.925306,2943.424023
2795.981602,2799.256631,2832.270265,2847.770342,2906.946588,2907.987944,2936.372472,2943.920103
2795.772779,2799.204033,2832.402326,2848.499604,2907.182941,2907.901884,2936.126071,2943.653622
2795.386718,2799.185480,2832.394509,2848.499608,2907.229057,2907.920473,2936.064521,2943.580191
2795.776286,2799.214509,2832.304720,2848.058809,2907.150856,2907.961639,2936.078965,2943.584927
2795.154031,2799.132350,2832.366052,2848.499962,2907.402163,2907.918035,2936.044835,2943.569070
2795.465856,2799.126546,2832.365231,2848.499421,2907.187316,2907.976076,2936.106248,2943.615054
2795.667163,2799.070681,2832.341570,2848.499994,2907.326217,2907.946185,2936.070062,2943.584509
2795.732244,2799.100575,2832.336980,2848.499257,2907.197479,2908.023943,2936.122131,2943.627330
2795.569637,2799.072422,2832.332465,2848.498941,2907.245556,2908.049004,2936.458842,2943.962475
2795.505795,2799.042727,2832.317872,2848.499598,2907.294108,2908.024858,2936.494450,2944.068983
2795.458483,2799.041603,2832.320688,2848.497795,2907.291670,2908.058436,2936.297551,2943.813776
2795.470705,2799.017381,2832.315112,2848.499931,2907.244948,2908.054388,2936.185559,2943.698051
2795.180532,2798.919811,2832.281308,2848.499653,2907.591075,2907.994200,2936.199841,2943.742836
2794.645581,2799.053198,2832.261397,2848.499438,2907.539714,2908.108748,2937.314965,2944.998676
2795.031631,2799.008041,2832.264358,2848.499716,2907.444832,2908.150794,2937.436661,2945.158511
2795.206844,2798.959818,2832.259182,2848.499380,2907.211727,2908.251855,2937.682808,2945.229502
2795.071054,2798.889171,2832.244837,2848.499450,2907.489697,2908.130911,2936.886583,2944.503614
2795.128252,2798.897469,2832.242140,2848.499338,2907.462486,2908.127337,2936.384992,2943.927563
2794.830006,2798.869343,2832.233424,2848.499459,2907.507944,2908.137628,2936.330285,2943.860773
2795.084172,2798.789371,2832.214781,2848.499685,2907.538468,2908.135716,2936.273147,2943.800230
2795.008406,2798.786520,2832.205436,2848.499823,2907.517957,2908.171971,2936.345907,2943.870787
2794.824421,2798.727940,2832.194856,2848.499932,2907.629041,2908.130031,2936.358590,2943.907270
2794.864796,2798.713796,2832.187282,2848.499971,2907.607600,2908.146743,2936.394433,2943.946420
2794.896391,2798.703126,2832.184370,2848.499997,2907.622630,2908.142027,2936.384627,2943.933563
2795.075937,2798.724886,2832.186457,2848.499164,2907.548451,2908.181526,2936.345584,2943.868789
2794.851199,2798.695236,2832.179913,2848.499795,2907.607292,2908.168917,2936.396895,2943.943376
2794.641279,2798.696322,2832.176561,2848.499595,2907.496518,2908.260037,2936.474734,2943.951657
2795.140927,2798.616184,2831.726788,2845.999587,2907.734288,2908.257469,2936.584990,2944.132178
2795.073153,2798.702987,2831.724733,2845.999640,2907.538647,2908.347710,2936.558483,2944.092121
2793.486217,2799.948176,2831.733402,2845.998948,2907.590564,2908.383494,2936.606502,2944.150131
2794.479542,2798.565920,2831.674752,2845.998777,2907.591990,2908.437923,2936.670496,2944.098983
2793.213715,2799.049680,2831.697149,2845.999303,2907.673420,2908.384804,2936.632883,2944.176116
2794.023750,2798.541234,2832.086203,2848.499262,2907.612057,2908.420726,2937.254985,2944.887619
2793.173644,2798.570065,2832.061856,2848.499996,2907.689066,2908.371782,2936.696438,2944.258962
2794.491232,2798.393678,2832.046645,2848.499828,2907.652121,2908.379955,2936.694843,2944.253805
2794.427192,2798.417856,2832.056224,2848.499971,2907.773540,2908.353271,2936.896655,2944.498501
2794.151091,2798.389783,2832.045993,2848.500000,2907.699110,2908.376392,2936.707437,2944.271252
2794.648050,2798.381946,2832.032171,2848.499740,2907.578048,2908.442899,2936.851307,2944.421840
2794.327104,2798.321918,2832.014658,2848.499975,2907.672471,2908.441268,2936.775276,2944.339285
2794.197647,2798.288520,2831.993623,2848.499525,2907.624675,2908.511480,2936.866218,2944.429371
2793.956307,2798.195243,2831.963924,2848.499121,2907.756656,2908.503094,2936.870454,2944.443899
2793.888554,2798.189511,2831.962356,2848.499997,2907.744291,2908.514773,2936.891075,2944.467238
2793.934455,2798.198335,2831.959891,2848.499845,2907.684579,2908.562399,2936.863242,2944.413454
2792.925567,2798.125268,2831.937598,2848.500000,2907.867182,2908.503953,2936.954688,2944.544330
2793.597800,2798.121532,2831.933128,2848.499150,2907.883264,2908.522801,2937.066909,2944.672285
2793.854472,2798.120461,2831.932841,2848.499917,2907.817752,2908.542906,2937.000878,2944.593894
2793.790341,2798.115757,2831.929763,2848.499954,2907.826706,2908.544112,2936.952991,2944.537185
2793.386796,2798.058793,2831.903375,2848.498199,2907.823701,2908.594407,2937.143600,2944.750373
2791.592495,2798.070560,2831.913540,2848.500000,2907.875105,2908.569536,2937.058262,2944.652877
2793.831548,2798.098880,2831.906731,2848.499741,2907.933928,2908.567916,2937.288435,2944.927204
2793.123177,2798.065865,2831.905395,2848.499991,2907.901570,2908.571752,2937.038062,2944.631254
2791.128477,2798.669884,2831.939532,2848.500000,2907.924588,2908.570438,2937.047891,2944.644420
2792.238530,2799.205484,2831.881134,2848.241906,2907.787117,2908.631088,2937.203068,2944.805567
2793.064288,2798.086226,2831.902402,2848.499528,2907.791963,2908.639788,2937.099557,2944.685252
2792.021782,2797.969927,2831.873307,2848.500000,2907.940581,2908.625228,2937.117856,2944.716595
2791.748665,2797.898440,2831.844450,2848.500000,2907.930068,2908.665723,2937.187898,2944.789276
2793.405629,2797.921017,2831.845405,2848.499748,2907.951843,2908.681700,2937.344142,2944.965429
2791.865466,2798.810921,2831.867898,2848.499961,2907.912556,2908.716450,2937.336783,2944.952724
2792.465210,2798.120853,2831.842282,2848.499932,2907.998284,2908.692117,2937.227131,2944.835532
2793.099730,2797.835730,2831.810826,2848.499952,2907.975997,2908.709973,2937.242473,2944.848568
2792.820167,2797.845944,2831.821283,2848.499484,2907.931611,2908.736311,2937.415064,2945.045814
2792.472265,2797.841791,2831.814734,2848.499998,2907.971141,2908.711996,2937.249978,2944.856860
2793.634340,2797.844060,2831.803414,2848.499123,2907.647476,2908.821316,2937.816412,2945.481447
2793.739129,2797.827675,2831.793297,2848.498866,2907.052337,2908.959440,2937.712929,2945.298620
2793.377296,2797.807880,2831.797320,2848.499476,2907.792132,2908.780483,2937.502129,2945.126706
2791.270779,2797.788462,2831.794103,2848.500000,2907.999938,2908.737240,2937.313938,2944.927172
2793.144479,2797.789253,2831.765410,2848.498785,2907.922257,2908.812359,2937.667413,2945.318519
2793.495072,2797.822116,2831.664104,2847.995277,2907.676255,2908.905881,2937.856666,2945.517025
2793.178141,2797.782578,2831.754260,2848.498704,2907.926803,2908.830192,2937.708002,2945.360451
2792.495321,2797.698748,2831.750044,2848.500000,2907.993483,2908.803875,2937.380537,2944.992379
2792.365816,2797.700641,2831.750808,2848.499960,2908.008001,2908.807284,2937.416899,2945.034164
2792.517644,2797.687185,2831.745572,2848.499959,2907.985305,2908.823152,2937.386327,2944.995702
2793.055752,2797.727408,2831.679050,2848.215228,2907.828274,2908.899939,2938.078819,2945.781817
2792.041778,2797.673284,2831.733425,2848.499996,2907.995047,2908.836922,2937.426415,2945.039495
2792.604148,2797.704312,2831.733194,2848.499977,2907.918124,2908.865480,2937.437307,2945.043645
2792.712474,2797.630568,2831.719842,2848.500000,2908.035225,2908.845682,2937.424613,2945.039181
2792.057505,2797.613120,2831.715609,2848.500000,2908.059477,2908.847721,2937.451801,2945.071464
2792.241536,2797.612871,2831.719535,2848.499985,2908.062406,2908.861594,2937.521840,2945.150298
2793.320828,2797.586922,2831.621598,2848.153997,2908.098501,2908.883099,2937.960829,2945.656509
2792.345369,2797.560443,2831.691137,2848.500000,2908.115347,2908.866885,2937.492225,2945.119726
2792.200796,2797.589905,2831.702026,2848.499839,2908.052610,2908.894377,2937.492008,2945.109740
2793.176404,2797.545081,2831.679019,2848.499835,2908.048299,2908.914018,2937.739904,2945.394488
2793.451352,2797.575834,2831.692729,2848.499526,2907.786994,2909.030417,2938.426355,2946.138307
2792.326935,2797.516105,2831.673230,2848.499977,2908.082218,2908.919234,2937.491377,2945.102499
2793.336523,2797.600865,2831.687789,2848.499269,2907.945775,2909.003857,2938.428708,2946.159199
2792.284601,2797.513967,2831.670816,2848.496223,2908.079346,2908.929737,2937.552715,2945.176255
2792.403150,2797.586857,2831.691912,2848.499516,2907.912871,2909.005804,2937.933413,2945.602018
2791.589770,2797.590924,2831.672333,2848.499890,2908.065984,2908.941420,2937.566286,2945.187958
2792.493182,2797.492101,2831.660282,2848.499569,2908.131716,2908.947242,2937.786539,2945.445186
2793.147554,2797.563518,2831.670670,2848.499004,2907.994626,2909.011222,2938.147104,2945.852580
2792.916558,2797.533698,2831.667421,2848.499424,2907.920299,2909.018916,2937.677355,2945.296370
2791.376531,2798.682592,2831.703522,2848.499907,2908.080404,2908.980569,2937.645418,2945.272963
2791.621671,2797.438315,2831.641542,2848.500000,2908.072906,2908.971549,2937.626218,2945.252136
2793.230639,2797.401526,2831.341005,2847.080185,2908.131999,2909.045574,2938.142688,2945.844076
2793.174998,2797.403470,2831.404513,2847.499829,2908.266848,2909.031633,2938.469010,2946.236428
2793.242619,2797.394628,2831.404797,2847.499814,2908.282325,2909.013472,2938.048743,2945.748964
2792.893923,2797.326134,2831.385566,2847.499324,2908.294590,2909.023485,2938.317128,2946.061433
2792.566995,2797.768083,2831.370757,2847.499826,2908.112024,2909.126125,2937.969718,2945.632411
2792.928112,2797.250996,2831.356531,2847.499330,2908.065639,2909.237747,2939.552516,2947.337483
2792.412915,2797.230969,2831.348867,2847.499995,2908.276693,2909.127835,2937.609095,2945.206335
2792.664063,2797.444622,2831.360533,2847.499662,2908.185663,2909.157958,2938.229915,2945.901440
2792.268375,2797.190411,2831.333216,2847.500000,2908.348251,2909.103264,2937.895331,2945.559666
2792.855432,2797.185922,2831.316063,2847.499929,2908.016928,2909.294217,2938.529149,2945.913821
2792.236194,2797.177479,2831.300404,2847.499998,2908.224475,2909.214619,2937.920519,2945.564137
2792.321325,2797.095488,2831.288007,2847.499983,2908.313627,2909.204668,2938.514545,2946.232726
2792.561080,2797.141890,2831.284053,2847.499034,2908.191250,2909.291878,2938.273677,2945.950855
2792.622844,2797.112958,2831.280238,2847.499691,2908.113052,2909.300056,2937.956568,2945.585332
2792.386095,2797.108789,2831.279045,2847.499756,2908.107415,2909.316642,2938.018305,2945.654053
2792.356915,2797.052261,2831.261054,2847.499705,2908.260755,2909.288849,2938.047957,2945.702351
2792.060322,2797.019752,2831.250968,2847.495940,2908.296958,2909.292126,2938.404843,2946.122539
2792.212494,2796.986427,2831.223836,2847.499635,2908.288741,2909.365260,2938.410715,2946.080094
2791.667059,2796.977241,2831.224326,2847.499932,2908.397077,2909.331537,2938.423563,2946.116573
2792.199195,2796.956412,2831.192544,2847.499376,2908.109044,2909.543438,2939.502806,2947.027398
2791.787924,2796.889312,2831.186407,2847.498504,2908.374106,2909.406930,2938.274790,2945.937521
2791.541497,2796.853779,2831.173678,2847.499732,2908.493150,2909.387502,2938.894312,2946.684202
2791.724875,2796.850614,2831.172153,2847.499856,2908.432109,2909.413709,2938.486283,2946.193396
2791.847674,2796.831458,2831.164084,2847.499777,2908.436070,2909.405569,2938.293469,2945.975670
2792.213344,2796.871140,2831.148751,2847.499694,2908.264730,2909.494193,2938.359016,2946.026277
2791.721364,2796.753097,2831.124229,2847.499733,2908.435357,2909.492309,2938.504348,2946.185351
2791.659405,2796.789663,2831.123875,2847.499843,2908.425044,2909.513647,2938.539047,2946.219810
2791.657127,2796.699141,2831.110490,2847.499783,2908.409236,2909.538974,2938.537400,2946.223364
2791.825385,2796.717916,2831.097086,2847.499820,2908.409741,2909.582927,2939.458153,2947.255414
2791.825505,2796.717220,2831.096881,2847.499808,2908.408578,2909.583423,2939.463514,2947.263030
2791.834297,2796.694425,2831.095419,2847.499999,2908.481635,2909.525258,2938.808458,2946.546682
2791.894814,2796.698043,2831.096454,2847.499999,2908.365336,2909.551252,2938.406629,2946.073888
2791.613254,2796.686871,2831.088235,2847.499878,2908.423449,2909.549209,2938.410870,2946.085694
2791.746270,2796.659801,2831.086821,2847.499640,2908.433579,2909.572037,2938.873157,2946.610222
2791.885613,2796.672169,2831.092373,2847.498766,2908.493192,2909.549686,2939.187837,2946.985863
2791.532810,2796.543077,2831.041663,2847.499458,2908.537739,2909.585302,2938.612819,2946.318544
2791.690409,2796.590072,2831.043784,2847.499691,2908.446066,2909.627426,2938.783632,2946.502105
2791.627431,2796.525757,2831.033955,2847.499916,2908.433423,2909.644752,2938.808623,2946.518149
2791.031178,2796.456145,2831.011650,2847.499515,2908.625719,2909.624473,2939.200536,2946.993607
2791.158752,2796.488773,2831.016427,2847.498934,2908.268839,2909.758261,2939.249755,2946.774944
2790.922453,2796.834142,2831.030394,2847.499116,2908.557992,2909.687785,2939.503527,2947.316891
2791.391603,2796.432602,2830.992210,2847.499920,2908.422532,2909.714086,2939.213710,2946.922498
2791.192331,2796.445538,2830.996741,2847.499549,2908.523707,2909.669099,2938.609362,2946.301450
2790.109789,2796.469043,2830.998647,2847.500000,2908.535683,2909.671223,2938.606216,2946.296668
2790.906519,2796.379623,2830.979138,2847.499966,2908.563221,2909.672464,2938.684124,2946.389798
2791.163481,2796.407428,2830.981339,2847.499943,2908.387262,2909.759524,2938.803068,2946.433839
2790.939567,2796.393770,2830.982155,2847.499796,2908.733839,2909.666061,2939.713597,2947.603578
2791.309910,2796.416609,2830.979451,2847.498294,2908.534756,2909.749605,2939.363406,2947.092287
2791.361738,2796.370083,2830.953375,2847.499058,2908.543033,2909.766181,2939.013733,2946.751808
2790.447509,2796.295585,2830.945513,2847.499999,2908.664595,2909.719179,2939.348773,2947.151834
2790.898128,2796.300905,2830.931487,2847.499761,2908.479380,2909.823894,2939.287204,2947.046396
2790.811168,2796.222145,2830.903736,2847.499999,2908.567674,2909.843717,2938.795895,2946.492146
2791.243165,2796.249325,2830.899412,2847.499985,2908.467022,2909.875901,2938.801402,2946.488062
2790.405342,2797.705001,2830.919838,2847.500000,2908.731641,2909.842964,2938.915484,2946.633403
2789.668773,2796.171490,2830.864330,2847.500000,2908.631889,2909.871010,2938.915337,2946.623011
2790.745042,2796.077266,2830.849814,2847.499992,2908.637472,2909.912255,2939.098765,2946.823371
2790.809047,2796.205120,2830.866278,2847.499727,2908.598995,2909.924373,2939.187889,2946.926832
2790.615257,2796.093225,2830.851892,2847.499681,2908.795053,2909.883410,2939.493088,2947.294887
2790.588368,2796.083387,2830.846846,2847.499990,2908.565447,2909.948339,2938.927374,2946.626893
2790.993626,2796.096588,2830.847185,2847.499506,2908.584757,2909.984975,2939.919531,2947.686773
2789.683270,2796.030480,2830.827583,2847.496046,2908.689615,2909.912141,2939.008098,2946.725991
2790.733700,2797.843523,2830.874371,2847.499164,2908.861818,2909.881503,2939.504689,2947.318384
2790.942738,2798.117656,2830.884753,2847.499832,2908.752515,2909.914241,2939.142898,2946.882303
2790.547841,2797.774051,2830.885447,2847.499999,2908.652811,2909.928923,2938.970206,2946.678578
2790.259277,2797.394334,2830.862390,2847.499994,2908.729370,2909.914345,2938.976441,2946.693346
2790.948629,2796.005358,2830.810511,2847.498119,2908.452137,2910.045219,2939.980038,2947.830025
2789.790419,2795.959686,2830.795100,2847.499998,2908.723266,2909.971983,2939.581019,2947.381741
2790.181320,2795.921613,2830.788916,2847.498586,2908.491082,2910.087043,2940.343238,2948.173256
2790.329538,2795.966219,2830.787341,2847.499684,2908.683505,2910.026014,2940.073051,2947.917695
2790.020941,2795.936188,2830.783295,2847.499980,2908.652239,2910.010651,2939.085668,2946.801841
2789.428878,2795.887710,2830.768778,2847.499783,2908.899667,2909.953163,2939.646294,2947.467922
2790.974754,2795.836872,2830.739888,2847.499745,2908.370413,2910.223670,2940.443561,2948.209020
2790.928856,2795.822599,2830.740922,2847.499003,2908.320701,2910.260475,2940.815178,2948.636711
2790.179541,2795.811056,2830.721822,2847.499548,2908.561567,2910.152328,2939.386246,2947.118910
2789.630649,2796.287136,2830.719368,2847.499841,2908.711770,2910.162650,2939.407488,2947.150028
2790.315280,2795.735181,2830.322411,2844.999624,2908.845120,2910.291144,2939.940625,2947.730094
2789.636165,2795.665938,2830.309967,2844.999967,2908.884636,2910.276928,2939.946753,2947.765985
2790.217164,2795.734890,2830.306250,2844.999620,2908.804011,2910.357141,2940.459659,2948.361100
2790.370189,2795.711614,2830.306732,2844.992839,2908.874198,2910.281482,2939.582016,2947.344896
2790.001535,2795.623103,2830.272407,2844.999833,2908.846597,2910.362361,2939.546897,2947.289283
2790.087619,2795.629217,2830.266225,2844.999598,2908.867607,2910.382752,2940.166003,2947.988667
2789.934147,2795.594001,2830.270001,2844.999849,2908.904245,2910.334161,2939.633982,2947.392583
2789.749903,2795.610188,2830.251994,2844.999761,2908.945915,2910.380341,2940.040851,2947.836521
2790.032458,2795.612774,2830.255893,2844.999790,2908.914557,2910.378653,2940.122336,2947.951461
2789.732771,2795.541140,2830.613977,2847.499947,2908.748271,2910.278270,2939.454258,2947.189617
2790.763930,2798.300883,2830.706555,2847.498890,2908.772737,2910.279220,2939.604830,2947.362128
2789.359190,2796.715150,2830.646076,2847.499202,2908.877920,2910.269311,2939.503596,2947.251867
2789.810390,2797.224290,2830.656674,2847.500000,2908.894978,2910.285019,2939.503675,2947.250225
2789.220042,2795.422873,2830.570346,2847.499872,2908.944655,2910.288290,2939.707972,2947.488637
2787.853109,2795.369177,2830.556282,2847.499608,2908.935664,2910.315063,2939.609176,2947.369795
2789.385948,2795.397073,2830.557108,2847.499632,2908.835130,2910.359877,2939.723057,2947.493432
2789.171453,2795.381569,2830.551451,2847.499996,2908.841493,2910.387148,2939.950594,2947.740808
2787.666486,2795.342749,2830.545896,2847.499998,2909.052578,2910.317767,2939.844723,2947.642730
2789.336357,2795.329950,2830.518507,2847.499983,2908.839123,2910.448672,2939.695760,2947.442740
2789.349904,2795.341246,2830.514994,2847.499961,2908.921488,2910.437496,2939.930425,2947.718700
2789.450199,2795.404114,2830.514959,2847.494438,2908.957783,2910.436513,2939.751200,2947.521549
2789.410596,2795.317183,2830.504559,2847.499369,2908.852425,2910.458346,2939.726551,2947.479045
2789.200205,2795.234982,2830.485068,2847.499811,2909.003941,2910.440166,2939.849393,2947.631639
2789.582561,2795.256286,2830.482296,2847.499150,2909.001612,2910.482871,2940.192617,2948.011048
2788.570838,2795.179622,2830.466461,2847.499992,2908.957170,2910.478923,2939.734562,2947.494637
2788.399309,2795.166245,2830.463520,2847.499962,2908.946995,2910.491770,2939.750332,2947.508589
2788.503273,2795.185219,2830.466215,2847.499864,2908.971637,2910.502506,2939.803003,2947.567047
2788.686762,2795.153884,2830.278413,2846.500000,2909.089489,2910.523332,2939.887841,2947.667163
2789.641215,2795.226092,2830.271252,2846.499472,2908.824163,2910.701460,2941.557741,2949.467088
2789.235625,2795.225778,2830.280276,2846.496777,2908.757068,2910.663896,2940.441443,2948.039080
2788.660333,2795.128486,2830.266766,2846.499985,2909.160539,2910.503982,2940.154224,2947.974442
2789.312003,2795.196266,2830.254014,2846.499517,2909.218581,2910.547064,2940.261235,2948.097494
2789.149395,2795.168038,2830.261136,2846.499527,2909.097806,2910.582795,2940.114541,2947.914221
2788.970140,2795.123280,2830.256925,2846.499991,2908.983248,2910.600278,2939.848596,2947.606272
2789.053164,2795.152494,2830.260174,2846.499921,2909.083216,2910.574426,2939.854748,2947.620877
2789.528836,2795.193564,2830.246830,2846.496943,2908.967929,2910.638446,2939.871833,2947.629656
2789.473128,2795.141675,2830.240389,2846.499783,2909.055472,2910.626655,2940.045951,2947.827044
2788.578293,2795.023315,2830.205788,2846.497954,2908.992665,2910.759769,2941.590118,2949.562366
2789.181150,2795.058320,2830.208003,2846.499193,2909.215637,2910.655559,2940.898674,2948.804228
2789.514032,2796.943286,2830.239207,2846.499996,2909.050958,2910.738238,2940.026354,2947.795427
2788.912880,2796.182981,2830.202017,2846.499907,2909.281440,2910.700717,2940.827280,2948.718462
2789.427296,2796.748160,2830.223259,2846.499744,2909.054688,2910.745003,2940.090589,2947.865451
2789.592937,2795.056607,2830.169892,2846.499751,2909.056972,2910.805507,2941.194737,2949.110405
2790.557110,2794.876839,2830.152349,2846.498625,2908.988432,2911.148323,2943.407185,2951.724262
2789.729127,2794.942479,2830.134361,2846.499427,2908.945637,2910.901235,2941.784245,2949.726009
2789.555880,2796.838018,2830.143661,2846.497139,2909.212456,2910.862491,2941.396531,2949.373684
2789.083819,2794.751770,2830.095634,2846.499906,2908.968807,2910.918229,2941.777225,2949.699999
2790.078707,2794.754068,2830.092625,2846.498604,2908.087711,2911.130779,2942.856453,2950.606006
2790.283064,2794.635298,2830.085623,2846.498630,2907.897012,2911.204545,2943.229896,2951.179797
2788.829064,2794.756085,2830.089580,2846.499526,2909.273157,2910.828401,2940.847733,2948.721389
2789.476572,2794.791749,2830.087283,2846.499696,2909.116407,2910.898547,2940.986148,2948.859789
2789.155764,2794.746885,2830.076979,2846.499155,2909.193883,2910.892588,2940.873400,2948.728863
2789.397996,2794.751387,2830.071581,2846.499759,2909.107701,2910.950397,2941.460212,2949.383456
2787.561974,2794.639810,2830.060295,2846.499999,2909.243308,2910.822601,2940.259637,2948.058267
2788.474447,2794.666379,2830.056100,2846.499948,2908.952650,2910.996754,2941.529697,2949.271633
2789.303071,2796.656022,2830.099252,2846.500000,2909.273664,2910.874136,2940.319323,2948.117881
2788.160774,2794.612579,2830.034268,2846.499867,2909.256648,2910.918577,2941.344449,2949.250569
2788.165343,2794.598990,2830.027325,2846.499934,2909.275212,2910.916493,2940.824193,2948.676350
2788.278364,2794.528130,2830.001174,2846.499364,2908.791478,2911.124855,2941.836327,2949.429405
2786.322982,2794.439571,2829.982306,2846.499864,2909.411184,2910.932768,2940.845880,2948.716532
2788.459143,2794.486689,2829.980800,2846.499725,2909.064605,2911.087693,2941.594746,2949.463479
2788.967346,2794.563979,2829.980937,2846.499747,2909.003728,2911.099847,2941.725169,2949.538286
2790.240961,2794.352072,2829.977832,2846.498329,2907.843885,2911.452790,2943.606755,2950.512881
2788.145888,2794.453020,2829.966059,2846.499799,2909.193562,2911.053275,2942.015104,2949.982746
2788.168653,2794.481035,2829.963656,2846.499994,2909.195191,2911.055934,2941.580312,2949.443681
2788.421146,2794.449662,2829.958825,2846.499661,2909.193318,2911.099503,2941.839575,2949.805719
2788.494039,2794.451026,2829.959700,2846.498553,2909.121574,2911.135646,2942.168200,2950.171035
2787.976484,2794.476145,2829.929877,2846.499966,2909.306986,2911.108285,2941.464772,2949.316823
2787.709382,2794.340256,2829.919200,2846.498434,2909.383333,2911.077031,2941.240667,2949.135643
2789.442073,2796.891581,2829.982316,2846.499814,2909.219989,2911.133753,2940.742605,2948.556689
2788.834748,2794.479695,2829.888948,2846.499093,2909.245683,2911.261557,2942.978991,2951.268062
2789.362580,2794.233109,2829.888903,2846.499277,2909.234577,2911.293822,2943.229120,2951.629024
2787.624134,2794.191435,2829.855547,2846.499979,2909.282559,2911.214773,2941.489330,2949.369047
2788.446485,2794.164922,2829.851780,2846.498004,2908.884105,2911.355365,2942.737736,2950.778965
2785.078480,2794.113136,2829.843859,2846.500000,2909.388824,2911.147271,2940.715949,2948.540279
2787.503793,2794.139818,2829.824883,2846.498851,2909.349753,2911.272520,2941.727005,2949.658033
2788.005133,2794.130079,2829.822916,2846.499159,2909.281513,2911.313740,2942.032815,2949.995680
2787.046359,2794.127891,2829.825287,2846.499995,2909.439110,2911.267634,2941.988656,2949.973264
2788.329856,2794.139026,2829.829919,2846.498836,2909.166515,2911.383995,2942.492745,2950.473990
2787.259466,2794.074217,2829.803049,2846.499674,2909.278506,2911.291093,2940.895473,2948.719946
2788.744710,2793.978864,2829.783714,2846.498934,2908.343459,2911.558826,2943.177997,2950.963277
2788.066161,2795.490084,2829.827373,2846.498758,2909.539706,2911.290672,2941.356092,2949.247927
2788.625532,2795.976142,2829.814038,2846.498448,2909.484342,2911.326556,2941.165300,2949.029332
2787.475298,2794.033099,2829.778958,2846.499427,2909.386656,2911.341210,2941.401898,2949.281351
2787.807978,2795.007966,2829.792564,2846.499747,2909.321044,2911.396669,2941.060706,2948.895389
2787.113498,2793.892276,2829.728428,2846.499244,2909.634952,2911.341539,2941.465901,2949.373170
2787.903027,2793.855156,2829.711012,2846.499494,2909.150198,2911.519119,2942.510301,2950.437764
2788.143611,2793.899390,2829.719129,2846.497025,2909.127384,2911.552660,2942.838020,2950.764553
2786.884073,2793.844295,2829.708537,2846.498335,2909.463831,2911.431775,2941.619034,2949.506952
2786.276085,2793.820863,2829.708622,2846.499992,2909.567345,2911.396430,2942.058488,2950.039482
2787.627087,2793.849170,2829.693558,2846.499571,2909.323344,2911.495834,2941.837026,2949.718515
2787.839113,2793.824293,2829.674586,2846.499083,2909.363033,2911.548100,2942.035509,2949.990680
2786.751710,2793.680130,2829.644380,2846.499981,2909.585286,2911.488481,2941.544554,2949.430573
2787.707376,2793.770702,2829.649257,2846.499436,2909.378070,2911.577944,2941.856471,2949.759448
2787.771484,2793.745230,2829.636089,2846.498451,2909.153986,2911.670620,2942.536517,2950.346054
2786.482036,2793.679325,2829.637644,2846.499678,2909.603870,2911.499546,2941.678396,2949.592194
2787.803134,2793.719664,2829.627203,2846.499073,2909.449861,2911.589779,2941.823018,2949.690026
2786.550323,2793.633186,2829.626453,2846.498965,2909.544019,2911.529227,2941.219828,2949.070712
2787.250601,2793.657509,2829.611588,2846.498552,2909.636913,2911.560728,2941.832604,2949.750900
2787.006293,2793.604480,2829.599281,2846.499998,2909.567187,2911.580281,2941.483715,2949.359257
2786.258468,2793.555812,2829.591993,2846.499999,2909.462454,2911.590812,2941.285554,2949.133166
2788.614204,2796.175087,2829.630202,2846.499993,2909.442441,2911.692855,2941.357168,2949.202420
2787.404691,2793.639767,2829.560098,2846.499708,2909.539400,2911.700175,2941.838533,2949.746349
2784.435030,2793.371671,2829.522780,2846.499997,2909.766077,2911.621629,2942.017531,2949.968797
2785.161421,2793.371925,2829.510556,2846.499991,2909.663535,2911.679458,2941.879846,2949.798553
2787.337702,2793.330517,2829.516690,2846.499485,2909.367548,2911.843375,2943.558402,2951.749640
2787.084182,2793.366177,2829.512261,2846.499807,2909.407479,2911.795058,2942.794488,2950.813137
2786.754192,2793.400281,2829.508472,2846.499871,2909.413382,2911.807384,2942.386182,2950.350080
2789.041273,2796.682933,2829.569835,2846.499982,2909.676765,2911.747602,2941.829754,2949.735600
2788.078138,2795.572126,2829.553248,2846.499997,2909.546607,2911.779558,2941.600391,2949.473730
2785.269511,2793.287097,2829.484768,2846.499793,2909.735078,2911.734607,2942.579790,2950.598568
2786.986306,2793.290714,2829.491009,2846.498936,2909.284399,2911.878142,2943.536342,2951.610262
2784.572312,2793.264061,2829.479832,2846.499999,2909.709413,2911.705350,2941.565091,2949.446496
2784.342563,2793.242138,2829.473683,2846.500000,2909.601783,2911.723065,2941.556976,2949.426457
2784.421828,2793.249929,2829.476153,2846.499998,2909.650099,2911.775084,2941.659388,2949.542222
2786.404462,2793.305424,2829.475730,2846.499999,2909.742845,2911.776569,2941.991220,2949.916657
2786.665938,2793.268800,2829.464276,2846.499403,2909.388677,2911.875066,2942.728925,2950.739326
2786.100234,2793.266343,2829.464475,2846.499855,2909.520013,2911.839835,2942.506511,2950.490993
2786.256470,2793.326176,2829.470179,2846.499742,2909.735020,2911.777415,2942.113596,2950.054745
2787.253334,2793.239062,2829.459813,2846.499681,2909.397473,2911.904791,2943.229485,2951.334091
2784.708002,2793.187328,2829.444552,2846.499999,2909.770292,2911.783867,2942.151582,2950.098780
2786.208494,2793.246093,2829.441794,2846.499659,2909.746519,2911.829393,2942.682814,2950.700564
2786.955962,2793.568585,2829.451693,2846.499758,2909.757384,2911.838178,2942.622638,2950.631231
2785.739256,2793.155885,2829.417850,2846.499997,2909.583508,2911.891679,2941.622880,2949.490434
2785.610660,2793.135576,2829.412598,2846.498869,2909.704583,2911.858069,2942.101821,2950.030747
2787.961878,2793.058886,2829.408630,2846.497582,2908.939428,2912.152431,2944.593665,2953.034042
2787.442849,2794.986909,2829.459819,2846.499865,2909.464487,2911.973211,2941.745094,2949.610097
2785.868921,2793.124921,2829.397775,2846.499994,2909.671462,2911.925056,2941.995936,2949.898250
2786.802628,2793.197043,2829.406800,2846.499462,2909.487949,2912.002692,2943.089338,2951.098205
2786.586681,2793.126871,2829.390999,2846.499739,2909.498398,2911.992352,2942.469227,2950.419270
2786.831055,2793.119375,2829.387449,2846.498419,2909.441566,2912.059130,2943.512428,2951.618999
2786.768963,2793.188582,2829.382076,2846.497526,2909.577970,2912.020989,2942.868218,2950.857084
2786.281143,2793.067409,2829.373536,2846.499859,2909.644938,2911.975584,2942.697626,2950.656138
2786.132108,2793.090476,2829.368422,2846.499592,2909.670135,2911.963647,2942.426215,2950.382764
2784.930546,2792.980850,2829.355796,2846.500000,2909.682317,2911.941980,2941.775368,2949.659241
2786.367794,2793.154234,2829.367319,2846.499940,2909.759772,2911.975818,2942.567447,2950.548443
2785.387370,2792.960038,2829.340845,2846.499995,2909.766973,2911.943059,2941.958206,2949.862502
2785.923730,2793.033876,2829.341911,2846.499575,2909.531277,2912.065720,2942.553642,2950.507788
2788.468287,2796.206546,2829.402578,2846.499066,2909.352810,2912.145259,2943.035228,2951.028095
2785.489035,2792.922811,2829.315684,2846.499990,2909.446707,2912.114644,2943.128611,2951.067362
2785.902885,2792.882736,2829.138125,2845.499992,2909.813303,2912.115582,2942.210024,2950.120503
2785.715719,2792.854169,2829.131639,2845.499975,2909.760685,2912.114284,2942.650260,2950.577661
2785.990658,2792.860022,2829.123562,2845.499954,2909.647936,2912.213367,2943.281666,2951.322414
2785.891087,2792.890017,2829.131774,2845.499962,2909.446882,2912.264384,2943.697407,2951.599810
2786.920971,2793.062862,2829.125150,2845.498481,2909.313483,2912.324470,2944.392733,2952.501305
2786.247983,2792.958939,2829.108240,2845.496463,2909.477879,2912.282127,2943.768630,2951.725861
2787.347176,2794.881562,2829.130022,2845.499996,2910.110183,2912.153794,2943.165194,2951.224902
2786.337196,2793.436687,2829.094404,2845.499960,2909.649599,2912.277263,2943.217858,2951.150790
2786.531674,2792.682553,2829.039129,2845.499854,2908.287346,2912.572355,2945.527148,2953.963919
2786.948723,2792.538278,2829.024036,2845.499287,2907.771993,2912.703808,2945.792363,2953.468424
2784.573023,2792.524839,2829.008572,2845.496007,2909.547228,2912.394235,2943.922678,2951.906336
2785.080930,2792.524716,2829.014771,2845.499998,2909.470720,2912.403574,2943.774083,2951.637703
2785.195453,2792.495951,2828.995097,2845.499989,2909.688585,2912.373146,2943.777420,2951.789914
2784.748510,2792.484137,2828.988519,2845.499933,2909.823346,2912.350801,2944.187576,2952.374286
2785.701010,2792.488868,2828.986684,2845.499964,2909.112787,2912.536208,2945.113412,2953.386730
2786.116648,2792.520287,2828.984262,2845.498138,2908.951092,2912.566118,2945.463183,2954.003190
2786.179182,2792.398465,2828.951832,2845.499872,2909.929111,2912.406018,2944.166663,2952.349898
2785.246646,2792.398541,2828.946591,2845.499997,2909.876206,2912.380049,2942.548342,2950.486766
2786.597005,2792.356594,2828.941771,2845.499308,2909.311405,2912.559940,2945.047021,2953.394304
2786.122761,2792.369936,2828.940692,2845.498218,2909.630205,2912.536404,2944.956326,2953.302102
2787.030945,2792.338098,2828.940695,2845.494394,2908.152937,2912.858839,2945.984310,2953.673102
2785.914025,2792.365716,2828.926414,2845.499129,2908.686385,2912.701726,2945.628252,2954.120944
2785.167674,2792.344750,2828.908854,2845.499936,2909.656704,2912.580011,2944.058866,2952.052710
2785.650642,2792.441021,2828.907441,2845.498959,2909.925377,2912.519520,2943.734538,2951.810633
2784.965727,2792.296937,2828.886473,2845.499985,2909.836954,2912.542068,2942.639425,2950.569533
2785.675377,2792.421560,2828.877792,2845.499557,2909.867212,2912.601152,2943.591653,2951.626188
2785.241174,2792.254199,2828.863933,2845.499091,2909.741480,2912.696763,2944.523362,2952.729796
2785.318528,2792.130119,2828.831388,2845.499179,2909.458326,2912.733497,2944.396273,2952.445313
2785.731535,2792.239033,2828.817337,2845.498515,2909.400167,2912.846597,2945.157131,2953.424460
2785.505828,2792.294563,2828.787464,2845.499265,2910.012189,2912.698266,2944.024708,2952.111080
2783.348863,2791.912720,2828.745440,2845.499948,2909.979841,2912.716002,2943.315698,2951.311913
2784.741877,2792.013839,2828.738150,2845.499667,2909.858496,2912.846049,2944.629791,2952.821189
2784.274782,2791.883393,2828.726200,2845.499932,2909.863339,2912.804519,2943.319563,2951.300665
2784.696844,2792.160212,2828.745121,2845.499912,2909.781774,2912.816250,2943.020748,2950.966868
2784.889903,2791.876897,2828.707260,2845.498798,2909.428530,2912.968453,2944.908949,2952.997724
2783.642110,2791.747161,2828.683085,2845.499996,2910.220537,2912.751651,2943.487261,2951.503307
2784.728152,2791.832431,2828.674850,2845.499815,2909.520722,2912.960218,2944.648842,2952.639870
2785.622923,2791.641133,2828.656750,2845.499296,2909.233044,2913.090697,2945.612770,2953.824099
2784.507477,2791.676239,2828.644079,2845.499899,2910.122796,2912.892355,2944.564614,2952.721800
2784.683518,2791.713845,2828.639283,2845.499201,2909.610189,2913.033444,2944.978055,2953.058893
2781.854954,2791.588459,2828.621428,2845.500000,2910.061956,2912.870047,2943.027691,2950.989148
2784.787618,2791.660375,2828.606559,2845.499901,2909.637514,2913.060199,2944.693994,2952.706171
2781.003394,2791.492044,2828.584121,2845.500000,2909.992596,2912.942445,2943.115070,2951.072506
2782.111766,2791.524171,2828.587577,2845.500000,2909.930462,2912.972400,2943.065037,2951.017909
2784.322232,2791.649514,2828.595783,2845.498237,2910.007526,2913.027685,2944.280986,2952.363657
2784.056485,2791.603891,2828.590940,2845.499812,2909.942668,2913.010256,2944.261777,2952.326022
2783.485026,2791.548824,2828.585566,2845.499889,2910.091335,2912.977997,2944.054399,2952.109843
2784.744181,2791.621304,2828.589418,2845.499452,2909.756637,2913.055505,2944.612783,2952.706807
2783.230880,2791.540590,2828.582336,2845.499997,2909.908712,2912.994781,2943.255093,2951.220129
2784.831829,2791.623088,2828.586631,2845.499387,2909.625910,2913.097339,2944.965966,2953.111241
2784.488185,2791.589197,2828.579000,2845.499313,2909.812943,2913.072916,2944.718137,2952.855546
2784.236555,2791.549484,2828.569584,2845.499969,2909.958467,2913.026008,2943.785266,2951.798370
2785.035257,2791.567432,2828.552699,2845.498825,2909.729056,2913.150752,2945.105488,2953.260410
2784.096503,2791.541741,2828.546556,2845.499998,2909.845927,2913.105294,2943.539008,2951.523369
2781.881827,2791.384667,2828.531409,2845.499998,2909.948377,2913.038263,2943.251083,2951.212339
2784.241638,2791.551465,2828.550342,2845.492222,2909.389852,2913.223965,2945.266007,2953.453228
2786.598671,2794.402484,2828.619745,2845.498427,2909.885180,2913.106298,2943.998637,2952.022913
2783.870755,2791.432363,2828.513573,2845.499946,2909.877051,2913.138505,2945.210083,2953.425452
2784.516102,2791.544777,2828.523658,2845.499145,2909.229940,2913.282957,2945.528202,2953.692356
2783.090257,2791.262682,2828.470675,2845.500000,2910.166237,2913.131911,2943.704769,2951.717126
2783.275176,2791.279693,2828.465937,2845.499964,2909.796292,2913.206813,2943.396896,2951.363639
2784.479235,2791.354189,2828.442925,2845.499077,2909.742204,2913.308660,2944.804795,2952.912536
2782.544086,2791.124428,2828.412003,2845.499992,2909.992015,2913.268710,2943.625436,2951.617013
2783.415707,2791.187909,2828.416262,2845.499940,2909.998246,2913.267330,2943.856075,2951.867998
2783.139018,2791.160064,2828.413495,2845.499979,2909.959832,2913.284556,2943.964071,2951.983407
2784.378608,2791.229595,2828.403846,2845.499297,2909.730677,2913.366785,2945.236726,2953.363409
2782.590968,2791.045599,2828.384470,2845.499998,2910.001420,2913.292715,2943.691019,2951.682379
2781.801503,2791.009504,2828.374170,2845.500000,2909.946184,2913.279378,2943.611388,2951.592152
2781.969951,2790.959004,2828.355035,2845.499999,2910.200741,2913.295352,2943.772627,2951.784829
2784.165411,2791.085642,2828.344357,2845.499290,2909.549729,2913.505962,2945.730134,2953.885237
2783.564562,2790.968101,2828.322459,2845.499371,2909.396714,2913.516658,2945.084531,2953.065725
2784.076943,2790.912964,2828.301579,2845.499851,2905.177455,2914.054855,2947.956314,2955.834078
2784.171811,2790.920905,2828.303616,2845.499707,2905.521391,2914.064933,2947.984498,2955.717628
2783.924957,2790.840511,2828.297505,2845.499963,2905.465560,2914.050725,2947.897328,2956.155016
2784.115261,2790.844272,2828.264426,2845.499918,2908.436707,2913.699418,2946.977136,2955.357882
2785.851179,2790.618423,2828.296560,2845.498850,2908.778478,2914.033794,2948.605124,2954.604033
2785.404430,2790.660684,2828.249535,2845.499099,2910.257410,2913.556645,2946.686997,2955.255040
2785.593432,2790.694047,2828.252285,2845.498706,2909.686276,2913.632185,2946.722126,2955.082139
2784.287947,2790.605941,2828.225559,2845.498464,2910.005315,2913.559899,2946.054614,2954.335332
2780.003748,2790.542817,2828.189035,2845.500000,2910.009133,2913.565153,2944.009914,2952.017686
2780.005470,2790.533781,2828.181761,2845.500000,2909.925773,2913.570891,2944.014016,2952.019982
2782.881062,2790.627938,2828.198477,2845.499815,2909.819052,2913.612723,2945.417307,2953.513042
2784.854990,2790.558169,2828.178242,2845.497173,2910.131300,2913.626600,2945.910576,2954.160311
2783.608143,2790.617511,2828.180414,2845.499653,2909.677149,2913.720084,2946.894558,2955.401548
2782.997006,2790.621091,2828.176852,2845.499860,2910.287191,2913.574037,2944.975525,2953.085264
2785.771295,2790.749535,2828.070683,2844.497841,2909.184819,2914.141928,2947.982622,2955.325259
2784.999785,2790.603962,2828.041313,2844.497973,2908.862772,2914.084908,2947.976233,2955.913801
2785.562669,2790.502854,2828.028148,2844.499121,2910.418118,2913.734251,2947.149665,2955.741760
2785.186333,2790.481481,2828.021093,2844.499545,2910.418038,2913.753825,2946.991835,2955.578947
2783.747716,2790.606045,2828.025326,2844.499579,2908.362364,2913.959282,2947.214398,2955.508237
2783.596142,2790.493602,2828.009074,2844.499507,2909.791806,2913.841238,2946.526527,2954.830242
2785.200911,2790.459695,2828.018865,2844.497936,2908.770140,2914.225555,2948.231034,2955.045102
2781.244695,2790.334375,2827.963551,2844.499999,2910.029718,2913.772045,2945.001463,2953.075728
2785.689058,2793.599074,2828.056269,2844.499864,2907.777956,2914.341389,2948.719195,2957.204277
2785.377957,2790.379562,2827.998854,2844.499091,2908.727323,2914.439701,2949.034977,2955.320998
2785.014941,2790.409557,2827.983909,2844.496155,2908.684430,2914.641214,2949.278540,2955.404373
2782.472026,2790.296486,2827.934347,2844.499997,2909.180807,2913.957947,2946.438038,2954.611846
2784.434646,2790.321581,2827.959669,2844.498539,2908.238022,2914.329460,2948.633405,2955.921426
2784.462284,2790.566672,2827.953892,2844.499766,2907.795505,2914.183545,2948.142592,2956.744419
2784.677719,2790.469226,2827.953256,2844.498868,2908.240820,2914.266315,2948.085907,2955.873818
2785.207606,2790.406769,2827.965513,2844.498344,2908.486873,2914.496167,2949.070715,2955.037990
2782.124378,2790.231003,2827.918787,2844.499997,2910.331713,2913.818902,2944.691439,2952.753355
2783.010711,2790.245689,2827.894643,2844.499940,2909.442022,2914.029245,2946.217479,2954.360632
2782.501554,2790.214396,2827.883937,2844.498517,2909.764887,2914.076050,2947.522589,2956.183497
2781.239433,2790.186978,2827.881179,2844.499998,2910.280194,2913.931892,2944.925364,2953.007746
2780.011018,2790.068993,2827.866536,2844.500000,2910.292856,2913.890191,2944.461129,2952.508218
2780.743211,2790.064244,2827.853583,2844.499997,2909.742195,2914.004614,2946.117613,2954.277007
2783.335273,2790.147970,2827.825787,2844.499884,2909.538800,2914.196900,2946.908508,2955.182895
2782.899873,2790.177583,2827.809035,2844.499726,2909.471771,2914.198833,2945.983933,2954.047429
2781.688177,2789.966040,2827.793299,2844.500000,2909.961506,2914.109776,2944.507638,2952.547751
2785.438777,2793.393203,2827.863052,2844.499993,2910.267192,2914.087976,2944.634355,2952.685216
2783.910498,2790.095630,2827.786839,2844.496577,2909.769708,2914.277483,2947.208746,2955.626429
2782.780948,2790.055336,2827.763646,2844.497558,2909.665424,2914.271981,2946.391869,2954.571518
2784.345925,2789.990702,2827.766377,2844.499542,2910.388491,2914.338151,2947.626621,2956.250753
2782.559040,2789.954818,2827.709160,2844.499338,2909.789734,2914.305677,2945.584712,2953.692198
2783.230045,2790.052019,2827.717325,2844.499118,2909.732682,2914.345158,2946.764278,2954.981547
2784.796633,2792.728084,2827.744208,2844.499995,2910.370992,2914.291664,2945.262937,2953.355979
2783.755000,2791.418963,2827.719293,2844.499989,2909.844446,2914.355901,2945.110994,2953.183264
2783.700575,2790.463674,2827.700687,2844.497550,2909.890978,2914.398662,2946.782540,2955.056535
2783.740410,2791.551162,2827.658883,2844.499999,2910.102601,2914.416242,2945.109337,2953.187721
2782.530684,2789.659795,2827.618180,2844.499743,2909.505408,2914.524351,2947.281722,2955.542105
2783.096304,2789.730661,2827.608120,2844.499787,2909.612997,2914.594349,2948.018238,2956.528865
2783.151061,2789.747229,2827.602809,2844.497341,2909.487683,2914.585379,2947.958513,2956.466896
2782.470667,2790.425330,2827.595004,2844.499304,2909.443961,2914.522223,2946.567037,2954.747479
2780.872295,2789.458867,2827.562241,2844.497274,2909.768770,2914.498810,2946.132256,2954.272915
2783.975011,2789.473796,2827.574413,2844.499490,2910.251999,2914.633028,2948.539189,2957.388455
2782.563736,2789.470477,2827.563389,2844.499898,2909.590241,2914.650855,2948.365436,2956.991494
2781.540450,2789.422887,2827.550662,2844.499998,2909.278761,2914.623450,2947.546470,2955.846729
2784.660677,2789.423824,2827.556559,2844.498361,2910.348976,2914.952107,2949.157619,2957.781443
2784.016985,2789.413202,2827.545869,2844.497354,2910.277088,2914.921081,2949.086737,2958.028515
2785.061375,2789.460172,2827.550189,2844.498557,2910.375734,2915.123723,2949.460471,2957.561732
2783.868601,2789.396755,2827.521842,2844.495994,2910.396947,2914.861485,2949.175684,2958.348815
2784.425189,2789.378007,2827.521048,2844.499213,2910.210217,2914.908179,2949.100867,2957.862764
2784.501212,2789.408118,2827.511814,2844.496518,2910.169623,2914.873813,2948.989598,2957.697725
2784.725055,2789.416033,2827.520112,2844.499152,2910.308828,2915.010208,2949.223785,2957.696097
2784.000588,2789.343132,2827.490923,2844.499269,2910.095439,2914.919728,2949.123558,2958.063227
2784.202871,2789.374163,2827.475500,2844.497965,2910.000075,2914.817651,2948.815149,2957.639213
2784.450137,2789.384659,2827.479430,2844.496763,2910.196866,2914.882165,2948.939417,2957.738862
2783.410619,2789.223783,2827.456967,2844.495076,2910.868667,2914.949854,2948.815997,2957.638121
2783.891824,2789.200087,2827.442799,2844.499269,2910.088432,2914.834084,2948.677704,2957.431445
2784.519589,2789.222187,2827.454991,2844.499089,2910.327844,2915.005322,2949.056807,2957.767440
2784.183571,2789.188530,2827.441368,2844.499197,2910.266099,2914.898100,2948.898913,2957.745326
2783.128977,2789.172110,2827.435846,2844.499793,2910.044735,2914.857471,2948.545914,2957.223413
2783.010404,2789.083715,2827.414665,2844.497654,2909.675998,2914.863742,2948.845602,2957.430850
2784.324595,2789.026932,2827.401981,2844.499014,2910.249564,2915.115641,2949.521511,2956.709418
2784.210556,2789.023183,2827.394671,2844.499090,2910.110203,2915.080397,2949.424071,2956.767622
2784.380521,2788.997443,2827.391362,2844.498721,2910.237302,2915.149366,2949.579218,2956.685047
2784.010549,2789.057736,2827.384343,2844.499050,2909.846916,2915.109816,2949.293776,2956.985497
2780.634340,2788.862142,2827.332243,2844.499932,2909.352539,2914.841320,2947.114625,2955.272763
2783.688364,2788.966409,2827.362713,2844.499035,2909.593646,2915.006774,2949.044611,2957.137058
2782.576339,2789.170926,2827.352498,2844.499440,2909.698187,2914.954461,2948.230473,2956.490140
2779.665827,2788.804426,2827.313358,2844.499990,2909.655328,2914.845495,2947.314557,2955.547038
2783.275522,2788.918305,2827.344966,2844.499508,2909.863615,2915.065640,2949.086726,2957.059299
2783.664283,2788.949779,2827.351090,2844.499301,2910.218416,2915.492549,2950.107180,2957.064470
2783.365963,2789.082927,2827.337807,2844.499379,2909.859422,2915.447294,2950.155357,2956.835078
2783.922129,2788.868366,2827.338061,2844.498785,2910.192376,2915.384726,2950.143274,2956.491552
2782.774994,2788.972868,2827.306942,2844.498838,2909.223177,2915.196432,2949.806918,2957.788869
2783.891655,2788.804265,2827.290306,2844.498485,2910.562212,2915.448864,2949.840688,2957.258023
2783.487799,2788.750654,2827.266107,2844.498477,2910.390214,2915.541245,2949.910786,2957.225678
2783.354058,2788.796424,2827.262438,2844.496207,2910.043014,2915.350969,2949.616192,2957.046994
2782.591846,2788.665987,2827.252564,2844.496003,2909.878309,2915.216220,2949.433550,2957.440778
2783.917400,2791.989793,2827.282093,2844.499802,2909.132989,2915.179910,2948.989476,2957.602922
2782.844616,2788.727821,2827.251973,2844.497165,2909.713795,2915.353267,2949.877783,2957.477122
2781.638508,2788.711006,2827.209624,2844.499152,2908.766886,2915.178037,2949.341493,2957.784889
2781.959548,2788.670328,2827.192167,2844.499678,2909.811152,2915.266233,2949.459512,2958.262480
2783.047680,2788.633870,2827.194533,2844.493086,2910.190164,2915.190859,2949.283510,2957.966410
2783.420401,2788.696798,2827.197012,2844.496295,2910.157487,2915.281612,2949.272107,2957.785440
2780.518482,2788.707022,2827.168415,2844.499821,2908.294100,2915.240722,2949.298621,2957.974582
2783.171254,2788.646950,2827.177312,2844.498007,2910.123332,2915.196782,2948.843643,2957.352904
2782.482813,2788.643259,2827.169279,2844.498936,2909.415841,2915.282895,2949.242253,2957.921006
2783.582242,2788.778343,2827.184033,2844.498256,2909.651223,2915.492094,2949.751945,2957.721893
2783.447659,2788.672117,2827.173291,2844.499024,2909.499016,2915.561164,2950.205902,2957.313569
2783.717696,2788.548728,2827.151185,2844.498709,2910.171422,2915.500269,2949.785577,2957.284550
2783.442778,2788.659617,2827.118108,2844.499087,2911.016365,2915.626265,2949.745632,2958.456841
2783.340239,2788.469747,2827.101248,2844.499077,2910.425163,2915.449780,2949.581233,2957.529781
2782.688141,2788.453740,2827.092319,2844.498064,2910.121443,2915.643762,2950.005403,2957.636602
2781.866647,2788.487742,2827.069140,2844.499521,2909.287328,2915.397923,2949.303720,2957.727050
2783.119346,2788.388503,2827.077137,2844.492682,2910.361474,2915.536638,2949.933713,2957.549697
2781.884123,2788.302622,2827.054952,2844.498720,2909.928901,2915.349697,2949.073525,2957.537647
2782.456406,2788.321508,2826.956395,2843.499240,2909.741887,2915.727883,2950.372412,2958.502926
2782.332184,2788.095316,2826.916836,2843.499366,2909.869869,2915.671569,2949.853195,2957.774864
2782.910197,2788.056703,2826.897948,2843.498593,2910.122511,2915.986217,2951.083697,2958.013321
2778.000066,2787.899155,2826.856068,2843.500000,2908.655487,2915.443931,2946.362698,2954.523651
2783.475908,2788.109587,2826.898724,2843.498474,2910.568600,2916.003064,2950.869363,2957.289201
2783.404913,2788.096058,2826.893011,2843.496389,2910.497352,2915.940593,2950.891927,2957.647911
2781.329452,2788.097260,2826.851721,2843.498653,2908.957463,2915.684825,2949.968803,2958.536156
2784.714605,2793.187057,2826.905542,2843.500000,2907.458764,2915.569871,2946.357118,2954.507774
2778.116602,2787.765683,2826.786912,2843.500000,2908.226103,2915.597753,2946.578694,2954.730412
2779.742911,2788.105427,2826.794409,2843.499997,2908.308549,2915.651865,2946.529954,2954.690537
2782.555337,2788.041689,2826.810750,2843.499466,2910.598204,2916.051484,2950.481272,2957.720605
2781.174691,2787.919730,2826.780219,2843.499517,2909.900615,2915.717291,2949.714354,2958.282904
2779.345806,2787.743009,2826.751586,2843.499956,2909.111913,2915.639809,2948.043000,2956.296798
2782.304513,2787.961980,2826.800176,2843.498649,2910.605635,2916.093188,2950.687416,2958.087506
2782.013062,2788.088041,2826.777626,2843.498710,2910.016694,2915.833630,2950.058353,2958.251799
2781.935706,2788.045773,2826.780513,2843.498086,2910.166791,2915.953412,2950.145062,2958.225317
2782.290637,2788.096458,2826.781826,2843.494927,2910.185795,2916.167905,2951.014059,2958.412154
2781.089123,2788.235831,2826.734311,2843.499557,2909.895525,2915.771520,2948.670097,2957.011089
2782.173504,2788.025393,2826.743717,2843.498039,2909.918934,2916.084314,2950.527306,2957.835941
2782.900447,2791.026925,2826.770458,2843.500000,2906.353861,2915.759250,2946.682941,2954.846181
2779.325304,2788.026240,2826.700756,2843.497485,2909.685985,2915.753522,2948.108242,2956.385518
2782.175480,2787.651959,2826.706416,2843.498112,2910.556510,2916.184132,2950.910741,2958.262854
2781.720442,2789.779549,2826.713966,2843.499999,2909.196112,2915.825896,2947.018171,2955.210411
2779.016658,2787.648724,2826.654657,2843.499994,2909.429560,2915.795725,2948.061807,2956.314478
2781.583567,2787.689500,2826.677821,2843.498150,2910.268014,2916.053343,2950.527792,2959.115218
2780.346806,2787.587977,2826.666065,2843.499613,2909.550598,2915.912959,2950.265779,2958.980425
2778.324298,2787.474199,2826.638217,2843.499979,2908.534543,2915.832427,2947.907372,2956.144944
2777.106134,2787.391831,2826.633984,2843.500000,2907.970941,2915.849918,2946.880634,2955.063286
2777.035429,2787.358997,2826.640434,2843.500000,2904.000292,2915.722713,2946.781942,2954.950167
2777.935363,2787.410166,2826.631800,2843.499940,2908.820044,2915.846943,2948.864991,2957.202148
2781.485498,2787.415886,2826.652840,2843.499227,2910.377188,2916.244078,2951.214534,2958.731323
2779.105555,2787.422411,2826.633654,2843.499975,2908.767786,2915.920286,2949.713501,2958.133946
2781.074000,2787.535248,2826.625604,2843.498582,2909.839291,2915.955340,2950.266039,2958.971311
2781.985974,2787.570164,2826.637455,2843.497469,2910.220677,2916.291026,2951.168631,2959.337804
2779.322130,2787.492471,2826.598521,2843.499398,2909.344452,2915.974409,2949.750248,2958.280573
2777.728966,2787.256785,2826.582582,2843.499998,2906.101470,2915.963436,2949.182721,2957.342575
2779.599283,2787.730464,2826.571848,2843.499996,2908.567932,2916.043683,2950.104113,2958.651490
2781.692032,2787.787574,2826.595863,2843.498060,2910.692068,2916.522608,2951.741197,2958.402461
2779.071319,2787.236832,2826.523858,2843.499518,2908.587444,2916.094171,2950.532117,2959.309074
2777.002311,2787.063587,2826.504599,2843.500000,2907.561484,2915.987537,2947.323963,2955.540334
2781.407844,2787.638277,2826.546260,2843.499099,2910.361496,2916.158893,2950.584645,2958.903868
2779.808980,2787.340969,2826.523332,2843.499827,2909.898948,2916.190290,2951.024155,2959.959681
2781.481579,2787.377128,2826.535697,2843.496046,2910.293288,2916.337761,2951.359183,2958.526792
2780.137701,2787.321640,2826.506110,2843.498195,2909.961017,2916.133925,2950.805853,2959.756674
2781.943431,2787.486183,2826.523462,2843.495843,2910.842216,2916.325441,2950.790452,2958.892550
2782.152797,2787.543861,2826.530240,2843.498915,2910.845861,2916.529494,2951.747067,2959.083787
2781.606027,2787.359818,2826.504887,2843.499229,2910.368072,2916.396034,2951.095836,2958.856908
2782.160325,2787.200409,2826.509523,2843.499054,2910.620785,2916.614208,2951.777174,2958.885055
2778.564825,2787.035184,2826.462385,2843.499987,2909.920248,2916.049769,2948.689415,2957.005663
2780.130612,2787.240015,2826.471671,2843.499235,2909.338750,2916.173697,2950.244369,2958.741966
2780.306563,2787.249800,2826.464854,2843.498656,2909.103809,2916.363921,2951.650884,2960.537288
2781.133666,2787.139895,2826.452995,2843.499556,2910.294638,2916.285416,2950.923470,2959.291706
2779.254821,2787.097458,2826.425352,2843.499906,2908.560848,2916.208443,2949.899880,2958.352351
2781.628311,2787.105344,2826.459212,2843.499008,2910.754055,2916.377052,2951.257860,2959.065472
2781.758189,2787.292633,2826.457960,2843.499018,2910.746343,2916.574749,2951.590005,2959.215978
2780.259709,2787.482682,2826.432664,2843.499336,2910.454563,2916.295463,2950.448041,2959.026940
2780.730521,2787.290578,2826.416251,2843.497750,2910.497271,2916.352035,2950.627721,2959.334005
2781.589264,2787.346247,2826.422309,2843.498513,2911.127701,2916.813896,2951.061398,2959.361650
2781.172673,2787.359494,2826.407604,2843.499320,2910.870044,2916.488259,2950.878673,2959.569996
2778.537141,2787.275457,2826.383301,2843.499980,2909.115887,2916.273877,2948.956329,2957.259549
2780.755027,2787.326592,2826.392314,2843.497541,2910.793087,2916.510014,2950.907244,2959.685695
2776.625763,2786.706616,2826.361032,2843.500000,2905.000248,2916.155270,2947.577579,2955.792379
2781.753547,2787.225286,2826.387837,2843.498438,2911.282970,2916.631155,2951.696575,2960.803747
2780.221209,2787.264943,2826.363973,2843.499558,2910.523874,2916.359179,2950.712797,2959.507318
2781.946999,2786.877152,2826.374930,2843.498506,2911.195454,2916.799263,2952.449219,2959.032678
2779.240777,2786.801673,2826.335862,2843.499413,2910.366193,2916.592664,2952.306462,2962.217784
2781.189992,2786.950804,2826.339745,2843.498825,2911.230378,2917.174915,2952.730880,2959.568828
2782.377250,2787.005401,2826.329629,2843.498099,2911.769786,2917.507889,2952.631530,2958.948815
2780.505198,2786.727688,2826.331818,2843.498382,2910.442027,2916.773800,2952.477144,2960.075302
2781.827630,2786.940952,2826.347068,2843.498857,2911.184808,2916.876738,2952.257854,2959.080281
2781.153817,2786.871612,2826.337035,2843.497244,2910.598849,2916.706795,2951.974656,2959.679263
2780.106600,2786.815028,2826.314790,2843.498776,2910.677459,2916.646490,2951.811224,2960.224351
2780.641482,2786.695303,2826.312705,2843.498917,2910.543250,2916.788297,2952.390526,2960.083480
2781.086943,2786.777753,2826.288135,2843.498896,2910.943058,2916.689573,2951.621405,2959.187727
2777.983769,2786.505786,2826.217214,2843.499903,2907.004635,2919.617360,2952.665134,2959.997372
2776.899244,2786.415124,2826.230740,2843.499981,2906.884755,2919.449041,2953.096488,2960.319582
2781.429140,2786.629323,2826.279569,2843.498400,2910.988018,2917.519146,2952.529297,2959.105096
2781.339573,2786.627192,2826.275008,2843.498349,2910.814319,2917.432278,2952.530283,2959.238629
2780.900261,2786.784284,2826.270711,2843.498802,2910.519345,2916.973191,2952.415306,2959.215270
2781.225843,2786.788884,2826.263092,2843.498998,2910.548490,2916.983934,2952.490874,2959.692429
2781.382922,2786.726756,2826.270648,2843.498807,2910.817070,2916.852873,2951.936971,2959.168861
2779.120060,2786.646875,2826.237867,2843.499374,2909.842635,2916.526783,2950.813132,2959.467259
2776.003647,2786.315985,2826.199259,2843.500000,2907.952586,2916.418600,2948.585384,2956.850752
2778.378040,2786.492286,2826.220631,2843.499932,2908.501152,2916.526675,2951.055291,2959.638537
2780.402566,2786.805670,2826.233321,2843.498320,2909.920114,2916.629126,2951.354984,2960.151917
2780.588058,2786.619219,2826.227309,2843.498714,2910.193980,2916.840762,2952.023709,2959.845034
2781.314738,2786.659466,2826.238283,2843.498702,2910.813075,2917.120031,2952.415890,2959.754043
2776.000241,2786.245499,2826.176704,2843.500000,2905.326394,2916.414657,2947.964522,2956.223579
2778.026503,2786.442380,2826.192570,2843.499666,2908.896754,2916.543412,2950.060215,2958.443916
2777.383375,2786.328513,2826.179696,2843.499977,2908.547177,2916.531786,2950.388541,2958.866754
2781.004674,2786.517801,2826.213798,2843.498471,2911.168265,2916.988943,2952.756011,2959.696262
2777.849296,2786.319769,2826.165252,2843.496706,2909.489608,2916.584607,2951.130813,2959.846199
2780.169873,2786.375238,2826.162638,2843.499114,2910.890894,2917.119974,2952.648427,2960.097724
2776.928158,2786.205538,2826.129772,2843.499593,2908.373927,2916.663477,2951.326891,2960.097181
2781.237332,2786.596687,2826.168349,2843.498374,2910.706098,2917.134096,2953.082398,2960.069478
2781.397674,2786.664193,2826.167744,2843.498918,2911.002218,2917.113899,2952.998268,2960.084574
2779.416871,2786.289234,2826.134126,2843.498467,2909.785326,2916.688691,2951.579660,2960.425104
2776.003925,2786.058345,2826.096050,2843.500000,2907.920811,2916.628010,2948.865237,2957.126354
2781.232386,2786.333137,2826.137507,2843.498447,2911.254496,2917.374213,2953.139918,2959.486639
2780.539529,2786.204433,2826.104457,2843.498807,2910.755554,2917.097720,2952.905990,2960.255238
2776.042737,2785.982965,2826.058802,2843.499998,2907.348094,2916.666174,2950.172040,2958.539899
2777.476457,2786.049028,2826.059443,2843.499986,2908.842184,2916.714388,2950.541975,2958.991283
2780.455191,2786.406179,2826.091895,2843.499550,2910.139489,2917.025867,2952.745702,2960.461368
2781.361314,2786.474522,2826.101550,2843.498821,2911.185412,2917.265118,2953.103894,2959.557013
2780.675156,2786.408503,2826.087428,2843.498375,2910.339693,2917.102999,2952.858362,2959.904071
2781.169055,2786.256156,2826.087411,2843.498304,2911.254755,2917.301000,2953.176852,2959.339838
2781.295493,2786.411893,2826.073400,2843.498149,2911.411167,2916.996318,2952.017072,2959.823993
2778.874612,2786.113344,2826.019303,2843.498906,2910.640772,2916.799576,2949.993525,2958.409085
2780.390167,2786.247900,2826.027307,2843.496853,2911.212322,2916.814196,2950.609395,2959.145566
2777.599490,2786.072453,2826.006269,2843.499604,2909.701665,2916.794652,2949.329801,2957.667547
2781.154609,2789.426188,2826.056134,2843.499986,2909.418954,2916.836007,2949.132707,2957.451373
2779.456600,2786.220462,2826.007219,2843.498539,2910.898998,2916.917033,2951.447508,2960.186656
2777.805166,2786.012039,2825.983248,2843.499557,2909.500573,2916.844333,2950.028253,2958.432124
2778.863562,2786.162458,2825.990274,2843.498926,2910.384130,2916.881487,2950.713176,2959.252113
2778.833810,2786.366696,2825.983763,2843.498468,2910.184801,2916.975427,2950.926056,2959.448299
2777.654681,2785.864725,2825.974215,2843.499837,2908.200097,2916.890714,2951.617525,2960.296994
2777.243300,2785.836837,2825.964732,2843.499981,2909.489945,2916.931015,2952.049942,2961.043349
2780.710582,2785.977192,2825.979769,2843.498329,2911.905842,2917.550121,2952.851004,2959.815986
2780.054680,2786.021039,2825.974157,2843.499321,2910.486407,2917.278325,2953.170820,2960.847641
2776.476321,2785.705819,2825.934348,2843.499991,2908.066180,2916.925694,2951.146192,2959.679632
2777.049503,2785.733822,2825.913861,2843.499964,2907.729035,2916.950652,2950.904858,2959.390585
2778.868234,2785.682900,2825.839870,2842.499149,2910.981204,2917.569912,2953.354201,2960.361861
2775.445844,2785.505236,2825.789940,2842.499990,2907.798219,2917.045070,2950.819437,2959.265093
2779.283629,2786.073317,2825.803838,2842.499023,2910.833413,2917.334336,2952.436740,2961.411103
2779.665143,2786.109664,2825.793339,2842.498633,2910.830966,2917.472068,2952.472389,2960.847202
2779.351344,2786.183676,2825.784121,2842.498653,2910.608537,2917.224228,2951.652321,2960.270976
2779.314811,2785.932668,2825.779821,2842.499333,2910.674545,2917.261114,2951.909131,2960.541681
2778.196304,2786.329675,2825.768657,2842.499854,2909.695741,2917.269063,2952.378756,2961.267180
2778.949387,2786.061719,2825.739811,2842.492532,2911.244147,2917.240998,2951.301289,2959.908327
2780.112886,2786.581660,2825.773724,2842.499160,2911.602184,2917.606788,2952.616852,2960.373521
2777.688830,2786.284963,2825.737295,2842.499978,2909.542271,2917.239167,2950.995844,2959.508536
2781.153543,2789.560023,2825.773941,2842.499997,2909.209636,2917.227802,2949.068972,2957.398546
2779.021010,2785.995912,2825.705061,2842.496750,2911.685031,2917.393114,2951.871972,2960.661472
2777.626578,2786.275704,2825.709702,2842.499924,2909.872028,2917.247091,2950.347291,2958.761566
2776.844674,2785.946975,2825.694614,2842.499964,2909.580668,2917.239955,2949.295184,2957.637452
2777.768782,2786.302564,2825.705210,2842.499810,2910.378591,2917.286895,2950.870345,2959.367389
2780.584475,2786.012427,2825.698939,2842.497633,2911.893833,2917.731735,2952.391310,2960.433427
2780.748210,2786.022438,2825.687284,2842.498196,2911.858445,2917.961735,2952.654193,2960.711155
2776.757935,2785.354655,2825.633756,2842.499897,2909.038410,2917.288795,2949.832115,2958.196985
2781.302921,2786.177259,2825.687648,2842.497232,2912.344275,2918.480426,2953.079500,2960.379803
2780.986618,2786.072518,2825.690006,2842.499170,2912.104210,2918.146732,2952.951156,2960.158201
2777.551261,2785.506436,2825.639994,2842.499950,2909.671652,2917.319335,2950.927142,2959.363963
2780.102128,2785.957464,2825.656722,2842.498231,2911.294306,2917.657787,2952.348686,2960.530497
2780.344369,2785.769041,2825.642408,2842.498661,2911.919126,2918.290552,2953.063558,2960.854419
2780.614600,2785.917374,2825.659752,2842.498973,2911.921735,2918.326219,2953.160701,2960.361841
2780.288956,2785.700667,2825.632896,2842.498325,2911.962078,2918.253158,2953.021869,2961.135031
2775.005795,2785.131108,2825.590393,2842.500000,2909.122725,2917.328914,2949.893056,2958.259515
2780.599411,2785.780484,2825.611433,2842.498177,2912.334656,2918.289050,2952.688825,2961.318376
2776.503979,2785.199554,2825.584518,2842.499975,2909.345780,2917.395324,2951.012673,2959.443975
2780.582523,2785.747527,2825.606918,2842.495907,2912.468906,2918.558691,2953.065145,2961.022027
2777.186933,2785.649535,2825.571574,2842.499994,2910.521468,2917.426856,2950.678868,2959.113333
2780.233554,2785.940288,2825.602844,2842.497904,2911.665073,2917.753278,2952.462444,2960.730272
2780.619927,2785.917980,2825.605647,2842.497492,2912.228004,2918.244770,2952.922325,2960.679179
2780.570365,2785.902690,2825.594345,2842.498824,2912.252426,2918.238843,2952.852779,2960.721684
2780.350357,2785.993043,2825.563271,2842.496842,2912.466926,2917.817692,2952.403256,2961.195219
2779.919407,2785.675568,2825.550176,2842.498231,2912.487069,2918.027798,2952.527053,2961.294178
2781.218135,2789.757869,2825.611661,2842.500000,2906.002725,2917.313111,2949.561099,2957.905526
2775.000516,2784.891403,2825.532567,2842.500000,2906.000158,2917.280401,2949.536980,2957.880106
2778.387486,2785.377906,2825.543745,2842.499430,2910.127224,2917.454139,2951.637729,2960.222635
2779.203087,2785.499820,2825.548781,2842.499211,2911.180275,2917.565489,2952.348857,2961.089904
2774.005414,2784.803925,2825.487433,2842.500000,2907.737159,2917.435408,2949.611972,2957.970680
2779.527398,2785.495334,2825.534243,2842.495944,2911.517403,2917.681249,2952.577969,2961.352587
2779.353362,2785.409528,2825.491985,2842.498555,2912.099438,2917.887328,2952.516611,2961.279368
2779.404239,2785.449329,2825.498279,2842.498918,2911.865413,2917.939123,2952.835423,2961.708793
2779.975047,2785.552268,2825.509068,2842.494022,2912.250713,2918.470112,2952.982326,2961.344813
2779.802808,2785.476395,2825.497939,2842.498873,2912.142865,2918.174505,2952.798068,2961.460116
2774.575192,2784.703898,2825.447891,2842.500000,2907.244041,2917.456911,2950.073867,2958.451829
2779.094880,2784.699632,2825.480012,2842.498892,2911.817506,2918.307569,2954.718093,2961.776361
2774.136421,2784.602133,2825.416999,2842.500000,2906.001514,2917.436928,2949.820161,2958.184246
2776.531502,2784.646246,2825.457187,2842.499890,2909.745091,2918.061410,2954.750487,2963.993711
2774.006080,2784.593962,2825.432946,2842.500000,2906.602701,2917.577935,2953.665237,2963.035953
2774.003230,2784.589660,2825.424316,2842.499996,2908.041766,2917.617048,2953.019930,2961.961073
2774.246724,2784.538608,2825.385499,2842.500000,2906.928687,2917.539353,2949.941441,2958.316618
2774.028849,2784.507137,2825.410015,2842.500000,2906.783336,2917.925241,2954.844065,2964.116715
2778.931723,2784.789933,2825.421062,2842.498797,2911.527334,2918.033399,2953.828218,2960.760689
2777.786210,2785.887852,2825.413860,2842.499824,2909.842251,2917.766181,2953.271718,2962.206607
2778.361923,2785.397836,2825.391344,2842.498573,2911.396592,2917.887122,2952.767690,2961.479084
2778.639166,2785.194018,2825.393337,2842.498783,2911.910656,2917.928688,2953.405908,2962.622278
2774.011394,2784.432311,2825.328846,2842.499977,2908.665773,2917.683619,2951.047985,2959.495361
2775.797281,2785.043911,2825.327458,2842.499997,2909.350319,2917.769235,2951.247509,2959.713199
2774.041179,2784.430906,2825.298436,2842.500000,2908.560764,2917.756111,2950.153257,2958.539172
2774.165300,2784.343478,2825.303309,2842.500000,2906.000337,2917.607931,2950.138258,2958.510963
2774.008383,2784.343222,2825.289211,2842.499982,2909.189557,2917.788795,2950.922398,2959.341507
2777.762145,2784.473126,2825.315647,2842.499184,2910.384899,2917.920648,2953.252456,2962.095603
2779.311506,2784.474853,2825.324011,2842.497982,2912.251434,2918.263484,2953.588346,2961.040034
2776.594113,2784.346043,2825.302770,2842.499512,2909.773548,2917.850456,2952.810079,2961.515016
2776.851388,2784.502519,2825.291717,2842.499687,2909.961232,2917.930668,2953.244395,2962.065306
2779.542047,2784.558619,2825.312606,2842.499007,2912.043281,2918.414587,2953.942667,2960.977194
2777.746308,2784.524960,2825.279277,2842.499490,2910.412913,2918.001480,2953.464206,2962.193194
2777.663686,2784.513052,2825.277624,2842.498467,2910.632527,2917.985033,2953.470744,2962.332818
2774.491950,2784.217006,2825.241734,2842.500000,2908.348843,2917.801551,2950.768803,2959.183479
2776.540594,2784.243208,2825.222494,2842.499681,2910.079079,2917.984853,2953.244737,2962.084408
2774.002956,2784.079378,2825.205416,2842.499997,2906.504809,2917.819294,2953.134385,2961.938775
2776.090705,2784.960855,2825.187972,2842.499905,2909.848557,2918.029273,2951.695797,2960.204182
2779.529394,2784.445237,2825.209143,2842.497130,2912.260041,2918.660304,2954.650458,2961.151194
2777.295125,2785.053850,2825.191041,2842.492270,2910.562279,2918.067908,2952.849408,2961.517179
2776.044931,2784.483856,2825.177027,2842.499987,2910.062361,2918.058614,2952.511255,2961.125295
2775.893932,2784.320082,2825.162245,2842.499989,2908.958086,2918.035287,2953.051011,2961.807580
2774.269956,2783.978039,2825.127791,2842.499921,2908.402187,2917.983229,2950.584256,2958.997321
2777.558844,2784.250576,2825.158006,2842.499469,2910.479790,2918.183019,2953.956455,2962.633312
2778.277717,2784.312087,2825.153126,2842.498097,2911.226115,2918.298995,2954.012591,2962.266174
2778.281199,2784.312495,2825.153136,2842.498088,2911.228769,2918.299626,2954.013968,2962.264026
2774.283157,2783.906197,2825.115798,2842.499820,2907.607160,2917.961403,2951.611671,2960.076941
2774.103500,2783.922985,2825.102585,2842.499994,2908.683801,2918.041533,2950.700682,2959.112410
2774.479734,2783.960263,2825.092725,2842.499925,2909.575490,2918.104676,2950.962904,2959.399014
2774.498095,2783.949630,2825.090046,2842.499940,2909.471541,2918.104770,2950.992995,2959.424507
2773.834340,2783.901972,2825.085225,2842.499995,2908.885533,2918.080404,2950.578459,2958.997385
2773.008843,2783.836564,2825.079043,2842.499999,2909.236885,2918.108640,2950.590542,2959.008947
2773.832309,2783.910097,2825.081409,2842.500000,2909.609684,2918.114163,2950.710670,2959.134098
2775.831949,2783.958077,2825.087176,2842.495247,2910.999401,2918.168369,2951.932712,2960.449683
2776.377242,2783.988495,2825.088638,2842.499932,2911.005792,2918.208187,2952.945695,2961.666504
2774.180689,2783.818517,2825.073353,2842.500000,2908.229562,2918.042375,2950.767029,2959.177939
2775.735736,2783.810340,2825.077969,2842.499084,2909.789638,2918.260919,2954.641843,2964.111427
2776.361052,2783.665960,2825.061640,2842.498295,2911.016863,2918.549877,2955.136685,2963.802876
2775.262045,2783.635909,2825.052720,2842.499308,2909.842401,2918.401433,2955.234470,2964.511815
2778.160021,2784.025260,2825.065108,2842.499142,2911.646617,2918.731842,2954.892312,2961.567173
2777.261298,2784.021931,2825.050250,2842.498984,2910.654547,2918.388517,2953.995696,2962.433514
2774.583060,2783.730746,2825.028640,2842.499985,2909.074903,2918.236809,2953.992819,2963.035104
2773.716026,2783.674427,2825.006945,2842.499827,2908.959854,2918.209850,2952.996028,2961.667815
2777.323104,2783.859279,2825.026729,2842.498498,2911.186507,2918.565736,2954.765874,2963.150108
2776.471081,2784.060826,2825.012677,2842.499359,2911.342961,2918.462587,2954.416019,2963.707036
2778.219639,2783.880701,2825.039541,2842.498460,2912.323789,2918.985963,2955.572323,2962.512846
2776.669825,2783.493802,2824.992253,2842.497521,2912.333224,2918.828330,2954.711335,2963.100049
2776.300965,2783.810996,2824.963154,2842.498737,2910.775678,2918.371509,2953.462941,2962.251219
2778.452112,2784.210490,2824.980152,2842.498575,2912.160461,2918.808142,2954.340477,2962.370121
2776.985659,2783.838227,2824.958138,2842.499040,2910.883482,2918.459439,2953.910568,2962.773915
2775.922987,2784.705465,2824.908719,2842.499045,2910.711067,2918.423006,2952.028517,2960.527520
2774.982267,2783.545959,2824.875226,2842.499855,2910.434897,2918.503303,2953.556955,2962.326750
2774.111848,2783.320254,2824.843201,2842.499958,2908.923284,2918.446204,2952.170763,2960.689506
2774.229876,2783.340995,2824.848251,2842.499981,2909.190886,2918.467806,2952.981850,2961.581740
2773.703898,2783.292156,2824.824953,2842.499997,2909.806178,2918.487773,2951.964905,2960.455088
2775.185794,2783.415075,2824.842306,2842.499960,2910.112173,2918.523165,2953.686954,2962.453760
2774.291275,2783.283371,2824.817295,2842.499996,2909.139641,2918.491804,2952.744070,2961.308908
2775.107564,2783.433513,2824.839584,2842.499712,2910.037096,2918.517283,2953.579850,2962.285260
2774.483628,2783.255388,2824.796356,2842.499994,2909.880095,2918.554491,2952.558820,2961.109463
2774.906881,2783.311338,2824.804142,2842.499976,2909.355701,2918.553980,2953.276205,2961.942533
2774.228634,2783.274641,2824.781807,2842.499886,2910.445463,2918.571388,2951.936602,2960.415541
2774.239243,2783.240958,2824.776417,2842.499999,2910.025469,2918.566841,2951.824701,2960.303829
2773.436783,2783.161142,2824.778995,2842.499990,2909.002079,2918.541267,2951.727397,2960.210271
2773.000111,2783.046445,2824.770900,2842.500000,2907.000531,2918.403246,2951.483330,2959.950613
2773.033905,2783.050062,2824.764855,2842.500000,2908.089544,2918.499932,2951.469075,2959.928371
2774.488124,2783.256384,2824.785731,2842.499985,2910.123372,2918.615155,2953.645129,2962.384524
2773.402194,2783.311445,2824.766155,2842.500000,2907.788830,2918.489452,2951.681874,2960.154826
2776.875800,2784.484623,2824.737328,2841.499275,2912.054741,2918.913186,2954.354371,2963.280257
2777.556486,2784.018520,2824.725883,2841.498664,2912.487109,2919.035616,2954.527420,2963.541790
2775.071930,2783.090130,2824.699100,2841.499809,2910.500643,2918.778918,2953.934911,2962.723522
2775.006429,2783.070148,2824.691494,2841.393788,2910.977198,2918.733492,2953.897713,2962.691724
2774.529888,2782.965990,2824.683252,2841.499798,2910.439059,2918.748314,2954.467492,2963.279819
2776.764466,2783.397236,2824.669843,2841.499148,2911.844668,2918.936952,2954.399020,2963.291523
2772.013738,2782.884488,2824.622828,2841.500000,2909.792489,2918.735989,2951.784328,2960.260778
2773.342397,2782.976083,2824.623504,2841.499995,2909.723343,2918.735105,2952.230302,2960.745957
2777.777804,2783.880862,2824.678404,2841.498797,2913.132555,2919.580171,2954.740600,2963.156157
2773.988805,2783.065253,2824.625202,2841.499981,2910.064616,2918.767513,2953.071554,2961.676092
2773.066794,2782.913822,2824.603389,2841.499989,2909.644012,2918.771814,2951.746021,2960.222025
2772.607046,2782.821115,2824.597807,2841.499999,2908.227439,2918.694885,2951.739436,2960.217219
2773.287053,2782.840796,2824.574934,2841.499995,2908.607773,2918.761353,2952.266217,2960.773422
2774.442114,2783.034604,2824.592322,2841.499974,2910.694206,2918.913612,2953.798536,2962.511371
2774.110494,2782.911054,2824.566767,2841.499971,2909.891131,2918.859835,2953.368705,2961.956509
2774.686251,2783.013359,2824.570473,2841.499973,2910.921666,2918.939838,2954.319180,2963.202457
2773.171994,2782.770017,2824.541860,2841.499995,2910.137326,2918.862836,2951.980519,2960.467775
2773.899126,2783.233518,2824.549322,2841.499965,2910.861412,2918.975504,2953.846955,2962.562297
2773.907385,2783.265232,2824.540678,2841.499873,2910.558720,2918.976379,2953.391858,2961.966422
2774.427937,2783.437708,2824.550991,2841.499824,2910.843960,2918.973813,2953.921304,2962.596523
2773.635596,2783.238846,2824.524740,2841.500000,2908.659935,2918.867331,2952.886897,2961.440206
2772.196933,2782.555999,2824.509253,2841.500000,2908.091153,2918.805516,2952.937557,2961.491141
2773.046495,2782.613127,2824.510429,2841.499999,2908.658820,2918.866088,2952.577087,2961.082599
2773.883156,2782.681559,2824.516298,2841.499982,2909.737225,2918.931649,2953.947137,2962.603073
2776.146075,2783.053564,2824.514500,2841.499796,2911.887386,2919.262882,2955.173219,2964.140237
2774.150440,2783.072400,2824.495859,2841.499760,2911.614115,2919.090825,2953.777060,2962.461863
2773.318585,2782.598554,2824.482293,2841.499997,2908.812784,2918.922173,2953.382517,2961.955150
2773.401490,2782.641133,2824.482888,2841.499998,2909.840034,2919.014032,2954.293804,2963.107750
2772.016121,2782.489478,2824.451886,2841.500000,2909.160523,2918.958900,2952.240749,2960.738652
2776.662278,2783.217621,2824.483422,2841.497817,2912.831803,2919.558637,2955.604325,2964.984423
2772.132118,2782.566129,2824.451942,2841.500000,2908.527850,2918.914043,2952.225302,2960.713573
2777.031442,2783.103959,2824.478151,2841.498134,2912.862165,2919.487414,2955.650131,2965.070813
2772.305137,2782.429192,2824.442023,2841.499999,2907.428667,2918.872002,2952.148866,2960.653808
2772.000033,2782.369437,2824.435582,2841.500000,2907.000702,2918.802676,2952.272136,2960.767890
2774.053050,2782.290547,2824.444958,2841.499878,2910.279325,2919.078303,2955.334929,2964.415181
2772.184239,2782.264387,2824.429577,2841.499968,2908.379737,2918.952461,2953.610185,2962.227822
2772.002833,2782.292572,2824.417580,2841.500000,2907.004287,2918.906482,2954.196566,2962.899868
2772.255375,2782.297977,2824.423777,2841.500000,2908.569564,2919.084318,2956.439608,2966.516037
2774.461870,2782.428853,2824.424278,2841.499620,2910.821353,2919.281555,2955.927922,2965.243106
2772.017746,2782.238416,2824.381245,2841.499973,2908.395460,2918.965843,2953.626959,2962.193162
2773.156258,2782.110161,2824.348862,2841.499883,2910.105789,2919.202648,2955.090183,2964.003086
2776.312138,2782.710428,2824.333282,2841.498732,2912.702354,2919.571658,2955.078472,2963.934884
2773.679739,2782.333551,2824.314790,2841.499994,2910.429190,2919.198230,2952.782546,2961.302364
2774.459789,2782.308090,2824.312188,2841.497044,2911.409514,2919.271541,2953.868181,2962.490684
2776.024296,2782.182664,2824.314015,2841.497413,2912.195297,2919.513421,2955.473869,2964.446641
2772.222089,2782.067235,2824.289550,2841.499921,2911.071503,2919.297282,2954.719467,2963.478898
2773.860846,2782.085406,2824.303548,2841.499665,2911.158930,2919.319448,2954.962142,2963.863108
2772.404125,2782.010696,2824.279792,2841.499987,2910.472606,2919.239439,2953.261610,2961.826564
2774.614800,2782.161986,2824.301347,2841.499449,2911.233409,2919.312978,2954.923001,2963.778160
2774.289920,2782.108421,2824.293884,2841.499595,2911.195809,2919.301498,2954.442248,2963.167651
2772.663084,2782.021249,2824.275463,2841.499996,2910.089217,2919.237222,2953.121623,2961.672378
2772.649682,2782.026014,2824.272808,2841.499995,2910.001243,2919.218222,2953.482584,2962.069661
2772.145830,2781.985454,2824.267112,2841.500000,2909.812359,2919.195951,2953.476842,2962.047672
2772.001899,2781.937761,2824.257791,2841.500000,2907.000836,2919.053606,2952.744385,2961.260172
2772.511712,2781.974027,2824.250489,2841.499999,2909.291548,2919.218608,2953.213899,2961.766066
2774.318148,2782.106151,2824.269668,2841.499878,2910.446668,2919.311617,2954.705795,2963.484557
2771.014089,2781.842357,2824.239672,2841.500000,2908.007387,2919.156472,2952.759546,2961.282285
2771.027581,2781.782652,2824.233772,2841.499999,2909.776279,2919.262508,2952.865055,2961.403079
2771.010167,2781.834970,2824.228499,2841.500000,2907.431089,2919.138852,2952.658478,2961.195076
2773.381858,2781.865151,2824.228223,2841.498596,2911.484903,2919.533357,2955.521931,2964.549282
2771.608199,2781.871624,2824.224705,2841.500000,2908.556961,2919.200054,2952.832654,2961.349201
2772.008188,2781.897587,2824.227166,2841.500000,2909.031464,2919.219295,2952.831179,2961.345459
2773.257216,2782.008111,2824.233225,2841.499926,2911.444779,2919.425268,2954.804009,2963.577699
2772.473253,2781.928150,2824.225867,2841.499997,2910.306421,2919.300754,2952.894614,2961.414878
2771.004040,2781.827332,2824.218008,2841.500000,2909.139706,2919.244372,2952.709970,2961.246916
2772.640472,2781.994818,2824.225516,2841.499908,2910.857541,2919.380037,2954.647650,2963.405990
2772.042576,2781.894041,2824.201357,2841.499998,2909.929217,2919.334455,2953.158182,2961.704065
2771.756259,2781.876111,2824.207410,2841.499999,2909.886605,2919.345290,2953.725082,2962.320766
2773.539987,2782.025646,2824.210991,2841.499911,2910.797020,2919.383237,2954.417270,2963.134629
2771.122150,2781.808513,2824.186850,2841.500000,2909.185201,2919.314958,2952.855265,2961.390396
2771.143605,2781.903704,2824.176164,2841.500000,2910.134774,2919.414133,2952.862904,2961.404220
2773.500496,2782.025345,2824.181538,2841.499241,2911.629809,2919.573407,2955.090739,2963.940651
2772.568463,2781.928750,2824.175804,2841.499984,2910.365639,2919.422202,2954.264987,2962.939289
2776.656199,2782.678150,2824.222992,2841.498873,2913.547293,2920.751541,2956.402351,2964.513763
2772.260812,2781.828292,2824.158387,2841.499998,2909.444535,2919.379830,2953.162733,2961.711383
2773.139362,2781.999831,2824.173618,2841.499930,2910.631256,2919.462026,2954.731654,2963.479347
2773.176141,2781.977539,2824.168747,2841.499964,2910.308220,2919.436469,2954.458226,2963.172393
2771.341694,2781.682827,2824.142000,2841.500000,2909.292528,2919.436961,2953.881718,2962.478447
2771.751258,2781.785981,2824.148459,2841.499980,2910.413500,2919.500924,2954.691343,2963.429105
2771.016333,2781.636872,2824.123988,2841.500000,2909.831719,2919.443987,2953.038232,2961.572743
2772.429177,2781.753939,2824.136370,2841.499826,2910.417988,2919.520276,2954.630100,2963.364702
2772.867535,2781.766338,2824.131278,2841.499910,2910.714331,2919.534639,2954.624530,2963.363641
2772.280059,2781.676700,2824.107354,2841.499980,2910.071430,2919.489314,2953.613047,2962.194688
2771.000002,2781.497060,2824.080875,2841.499999,2909.306522,2919.438339,2953.340862,2961.905091
2772.640862,2781.591269,2824.066183,2841.499993,2909.579865,2919.526869,2953.997805,2962.615246
2771.323227,2781.493153,2824.057356,2841.500000,2908.987180,2919.501539,2953.105984,2961.661649
2773.453608,2782.274375,2824.072922,2841.499803,2911.628442,2919.763117,2955.387786,2964.273014
2771.011368,2781.424817,2824.045802,2841.499993,2908.001650,2919.450478,2953.826332,2962.420160
2772.891645,2782.029816,2824.058037,2841.417782,2911.234390,2919.715495,2955.623239,2964.558000
2771.284674,2781.601477,2824.032468,2841.499524,2909.754604,2919.629632,2954.782417,2963.519758
2771.000048,2781.336763,2824.013815,2841.500000,2908.002547,2919.447647,2953.467278,2962.014612
2771.668124,2781.394077,2824.022727,2841.499989,2909.477877,2919.626634,2955.455098,2964.311026
2771.751229,2781.360548,2824.015564,2841.500000,2908.000519,2919.529232,2955.221591,2963.992879
2771.780311,2781.368063,2824.020363,2841.499998,2909.423637,2919.613766,2955.560257,2964.427589
2774.323185,2781.617165,2824.002437,2841.499517,2911.532469,2919.815204,2955.950618,2964.971611
2775.526527,2781.664355,2824.008712,2841.497689,2913.014697,2920.193730,2956.578300,2965.110393
2774.068592,2781.483633,2823.990750,2841.499651,2911.956992,2919.853480,2956.007827,2965.050482
2774.692911,2781.574840,2824.000870,2841.498674,2911.610144,2919.950867,2957.054406,2966.220712
2771.307418,2781.273444,2823.959764,2841.499995,2909.053963,2919.642122,2953.941818,2962.554374
2772.918971,2782.088302,2823.983246,2841.499975,2911.360266,2919.838863,2955.238446,2964.029989
2771.624332,2781.240812,2823.943825,2841.500000,2910.363910,2919.738662,2953.517861,2962.079486
2772.249702,2781.316880,2823.931751,2841.499977,2909.993563,2919.765529,2954.211817,2962.831392
2772.585472,2781.285168,2823.940735,2841.498998,2910.708359,2919.795077,2955.262311,2964.048180
2772.897739,2781.345242,2823.950639,2841.499242,2910.486889,2919.781948,2955.603771,2964.411819
2774.277226,2781.555151,2823.956880,2841.496103,2910.931550,2919.861397,2956.141980,2965.084846
2772.598235,2781.299359,2823.941708,2841.499516,2910.392848,2919.806164,2955.643996,2964.514394
2773.583368,2781.389747,2823.943813,2841.499863,2911.158250,2919.834349,2955.879577,2964.829085
2776.205907,2784.714769,2823.971296,2841.499999,2909.218598,2919.748460,2953.648020,2962.206704
2772.422317,2781.860496,2823.927049,2841.499962,2911.018467,2919.857302,2953.750700,2962.321423
2773.252322,2782.259858,2823.942838,2841.499370,2911.529311,2919.940142,2955.780175,2964.718364
2774.550432,2781.496974,2823.922598,2841.499559,2912.357736,2920.020448,2956.044096,2965.045840
2774.003025,2781.371788,2823.887235,2841.499846,2912.475918,2919.999821,2955.285337,2964.017107
2772.474674,2781.148662,2823.876444,2841.499934,2911.508275,2919.906646,2954.408206,2963.021585
2773.197753,2781.116123,2823.848478,2841.499796,2911.959186,2920.136544,2956.281135,2965.324355
2771.197567,2780.942054,2823.830160,2841.499995,2910.432380,2919.956126,2955.135890,2963.858995
2770.432419,2780.862443,2823.807409,2841.500000,2909.808372,2919.899310,2954.128678,2962.720636
2770.585727,2780.835585,2823.791970,2841.499997,2909.574825,2919.907469,2954.226649,2962.822891
2774.848040,2781.297080,2823.833846,2841.499190,2913.363980,2920.417947,2956.864274,2966.042340
2774.846029,2781.294649,2823.832646,2841.499192,2913.362030,2920.417543,2956.866025,2966.045294
2770.082513,2780.777571,2823.788263,2841.500000,2908.002535,2919.774995,2953.960836,2962.529998
2770.904139,2780.818058,2823.780379,2841.499988,2909.452247,2919.915873,2954.097110,2962.681145
2770.892021,2780.747817,2823.746245,2841.499996,2910.864423,2920.058929,2954.534618,2963.144513
2770.000000,2780.667530,2823.745640,2841.500000,2908.838014,2919.879548,2954.111769,2962.697350
2770.244877,2780.674677,2823.737314,2841.499970,2910.090554,2919.987207,2954.107260,2962.702298
2775.171887,2781.354588,2823.765750,2841.498413,2913.483042,2920.520440,2956.745344,2965.865454
2770.539194,2780.636464,2823.716256,2841.500000,2908.619920,2919.932782,2954.145811,2962.721500
2770.511537,2780.590855,2823.689414,2841.500000,2909.766740,2920.078967,2954.150836,2962.745093
2770.003583,2780.505017,2823.672856,2841.500000,2908.489871,2919.978757,2954.214634,2962.802949
2771.165969,2780.579116,2823.670065,2841.499964,2909.808710,2920.109584,2955.383747,2964.113602
2775.882234,2784.443277,2823.717323,2841.500000,2908.000147,2919.972352,2954.330030,2962.920774
2771.310934,2780.693285,2823.657003,2841.497930,2910.320336,2920.200504,2956.956405,2966.057128
2775.810385,2784.352760,2823.690596,2841.499979,2908.000480,2920.044479,2954.454052,2963.068929
2773.301008,2780.643918,2823.638361,2841.499334,2911.447838,2920.384333,2957.277118,2966.454097
2770.865792,2780.355161,2823.616883,2841.499979,2909.886172,2920.202353,2955.907196,2964.723895
2771.046742,2780.768957,2823.616441,2841.499992,2911.558923,2920.299761,2956.496619,2965.414412
2770.003430,2780.318550,2823.535098,2840.500000,2908.001173,2920.092171,2954.580110,2963.181467
2770.128610,2780.299497,2823.542750,2840.500000,2908.236396,2920.102380,2955.261578,2963.910185
2770.030810,2780.270268,2823.532659,2840.499999,2908.002164,2920.099378,2954.471280,2963.082130
2770.108942,2780.267184,2823.529539,2840.499999,2908.376160,2920.121624,2954.906979,2963.529756
2770.037963,2780.249424,2823.523853,2840.500000,2908.192381,2920.104212,2954.602801,2963.203167
2770.000338,2780.245304,2823.536391,2840.500000,2908.995966,2920.220475,2956.302940,2965.160078
2770.449147,2780.249236,2823.520483,2840.499991,2909.104949,2920.260470,2955.827192,2964.588003
2770.000246,2780.199892,2823.504782,2840.500000,2908.002308,2920.134080,2954.573731,2963.188554
2770.000000,2780.183575,2823.502055,2840.500000,2908.001611,2920.135542,2954.560185,2963.195645
2771.168031,2780.264033,2823.524308,2840.499941,2910.753856,2920.518879,2958.609140,2968.641389
2770.005009,2780.267627,2823.496274,2840.500000,2908.046890,2920.144611,2954.641528,2963.249071
2770.019732,2780.139916,2823.473527,2840.500000,2908.002759,2920.166071,2954.691154,2963.301127
2770.011945,2780.038957,2823.445955,2840.499997,2910.982981,2920.523637,2955.901167,2964.615369
2770.003836,2780.073819,2823.447882,2840.500000,2909.003585,2920.354161,2956.192097,2965.011997
2770.372026,2780.096706,2823.459590,2840.500000,2909.662602,2920.388174,2956.628353,2965.542050
2770.941532,2780.118374,2823.452488,2840.499977,2912.112525,2920.711615,2958.424615,2968.123390
2770.734288,2780.120437,2823.457121,2840.499999,2910.465570,2920.589562,2958.088120,2967.580552
2775.163899,2783.737691,2823.494346,2840.499996,2909.100640,2920.412060,2956.258626,2965.063640
2770.001272,2780.014786,2823.415376,2840.500000,2909.941695,2920.363616,2955.272111,2963.914344
2771.768130,2780.087183,2823.429700,2840.499774,2911.830093,2920.599805,2957.782562,2967.210537
2770.631610,2780.271290,2823.421577,2840.499975,2910.404686,2920.504069,2956.779581,2965.751708
2771.186474,2780.190804,2823.420867,2840.499992,2910.580826,2920.512117,2956.807624,2965.762964
2770.524621,2779.977319,2823.389477,2840.499995,2911.094365,2920.578342,2956.640929,2965.549895
2769.000997,2779.868941,2823.381849,2840.500000,2910.482767,2920.534151,2956.535203,2965.411006
2769.350588,2779.883428,2823.366636,2840.500000,2909.722371,2920.468290,2954.905818,2963.528166
2769.079330,2779.758863,2823.319395,2840.500000,2909.859820,2920.546437,2954.948017,2963.573744
2769.869265,2779.789762,2823.317268,2840.499999,2910.766447,2920.624801,2955.383216,2964.029416
2769.180282,2779.758656,2823.307364,2840.500000,2910.648995,2920.644168,2955.407949,2964.062599
2769.009034,2779.762940,2823.325694,2840.493997,2911.041923,2920.677787,2956.979299,2965.953557
2769.817450,2779.749996,2823.310789,2840.500000,2909.142632,2920.548167,2956.229208,2965.013196
2769.281396,2779.590380,2823.241845,2840.500000,2909.003028,2920.622781,2955.203244,2963.841283
2769.084777,2779.548865,2823.235480,2840.500000,2909.000707,2920.580936,2955.304495,2963.928746
2769.427518,2779.547769,2823.215825,2840.500000,2909.002888,2920.607265,2955.343108,2963.971353
2769.982284,2779.623870,2823.211966,2840.499999,2911.466031,2920.828819,2955.379044,2964.016363
2774.368103,2780.298031,2823.211291,2840.498920,2914.494371,2922.228883,2958.911866,2967.292200
2769.666107,2779.441672,2823.155696,2840.500000,2910.297971,2920.823910,2955.513042,2964.169492
2770.208412,2779.447805,2823.164576,2840.499996,2911.473283,2920.935184,2957.094730,2966.011417
2770.925448,2779.530467,2823.167331,2840.499973,2911.929926,2920.967032,2957.498073,2966.532582
2769.001785,2779.342954,2823.137916,2840.500000,2910.087059,2920.834298,2955.489268,2964.136699
2769.323983,2779.349906,2823.138207,2840.500000,2909.610049,2920.820189,2955.428636,2964.076796
2771.697439,2779.585870,2823.153150,2840.499980,2912.832162,2921.255643,2958.349916,2967.737420
2769.994625,2779.361849,2823.118356,2840.500000,2910.051357,2920.858712,2956.021556,2964.724028
2769.959564,2779.345133,2823.119369,2840.500000,2910.033591,2920.914780,2957.026652,2965.900982
2772.092040,2779.682016,2823.130984,2840.499865,2912.335031,2921.085192,2957.868800,2966.985289
2769.625536,2779.258312,2823.094940,2840.499993,2909.873407,2920.874907,2956.296587,2965.023765
2769.002424,2779.185709,2823.098594,2840.500000,2909.000191,2920.823712,2957.068521,2965.928534
2769.000049,2779.176199,2823.088517,2840.500000,2909.515174,2920.810071,2955.712177,2964.356838
2769.179121,2779.203419,2823.084007,2840.500000,2909.001463,2920.787366,2955.708289,2964.352251
2769.000031,2779.177350,2823.088966,2840.500000,2909.002705,2920.794171,2956.317070,2965.037987
2769.041012,2779.146179,2823.070075,2840.500000,2909.000743,2920.819425,2955.932321,2964.629584
2769.003628,2779.102790,2823.070946,2840.499986,2910.131756,2920.950600,2957.678103,2966.714261
2770.546781,2779.069445,2823.050925,2840.499849,2912.187026,2921.152171,2957.782682,2966.842296
2770.502200,2779.788133,2823.044194,2840.499807,2911.706938,2921.172353,2956.482828,2965.222676
2771.929854,2779.344569,2823.024763,2840.498814,2912.784538,2921.211781,2956.914692,2965.684563
2771.865244,2779.379593,2823.026368,2840.474943,2912.176056,2921.233911,2958.318167,2967.475521
2770.599541,2779.237163,2822.996018,2840.499352,2912.362050,2921.285736,2957.740808,2966.711012
2771.254355,2779.501967,2823.000600,2840.499947,2912.552110,2921.305605,2958.003792,2967.096175
2768.211066,2778.841639,2822.947728,2840.500000,2909.712537,2921.051880,2955.985768,2964.650249
2768.000477,2778.798904,2822.939076,2840.500000,2909.097161,2920.987762,2956.070311,2964.731500
2768.001252,2778.784124,2822.936121,2840.500000,2909.000929,2920.987141,2956.094949,2964.754097
2768.573256,2778.786160,2822.918126,2840.500000,2909.722552,2921.083827,2956.121779,2964.781021
2771.068097,2779.101965,2822.937057,2840.452212,2912.729628,2921.376017,2958.117283,2967.198306
2772.385749,2779.185288,2822.899660,2840.498806,2914.144235,2921.741860,2958.212653,2967.132774
2768.260015,2778.712057,2822.896769,2840.500000,2909.001886,2921.044967,2956.188901,2964.850377
2768.507733,2778.731993,2822.875556,2840.500000,2911.296751,2921.306968,2956.204986,2964.881757
2768.000923,2778.693867,2822.865841,2840.499973,2911.655210,2921.369439,2956.185694,2964.867953
2768.482100,2778.685712,2822.858926,2840.499998,2911.354543,2921.350931,2956.163159,2964.847218
2768.892636,2778.712457,2822.849324,2840.499912,2911.555458,2921.389857,2956.196387,2964.880490
2768.258098,2778.634005,2822.847012,2840.500000,2911.308854,2921.353448,2956.222596,2964.908032
2769.702217,2778.665792,2822.847630,2840.495477,2911.417770,2921.389037,2958.470865,2967.563531
2768.758614,2778.565852,2822.828936,2840.499996,2911.054181,2921.375886,2958.339714,2967.422581
2769.459682,2778.615681,2822.825344,2840.499997,2911.038437,2921.406792,2958.514888,2967.620821
2769.084676,2778.585191,2822.821846,2840.499997,2910.702750,2921.370608,2958.226948,2967.286971
2769.278045,2778.653845,2822.824215,2840.499990,2911.618491,2921.460575,2958.909929,2968.171311
2768.020923,2778.491677,2822.790288,2840.500000,2909.907574,2921.335767,2956.416711,2965.096360
2770.015067,2779.197304,2822.809251,2840.477775,2912.578753,2921.616444,2958.630952,2967.784365
2768.401101,2778.451854,2822.780412,2840.499996,2911.481139,2921.483578,2957.920654,2966.881404
2768.002717,2778.386973,2822.752946,2840.500000,2909.776781,2921.364148,2956.517823,2965.201553
2769.234208,2778.512046,2822.769985,2840.499971,2911.888511,2921.552722,2958.400243,2967.440612
2768.130312,2778.353616,2822.741556,2840.500000,2911.033954,2921.457431,2956.508081,2965.198543
2768.001705,2778.340340,2822.737018,2840.500000,2910.553429,2921.425179,2956.504400,2965.200410
2768.702734,2778.428191,2822.735195,2840.499470,2911.907418,2921.573838,2956.550298,2965.252520
2768.760023,2778.312934,2822.709166,2840.499997,2910.001343,2921.437237,2957.576235,2966.412026
2773.017535,2779.154297,2822.706910,2840.497675,2913.564924,2922.165113,2960.316136,2968.535335
2771.951585,2778.655267,2822.684256,2840.498270,2913.600637,2922.037669,2959.865104,2968.421806
2768.156290,2778.104284,2822.634874,2840.499998,2910.466715,2921.589828,2957.415650,2966.200140
2769.234717,2778.354714,2822.633873,2840.499734,2912.672179,2921.848594,2958.468188,2967.412039
2770.712107,2778.593433,2822.656547,2840.488076,2912.582456,2921.766328,2959.100621,2968.328333
2768.010988,2777.986762,2822.597722,2840.500000,2910.000393,2921.563846,2956.927401,2965.643503
2770.818304,2778.443086,2822.615831,2840.390808,2913.101483,2921.956160,2959.384821,2968.685414
2771.121869,2778.383211,2822.616621,2840.499481,2913.034872,2921.995671,2959.562825,2968.808246
2770.040589,2778.174268,2822.605468,2840.499617,2912.290584,2921.953231,2959.540966,2968.832842
2768.146879,2777.988932,2822.584955,2840.499965,2911.863998,2921.793340,2958.531608,2967.538601
2767.070804,2777.902564,2822.570306,2840.500000,2910.786764,2921.668101,2957.044849,2965.746986
2767.170612,2777.898976,2822.568641,2840.500000,2910.387124,2921.676698,2957.870183,2966.695033
2768.308082,2777.937975,2822.572404,2840.497675,2911.837684,2921.805328,2958.958486,2968.077564
2767.006398,2777.838875,2822.554630,2840.499972,2911.539940,2921.788796,2958.350913,2967.288922
2768.131866,2777.886083,2822.552239,2840.499746,2911.483754,2921.814268,2958.605889,2967.606253
2769.196080,2777.929661,2822.543167,2840.499937,2911.946009,2921.883724,2959.403730,2968.653604
2767.079691,2777.747379,2822.501085,2840.499999,2910.865165,2921.799699,2957.291886,2966.031787
2767.036346,2777.718076,2822.490673,2840.500000,2911.706287,2921.887553,2957.200807,2965.921266
2767.616599,2777.696866,2822.476427,2840.499999,2911.543970,2921.891147,2958.278751,2967.167209
2767.181867,2777.567173,2822.419358,2840.500000,2910.003281,2921.844957,2957.257413,2965.996517
2768.743033,2778.273461,2822.446800,2840.476051,2912.748317,2922.126784,2959.506887,2968.710434
2768.446336,2778.134927,2822.439738,2840.496787,2911.875242,2922.036972,2959.318920,2968.467804
2769.906031,2778.650562,2822.444847,2840.385891,2913.038498,2922.185632,2959.673987,2968.925059
2769.899304,2778.648505,2822.444685,2840.386786,2913.033647,2922.185113,2959.674034,2968.925260
2767.005648,2777.749454,2822.401127,2840.500000,2910.000477,2921.865206,2957.487389,2966.205126
2768.597924,2777.645596,2822.387559,2840.499984,2912.583732,2922.154460,2958.622538,2967.530711
2768.786204,2778.159910,2822.402849,2840.481643,2912.807472,2922.196807,2959.448962,2968.602020
2769.772709,2777.943924,2822.391591,2840.398355,2913.501167,2922.294057,2959.834371,2969.111812
2767.425447,2777.438023,2822.364454,2840.499976,2911.353268,2922.065700,2959.008856,2968.027635
2768.782894,2778.059556,2822.380447,2840.499761,2912.410651,2922.180776,2959.710706,2968.952351
2767.024049,2777.371170,2822.297513,2839.500000,2911.299829,2922.075255,2957.647396,2966.375018
2767.000004,2777.311133,2822.289300,2839.500000,2912.107599,2922.182913,2957.811517,2966.546090
2771.486433,2780.022080,2822.340273,2839.500000,2910.000783,2921.979041,2957.675156,2966.399146
2771.502327,2780.037652,2822.334112,2839.500000,2910.001600,2921.982073,2957.698518,2966.428249
2768.360607,2777.461380,2822.275247,2839.500000,2912.915602,2922.310415,2958.249986,2967.024450
2767.010198,2777.193189,2822.228572,2839.500000,2910.277253,2922.093252,2957.717399,2966.466985
2767.210538,2777.208368,2822.234998,2839.500000,2911.259566,2922.160725,2957.767065,2966.498679
2767.000002,2777.155256,2822.223424,2839.500000,2910.002067,2922.030429,2957.873877,2966.608881
2767.013944,2777.217849,2822.209052,2839.499991,2912.441279,2922.361892,2957.898762,2966.654140
2767.000053,2777.104800,2822.211045,2839.500000,2912.001519,2922.245540,2957.904705,2966.652722
2768.620085,2777.284053,2822.222529,2839.497257,2912.949489,2922.404571,2960.383857,2969.796414
2769.638511,2777.285268,2822.228500,2839.499758,2912.916934,2922.723218,2962.277358,2971.623113
2768.691445,2777.157262,2822.210972,2839.499006,2912.830581,2922.451333,2960.804199,2970.143954
2768.707736,2777.177197,2822.206545,2839.499908,2912.753586,2922.428372,2960.731850,2970.163264
2769.146848,2777.195955,2822.213995,2839.499815,2912.803815,2922.672583,2961.781339,2970.683597
2768.973137,2777.889155,2822.188016,2839.499823,2912.408499,2922.404027,2959.766622,2968.914878
2767.065433,2776.980348,2822.135655,2839.500000,2911.160654,2922.310178,2957.940753,2966.702426
2767.004134,2776.982478,2822.129306,2839.500000,2910.001691,2922.228691,2957.907516,2966.673507
2766.000236,2776.857306,2822.110527,2839.500000,2911.281247,2922.350144,2958.038525,2966.803269
2766.225739,2776.879889,2822.111622,2839.500000,2911.709405,2922.398870,2958.074770,2966.830843
2766.038754,2776.852049,2822.112337,2839.500000,2910.003123,2922.198317,2958.121585,2966.869818
2766.006400,2776.813936,2822.098590,2839.500000,2910.001694,2922.208412,2958.190441,2966.929093
2766.035687,2776.807382,2822.093144,2839.500000,2910.000445,2922.214817,2958.207907,2966.947810
2766.019740,2776.701945,2822.054090,2839.500000,2910.205357,2922.280240,2958.323947,2967.065405
2766.259323,2776.715860,2822.050908,2839.500000,2910.808615,2922.340973,2958.320455,2967.060325
2766.095170,2776.697916,2822.047862,2839.500000,2910.000595,2922.275064,2958.341537,2967.078289
2766.101878,2776.679729,2822.040178,2839.500000,2910.000999,2922.291394,2958.355700,2967.096205
2767.488383,2776.869091,2822.042597,2839.499310,2912.932825,2922.657153,2960.321796,2969.557785
2766.291580,2776.646522,2822.010057,2839.500000,2911.128768,2922.534731,2958.260912,2967.031168
2766.296075,2776.610478,2821.991571,2839.500000,2911.045972,2922.501717,2958.320872,2967.096180
2766.573997,2776.630594,2822.004203,2839.499979,2911.141671,2922.515316,2959.709844,2968.753151
2766.049733,2776.513049,2821.956306,2839.500000,2911.166473,2922.548613,2958.516412,2967.292077
2767.007851,2776.576041,2821.973425,2839.499680,2912.153728,2922.652425,2960.301378,2969.483515
2766.208562,2776.497223,2821.948621,2839.500000,2911.001280,2922.545992,2958.647808,2967.443227
2766.520975,2776.488541,2821.936826,2839.500000,2911.001984,2922.562606,2958.983586,2967.806127
2766.009989,2776.419402,2821.928531,2839.500000,2911.000541,2922.555899,2958.587678,2967.355822
2766.000003,2776.403547,2821.927209,2839.500000,2911.001463,2922.542459,2958.642530,2967.420637
2766.054996,2776.405517,2821.915549,2839.500000,2911.001420,2922.559629,2958.680096,2967.437464
2766.018387,2776.363497,2821.903451,2839.500000,2911.002634,2922.591113,2958.668050,2967.437463
2766.000038,2776.361023,2821.901621,2839.500000,2912.088555,2922.718053,2958.702586,2967.482083
2766.026782,2776.354961,2821.901991,2839.500000,2911.005803,2922.578582,2958.685733,2967.443128
2767.541526,2776.473142,2821.922564,2839.499125,2913.283961,2922.835149,2960.881247,2970.232255
2767.018587,2776.426984,2821.915109,2839.499998,2912.347814,2922.752524,2960.587011,2969.783228
2767.118222,2776.434326,2821.917851,2839.499995,2912.587057,2922.761961,2960.826245,2970.163411
2767.485156,2776.472687,2821.914599,2839.499972,2912.940961,2922.823141,2961.121836,2970.553932
2766.878908,2776.395075,2821.901530,2839.500000,2911.583456,2922.700222,2960.443996,2969.621790
2766.675628,2776.371744,2821.900269,2839.500000,2911.003080,2922.644262,2960.477085,2969.682977
2767.887022,2776.496445,2821.912139,2839.499863,2912.226729,2922.761950,2961.072296,2970.486517
2767.383267,2776.418818,2821.902685,2839.499998,2911.792947,2922.709391,2960.791801,2970.066356
2767.355054,2776.421715,2821.893693,2839.499990,2912.949413,2922.878202,2961.238084,2970.745109
2767.573280,2776.471396,2821.903031,2839.497937,2912.087574,2922.759382,2961.028883,2970.389341
2766.167491,2776.219578,2821.847127,2839.500000,2911.108993,2922.723506,2960.014464,2969.024274
2766.000644,2776.204134,2821.850001,2839.500000,2911.482687,2922.756910,2960.331089,2969.454394
2767.186002,2776.304672,2821.856593,2839.499875,2911.625724,2922.758630,2960.908523,2970.217282
2766.035850,2776.167051,2821.826340,2839.500000,2911.000471,2922.676046,2958.927461,2967.684900
2767.043962,2776.275633,2821.828408,2839.499987,2912.651795,2922.915621,2961.236834,2970.654898
2767.345159,2776.246344,2821.825375,2839.499987,2912.383618,2922.877642,2960.892965,2970.184338
2766.251808,2776.145623,2821.810172,2839.500000,2911.832320,2922.768066,2959.400499,2968.210175
2766.738774,2776.199847,2821.818474,2839.499999,2911.500808,2922.806569,2960.817382,2970.076671
2767.489837,2776.202761,2821.809296,2839.496049,2912.363288,2922.970213,2961.352022,2970.787196
2766.135290,2776.084628,2821.786364,2839.500000,2911.409170,2922.845800,2960.562605,2969.657820
2769.584266,2776.577805,2821.812373,2839.498215,2913.801419,2923.127651,2961.581206,2970.709852
2771.651926,2777.557653,2821.826237,2839.496469,2915.354399,2923.851888,2961.676035,2970.307587
2771.324289,2777.396897,2821.830366,2839.496945,2914.869585,2923.699232,2962.057487,2970.363446
2769.700319,2776.571774,2821.804731,2839.398766,2914.241170,2923.366170,2962.199583,2970.990743
2768.142261,2776.210705,2821.767999,2839.495986,2913.953131,2923.134879,2961.348735,2970.743299
2766.089929,2775.962588,2821.721421,2839.500000,2911.244239,2922.906609,2959.006644,2967.811137
2765.362951,2775.892295,2821.708485,2839.500000,2911.717038,2922.964014,2959.626900,2968.475946
2766.659532,2775.938532,2821.717749,2839.499977,2913.462456,2923.173929,2961.278422,2970.603205
2766.665653,2775.933820,2821.715583,2839.499974,2913.466198,2923.176408,2961.277972,2970.600928
2765.002936,2775.811318,2821.697731,2839.491952,2912.440106,2922.997053,2961.139810,2970.249344
2766.210467,2775.891156,2821.708530,2839.499996,2912.843461,2923.094256,2960.900733,2970.089348
2765.046767,2775.773808,2821.681794,2839.500000,2913.349618,2923.189056,2959.314732,2968.113618
2765.586215,2775.782615,2821.662177,2839.499999,2913.474047,2923.250550,2959.941969,2968.793187
2765.225252,2775.737838,2821.656556,2839.500000,2913.313376,2923.274926,2959.607667,2968.408975
2766.652904,2775.833641,2821.652419,2839.499995,2913.905154,2923.317281,2959.521967,2968.334800
2765.252781,2775.714917,2821.637899,2839.500000,2912.170389,2923.118982,2959.264080,2968.072670
2766.699279,2775.811694,2821.644398,2839.499984,2913.682973,2923.285482,2959.490584,2968.302419
2766.610725,2775.792269,2821.640485,2839.496877,2914.153492,2923.358521,2959.840820,2968.673329
2766.680716,2775.782156,2821.633518,2839.499696,2913.844023,2923.324201,2959.533814,2968.343985
2765.275082,2775.688943,2821.626301,2839.500000,2912.042610,2923.107890,2959.338708,2968.148234
2767.076035,2775.817527,2821.640681,2839.498997,2913.574208,2923.269812,2961.348332,2970.659775
2767.291146,2775.773127,2821.607684,2839.498979,2914.000001,2923.379341,2961.462868,2970.774304
2765.316480,2775.565245,2821.593401,2839.499907,2913.033899,2923.303531,2961.003976,2970.144501
2765.354461,2775.559589,2821.575539,2839.499997,2912.895690,2923.308708,2960.688622,2969.724781
2765.096266,2775.482957,2821.559636,2839.500000,2912.651952,2923.302835,2960.493148,2969.456190
2766.661678,2775.613770,2821.563194,2839.498834,2913.408161,2923.374903,2961.215441,2970.412933
2765.896636,2775.522928,2821.532095,2839.500000,2912.997200,2923.384266,2960.223493,2969.129589
2766.236976,2775.540079,2821.553414,2839.499741,2912.487460,2923.265039,2961.323114,2970.574844
2765.416963,2775.457117,2821.542820,2839.499998,2912.770875,2923.340506,2961.232192,2970.427783
2765.893293,2775.483462,2821.542210,2839.499835,2913.138539,2923.381951,2961.488791,2970.761762
2766.097426,2775.465617,2821.513369,2839.499995,2913.476789,2923.465376,2960.894199,2969.936962
2766.101282,2775.470395,2821.494210,2839.499981,2913.115113,2923.448303,2960.063992,2968.918888
2766.407521,2775.465992,2821.493752,2839.495306,2913.858804,2923.550836,2961.389401,2970.558236
2765.445664,2775.311558,2821.455268,2839.500000,2912.518675,2923.498388,2959.705520,2968.528208
2765.812685,2775.337259,2821.467404,2839.499893,2913.459239,2923.541775,2961.720079,2970.998676
2766.076194,2775.331697,2821.471159,2839.499076,2913.038784,2923.453524,2961.686013,2970.970471
2765.023396,2775.222032,2821.438543,2839.500000,2911.001524,2923.255415,2960.132297,2968.994178
2765.010282,2775.209581,2821.434928,2839.500000,2911.013511,2923.266859,2960.404795,2969.306209
2765.240898,2775.217250,2821.453718,2839.499967,2912.331675,2923.414938,2961.311050,2970.443939
2766.060674,2775.285811,2821.439754,2839.499996,2912.984913,2923.527664,2961.491222,2970.673046
2765.571301,2775.426247,2821.433533,2839.499948,2912.301703,2923.481410,2960.864594,2969.862539
2770.231646,2776.343745,2821.439498,2839.490602,2915.447004,2923.991234,2961.702747,2970.627566
2767.037481,2775.343001,2821.425809,2839.499632,2914.005307,2923.570829,2961.292879,2970.288826
2768.238389,2776.809513,2821.425476,2839.500000,2911.190012,2923.349997,2959.995926,2968.834268
2766.042300,2775.172432,2821.393573,2839.499991,2913.419146,2923.670368,2962.685355,2972.268948
2766.405881,2775.244750,2821.390982,2839.499898,2913.287428,2923.730652,2962.068441,2971.434970
2767.011584,2775.767314,2821.390993,2839.497063,2913.097492,2923.559063,2960.479947,2969.312725
2767.295135,2775.400486,2821.395163,2839.495717,2913.611916,2923.741824,2961.748384,2970.978533
2766.551789,2775.407892,2821.382386,2839.499957,2913.621713,2923.692464,2961.774103,2971.034269
2766.564145,2775.634595,2821.392937,2839.499837,2914.463166,2923.834274,2961.903142,2971.196884
2767.153892,2775.294349,2821.377620,2839.497239,2914.540467,2923.848856,2961.941543,2971.241907
2765.000590,2775.005180,2821.358451,2839.500000,2911.002504,2923.339269,2960.163043,2968.996405
2766.263413,2775.085892,2821.361189,2839.495871,2913.194292,2923.626825,2962.102444,2971.438756
2765.164558,2775.000752,2821.325956,2839.499968,2911.434217,2923.462852,2960.783016,2969.675670
2765.003080,2774.979584,2821.342204,2839.500000,2911.306852,2923.452363,2962.511339,2972.046484
2765.821877,2775.050323,2821.336476,2839.499783,2914.674344,2923.928639,2962.034746,2971.322896
2766.965030,2775.144266,2821.323996,2839.470742,2914.286875,2924.078836,2962.386912,2971.774118
2764.934305,2774.862611,2821.286104,2839.499943,2912.805491,2923.707186,2961.566439,2970.691920
2764.486572,2774.820199,2821.265622,2839.500000,2912.863458,2923.757250,2960.463353,2969.325432
2766.504117,2774.976564,2821.269502,2839.499557,2914.192704,2924.089162,2962.483432,2971.872038
2765.855056,2774.894164,2821.270362,2839.495693,2914.138859,2923.922567,2962.280788,2971.618899
2764.360957,2774.760660,2821.258832,2839.499988,2913.211457,2923.797815,2961.667246,2970.783917
2764.697712,2774.775846,2821.250955,2839.500000,2912.000718,2923.601995,2960.431764,2969.250091
2764.792910,2774.780654,2821.260315,2839.499999,2912.003625,2923.631740,2962.923520,2972.547291
2765.308039,2774.781199,2821.262864,2839.499952,2912.712752,2923.719790,2963.188897,2972.960027
2764.128253,2774.678419,2821.246529,2839.500000,2912.003016,2923.655425,2962.668088,2972.160283
2764.237811,2774.670038,2821.232924,2839.500000,2912.007665,2923.667369,2962.565148,2972.014731
2764.185073,2774.640746,2821.222580,2839.500000,2912.005359,2923.681433,2962.003654,2971.216041
2764.066626,2774.618679,2821.210214,2839.500000,2912.003418,2923.662398,2961.474070,2970.445467
2764.025217,2774.548333,2821.177401,2839.499991,2912.359090,2923.723919,2961.172521,2970.050308
2764.000004,2774.530068,2821.178156,2839.500000,2912.003590,2923.704455,2961.710006,2970.749362
2764.000360,2774.536124,2821.172585,2839.500000,2912.000617,2923.686798,2960.666410,2969.480717
2767.276569,2776.005332,2821.204408,2839.500000,2912.000989,2923.756171,2962.600501,2972.008983
2767.154034,2775.916278,2821.203430,2839.500000,2912.496163,2923.837964,2962.303407,2971.578881
2764.017064,2774.502580,2821.142691,2839.500000,2912.003495,2923.756428,2960.702022,2969.531652
2764.000000,2774.473429,2821.162274,2839.500000,2912.001088,2923.755584,2962.774141,2972.234133
2764.000034,2774.449269,2821.139923,2839.500000,2912.000611,2923.754098,2960.724660,2969.569558
2764.864884,2774.501987,2821.141413,2839.499990,2912.898457,2923.899774,2962.672880,2972.080535
2764.670965,2774.410179,2821.088344,2837.000000,2912.896121,2923.887972,2962.931983,2972.427953
2764.102606,2774.378433,2821.053135,2837.000000,2912.001844,2923.783311,2960.920938,2969.757049
2764.030897,2774.345644,2821.036493,2837.000000,2912.000865,2923.846270,2960.796498,2969.644649
2764.000000,2774.349943,2821.058594,2837.000000,2912.000857,2923.751894,2960.862877,2969.710256
2764.885755,2774.522796,2821.058454,2836.999995,2914.525397,2924.258996,2962.822064,2972.224917
2765.153172,2774.449456,2821.107989,2839.499791,2913.481864,2924.074191,2963.302780,2972.889522
2764.877446,2774.373123,2821.098056,2839.499985,2913.917477,2924.062451,2963.028886,2972.547931
2764.920887,2774.414235,2821.083307,2839.499996,2914.621178,2924.355318,2962.796374,2972.181234
2764.952115,2774.374910,2821.082056,2839.499999,2912.854197,2923.996304,2962.784985,2972.191550
2764.017142,2774.251593,2821.064962,2839.500000,2912.004088,2923.906435,2962.529813,2971.794149
2765.189484,2774.337055,2821.061054,2839.499749,2912.755058,2924.012889,2963.394449,2973.041166
2764.004441,2774.201597,2821.037438,2839.500000,2912.003761,2923.915854,2961.924585,2970.945332
2765.954570,2774.351222,2821.051499,2839.499634,2914.292187,2924.241453,2963.245379,2972.790489
2766.305573,2774.389874,2821.053971,2839.488930,2914.286258,2924.236025,2963.338190,2972.937467
2767.090888,2775.814235,2821.072900,2839.499977,2913.514401,2924.135235,2963.570633,2973.322555
2764.106484,2774.202777,2821.058902,2839.500000,2912.004190,2924.178975,2965.323686,2978.139502
2765.808326,2774.310847,2821.021996,2839.499644,2913.660106,2924.170386,2963.652835,2973.398510
2766.156638,2774.300162,2821.018252,2839.499623,2913.928961,2924.314232,2964.133592,2973.877940
2767.834738,2774.541688,2821.000653,2839.393537,2915.665240,2924.862199,2963.620888,2972.633717
2766.424645,2774.268028,2820.987653,2839.499575,2914.316604,2924.553833,2964.107734,2973.753479
2764.808168,2774.084563,2820.923095,2838.499999,2912.165112,2924.073229,2963.080739,2972.474319
2768.753784,2775.354461,2820.976011,2838.498505,2915.674424,2924.880544,2964.473343,2973.431180
2764.298821,2774.002179,2820.896866,2838.500000,2912.295670,2924.083375,2961.290533,2970.126927
2764.155892,2773.965657,2820.911748,2838.499996,2913.788564,2924.312832,2963.749814,2973.350648
2764.532017,2774.002656,2820.913071,2838.499992,2914.533976,2924.424157,2963.177524,2972.543221
2763.034093,2773.868808,2820.890898,2838.499996,2914.019346,2924.317632,2962.788988,2971.951666
2765.001962,2773.985026,2820.885995,2838.497914,2914.719068,2924.525971,2963.504481,2972.989135
2763.043612,2773.855816,2820.869350,2838.500000,2912.769964,2924.197980,2961.579710,2970.457073
2763.001019,2773.848183,2820.872086,2838.500000,2912.001732,2924.069911,2961.374331,2970.222168
2764.036455,2773.910441,2820.878908,2838.499699,2914.728068,2924.498783,2963.321830,2972.766543
2764.609566,2773.916370,2820.851540,2838.499859,2914.966660,2924.595290,2961.654158,2970.535595
2763.822643,2773.861808,2820.846094,2838.499995,2914.907682,2924.705637,2961.801254,2970.677838
2764.188958,2773.869499,2820.843922,2838.499999,2914.707589,2924.536685,2961.702056,2970.580949
2764.226185,2773.844505,2820.826826,2838.499884,2914.487452,2924.565903,2962.177076,2971.129766
2763.792500,2773.797784,2820.821123,2838.499987,2914.014874,2924.461376,2961.708846,2970.591393
2765.328681,2773.875585,2820.829877,2838.495876,2915.214124,2924.698585,2963.523986,2972.970877
2766.249192,2773.937976,2820.817129,2838.467396,2915.585700,2924.794544,2963.560916,2973.019060
2763.857150,2773.713755,2820.784510,2838.499979,2914.543913,2924.631857,2962.393150,2971.356708
2763.722420,2773.664023,2820.762378,2838.499998,2914.180055,2924.600299,2961.717653,2970.596148
2766.153668,2773.915042,2820.781819,2838.478644,2916.106434,2924.925971,2962.982693,2971.970312
2764.552473,2773.701858,2820.769958,2838.499989,2914.016411,2924.599238,2962.982977,2972.130546
2767.280593,2774.062430,2820.784670,2838.493452,2916.001018,2925.212690,2963.748728,2973.171785
2763.283562,2773.588500,2820.751163,2838.499996,2914.331469,2924.699207,2962.400453,2971.346545
2765.759446,2773.769603,2820.755299,2838.494206,2915.540150,2924.895322,2963.611845,2973.011840
2764.944403,2773.659212,2820.728860,2838.498806,2915.194730,2924.797831,2962.454137,2971.380195
2763.097461,2773.498984,2820.716261,2838.500000,2912.004256,2924.292672,2961.770097,2970.616045
2763.225100,2773.484220,2820.699576,2838.500000,2914.118258,2924.669742,2961.733394,2970.609545
2763.000760,2773.444303,2820.701402,2838.500000,2912.808305,2924.427686,2961.782274,2970.658541
2763.083865,2773.465834,2820.699089,2838.500000,2912.002326,2924.328657,2961.789206,2970.646429
2763.001650,2773.434781,2820.692650,2838.500000,2912.001769,2924.332335,2961.813162,2970.674666
2766.533071,2773.826652,2820.719744,2838.499481,2915.846715,2924.980532,2963.549809,2972.837513
2765.183210,2773.605665,2820.696203,2838.499981,2915.038261,2924.816713,2962.723166,2971.711520
2766.284158,2773.721674,2820.692326,2838.485789,2915.867739,2924.992159,2962.603528,2971.534241
2764.709456,2773.498316,2820.663161,2838.499908,2915.135924,2924.907330,2962.213685,2971.105660
2765.670137,2773.595989,2820.663761,2838.498842,2915.667039,2925.071092,2962.655863,2971.571492
2765.669737,2773.595681,2820.663652,2838.498846,2915.667235,2925.071404,2962.656047,2971.571679
2765.499908,2773.564278,2820.658491,2838.499216,2915.544845,2925.018637,2962.475111,2971.374821
2764.828801,2773.568625,2820.686737,2838.499846,2914.511402,2924.710335,2964.012505,2973.570269
2764.783633,2773.541505,2820.680999,2838.499980,2914.463424,2924.704552,2964.024056,2973.580413
2763.364952,2773.350561,2820.638666,2838.500000,2913.903556,2924.738986,2961.834859,2970.717474
2766.245139,2773.639995,2820.652657,2838.461886,2916.102499,2925.127856,2962.701107,2971.627034
2764.341454,2773.387939,2820.628749,2838.499597,2915.143966,2924.954317,2962.280296,2971.161188
2766.032349,2773.550955,2820.651150,2838.462227,2915.978435,2925.059727,2963.559952,2972.774694
2764.615757,2773.354050,2820.627530,2838.499132,2914.652684,2924.812560,2964.394037,2974.047356
2763.945557,2773.276888,2820.601552,2838.499923,2914.366213,2924.819463,2963.301035,2972.503931
2763.274742,2773.199541,2820.574318,2838.500000,2913.235010,2924.730274,2962.301572,2971.242746
2763.002788,2773.157794,2820.581372,2838.500000,2912.003752,2924.470729,2962.607119,2971.553175
2763.478117,2773.588383,2820.575113,2838.500000,2912.011537,2924.548985,2962.171268,2971.064041
2764.922151,2774.087759,2820.588745,2838.500000,2912.005953,2924.541081,2962.559474,2971.509940
2765.348509,2773.405404,2820.610777,2838.483147,2915.375357,2925.092495,2965.206320,2974.592871
2765.426496,2773.399270,2820.605802,2838.487198,2914.987876,2925.055952,2965.354723,2974.911195
2765.515232,2773.406449,2820.606441,2838.492260,2915.545570,2925.236033,2965.433584,2974.727964
2764.210661,2773.212342,2820.576909,2838.499999,2914.572214,2924.872230,2964.018256,2973.464902
2763.038042,2773.090125,2820.551557,2838.500000,2912.369329,2924.553244,2962.210072,2971.087423
2763.079577,2773.091934,2820.559586,2838.500000,2914.183096,2924.760424,2962.905108,2971.826261
2765.971566,2774.758980,2820.570751,2838.499921,2913.087499,2924.731455,2964.350294,2973.921421
2763.000000,2773.377281,2820.548856,2838.500000,2912.017463,2924.545784,2962.290627,2971.172849
2763.125482,2773.063917,2820.541071,2838.500000,2912.002238,2924.541692,2963.329842,2972.425716
2765.178375,2773.202870,2820.550417,2838.498552,2914.907042,2924.940961,2964.517110,2974.155150
2765.023620,2773.165353,2820.548193,2838.495468,2915.184816,2924.988005,2964.456097,2974.052584
2764.281799,2773.103795,2820.527312,2838.499633,2914.616917,2924.948562,2964.671991,2974.377897
2762.031063,2772.861063,2820.452725,2838.500000,2913.001380,2924.856112,2962.298690,2971.204822
2762.960639,2772.907690,2820.473922,2838.499757,2914.941907,2925.110328,2964.415373,2973.956511
2763.069605,2772.907028,2820.467327,2838.499917,2914.092948,2924.966570,2964.439171,2973.993524
2762.650457,2772.886831,2820.453522,2838.498882,2915.052285,2925.196254,2964.376456,2973.844037
2762.734926,2772.872011,2820.457820,2838.499978,2914.083410,2924.975070,2964.234567,2973.671887
2762.787059,2772.854634,2820.450294,2838.499956,2914.979835,2925.195554,2964.312704,2973.751801
2762.825450,2772.807196,2820.422998,2838.499980,2914.573798,2925.135128,2964.344985,2973.788887
2763.895463,2772.908067,2820.428216,2838.499267,2914.946341,2925.174148,2964.758238,2974.396708
2763.434282,2772.774468,2820.401205,2838.499949,2914.689700,2925.206653,2964.723488,2974.325961
2763.320218,2772.774813,2820.394608,2838.499921,2914.467523,2925.205590,2964.812588,2974.459923
2762.989272,2772.722755,2820.371957,2838.499989,2915.098632,2925.308125,2963.404427,2972.410094
2762.339610,2772.630640,2820.385890,2838.499999,2914.250044,2925.105325,2964.481471,2973.940549
2762.619945,2772.657574,2820.372776,2838.499982,2914.278174,2925.178037,2964.884112,2974.555501
2762.618441,2772.656743,2820.372392,2838.499981,2914.287429,2925.179387,2964.883347,2974.553791
2763.118283,2772.711078,2820.386713,2838.499640,2915.148155,2925.219013,2964.697955,2974.271399
2762.034351,2772.594997,2820.361042,2838.500000,2914.214042,2925.193539,2963.761040,2972.871851
2762.001261,2772.548102,2820.358420,2838.500000,2914.590997,2925.184643,2964.583359,2974.097592
2762.035954,2772.539314,2820.334647,2838.499992,2914.045207,2925.200293,2964.639205,2974.131860
2762.041206,2772.537951,2820.333892,2838.499987,2914.090378,2925.209205,2964.655226,2974.152423
2762.009180,2772.487081,2820.312145,2838.500000,2913.001879,2924.995030,2962.867725,2971.777431
2762.000013,2772.475798,2820.329983,2838.500000,2913.009499,2924.978157,2964.283364,2973.612696
2762.006335,2772.417881,2820.297754,2838.500000,2913.001546,2924.997854,2964.230933,2973.482334
2762.001693,2772.389138,2820.301319,2838.500000,2913.003095,2925.125824,2966.227818,2976.892745
2762.220979,2772.372393,2820.283077,2838.500000,2913.860320,2925.208505,2965.597053,2975.479852
2762.000939,2772.332787,2820.263280,2838.500000,2913.005315,2925.084888,2964.883565,2974.401846
2762.000046,2772.330574,2820.246999,2838.500000,2913.000417,2925.084022,2962.985621,2971.896911
2762.263754,2772.331398,2820.260494,2838.500000,2913.790023,2925.188543,2964.767676,2974.260084
2763.291546,2772.391339,2820.263679,2838.499865,2914.664018,2925.317802,2965.397382,2975.167040
2762.000002,2772.300143,2820.240111,2838.500000,2913.001704,2925.077001,2963.045493,2971.968639
2764.174922,2772.450756,2820.263375,2838.497433,2915.818272,2925.555009,2965.504393,2975.262236
2762.186297,2772.287407,2820.249549,2838.500000,2914.941770,2925.366870,2965.348967,2975.098589
2763.578161,2772.413941,2820.257970,2838.499830,2915.481076,2925.453796,2965.449497,2975.127434
2763.626224,2772.414240,2820.255532,2838.499854,2915.371786,2925.439694,2965.521347,2975.272646
2762.534352,2772.662037,2820.232220,2838.500000,2913.000951,2925.109041,2963.164250,2972.056632
2762.061669,2772.240426,2820.214630,2838.500000,2913.003019,2925.141758,2964.276334,2973.436838
2764.275421,2772.400774,2820.230820,2838.499730,2916.188577,2925.828337,2965.663629,2975.396127
2763.184057,2772.852625,2820.212235,2838.500000,2913.002585,2925.192148,2963.209342,2972.140280
2762.137565,2772.197006,2820.206588,2838.500000,2913.003968,2925.136747,2964.889792,2974.359463
2762.012367,2772.203934,2820.191964,2838.500000,2913.001360,2925.146836,2963.158457,2972.042624
2762.002938,2772.221464,2820.200640,2838.500000,2914.402510,2925.384490,2964.405954,2973.664327
2762.091869,2772.182969,2820.189550,2838.500000,2914.194321,2925.373501,2964.152405,2973.278170
2762.011754,2772.158914,2820.186179,2838.500000,2914.974726,2925.494611,2964.716094,2974.033919
2763.733103,2772.280080,2820.179847,2838.499963,2914.845351,2925.481176,2965.343970,2975.006278
2762.162453,2772.118860,2820.149061,2838.500000,2914.232540,2925.431800,2963.184602,2972.107823
2762.453902,2772.144331,2820.150743,2838.500000,2914.944315,2925.548554,2963.365224,2972.295014
2762.447159,2772.075301,2820.133051,2838.500000,2914.202180,2925.470003,2964.858100,2974.226223
2762.000200,2772.022880,2820.117921,2838.500000,2913.001206,2925.262354,2963.333555,2972.259664
2762.052917,2772.027317,2820.111579,2838.500000,2913.001253,2925.260569,2963.366694,2972.258630
2762.982583,2772.099082,2820.134564,2838.499335,2915.043316,2925.563979,2965.358973,2974.952735
2762.266832,2771.992362,2820.102244,2838.500000,2913.936752,2925.471605,2964.564619,2973.772966
2762.423461,2771.991569,2820.101591,2838.499877,2914.330004,2925.548740,2965.683080,2975.418213
2761.471211,2771.909311,2820.094075,2838.499967,2914.408060,2925.550775,2965.484077,2975.129742
2761.921088,2771.909210,2820.074460,2838.499999,2914.799447,2925.614572,2965.268078,2974.772040
2761.000751,2771.834334,2820.053054,2838.500000,2913.002685,2925.351623,2963.591930,2972.533662
2761.013083,2771.837896,2820.049170,2838.500000,2913.003768,2925.373804,2963.784396,2972.740685
2761.086974,2771.840899,2820.058145,2838.500000,2913.003288,2925.363767,2964.345644,2973.483687
2761.209653,2771.825433,2819.892974,2838.499586,2913.990005,2929.142114,2966.557362,2972.980279
2763.104421,2771.992270,2820.072927,2838.499932,2916.141723,2926.063165,2966.133755,2975.967241
2762.512051,2771.915528,2820.059060,2838.498662,2914.931727,2925.682854,2966.067059,2975.965093
2761.086705,2771.738126,2820.009678,2838.500000,2913.001764,2925.391630,2963.645010,2972.540380
2761.000183,2771.714501,2820.002253,2838.500000,2913.001953,2925.408855,2963.658195,2972.559882
2761.002273,2771.677175,2819.996933,2838.500000,2914.782874,2925.713020,2963.664565,2972.595116
2761.000018,2771.647680,2819.976484,2838.500000,2913.001419,2925.431109,2963.771277,2972.687332
2761.781889,2771.686215,2819.989811,2838.499998,2915.003481,2925.771913,2965.459691,2974.948765
2761.010243,2771.685600,2819.984165,2838.499995,2915.667976,2925.961225,2965.791449,2975.424557
2761.853430,2771.678314,2819.983835,2838.499999,2914.111884,2925.611927,2965.475113,2974.980943
2761.974317,2771.683759,2819.979670,2838.499999,2914.032041,2925.599126,2965.551989,2975.099609
2761.715149,2771.636998,2819.972343,2838.500000,2914.853798,2925.765673,2965.509577,2974.984737
2762.194874,2771.633304,2819.951913,2838.499495,2915.123158,2925.933983,2966.054974,2975.802904
2761.340729,2771.564624,2819.946376,2838.499846,2915.141999,2926.015131,2966.034070,2975.724534
2761.312593,2771.561777,2819.947948,2838.499993,2914.054773,2925.649504,2965.549498,2975.061487
2761.860829,2771.546319,2819.918486,2838.499998,2914.644761,2925.873105,2965.977763,2975.664884
2761.085973,2771.483647,2819.901498,2838.500000,2913.009017,2925.604553,2964.488694,2973.568046
2761.152878,2771.479075,2819.925713,2838.499957,2914.061711,2925.803132,2966.395114,2976.285681
2761.764343,2771.499012,2819.924901,2838.499625,2915.060634,2925.856894,2966.428159,2976.378193
2761.432831,2771.440881,2819.899735,2838.499750,2915.220170,2925.967409,2966.274897,2976.055997
2761.001232,2771.372949,2819.869071,2838.500000,2913.001071,2925.589872,2964.040878,2972.990278
2761.003649,2771.365850,2819.865137,2838.500000,2913.001033,2925.597728,2964.046980,2972.999490
2761.009006,2771.362938,2819.861934,2838.500000,2913.001782,2925.604627,2964.509736,2973.532528
2761.305958,2771.385942,2819.879892,2838.499949,2913.823481,2925.757169,2966.623739,2976.655371
2761.011935,2771.361367,2819.856228,2838.500000,2913.003609,2925.625908,2964.737515,2973.792237
2761.815594,2771.384586,2819.868640,2838.499997,2914.723040,2925.935122,2967.211464,2977.782801
2761.124742,2771.279744,2819.834795,2838.500000,2914.420682,2925.904842,2966.750106,2976.792338
2761.330858,2771.645307,2819.831521,2838.500000,2913.840913,2925.817209,2966.362204,2976.093070
2763.343266,2771.439137,2819.851206,2838.489850,2915.925344,2926.126202,2966.631658,2976.392454
2763.255414,2771.404821,2819.838093,2838.494032,2915.749760,2926.241265,2967.115741,2976.597686
2762.007064,2771.283499,2819.802703,2838.499995,2915.273264,2926.168081,2966.178275,2975.793263
2763.173957,2771.469836,2819.814072,2838.480824,2916.588169,2926.517216,2966.248602,2975.902126
2761.724907,2771.201570,2819.778082,2838.499534,2915.812508,2926.233078,2966.217581,2975.830545
2761.956710,2771.232574,2819.778640,2838.499695,2914.788704,2926.016186,2966.157285,2975.774703
2761.611600,2771.164607,2819.773516,2838.500000,2915.648070,2926.176250,2966.191864,2975.796379
2761.020408,2771.100296,2819.751014,2838.500000,2914.417615,2925.978455,2964.523621,2973.503503
2761.002810,2771.034356,2819.721150,2838.500000,2914.002387,2925.939136,2964.766454,2973.745682
2761.001666,2771.031455,2819.719506,2838.500000,2914.001840,2925.950662,2964.461837,2973.409926
2761.002392,2771.025332,2819.716119,2838.500000,2914.001117,2925.952841,2964.465202,2973.400417
2761.013114,2771.029815,2819.718315,2838.500000,2914.000556,2925.937496,2964.441797,2973.360207
2762.375044,2771.073894,2819.708983,2838.498958,2916.039797,2926.368954,2966.804632,2976.660051
2761.875676,2770.922316,2819.654448,2838.499993,2916.584078,2926.604867,2965.963465,2975.260792
2761.989656,2770.916156,2819.647997,2838.499973,2916.308500,2926.549663,2966.442715,2976.004179
2760.375158,2770.791045,2819.622837,2838.500000,2916.613875,2926.735175,2965.048976,2974.052417
2760.000906,2770.753859,2819.466431,2838.500000,2914.553814,2929.893001,2967.629508,2973.686275
2760.369834,2770.671416,2819.600214,2838.500000,2916.091199,2926.588570,2966.998717,2976.795933
2760.762123,2770.713381,2819.603870,2838.499972,2916.114195,2926.551352,2967.176916,2977.083145
2761.024143,2770.699406,2819.589989,2838.499993,2915.601970,2926.416243,2967.068432,2976.907514
2761.288514,2770.700805,2819.585250,2838.499990,2916.260564,2926.586079,2967.274337,2977.245082
2761.249761,2770.695918,2819.577068,2838.499991,2916.306822,2926.662293,2967.340983,2977.341525
2762.167522,2770.776686,2819.585712,2838.499585,2916.619908,2926.808707,2967.689558,2977.517603
2760.666431,2770.630741,2819.571900,2838.499999,2915.498020,2926.466940,2967.796856,2978.234697
2760.000529,2770.570706,2819.559309,2838.500000,2915.540249,2926.465397,2967.245209,2977.183361
2760.523005,2770.613185,2819.568397,2838.500000,2915.424570,2926.423660,2967.636110,2977.897517
2760.561493,2770.589852,2819.550411,2838.500000,2914.196608,2926.270281,2967.707602,2978.026546
2761.091367,2770.631915,2819.559558,2838.499994,2915.357385,2926.443450,2967.733714,2977.974429
2760.690337,2770.594731,2819.558489,2838.500000,2915.163110,2926.399340,2967.822978,2978.229092
2760.864002,2770.605261,2819.554652,2838.500000,2915.061507,2926.396554,2967.832272,2978.242739
2760.776196,2770.582835,2819.545966,2838.499997,2915.823492,2926.540077,2967.261008,2977.148266
2760.663280,2770.538650,2819.531292,2838.499995,2915.250347,2926.421592,2967.176686,2977.003571
2761.142639,2770.549124,2819.519842,2838.499988,2916.163074,2926.701505,2967.208370,2977.024775
2760.072248,2770.463378,2819.511876,2838.500000,2914.727937,2926.393846,2967.023653,2976.763687
2761.656976,2770.613631,2819.530316,2838.499722,2916.931997,2927.147939,2967.698207,2977.774917
2762.460660,2770.675843,2819.531331,2838.499023,2917.658086,2927.402177,2967.485496,2977.342480
2760.015748,2770.416321,2819.468822,2838.500000,2914.003432,2926.320205,2965.082106,2974.011402
2762.466849,2770.589821,2819.506984,2838.498784,2917.401139,2927.302006,2967.506039,2977.092339
2762.245184,2770.541522,2819.492318,2838.499492,2917.463633,2927.210998,2967.446240,2977.293120
2761.854123,2770.528672,2819.488955,2838.499445,2917.175034,2927.238117,2967.712812,2977.697776
2762.497955,2770.589163,2819.494253,2838.497988,2917.545667,2927.466543,2967.600900,2977.305029
2761.470686,2770.437966,2819.471764,2838.499996,2916.686945,2926.902861,2967.872065,2978.049890
2763.489702,2770.823181,2819.489437,2838.498871,2918.083925,2927.940418,2967.135459,2976.503153
2760.012332,2770.273085,2819.425110,2838.500000,2915.481092,2926.662206,2966.044305,2975.198716
2762.351534,2770.435326,2819.453358,2838.499611,2917.267243,2927.408158,2967.732439,2977.460725
2761.018313,2770.318310,2819.432515,2838.499715,2915.835314,2926.689506,2967.652294,2977.626036
2760.287286,2770.240504,2819.394410,2838.499995,2915.880814,2926.887470,2965.214328,2974.196918
2760.950158,2770.259062,2819.402437,2838.499985,2916.321499,2926.997072,2967.311158,2977.027010
2762.900934,2770.512973,2819.419336,2838.488552,2917.512312,2927.538931,2967.403050,2977.114487
2763.338837,2770.677193,2819.429023,2838.498407,2918.507856,2928.801960,2967.146348,2976.459002
2763.373717,2770.874311,2819.418900,2838.422187,2918.142204,2928.105843,2967.289160,2976.816548
2760.879046,2770.172405,2819.370184,2838.499993,2916.265573,2926.892205,2967.563861,2977.380497
2760.485038,2770.093963,2819.343579,2838.499996,2916.525535,2927.030220,2966.974887,2976.419437
2761.105209,2770.116139,2819.336506,2838.499946,2915.801338,2926.822340,2967.408323,2977.119087
2761.273134,2770.121387,2819.338450,2838.499635,2916.888695,2927.148329,2967.639161,2977.463585
2762.344416,2770.240292,2819.347811,2838.489559,2917.212770,2927.244668,2967.735635,2977.609562
2760.364293,2770.019764,2819.326690,2838.499948,2916.400298,2927.136085,2967.599353,2977.363623
2760.102268,2770.012797,2819.307502,2838.500000,2915.855383,2926.880432,2965.528362,2974.485895
2760.188401,2769.995086,2819.289999,2838.500000,2915.808275,2926.922366,2965.500146,2974.485978
2760.000445,2769.957296,2819.128950,2838.500000,2914.937347,2930.377333,2966.290235,2973.493884
2760.105721,2769.957875,2819.124762,2838.499999,2914.870836,2930.315198,2966.907850,2974.210120
2760.672207,2770.011391,2819.288009,2838.499999,2916.669166,2927.179640,2965.767129,2974.775400
2760.432150,2769.990159,2819.285026,2838.500000,2916.659278,2927.191695,2965.816197,2974.820300
2759.019058,2769.867552,2819.268714,2838.500000,2914.955025,2926.738918,2965.656786,2974.613936
2760.026310,2769.880572,2819.263737,2838.499961,2916.757701,2927.203598,2967.256215,2976.747639
2759.027842,2769.789085,2819.234757,2838.500000,2914.057009,2926.598498,2965.748938,2974.682140
2760.099028,2769.850553,2819.249437,2838.499996,2915.489314,2926.882696,2967.550173,2977.202303
2759.668668,2769.779092,2819.196412,2837.499996,2915.948068,2926.983123,2968.053042,2978.001282
2759.775616,2769.785596,2819.200577,2837.499992,2916.435781,2927.066958,2968.117758,2978.104666
2759.850396,2769.740631,2819.183375,2837.499979,2916.115539,2926.988532,2968.127933,2978.098661
2762.423647,2770.033805,2819.175560,2837.496462,2918.204023,2928.689707,2967.974905,2977.322574
2760.750842,2769.784611,2819.166713,2837.499973,2917.504640,2927.675019,2968.196256,2978.115624
2760.165482,2769.703170,2819.158070,2837.499993,2916.794250,2927.323661,2968.201668,2978.146706
2759.971079,2769.696184,2819.149003,2837.499993,2917.266635,2927.521006,2968.232203,2978.198116
2759.849999,2769.629536,2819.131183,2837.499999,2916.095410,2927.162307,2968.040829,2977.871746
2759.003820,2769.506021,2819.078429,2837.500000,2915.555214,2927.128994,2965.974029,2974.961018
2760.610259,2769.542724,2819.049122,2837.499974,2916.952947,2927.487185,2966.638693,2975.674274
2759.434540,2769.407106,2819.051581,2837.499992,2915.658587,2927.099829,2968.104869,2977.843736
2759.846165,2769.399053,2819.032143,2837.499968,2915.543590,2927.120346,2968.436639,2978.382294
2759.096308,2769.336222,2819.019835,2837.500000,2915.002221,2927.016851,2967.506788,2976.870127
2761.036431,2769.470828,2819.026005,2837.499911,2919.264135,2930.179805,2969.042178,2978.720590
2761.426720,2769.485953,2819.024488,2837.499768,2917.669153,2927.814867,2968.630943,2978.498935
2759.698419,2769.311604,2819.010167,2837.499999,2917.248663,2927.629113,2968.696912,2978.708140
2759.001659,2769.249336,2818.976366,2837.500000,2915.001666,2927.084759,2967.147110,2976.312325
2760.087592,2769.339818,2819.003948,2837.499999,2916.993745,2927.522676,2968.554823,2978.494677
2759.022884,2769.231869,2818.966438,2837.500000,2915.002744,2927.116570,2967.038350,2976.159979
2759.392832,2769.172199,2818.584481,2837.499993,2922.753592,2936.558532,2970.707505,2975.170078
2759.498245,2769.099026,2815.971318,2832.138708,2917.326590,2928.348685,2969.795227,2981.089233
2759.000028,2769.134462,2818.615963,2835.000000,2915.817515,2931.517394,2970.613468,2972.377134
2759.070778,2769.129844,2818.468050,2835.000000,2922.963852,2936.672667,2970.677716,2976.388175
2759.001684,2769.102718,2818.443754,2835.000000,2921.357913,2935.831924,2969.151164,2971.137833
2759.002520,2769.038378,2818.547346,2837.500000,2922.103164,2936.250578,2970.873570,2971.029925
2759.000274,2769.018054,2818.524047,2837.500000,2921.259203,2935.768933,2969.146706,2971.242742
2759.019449,2769.018207,2818.548089,2837.500000,2922.920220,2936.674016,2970.662517,2975.793299
2761.731893,2769.227999,2818.913816,2837.497457,2918.435738,2928.281697,2969.052290,2979.046656
2759.430058,2768.981943,2818.865466,2837.500000,2916.471678,2927.567963,2967.959552,2977.318939
2759.828193,2769.009148,2818.873175,2837.499997,2917.266428,2927.679037,2968.396323,2978.024997
2758.740831,2768.878568,2818.444572,2837.499933,2923.043257,2936.812108,2971.052820,2976.848574
2758.131868,2768.764142,2818.453979,2837.499507,2923.718194,2936.743624,2970.927456,2982.494875
2758.000214,2768.713108,2818.411066,2837.500000,2921.280603,2935.870178,2969.282565,2971.467130
2758.038222,2768.707058,2818.387450,2837.500000,2918.989946,2934.309950,2968.890417,2971.475808
2760.181223,2768.800408,2818.445810,2837.499936,2923.836748,2936.708293,2970.939383,2978.975137
2758.000036,2768.675919,2818.564967,2837.500000,2915.645037,2931.332470,2969.839810,2975.684810
2758.552938,2768.680980,2818.378446,2837.500000,2923.207942,2936.966611,2971.206818,2978.075136
2758.050570,2768.639677,2818.380685,2837.500000,2922.654798,2936.697069,2971.336815,2972.606003
2758.000297,2768.645352,2818.726593,2837.500000,2915.001249,2927.462604,2966.933848,2975.939889
2758.003142,2768.572284,2818.355387,2837.500000,2923.787464,2936.873429,2971.011985,2980.549589
2758.013809,2768.574058,2818.396936,2837.500000,2923.453086,2937.001361,2971.159763,2981.414646
2758.007185,2768.569601,2818.423477,2837.500000,2916.477485,2932.208436,2970.861733,2971.275913
2760.670068,2768.778581,2818.732819,2837.498587,2919.603811,2930.676806,2969.651899,2978.844989
2758.224718,2768.541347,2818.705748,2837.500000,2916.977012,2927.924055,2968.862612,2978.554093
2758.767454,2768.555847,2818.702771,2837.499967,2917.975206,2928.401071,2969.479357,2979.555558
2759.269436,2768.579095,2818.704412,2837.499916,2917.822639,2928.225852,2969.440751,2979.492637
2758.000448,2768.450833,2818.326136,2837.500000,2917.419393,2933.031583,2970.017970,2971.513692
2758.000050,2768.402109,2818.330017,2837.500000,2917.090553,2932.784031,2969.838043,2971.617992
2758.159610,2768.382500,2818.657203,2837.500000,2915.976381,2927.710232,2969.433854,2979.420442
2759.268763,2768.487506,2818.663577,2837.499554,2918.502682,2928.922555,2969.507029,2979.491485
2758.029993,2768.361131,2818.623000,2837.500000,2917.287384,2928.440306,2969.029658,2978.596700
2758.039991,2768.329582,2818.249532,2837.500000,2917.336037,2933.042773,2969.925544,2971.684629
2758.012932,2768.323538,2818.309913,2837.500000,2916.846948,2932.597728,2970.543053,2971.610292
2760.261493,2768.510371,2818.648674,2837.499850,2920.109681,2931.277757,2970.067603,2979.876679
2758.814601,2768.351802,2818.625791,2837.500000,2917.934094,2928.543334,2969.984696,2980.352857
2758.264081,2768.314218,2818.615337,2837.500000,2917.729028,2928.455497,2969.914315,2980.195221
2758.509375,2768.328420,2818.616058,2837.500000,2917.848388,2928.646622,2970.031282,2980.431405
2758.002438,2768.238647,2818.221367,2837.500000,2922.332486,2936.676590,2971.130158,2971.851912
2758.006051,2768.236739,2818.176034,2837.500000,2919.661443,2934.946552,2969.179400,2971.956334
2759.145223,2768.312112,2818.586361,2837.499998,2916.754895,2928.218425,2969.741966,2979.816132
2760.021304,2768.397479,2818.601682,2837.499846,2917.954689,2928.458874,2969.648690,2979.660458
2760.985246,2768.534905,2818.607418,2837.497560,2919.214408,2929.968062,2969.940528,2979.837395
2759.256911,2768.301956,2818.578175,2837.499914,2918.669520,2929.216186,2969.624936,2979.533815
2759.452584,2768.265968,2818.565100,2837.499866,2918.286905,2928.887810,2969.662048,2979.627855
2761.061429,2768.554824,2818.581643,2837.498089,2918.837785,2929.296620,2969.358063,2978.977814
2758.646784,2768.189936,2818.546299,2837.499999,2917.680366,2928.415567,2969.457773,2979.266222
2760.213214,2768.340729,2818.555128,2837.483868,2918.920798,2929.567356,2969.555166,2979.310531
2760.208523,2768.338870,2818.554930,2837.483883,2918.916915,2929.567325,2969.557333,2979.306812
2759.785871,2768.266479,2818.542933,2837.499822,2918.484084,2928.978567,2969.538296,2979.361463
2759.226645,2768.143307,2818.493895,2837.499919,2920.015873,2931.284293,2968.249108,2977.094203
2758.658361,2768.094116,2818.514424,2837.499996,2919.792379,2930.833554,2969.686409,2979.280086
2761.622168,2768.501686,2818.537156,2837.497899,2919.819424,2930.944895,2969.524201,2978.867131
2758.432387,2768.063414,2818.479338,2837.500000,2919.728621,2931.077646,2969.236446,2978.380989
2760.572428,2768.250988,2818.513705,2837.499331,2919.096871,2929.861194,2969.690248,2979.431050
2758.000000,2767.940355,2818.188050,2837.500000,2916.315732,2932.184401,2971.729933,2974.350106
2758.909712,2768.026377,2818.476209,2837.499977,2919.951899,2931.155013,2969.904688,2979.554441
2761.093660,2768.278540,2818.497152,2837.499361,2919.995055,2931.132168,2969.758026,2979.180505
2757.277759,2767.873129,2818.452072,2837.500000,2917.065449,2928.272015,2969.519650,2979.239852
2757.270476,2767.868358,2818.447109,2837.499999,2916.989929,2928.236715,2969.220963,2978.793423
2757.630545,2767.870147,2818.436132,2837.499994,2917.185528,2928.263506,2969.483670,2979.182261
2757.666234,2767.863059,2818.434632,2837.499983,2917.380964,2928.352365,2969.658481,2979.442642
2757.637436,2767.808448,2818.412107,2837.499997,2917.663995,2928.461700,2969.602093,2979.309259
2757.269619,2767.734170,2818.402842,2837.499999,2917.931183,2929.026242,2970.233946,2980.262288
2759.284702,2767.884863,2818.410701,2837.499769,2919.761244,2930.915705,2970.693432,2981.072753
2759.061536,2767.843686,2818.396946,2837.480505,2918.859492,2929.775727,2970.174351,2980.129999
2759.025879,2767.836145,2818.391436,2837.497322,2918.817686,2929.605733,2970.132128,2980.077564
2757.000047,2767.630269,2818.328127,2837.500000,2915.003443,2927.947707,2968.137572,2977.143586
2757.000000,2767.598195,2817.943707,2837.500000,2917.377187,2933.233655,2970.259260,2972.328804
2757.684883,2767.615865,2817.943634,2837.499806,2923.874800,2937.703327,2972.267137,2979.668923
2757.051232,2767.576058,2817.928677,2837.499992,2923.102075,2937.364554,2972.464273,2973.418102
2757.023931,2767.537999,2817.924871,2837.500000,2921.389503,2936.357642,2970.166622,2972.672694
2757.000000,2767.533423,2817.992438,2837.500000,2916.754273,2932.687452,2972.212699,2973.124497
2757.000000,2767.523235,2817.950908,2837.500000,2917.969849,2933.729356,2969.893497,2972.483813
2757.067161,2767.477765,2817.915758,2837.500000,2923.511365,2937.620449,2972.457389,2975.839717
2757.014661,2767.422491,2817.891249,2837.499999,2923.227432,2937.531182,2972.534200,2974.236658
2757.007348,2767.397045,2817.901490,2837.500000,2917.582547,2933.463492,2971.164202,2972.566242
2757.048233,2767.387968,2817.942735,2837.500000,2917.238826,2933.110207,2970.914955,2972.541075
2757.000000,2767.368997,2817.876981,2837.500000,2917.716969,2933.596035,2971.145181,2972.575316
2757.039319,2767.367655,2817.866892,2837.500000,2922.655904,2937.224171,2971.941164,2972.732429
2757.120360,2767.358921,2817.859764,2837.500000,2919.153097,2934.802325,2970.376498,2972.835019
2757.363591,2767.369377,2817.871063,2837.500000,2923.701153,2937.757902,2972.549392,2976.938275
2757.016762,2767.317193,2817.834368,2837.500000,2921.435858,2936.442169,2969.923535,2972.890056
2757.000013,2767.254682,2817.933142,2837.500000,2916.843012,2932.769367,2972.543669,2972.964728
2757.415417,2767.227052,2817.794797,2837.499989,2924.484355,2937.879878,2972.486041,2981.008244
2757.000000,2767.195721,2817.778444,2837.500000,2920.469238,2935.810933,2969.715738,2973.124401
2757.005750,2767.166803,2817.788397,2837.499997,2923.006571,2937.473369,2972.717558,2972.920532
2760.097291,2767.500234,2818.178184,2837.409090,2920.602471,2932.322198,2970.535014,2979.978886
2757.000000,2767.083121,2817.846522,2837.500000,2916.889201,2932.870501,2972.553312,2974.295080
2757.791593,2767.161393,2818.150620,2837.499087,2920.672874,2932.223173,2971.377774,2981.689044
2757.005534,2767.055529,2817.749369,2837.500000,2923.872403,2937.955285,2972.800056,2977.238132
2757.049521,2767.046731,2817.723987,2837.500000,2923.308587,2937.697867,2972.997660,2973.486556
2757.066410,2767.050333,2817.733231,2837.500000,2923.555005,2937.837948,2972.929865,2974.775013
2757.000000,2767.036420,2817.735131,2837.500000,2917.613089,2933.582416,2972.093898,2972.878614
2757.000844,2767.012819,2817.729543,2837.500000,2923.151947,2937.612045,2973.021492,2973.596520
2757.000000,2766.963918,2817.739037,2837.500000,2917.858116,2933.746785,2970.688374,2973.022542
2757.421884,2766.921888,2817.656098,2837.499596,2924.298820,2938.206004,2972.955149,2982.233019
2756.000000,2766.826622,2817.653101,2837.500000,2917.892815,2933.870003,2971.460016,2973.188867
2756.295844,2766.799943,2817.614768,2837.500000,2919.234126,2934.986297,2970.533028,2973.527857
2756.000274,2766.770414,2817.633163,2837.500000,2923.479688,2937.926011,2973.152673,2974.779064
2756.018872,2766.731034,2817.618133,2837.500000,2923.704440,2938.015164,2973.159868,2976.205058
2757.244893,2766.815700,2817.990862,2837.498554,2922.961306,2935.925433,2972.129363,2981.888273
2756.005374,2766.704539,2817.990727,2837.500000,2918.705712,2929.842166,2971.291276,2981.335285
2757.054916,2766.762286,2818.003621,2837.499998,2919.047607,2930.075350,2971.464988,2981.714636
2758.344396,2766.791343,2817.991913,2837.484768,2920.427555,2931.694456,2971.523088,2981.547737
2758.344796,2766.791321,2817.991905,2837.484751,2920.427879,2931.694832,2971.523083,2981.547550
2757.475856,2766.690817,2817.970745,2837.499097,2920.614111,2932.043269,2971.795975,2982.094985
2756.000000,2766.574515,2817.609729,2837.500000,2917.486804,2933.532263,2973.053770,2973.267163
2757.936624,2766.711673,2817.970255,2837.499974,2920.022532,2931.229862,2971.590065,2981.755393
2756.820226,2766.617373,2817.937758,2837.499871,2920.763400,2932.522258,2971.789218,2981.996663
2757.169375,2766.596263,2817.935034,2837.499972,2922.326978,2935.020498,2972.071085,2981.866634
2756.000001,2766.494242,2817.515217,2837.500000,2922.454053,2937.380661,2971.749888,2973.709641
2757.537127,2766.601987,2817.921396,2837.496659,2920.838670,2932.607161,2971.819026,2981.905190
2756.624207,2766.530114,2817.907232,2837.499974,2918.507139,2929.363572,2971.521164,2981.707436
2756.647549,2766.526734,2817.907927,2837.499999,2918.748597,2929.543531,2971.702261,2982.044288
2756.007464,2766.449519,2817.878089,2837.500000,2916.302345,2928.836178,2971.951106,2982.503582
2756.000622,2766.453082,2817.889597,2837.500000,2917.551230,2929.098232,2972.154470,2983.106569
2756.029610,2766.459116,2817.886698,2837.499997,2916.885776,2928.968409,2972.058540,2982.836595
2756.366187,2766.467386,2817.878719,2837.499999,2916.760293,2928.908414,2971.939701,2982.569047
2756.042631,2766.399699,2817.858639,2837.500000,2916.309584,2928.918695,2972.242192,2983.250656
2756.006374,2766.379306,2817.444959,2837.500000,2921.385028,2936.795030,2971.664158,2973.784226
2756.000009,2766.385786,2817.829111,2837.500000,2916.298893,2928.905044,2969.506283,2978.574699
2756.058805,2766.391326,2817.832834,2837.500000,2916.151417,2928.843554,2970.123172,2979.375528
2757.576098,2766.451712,2817.872121,2837.499975,2920.388879,2931.707331,2972.041928,2982.361492
2756.002179,2766.312789,2817.423626,2837.500000,2920.395406,2936.088419,2971.750567,2973.965775
2756.000107,2766.315414,2817.499062,2837.500000,2917.732481,2933.802573,2972.805768,2973.593310
2756.000000,2766.300544,2817.454452,2837.500000,2917.904939,2933.985443,2972.477530,2973.630543
2758.913131,2766.533722,2817.841355,2837.446704,2921.134700,2933.054178,2971.809821,2981.277365
2756.179873,2766.301836,2817.444432,2837.499998,2924.478902,2938.551279,2973.535163,2980.551990
2756.920386,2766.242766,2817.789822,2837.499793,2919.647075,2930.584033,2971.967029,2982.182262
2756.596043,2766.192164,2817.767752,2837.499994,2919.555259,2931.061774,2971.940066,2981.993744
2756.012956,2766.108574,2817.377905,2837.500000,2924.209876,2938.546590,2973.737121,2976.873998
2756.416155,2766.129134,2817.754290,2837.499982,2919.776865,2931.160707,2971.815802,2981.706305
2758.508788,2766.300833,2817.761122,2837.464497,2920.440826,2931.739043,2971.809832,2981.616810
2758.508606,2766.300624,2817.761043,2837.464513,2920.440640,2931.738744,2971.810021,2981.617109
2757.401357,2766.117526,2817.743490,2837.493956,2920.132945,2931.389409,2972.104714,2982.327822
2758.538115,2766.269392,2817.742409,2837.451009,2919.902511,2931.175234,2971.764694,2981.604018
2756.901733,2766.094656,2817.718895,2837.499676,2919.245877,2930.268321,2971.819555,2981.805903
2757.073525,2766.054038,2817.720056,2837.498011,2919.758839,2931.023540,2972.153271,2982.413932
2757.923473,2766.124419,2817.719920,2837.491556,2920.142956,2931.372180,2971.914053,2981.867620
2757.135694,2766.015274,2817.697166,2837.499983,2919.835482,2931.214808,2972.186328,2982.342331
2757.162046,2766.010788,2817.688139,2837.499992,2919.561464,2930.773573,2972.094842,2982.188075
2757.319773,2765.916335,2817.678306,2837.499408,2920.291001,2931.509192,2973.179739,2983.114429
2755.000030,2765.734236,2817.222825,2837.500000,2923.735106,2938.408166,2974.309276,2974.568547
2755.004208,2765.716530,2817.265708,2837.500000,2917.738443,2933.932575,2974.082196,2974.444295
2755.214426,2765.719572,2817.300186,2837.500000,2917.828469,2933.980662,2973.721348,2974.165761
2755.002217,2765.674483,2817.548942,2837.500000,2917.002057,2929.429316,2970.256423,2979.329072
2755.004422,2765.649115,2817.218963,2837.500000,2917.996095,2934.167594,2973.447897,2974.219257
2755.009107,2765.577754,2817.157695,2837.500000,2924.222853,2938.758692,2974.402735,2975.561886
2755.020356,2765.566981,2817.136671,2837.500000,2923.225509,2938.229501,2973.387218,2974.528484
2755.468882,2765.564415,2817.141192,2837.499845,2924.983923,2939.092047,2974.300858,2981.623540
2755.000355,2765.526576,2817.132877,2837.500000,2924.188952,2938.738788,2974.502854,2975.191026
2755.000000,2765.505723,2817.139311,2837.500000,2918.278052,2934.447547,2973.127650,2974.382753
2755.003506,2765.458323,2817.087895,2837.500000,2921.478828,2937.051033,2971.314270,2974.823464
2756.251351,2765.530561,2817.493035,2837.499680,2918.579804,2929.941890,2971.734664,2981.102171
2755.000257,2765.441645,2817.452554,2837.500000,2917.000710,2929.511268,2970.554802,2979.578917
2755.042414,2765.440877,2817.466637,2837.500000,2917.003645,2929.497232,2972.098936,2981.955609
2755.000010,2765.396132,2817.132676,2837.500000,2917.885209,2934.138744,2974.349651,2975.027829
2755.020839,2765.404245,2817.459461,2837.500000,2918.830185,2930.232556,2972.319044,2982.083898
2755.531283,2765.421612,2817.477949,2837.499996,2919.577445,2930.672904,2972.660472,2982.807173
2755.038545,2765.337439,2817.411132,2837.500000,2917.001707,2929.546180,2970.714750,2979.738196
2755.000072,2765.276265,2817.386602,2837.500000,2917.002414,2929.612057,2970.760854,2979.808977
2755.044734,2765.223084,2817.009865,2837.499999,2925.038271,2939.286658,2974.498791,2981.362031
2755.300204,2765.243623,2817.455592,2837.499997,2922.024234,2933.785414,2974.135270,2987.084903
2755.007123,2765.164090,2816.984447,2837.500000,2924.999024,2939.316929,2974.630286,2981.827227
2755.786929,2765.153806,2817.356850,2837.499998,2919.062205,2930.562326,2973.091073,2983.396422
2755.034125,2765.089134,2817.335460,2837.500000,2918.295901,2930.070556,2972.566065,2982.379012
2755.124596,2765.037088,2817.051819,2837.487378,2925.665574,2939.156970,2974.627412,2985.749357
2755.027181,2765.032407,2817.034934,2837.500000,2917.772909,2934.067386,2974.688935,2976.912205
2755.000154,2765.025753,2817.001035,2837.500000,2925.654276,2939.267200,2974.710741,2986.572231
2755.076413,2765.018719,2816.983486,2837.499998,2925.722458,2939.357801,2974.738712,2984.315022
2755.000568,2764.980429,2816.971893,2837.500000,2918.257656,2934.529883,2974.444550,2974.897519
2756.418384,2765.042051,2816.962313,2837.499966,2925.800680,2939.306612,2974.697898,2982.714597
2755.000056,2764.951532,2816.908632,2837.500000,2923.896968,2938.805669,2974.155085,2975.175922
2755.000191,2764.934682,2817.241190,2837.500000,2917.001785,2929.849115,2971.384728,2980.525174
2756.789331,2765.056579,2817.322460,2837.489375,2921.993117,2934.151453,2973.300504,2983.239470
2754.000188,2764.819796,2816.816649,2837.500000,2919.577989,2935.733809,2972.513659,2975.211151
2754.000006,2764.813203,2816.827947,2837.500000,2919.680984,2935.802229,2972.231753,2975.206122
2754.087997,2764.803947,2816.887042,2837.499996,2925.271438,2939.520986,2975.013901,2981.638786
2754.177625,2764.802280,2816.858158,2837.499999,2924.956018,2939.440605,2975.123797,2978.888672
2754.018972,2764.780212,2816.841528,2837.500000,2924.976586,2939.459192,2975.139671,2978.976952
2754.811275,2764.828114,2817.296828,2837.499960,2922.866873,2935.428157,2974.076051,2984.571192
2754.000765,2764.748745,2816.806384,2837.500000,2918.565235,2934.890838,2974.411689,2975.116218
2754.008591,2764.732923,2816.831592,2837.499878,2924.952370,2939.481903,2975.024127,2979.117387
2754.003732,2764.706890,2816.806960,2837.499996,2924.332515,2939.156985,2975.171467,2975.331617
2754.019176,2764.712981,2816.799024,2837.500000,2924.787199,2939.439394,2975.198784,2978.910297
2755.212122,2764.734691,2817.009479,2837.499409,2925.898667,2939.167904,2975.008446,2984.293982
2754.005824,2764.649503,2816.747132,2837.500000,2922.118401,2937.782667,2972.936979,2975.526861
2755.070069,2764.691997,2817.223774,2837.499843,2922.345328,2934.762104,2974.495463,2985.312855
2754.165837,2764.630253,2817.182100,2837.500000,2919.633755,2931.029830,2974.483579,2986.787992
2754.984915,2764.671717,2817.207985,2837.499992,2921.303589,2932.959735,2974.243089,2985.047322
2754.000881,2764.590391,2816.761496,2837.500000,2924.565200,2939.338955,2975.437133,2975.736249
2754.000000,2764.584393,2816.778277,2837.500000,2918.814586,2935.109755,2973.882982,2975.322737
2755.123171,2764.646001,2817.184264,2837.499996,2920.008507,2931.443511,2974.029722,2984.856132
2754.000000,2764.464435,2816.704116,2837.500000,2919.413256,2935.694731,2973.890798,2975.523338
2754.954378,2764.473943,2817.083246,2837.499962,2920.157927,2931.272372,2971.984607,2981.020181
2754.378293,2764.416554,2817.102651,2837.500000,2920.228781,2931.587378,2974.383412,2985.573040
2754.431326,2764.416644,2817.078661,2837.500000,2919.201816,2930.804008,2974.313595,2985.432069
2754.652824,2764.424478,2817.092769,2837.499997,2920.099834,2931.376774,2974.257916,2985.293438
2754.000002,2764.299363,2816.788214,2837.500000,2917.796235,2934.170938,2975.233935,2989.488055
2754.009419,2764.227232,2816.599712,2837.500000,2923.137428,2938.618504,2973.239829,2975.973042
2754.572259,2764.214299,2817.044635,2837.483953,2921.377873,2932.981258,2974.500935,2984.819664
2754.978475,2764.251846,2817.063951,2837.499638,2921.801551,2933.499695,2974.773286,2984.814005
2755.231076,2764.256311,2817.056900,2837.499917,2921.545083,2933.106947,2974.669285,2984.416781
2754.017819,2764.178600,2816.990061,2837.500000,2919.960006,2931.253961,2974.055383,2984.342536
2756.232653,2764.317117,2817.045743,2837.499488,2921.318921,2932.850408,2974.342143,2982.890669
2755.434099,2764.259334,2817.041272,2837.499731,2920.960198,2932.361109,2974.436750,2984.045246
2754.000003,2764.156297,2816.935120,2837.500000,2917.002392,2930.179250,2972.080438,2981.122563
2754.000000,2764.152099,2816.936208,2837.500000,2917.002210,2930.175639,2972.079994,2981.126081
2755.660529,2764.231665,2817.040477,2837.499900,2921.951665,2933.684597,2974.989397,2985.431209
2754.000120,2764.114868,2816.919453,2837.500000,2917.003270,2930.200192,2972.423613,2981.551884
2754.000990,2764.063760,2816.551465,2837.500000,2924.654982,2939.567079,2976.006435,2976.455490
2754.000000,2764.069128,2816.594710,2837.500000,2918.619703,2935.041540,2975.170166,2975.811891
2754.000000,2764.028661,2816.494539,2837.500000,2922.778169,2938.399285,2972.423334,2976.180259
2754.261439,2763.982809,2816.505559,2837.500000,2925.759104,2940.184410,2975.886068,2984.553431
2756.161486,2764.127857,2816.966933,2837.499923,2920.944820,2932.359031,2975.017722,2984.993301
2753.847933,2763.905178,2816.883912,2837.499996,2919.952249,2931.242761,2974.619948,2985.421340
2753.431664,2763.865359,2816.858514,2837.500000,2919.175310,2931.005863,2974.659571,2985.452891
2753.431667,2763.864621,2816.858222,2837.500000,2919.176282,2931.006668,2974.660300,2985.453548
2753.431475,2763.859369,2816.856124,2837.500000,2919.182242,2931.011817,2974.665351,2985.457880
2753.049086,2763.838561,2816.860666,2837.500000,2919.317743,2931.165304,2974.496039,2984.960518
2754.420366,2763.887348,2816.881352,2837.499960,2920.197836,2931.619578,2974.618693,2985.276110
2753.967493,2763.807518,2816.833317,2837.499993,2918.853043,2931.045490,2974.667976,2985.388749
2753.630657,2763.783131,2816.845097,2837.499998,2920.303599,2931.524316,2974.902413,2985.925436
2753.412075,2763.703613,2816.802343,2837.499997,2919.869497,2931.342352,2974.872845,2985.731679
2753.372619,2763.688628,2816.797915,2837.500000,2919.830088,2931.238663,2974.801897,2985.528208
2753.057599,2763.629048,2816.792527,2837.500000,2920.758749,2932.035747,2974.833562,2985.408198
2753.001350,2763.603952,2816.759923,2837.500000,2920.208323,2931.660394,2973.957371,2983.459712
2753.001242,2763.543614,2816.393294,2837.499996,2926.062344,2940.347656,2976.048104,2983.656889
2753.000002,2763.544063,2816.421009,2837.500000,2918.835722,2935.332677,2976.280652,2976.338263
2753.152062,2763.525563,2816.324288,2837.499994,2924.875478,2940.010688,2976.431585,2977.418018
2753.064411,2763.477580,2816.311937,2837.500000,2925.568526,2940.324933,2976.304507,2981.582707
2753.129752,2763.457427,2816.389570,2837.500000,2918.706822,2935.247266,2976.192780,2977.528294
2753.000000,2763.455725,2816.440125,2837.500000,2918.365607,2934.879131,2975.107148,2980.422592
2753.117145,2763.452117,2816.316883,2837.499996,2925.598977,2940.360599,2976.379472,2980.229810
2753.000000,2763.418073,2816.362458,2837.500000,2918.992546,2935.490492,2975.938064,2976.439686
2753.000000,2763.328643,2816.332679,2836.500000,2918.451905,2934.996697,2975.215758,2980.454115
2753.160173,2763.322650,2816.152696,2836.500000,2926.095483,2940.639856,2976.536389,2985.633160
2753.032302,2763.233765,2816.163189,2836.499999,2926.664642,2940.576331,2976.504918,2987.561393
2753.083694,2763.159490,2816.119020,2836.500000,2919.437649,2935.967572,2974.921376,2976.823332
2753.056265,2763.106019,2816.074169,2836.499996,2925.178490,2940.289748,2976.950220,2977.167847
2753.139243,2763.079894,2816.122654,2836.500000,2926.722220,2940.670381,2976.668526,2987.082180
2753.465688,2763.092560,2816.150552,2836.500000,2926.768589,2940.660977,2976.655616,2986.385406
2753.290223,2763.063197,2816.049566,2836.499983,2925.741865,2940.644409,2976.886227,2980.750732
2753.057681,2762.989289,2816.059420,2836.500000,2926.190785,2940.777277,2976.823255,2985.614491
2753.000000,2762.926082,2816.132227,2836.500000,2918.870126,2935.481893,2976.844085,2979.441770
2753.000011,2762.903774,2815.993112,2836.500000,2919.909584,2936.468341,2975.871339,2977.060441
2753.512465,2762.934166,2816.043924,2836.495980,2926.801185,2940.836313,2976.858474,2985.483559
2753.000164,2762.897673,2816.073284,2836.486767,2919.236893,2935.826935,2976.129301,2976.992507
2753.253081,2762.897536,2816.009101,2836.499995,2926.651034,2940.889367,2976.914825,2985.770794
2752.001202,2762.845764,2815.995800,2836.500000,2920.637363,2937.039426,2973.728141,2977.181332
2752.087646,2762.841129,2815.960499,2836.500000,2923.918754,2939.594678,2974.869992,2977.324708
2752.172844,2762.849699,2815.980942,2836.500000,2925.006483,2940.314309,2976.428681,2977.185724
2752.000000,2762.810096,2816.034228,2836.500000,2919.281662,2935.871957,2975.585267,2977.116556
2752.000000,2762.816259,2816.127007,2836.500000,2918.719271,2935.334874,2976.046941,2981.131684
2752.000000,2762.791709,2815.980605,2836.500000,2919.975350,2936.482581,2974.857949,2977.157590
2752.008411,2762.783174,2815.960329,2836.500000,2925.571555,2940.584326,2977.165971,2979.893683
2752.000000,2762.760231,2816.104813,2836.500000,2918.746369,2935.378757,2975.819918,2980.954191
2753.814840,2762.808825,2816.011164,2836.489389,2926.961342,2940.852614,2976.913796,2985.439529
2752.000001,2762.644296,2815.879653,2836.500000,2920.567684,2937.037543,2974.148879,2977.372179
2752.046989,2762.558296,2815.883181,2836.500000,2926.325356,2941.033143,2977.262401,2987.247948
2752.000000,2762.541361,2815.933961,2836.499995,2919.455964,2936.069708,2975.325261,2977.363930
2752.000000,2762.513667,2815.957321,2836.500000,2919.156994,2935.781568,2977.294724,2980.382401
2752.001298,2762.458146,2815.799614,2836.500000,2921.101188,2937.592540,2975.732801,2977.579057
2752.000151,2762.444002,2815.897300,2836.500000,2919.529359,2936.168836,2976.152486,2977.445182
2752.001363,2762.402871,2815.797466,2836.500000,2921.484966,2937.873482,2974.169394,2977.688209
2752.031115,2762.381169,2815.785832,2836.500000,2926.413074,2941.214353,2977.512968,2984.037745
2755.264392,2762.601364,2816.305021,2836.478274,2922.896072,2935.383594,2976.603300,2985.293023
2752.000067,2762.356298,2815.780897,2836.500000,2926.440102,2941.225205,2977.506237,2983.870295
2752.000000,2762.328821,2815.880849,2836.500000,2919.333739,2935.983429,2975.441804,2977.571603
2752.025320,2762.300098,2815.798335,2836.500000,2926.732177,2941.237525,2977.494427,2986.879069
2752.000002,2762.281677,2815.759734,2836.500000,2921.121840,2937.576748,2973.970491,2977.792729
2752.000000,2762.258462,2815.805602,2836.500000,2919.674630,2936.331137,2975.030888,2977.668748
2752.000001,2762.257635,2815.770393,2836.500000,2920.000801,2936.588792,2977.655595,2980.007692
2752.000131,2762.252533,2815.702718,2836.500000,2921.396972,2937.851465,2974.352489,2977.813721
2752.000023,2762.200814,2815.740925,2836.490927,2920.823364,2937.347104,2974.666276,2977.829299
2752.001495,2762.184067,2815.820617,2836.500000,2919.536728,2936.208701,2976.743029,2977.697461
2752.000007,2762.174255,2815.864591,2836.500000,2919.002526,2935.718303,2977.425428,2984.441932
2752.031947,2762.171957,2815.758415,2836.500000,2927.224618,2941.255012,2977.359889,2985.750851
2752.000000,2762.153596,2815.770239,2836.500000,2919.758500,2936.394967,2977.233099,2977.767404
2752.000000,2762.151670,2815.744663,2836.500000,2919.744451,2936.444933,2976.317765,2977.744251
2752.000002,2762.096875,2815.648520,2836.499998,2925.485882,2940.933992,2977.869957,2979.246549
2752.000071,2762.116643,2816.092841,2836.500000,2919.002127,2931.707259,2974.643554,2983.775283
2752.000212,2762.119533,2816.196053,2836.500000,2922.864209,2934.672910,2976.899198,2988.151186
2752.000047,2762.067402,2815.655978,2836.500000,2925.491942,2940.840309,2976.941428,2978.051765
2752.000395,2762.062433,2815.644156,2836.500000,2920.556201,2937.171208,2974.917107,2977.945518
2752.432722,2762.062213,2815.700090,2836.499999,2926.864137,2941.440692,2977.739308,2985.563953
2752.000001,2762.044540,2815.808500,2836.500000,2919.143313,2935.906818,2976.366525,2983.266337
2752.000000,2762.023146,2815.794106,2836.500000,2919.212739,2935.970125,2976.986819,2981.628536
2752.000000,2761.999428,2815.788449,2836.500000,2919.158668,2935.913232,2976.592327,2981.646565
2752.152465,2761.955380,2815.607347,2836.500000,2926.317292,2941.407238,2977.945122,2982.557418
2752.000000,2761.953507,2815.766726,2836.500000,2919.189800,2935.949423,2976.642626,2981.728444
2752.000000,2761.945435,2815.732273,2836.497653,2919.562914,2936.271109,2976.946294,2977.957951
2752.000000,2761.945659,2815.763676,2836.500000,2919.193462,2935.954543,2976.658919,2981.733603
2752.000000,2761.937500,2815.753847,2836.500000,2919.318141,2936.068135,2977.810757,2980.025284
2752.000000,2761.931917,2815.757913,2836.500000,2919.200126,2935.963032,2976.669396,2981.754495
2752.000006,2761.917108,2815.749815,2836.500000,2919.273880,2936.040987,2977.450168,2981.218425
2752.000000,2761.907771,2815.749976,2836.500000,2919.249868,2936.012184,2977.232860,2982.113653
2751.000000,2761.855244,2815.725553,2836.500000,2919.322621,2936.080776,2977.875507,2981.610183
2751.000005,2761.844323,2815.604551,2836.500000,2926.876778,2941.543050,2977.928753,2990.536340
2751.000002,2761.849815,2815.635983,2836.499999,2927.376130,2941.453008,2977.846453,2990.286056
2751.195517,2761.842975,2815.722535,2836.499997,2927.499852,2941.377500,2977.858509,2990.975879
2751.000000,2761.832428,2815.709456,2836.500000,2919.328406,2936.065085,2977.780424,2987.923186
2751.000026,2761.802736,2815.712641,2836.500000,2919.241636,2936.011233,2977.790130,2982.198800
2751.000111,2761.757554,2815.691127,2836.500000,2919.291601,2936.065906,2977.901152,2982.114535
2751.000008,2761.744311,2815.678688,2836.500000,2919.399926,2936.185085,2977.918092,2980.845100
2751.101989,2761.742350,2815.615272,2836.499993,2927.508177,2941.528749,2977.921613,2987.654618
2751.000000,2761.728441,2815.676467,2836.500000,2919.324139,2936.117435,2977.901768,2982.162595
2751.000000,2761.708641,2815.673591,2836.500000,2919.401488,2936.201280,2977.609786,2981.214497
2751.105186,2761.689304,2815.503670,2836.499995,2926.228454,2941.493438,2978.244910,2982.201004
2751.348619,2761.692402,2815.542061,2836.490240,2927.064556,2941.699240,2978.130476,2986.752673
2751.000000,2761.642482,2815.646888,2836.500000,2919.345166,2936.146110,2977.989507,2983.134733
2751.001790,2761.592164,2815.557531,2836.500000,2919.871704,2936.652980,2977.698062,2978.274585
2751.134059,2761.596043,2815.577451,2836.499867,2927.569389,2941.613926,2978.071027,2988.368327
2751.000000,2761.568135,2815.582450,2836.500000,2919.584443,2936.381828,2978.235522,2981.866161
2751.000002,2761.565359,2815.565283,2836.500000,2919.704659,2936.514659,2978.242080,2979.438603
2751.006087,2761.536698,2815.459689,2836.500000,2926.881739,2941.767345,2978.307825,2986.159321
2751.000000,2761.445405,2815.464146,2836.500000,2920.944027,2937.624295,2975.536394,2978.540363
2751.510238,2761.410537,2815.500740,2836.486962,2927.647832,2941.759121,2978.294227,2989.088744
2751.203895,2761.373873,2815.456417,2836.475713,2927.721627,2941.824640,2978.331407,2989.894260
2751.000000,2761.338789,2815.468906,2836.500000,2919.764486,2936.622795,2978.462673,2980.076354
2751.000000,2761.334813,2815.520455,2836.500000,2919.483677,2936.330445,2978.346133,2982.886801
2751.029047,2761.334148,2815.515962,2836.500000,2927.724320,2941.729042,2978.339382,2989.019317
2751.045351,2761.310042,2815.439962,2836.500000,2920.096456,2936.912160,2977.274197,2978.636435
2751.000000,2761.291130,2815.334285,2836.500000,2922.957406,2939.294154,2975.085900,2978.949391
2751.000000,2761.294045,2815.503481,2836.500000,2919.532085,2936.395487,2977.316560,2982.286311
2751.000122,2761.269849,2815.463154,2836.500000,2919.826992,2936.663808,2978.555432,2979.257410
2751.000000,2761.260349,2815.331975,2836.500000,2922.448128,2938.896468,2973.774362,2979.000361
2751.000000,2761.247134,2815.485292,2836.500000,2919.555093,2936.425303,2977.349189,2982.327401
2751.000000,2761.240252,2815.474482,2836.500000,2919.499124,2936.337073,2978.357450,2992.933861
2751.008212,2761.217553,2815.292760,2836.499999,2925.926699,2941.542631,2978.737734,2980.361016
2751.000066,2761.218665,2815.444613,2836.500000,2919.730895,2936.636305,2977.837645,2982.093673
2751.000000,2761.204979,2815.465071,2836.500000,2919.571611,2936.437942,2978.384195,2982.809474
2751.367272,2761.222815,2815.807755,2836.499997,2921.969713,2933.554352,2977.427775,2988.198307
2752.440936,2761.266324,2815.813231,2836.499947,2921.829077,2933.436466,2977.620997,2988.957933
2751.000106,2761.123932,2815.426094,2836.500000,2919.645495,2936.532448,2978.462769,2982.350064
2751.000000,2761.065709,2815.330918,2836.500000,2920.277892,2937.114331,2976.862019,2978.850546
2751.052621,2761.018225,2815.240500,2836.500000,2927.091974,2942.145055,2978.861023,2985.756874
2751.000001,2761.007798,2815.392900,2836.500000,2919.541462,2936.447438,2978.558272,2990.855119
2751.000002,2760.987131,2815.216013,2836.500000,2921.663999,2938.345415,2978.988864,2979.799811
2751.012749,2760.988352,2815.229741,2836.500000,2927.531758,2942.222276,2978.848901,2987.924322
2751.000000,2760.979444,2815.373039,2836.500000,2919.705177,2936.618096,2977.579769,2982.590218
2751.000065,2760.954775,2815.451655,2836.500000,2927.925800,2941.879694,2978.710346,2989.864110
2751.000439,2760.953493,2815.490343,2836.500000,2928.000145,2941.852379,2978.736066,2989.965621
2751.000000,2760.895751,2815.337727,2836.500000,2919.748414,2936.671042,2977.702804,2982.669519
2751.042497,2760.881831,2815.219125,2836.499999,2927.514488,2942.238317,2978.933833,2988.355258
2750.000000,2760.840396,2815.328675,2836.500000,2919.666607,2936.590133,2978.745022,2986.309865
2750.000005,2760.826206,2815.276044,2836.500000,2920.213851,2937.094714,2977.741840,2979.057227
2750.000000,2760.770442,2815.296150,2836.500000,2919.747173,2936.674707,2978.827983,2984.143479
2750.000000,2760.739000,2815.277330,2836.500000,2919.952361,2936.866047,2979.050224,2981.181995
2750.000063,2760.720203,2815.238491,2836.500000,2920.082240,2936.978867,2979.070995,2982.049310
2750.000000,2760.703505,2815.266465,2836.500000,2919.778003,2936.717183,2978.885595,2984.873718
2750.390684,2760.665040,2815.206561,2836.499260,2927.901790,2942.262011,2979.056621,2987.968426
2750.000020,2760.640464,2815.100793,2836.500000,2921.066576,2937.923693,2976.748661,2979.328240
2750.325123,2760.651825,2815.220311,2836.500000,2928.086726,2942.238821,2979.022612,2988.496018
2750.761642,2760.655417,2815.263092,2836.498237,2928.135173,2942.175530,2979.002419,2988.228280
2750.008550,2760.613183,2815.196341,2836.500000,2920.178240,2937.116383,2979.219417,2979.837214
2750.140256,2760.599010,2815.068522,2836.499998,2926.554141,2942.094765,2979.401330,2980.740642
2750.343999,2760.563244,2815.188798,2836.499258,2927.936638,2942.306828,2979.160570,2988.746163
2750.000000,2760.482060,2815.156771,2836.500000,2920.313535,2937.234937,2978.597700,2979.390317
2750.000000,2760.482810,2815.172084,2836.500000,2920.001092,2936.962718,2979.140607,2986.495358
2750.000000,2760.452669,2815.132197,2836.499994,2920.260759,2937.195200,2979.408107,2980.112333
2750.222668,2760.469341,2815.160897,2836.499979,2928.202990,2942.357376,2979.227326,2989.717283
2750.008262,2760.426824,2815.099044,2836.500000,2920.456946,2937.417982,2979.425667,2979.499463
2750.010281,2760.411146,2815.022006,2836.500000,2926.838303,2942.249167,2979.552922,2982.432516
2750.036153,2760.404535,2815.066882,2836.500000,2920.727846,2937.661120,2978.178304,2979.498305
2750.248051,2760.413514,2815.015424,2836.500000,2920.739918,2937.689024,2977.762394,2979.534598
2750.000020,2760.372399,2815.129150,2836.500000,2920.000009,2936.995301,2979.250237,2985.097371
2750.019844,2760.372187,2815.128552,2836.500000,2920.000165,2936.997487,2979.209504,2988.284895
2750.094824,2760.375173,2815.117728,2836.500000,2928.182464,2942.392157,2979.288757,2990.512020
2750.036031,2760.365274,2815.145931,2836.499942,2928.238479,2942.425480,2979.293756,2989.560399
2750.018383,2760.330118,2815.109306,2836.499901,2920.002048,2937.007749,2979.260697,2989.773338
2750.109075,2760.325257,2815.056425,2836.499877,2928.002840,2942.537602,2979.415772,2989.106654
2750.000000,2760.308434,2815.097859,2836.500000,2920.068539,2937.069031,2979.439016,2983.034190
2750.042442,2760.274040,2815.010201,2836.499999,2927.920998,2942.619326,2979.485590,2990.261447
2750.140491,2760.274415,2814.998207,2836.500000,2927.871804,2942.637285,2979.495540,2989.473919
2750.000000,2760.263918,2815.086983,2836.500000,2920.003689,2937.003476,2979.322199,2989.989568
2750.206570,2760.231961,2815.018142,2836.500000,2927.750317,2942.586813,2979.543775,2990.016337
2750.019245,2760.198609,2814.885910,2836.500000,2926.407603,2942.099365,2979.666578,2992.283263
2750.000000,2760.178262,2814.906309,2836.500000,2927.619614,2942.720013,2979.643380,2991.719951
2750.000000,2760.189792,2815.059878,2836.500000,2920.002372,2937.026963,2979.380083,2993.924584
2750.097198,2760.128476,2814.902969,2836.500000,2927.649773,2942.758943,2979.747305,2987.149819
2750.000000,2760.127768,2815.029276,2836.500000,2920.157988,2937.203300,2978.473434,2983.337047
2750.027798,2760.114856,2814.911353,2836.500000,2927.845480,2942.788919,2979.734896,2988.101564
2750.000000,2760.110135,2815.020561,2836.500000,2920.141137,2937.177203,2979.553649,2983.734849
2750.006573,2760.109985,2815.023259,2836.500000,2920.061900,2937.103751,2979.484913,2986.895987
2750.000002,2760.071034,2815.005565,2836.500000,2920.167273,2937.209762,2979.619332,2983.681719
2750.030671,2760.085320,2815.067254,2836.500000,2928.463257,2942.509383,2979.597297,2991.736919
2750.009218,2760.115901,2815.072344,2836.500000,2928.561513,2942.574946,2979.646732,2992.214800
2750.000002,2760.054318,2814.831871,2836.500000,2924.780340,2941.058653,2976.837183,2980.145423
2750.006340,2760.043588,2814.846289,2836.500000,2927.809063,2942.877489,2979.787722,2991.571413
2750.097801,2760.036404,2814.846981,2836.500000,2927.628029,2942.827153,2979.859516,2986.944097
2750.006027,2760.016840,2814.840271,2836.500000,2927.795265,2942.873636,2979.840679,2989.320145
2750.031252,2760.018559,2814.867371,2836.500000,2928.038946,2942.868733,2979.794842,2990.799172
2750.042506,2760.015575,2814.924882,2836.499999,2928.142509,2942.789966,2979.752805,2991.123800
2750.000000,2760.003407,2814.974802,2836.500000,2920.187133,2937.239922,2979.691446,2984.813858
2750.315680,2759.971662,2814.910231,2836.500000,2920.713818,2937.727944,2978.774885,2979.942809
2750.007257,2759.951809,2814.876104,2836.500000,2927.947864,2942.817797,2979.846715,2989.527694
2750.000247,2759.942851,2814.846014,2836.500000,2921.166704,2938.157334,2977.684750,2980.011445
2749.177034,2759.829680,2814.752291,2836.500000,2926.187855,2942.219439,2980.173676,2980.416664
2749.000000,2759.796856,2814.831069,2836.500000,2920.805155,2937.843802,2977.713063,2980.098189
2749.005501,2759.750054,2814.861938,2836.500000,2920.572610,2937.632013,2980.083171,2980.833206
2749.032678,2759.732687,2814.721139,2836.500000,2921.240047,2938.267202,2977.290105,2980.248069
2749.001929,2759.717398,2814.815947,2836.500000,2920.760621,2937.835487,2980.130454,2980.351125
2749.000000,2759.714531,2814.822770,2836.500000,2920.662611,2937.750464,2980.110964,2981.585077
2749.060898,2759.709733,2814.824909,2836.499984,2928.465279,2942.874924,2979.981728,2991.896639
2749.198121,2759.640545,2814.691700,2836.499999,2927.296535,2942.868316,2980.317241,2983.353158
2749.000000,2759.596962,2814.814453,2836.500000,2920.404184,2937.515222,2980.081017,2985.177710
2749.000000,2759.587302,2814.822544,2836.500000,2920.283872,2937.406642,2979.970909,2994.500000
2749.000000,2759.548140,2814.754038,2836.500000,2920.721316,2937.802064,2980.161649,2988.918428
2749.005791,2759.543186,2814.656583,2836.500000,2925.891985,2941.989714,2978.332275,2980.617902
2749.533637,2759.560646,2814.719051,2836.499812,2928.469259,2943.081987,2980.201406,2988.921544
2749.006407,2759.524688,2814.648388,2836.500000,2926.317258,2942.287735,2978.803209,2980.584584
2749.000000,2759.525408,2814.785487,2836.500000,2920.456139,2937.570709,2980.156681,2985.710245
2749.058295,2759.476303,2814.642265,2836.500000,2927.563272,2943.012860,2980.502549,2983.530624
2749.000072,2759.466129,2814.702322,2836.500000,2920.858579,2937.985592,2980.390772,2980.578668
2749.222995,2759.459285,2814.686794,2836.500000,2928.521323,2943.089948,2980.230816,2990.096610
2749.011389,2759.440572,2814.689017,2836.500000,2920.936034,2938.062544,2980.412769,2980.624721
2749.000001,2759.393160,2814.663801,2836.500000,2921.025556,2938.139038,2979.969629,2980.493989
2749.353723,2759.382322,2814.721714,2836.500000,2928.742791,2943.097458,2980.334221,2991.120063
2749.000000,2759.365433,2814.692838,2836.500000,2920.815464,2937.927989,2980.492645,2981.243746
2749.901017,2759.382555,2814.824335,2836.499965,2928.905229,2943.000550,2980.311541,2991.021168
2749.000131,2759.326053,2814.690533,2836.500000,2928.573194,2943.098456,2980.367002,2992.117504
2749.000000,2759.284879,2814.681176,2836.500000,2920.642624,2937.801857,2980.483567,2984.256789
2749.011090,2759.276526,2814.586404,2836.499992,2927.854019,2943.208987,2980.594972,2986.678812
2749.000000,2759.245631,2814.675229,2836.500000,2920.555511,2937.728056,2980.395965,2985.560910
2749.000496,2759.237016,2814.665325,2836.500000,2920.709781,2937.855711,2980.588621,2982.458890
2749.000028,2759.232523,2814.653885,2836.500000,2920.668725,2937.823593,2980.489399,2986.608904
2749.000000,2759.198876,2814.661838,2836.500000,2920.508995,2937.694104,2980.375493,2992.411520
2749.000000,2759.190766,2814.654058,2836.500000,2920.632028,2937.830244,2980.496143,2991.795653
2749.000000,2759.174566,2814.651268,2836.500000,2920.586344,2937.801398,2980.468195,2995.253651
2749.000000,2759.160975,2814.588674,2836.500000,2920.938105,2938.127493,2980.674767,2982.587004
2749.004128,2759.142351,2814.575346,2836.499996,2928.782209,2943.210903,2980.578180,2992.572444
2749.089484,2759.113384,2814.588449,2836.499991,2928.843504,2943.291305,2980.597487,2992.456170
2749.000126,2759.068947,2814.469480,2836.500000,2928.061465,2943.446185,2980.786492,2990.515477
2749.000000,2759.056287,2814.599460,2836.500000,2920.555843,2937.771710,2980.518788,2995.493599
2749.000000,2759.046004,2814.580008,2836.500000,2920.923668,2938.094440,2980.814136,2981.607628
2749.023506,2758.980899,2814.562617,2836.500000,2929.009434,2943.359398,2980.749313,2992.342388
2749.000000,2758.968876,2814.564198,2836.500000,2920.710613,2937.943431,2980.686091,2988.972450
2749.000000,2758.954302,2814.561252,2836.500000,2920.625658,2937.851457,2980.627484,2995.499847
2749.000000,2758.908531,2814.507948,2836.500000,2921.087381,2938.274672,2980.962698,2980.991482
2749.000036,2758.901584,2814.404966,2836.500000,2922.628560,2939.660966,2978.696415,2981.149766
2749.000000,2758.899051,2814.434383,2836.500000,2921.533054,2938.714255,2979.704473,2981.017681
2749.000006,2758.878739,2814.414407,2836.500000,2928.220662,2943.488312,2980.934505,2992.765526
2748.000000,2758.820727,2814.507668,2836.500000,2920.788344,2938.020715,2980.813897,2985.580054
2748.006191,2758.808094,2814.439551,2836.500000,2921.392388,2938.576700,2979.698057,2981.084301
2748.000293,2758.807244,2814.390176,2836.500000,2921.464591,2938.690557,2980.636298,2981.067242
2748.232992,2758.804682,2814.440715,2836.499970,2928.903028,2943.462135,2980.867866,2990.463925
2748.000009,2758.772920,2814.327803,2836.500000,2925.383458,2941.915759,2978.393178,2981.407658
2748.000000,2758.775319,2814.384200,2836.500000,2921.483601,2938.691893,2980.214695,2981.118391
2748.001623,2758.737797,2814.466378,2836.500000,2921.003630,2938.257479,2980.878590,2991.977485
2748.000000,2758.730310,2814.367187,2836.500000,2921.827612,2938.986754,2978.594803,2981.221005
2748.009555,2758.694889,2814.449637,2836.500000,2921.052844,2938.282604,2981.103094,2983.319889
2748.000000,2758.673725,2814.416163,2836.500000,2921.328949,2938.535913,2979.568307,2981.216876
2748.001234,2758.643667,2814.413310,2836.500000,2921.191809,2938.432714,2981.174996,2982.698722
2748.084600,2758.632109,2814.327124,2836.500000,2928.404116,2943.736728,2981.200946,2990.425184
2748.000450,2758.622927,2814.347425,2836.500000,2921.437416,2938.688333,2981.235385,2981.278096
2748.000034,2758.607555,2814.274972,2836.500000,2924.749869,2941.425955,2980.782829,2981.503521
2748.025553,2758.604729,2814.330509,2836.499999,2928.828063,2943.812750,2981.216810,2989.268990
2748.030415,2758.582286,2814.306815,2836.500000,2921.972075,2939.166144,2980.037062,2981.347207
2748.000312,2758.524058,2814.212508,2836.500000,2923.097502,2940.144946,2978.740602,2981.551237
2748.054775,2758.517523,2814.255575,2836.500000,2928.320293,2943.804038,2981.390808,2987.702829
2748.000004,2758.486111,2814.251527,2836.500000,2922.856076,2939.880899,2981.321643,2993.475212
2748.000200,2758.469753,2814.361894,2836.500000,2921.000263,2938.289582,2981.146457,2990.111900
2748.000000,2758.453228,2814.311828,2836.500000,2921.549942,2938.769881,2980.102412,2981.451533
2748.000000,2758.409116,2814.293620,2836.500000,2921.645534,2938.865701,2979.186678,2981.518163
2748.206012,2758.382359,2814.161724,2836.499999,2927.756797,2943.680658,2981.593540,2984.260002
2748.112269,2758.350282,2814.328739,2836.500000,2928.375637,2943.642505,2981.417895,2993.395342
2748.133686,2758.335702,2814.215524,2836.499992,2928.707919,2943.971987,2981.578101,2986.775160
2748.069542,2758.307445,2814.152095,2836.500000,2928.027374,2943.843080,2981.637037,2986.433109
2748.000001,2758.167033,2814.170077,2836.500000,2921.852835,2939.119432,2979.597663,2981.770189
2748.000000,2758.168619,2814.149699,2836.500000,2922.008151,2939.268824,2979.530616,2981.781746
2748.000032,2758.165197,2814.230577,2836.500000,2921.267256,2938.591695,2981.636067,2984.646881
2748.000027,2758.157582,2814.111152,2836.500000,2922.046732,2939.316426,2979.304748,2981.829693
2748.000000,2758.154804,2814.180824,2836.500000,2921.540997,2938.864544,2981.711439,2982.033748
2748.000003,2758.149930,2814.217711,2836.500000,2921.363202,2938.677312,2981.684108,2982.987975
2748.000000,2758.097676,2814.204445,2836.500000,2921.258312,2938.605014,2981.646702,2985.538356
2748.000000,2758.061015,2814.157867,2836.500000,2921.680045,2938.983079,2980.646605,2981.840603
2748.424760,2758.086750,2814.327776,2836.499993,2929.555527,2943.972909,2981.610236,2991.459092
2748.000000,2758.030254,2814.081136,2836.499978,2922.028110,2939.331137,2980.231002,2981.909422
2748.000000,2758.028171,2814.180826,2836.500000,2921.235376,2938.591056,2981.640516,2986.011139
2748.000000,2757.986142,2814.047317,2836.500000,2922.297697,2939.577887,2978.983548,2981.979210
2748.000000,2757.987605,2814.149263,2836.500000,2921.464514,2938.813164,2981.836945,2983.848937
2748.000000,2757.982909,2814.082738,2836.500000,2921.814516,2939.163374,2981.579180,2981.913258
2748.289744,2757.975249,2814.250575,2836.500000,2929.606096,2943.991783,2981.729793,2991.910145
2748.000000,2757.944926,2814.120816,2836.500000,2921.630294,2938.959828,2981.906290,2981.932833
2748.000000,2757.937937,2814.135892,2836.500000,2921.361033,2938.730521,2981.845930,2985.631111
2748.000000,2757.934170,2814.105652,2836.500000,2921.642878,2938.996059,2981.929690,2982.447347
2747.006624,2757.803793,2814.000069,2836.500000,2927.295596,2943.492160,2981.365370,2982.285179
2747.464017,2757.786416,2814.076675,2836.500000,2929.312748,2944.202022,2981.937567,2994.261466
2747.000000,2757.738918,2814.069432,2836.500000,2921.470771,2938.850862,2982.054289,2984.599382
2747.000000,2757.714319,2814.056635,2836.500000,2921.422932,2938.827971,2982.019558,2986.338652
2747.000000,2757.702276,2814.051848,2836.500000,2921.430103,2938.829995,2981.993839,2986.421884
2747.000000,2757.664481,2814.045006,2836.500000,2921.409742,2938.853658,2981.995889,2993.470025
2747.000000,2757.645424,2814.032630,2836.500000,2921.431651,2938.846222,2982.013174,2986.160624
2747.000000,2757.630836,2814.032982,2836.500000,2921.330028,2938.758719,2981.942102,2995.833075
2747.000008,2757.585636,2814.013705,2836.500000,2921.407319,2938.838214,2982.033379,2989.401379
2747.000000,2757.568352,2814.012768,2836.499995,2921.995855,2939.359464,2980.333307,2982.350371
2747.000000,2757.525221,2814.000000,2836.500000,2922.293891,2939.650321,2980.369364,2982.412446
2747.485530,2757.529119,2814.064670,2836.499998,2929.177118,2944.279076,2982.272542,2996.475944
2747.107479,2757.494764,2814.008230,2836.499981,2929.562881,2944.410161,2982.213507,2990.943750
2747.000000,2757.486069,2814.000000,2836.500000,2922.028445,2939.470162,2982.363662,2982.381564
2747.000000,2757.482930,2814.000000,2836.500000,2921.564320,2939.034647,2980.855094,2987.623546
2747.000000,2757.475555,2814.000000,2836.500000,2922.622577,2939.931931,2979.682056,2982.508924
2747.000000,2757.465240,2814.000000,2836.500000,2921.529258,2938.973612,2982.198361,2986.322786
2747.000003,2757.443182,2814.000000,2836.500000,2922.183760,2939.568055,2980.680066,2982.483679
2747.000000,2757.430728,2814.000000,2836.500000,2922.582981,2939.925406,2979.459654,2982.519430
2747.249405,2757.442244,2814.032276,2836.499928,2929.859536,2944.399327,2982.240145,2992.240116
2747.027482,2757.411693,2814.000000,2836.499998,2926.594481,2943.194223,2979.357909,2982.729060
2747.442065,2757.440486,2814.113951,2836.499587,2929.950353,2944.260953,2982.263502,2992.993548
2747.035614,2757.425778,2814.025374,2836.500000,2929.617534,2944.441768,2982.340646,2995.971782
2747.077451,2757.395261,2814.000231,2836.500000,2929.706700,2944.459621,2982.351344,2991.723972
2747.000000,2757.364219,2814.000000,2836.500000,2921.585943,2939.048741,2982.223161,2986.003233
2747.000000,2757.364095,2814.000000,2836.500000,2921.561476,2939.059716,2982.301172,2996.499999
2747.000000,2757.351742,2814.000000,2836.500000,2921.939006,2939.343271,2982.528881,2983.531112
2747.000000,2757.320642,2814.000000,2836.500000,2921.511632,2938.990440,2982.269610,2994.817682
2747.000000,2757.292227,2814.000000,2836.500000,2921.522040,2939.011573,2982.302619,2992.794891
2747.000000,2757.280455,2814.000000,2836.500000,2921.711545,2939.169627,2982.529208,2985.226106
2747.223372,2757.253460,2814.008245,2836.496106,2930.111162,2944.370017,2982.383600,2992.658297
2747.059956,2757.238366,2814.000001,2836.500000,2929.839044,2944.491464,2982.577885,2992.159372
2747.000000,2757.223063,2814.000000,2836.500000,2922.188478,2939.635479,2981.786571,2982.675742
2747.000359,2757.209129,2814.000000,2836.500000,2922.096260,2939.561928,2982.650539,2982.811836
2747.000000,2757.220334,2814.000000,2836.500000,2921.714988,2939.213622,2981.427380,2986.009416
2747.000000,2757.198464,2814.000000,2836.500000,2921.714724,2939.195179,2982.516574,2986.909599
2747.000003,2757.167472,2814.000000,2836.500000,2922.121560,2939.573165,2982.046580,2982.727028
2747.019505,2757.172822,2814.205713,2836.500000,2929.595836,2944.046663,2982.330188,2993.534148
2747.000000,2757.156529,2814.000000,2836.500000,2921.614657,2939.124292,2982.458324,2991.467832
2747.000000,2757.133819,2814.000000,2836.500000,2921.749614,2939.229140,2982.531903,2992.546389
2747.000000,2757.130840,2814.000000,2836.500000,2921.703798,2939.207636,2982.541720,2986.740665
2747.005076,2757.124835,2814.003212,2836.500000,2929.444226,2944.487783,2982.511406,2993.246634
2747.000000,2757.069367,2814.000000,2836.500000,2921.735310,2939.249963,2982.604036,2986.954992
2747.000000,2757.057733,2814.000000,2836.500000,2921.754860,2939.296224,2982.634618,2990.860110
2747.000000,2757.054396,2814.000000,2836.500000,2921.788738,2939.287453,2982.646920,2988.939727
2747.530473,2757.073727,2814.010974,2836.500000,2930.070996,2944.449789,2982.601239,2993.016039
2747.000015,2757.014998,2814.000000,2836.500000,2929.087208,2944.500000,2983.041133,2984.281476
2747.000000,2756.957238,2814.000000,2836.500000,2922.000857,2939.513965,2982.816599,2985.947585
2747.903385,2756.946941,2814.000080,2836.499979,2930.066503,2944.821177,2982.821814,2991.253070
2747.000000,2756.886513,2814.000000,2836.500000,2922.170641,2939.671391,2982.950518,2982.998171
2746.244553,2756.835895,2814.000000,2836.499998,2928.804092,2944.758688,2983.115256,2986.355022
2746.000000,2756.752186,2814.000000,2836.500000,2922.741152,2940.243092,2981.342887,2983.193284
2746.076655,2756.740719,2814.000000,2836.500000,2922.935777,2940.372877,2980.124729,2983.228517
2746.000000,2756.717245,2814.000000,2836.500000,2922.000000,2939.585628,2981.920325,2986.410582
2746.000004,2756.711303,2814.000000,2836.500000,2922.384179,2939.928610,2982.904439,2983.159845
2746.000000,2756.677470,2814.000000,2836.500000,2922.045915,2939.623590,2983.024898,2986.427646
2746.000000,2756.682147,2814.000000,2836.500000,2923.267259,2940.716547,2980.812044,2983.326272
2746.000001,2756.672648,2814.000000,2836.500000,2922.397936,2939.948956,2983.168449,2983.531329
2746.001113,2756.668441,2814.000000,2836.500000,2922.090754,2939.673959,2983.025821,2985.541224
2746.872396,2756.677009,2814.000013,2836.498235,2930.469300,2944.686307,2982.970154,2991.485389
2746.000032,2756.617518,2814.000000,2836.500000,2922.001541,2939.610726,2982.962755,2997.483174
2746.014570,2756.612165,2814.000000,2836.499931,2922.187558,2939.776922,2983.173208,2985.245142
2746.000005,2756.589556,2814.000000,2836.500000,2925.013831,2942.163093,2980.302192,2983.551407
2746.000000,2756.563057,2814.000000,2836.500000,2922.977649,2940.512601,2982.078437,2983.368057
2746.000000,2756.557057,2814.000000,2836.500000,2922.000983,2939.640421,2983.105912,2995.071567
2746.000000,2756.531826,2814.000000,2836.500000,2922.003773,2939.626490,2983.131792,2989.277684
2746.000000,2756.492597,2814.000000,2836.500000,2922.028226,2939.644465,2983.171696,2987.441528
2746.000252,2756.464327,2814.000000,2836.500000,2922.269188,2939.899424,2983.250515,2984.781939
2746.000000,2756.421559,2814.000000,2836.500000,2922.183877,2939.799319,2983.357990,2985.796764
2746.000000,2756.380526,2814.000000,2836.500000,2922.822655,2940.426326,2982.514617,2983.535132
2746.000000,2756.368843,2814.000000,2836.500000,2922.246653,2939.862642,2983.458097,2984.880207
2746.000000,2756.323435,2813.424467,2835.500000,2922.246051,2939.865389,2983.449647,2986.499217
2746.000546,2756.301409,2813.307486,2835.500000,2923.084659,2940.647141,2981.874088,2983.639903
2746.000008,2756.264922,2813.237226,2835.500000,2926.338774,2943.358738,2981.534333,2983.906850
2746.027888,2756.274651,2813.274335,2835.500000,2928.873450,2945.093121,2983.665527,2988.633640
2746.000000,2756.262064,2813.399716,2835.500000,2922.440776,2940.026926,2983.400233,2983.625316
2746.000000,2756.257514,2813.367729,2835.500000,2922.394497,2939.997588,2983.531819,2990.740628
2746.003021,2756.230128,2813.300740,2835.500000,2929.495334,2945.260277,2983.556701,2994.726754
2746.000000,2756.214228,2813.379019,2835.500000,2922.296266,2939.923863,2983.526889,2987.219262
2746.000000,2756.214297,2813.384030,2835.500000,2922.312393,2939.954255,2983.548970,2992.445830
2746.000001,2756.189642,2813.369728,2835.500000,2922.298941,2939.941109,2983.585718,2987.194745
2746.000000,2756.193581,2813.377412,2835.500000,2922.269560,2939.931697,2983.520420,2989.043737
2746.000000,2756.113918,2813.327618,2835.500000,2922.441132,2940.070659,2983.735085,2986.446312
2746.001656,2756.081248,2813.301363,2835.500000,2922.609672,2940.228106,2983.557001,2983.811018
2746.000000,2756.071887,2813.326036,2835.500000,2922.315354,2939.979912,2983.631507,2987.140052
2746.000000,2756.061450,2813.321737,2835.500000,2922.288438,2939.961705,2983.637453,2989.437105
2746.000000,2756.052891,2813.322684,2835.500000,2922.332344,2940.030432,2983.676301,2998.417685
2746.007782,2756.018597,2813.200163,2835.500000,2929.543557,2945.459152,2983.912297,2989.041442
2746.000000,2756.007605,2813.305692,2835.500000,2922.311167,2940.026008,2983.681164,2997.320796
2746.000000,2756.005032,2813.299268,2835.500000,2922.400608,2940.088525,2982.726700,2987.023891
2746.000697,2755.975939,2813.243879,2835.500000,2922.803113,2940.436493,2983.513119,2983.928127
2746.000019,2755.928669,2813.185831,2835.500000,2923.091708,2940.700006,2982.552508,2984.020108
2746.000001,2755.928813,2813.225833,2835.500000,2922.878618,2940.507007,2983.028005,2983.994161
2746.000000,2755.932716,2813.270597,2835.500000,2922.404462,2940.108626,2983.766283,2989.627410
2746.000000,2755.931425,2813.269108,2835.500000,2922.442113,2940.141062,2982.793413,2987.094938
2746.000176,2755.903209,2813.171920,2835.500000,2923.147613,2940.773805,2982.805494,2984.043372
2746.000001,2755.866524,2813.183620,2835.500000,2922.785555,2940.444470,2983.956369,2987.841181
2745.000000,2755.833467,2813.236698,2835.500000,2922.448378,2940.146483,2983.871299,2987.044187
2745.000000,2755.808450,2813.228746,2835.500000,2922.454725,2940.184844,2983.895771,2993.201640
2745.000000,2755.789805,2813.215752,2835.500000,2922.506915,2940.203390,2983.942101,2987.066097
2745.000000,2755.751543,2813.197931,2835.500000,2922.527590,2940.229892,2983.977973,2987.234173
2745.000000,2755.720900,2813.127261,2835.500000,2923.107891,2940.735956,2981.766108,2984.219572
2745.000000,2755.720451,2813.168350,2835.500000,2922.758022,2940.439320,2984.138154,2984.657393
2745.000000,2755.700819,2813.176771,2835.500000,2922.554714,2940.267790,2984.083538,2987.948615
2745.000000,2755.682599,2813.174918,2835.500000,2922.567532,2940.301974,2983.026989,2987.305612
2745.000000,2755.642002,2813.153347,2835.500000,2922.590457,2940.310725,2984.092255,2987.095893
2745.000426,2755.629559,2813.078356,2835.499999,2922.859977,2940.551066,2984.127917,2991.223516
2745.000000,2755.628076,2813.106390,2835.499973,2922.851094,2940.537458,2984.197214,2987.163076
2745.000000,2755.568470,2813.126427,2835.500000,2922.602770,2940.340328,2984.134442,2986.961358
2745.000000,2755.567363,2813.128702,2835.500000,2922.630472,2940.382416,2983.116863,2987.424159
2745.000000,2755.484947,2813.089216,2835.500000,2922.654575,2940.407326,2984.263768,2987.454472
2745.000000,2755.368499,2813.045555,2835.500000,2922.741932,2940.526461,2983.383810,2987.582400
2745.042855,2755.321705,2813.013741,2835.499848,2930.993897,2945.498784,2984.379368,2994.980803
2745.026256,2755.335580,2813.156225,2835.500000,2930.961426,2945.466184,2984.343194,2994.434821
2745.042985,2755.298881,2813.009148,2835.500000,2930.984217,2945.499977,2984.449932,2995.831464
2745.000000,2755.284938,2813.011716,2835.500000,2922.790174,2940.586999,2983.438868,2987.655794
2745.000000,2755.284989,2813.012387,2835.500000,2922.798560,2940.609044,2983.620149,2989.544951
2745.000000,2755.274677,2813.000022,2835.499995,2923.270228,2941.005339,2983.595480,2984.650502
2745.000000,2755.276587,2813.000689,2835.500000,2922.913000,2940.676971,2984.568981,2986.231683
2745.000000,2755.274040,2813.000000,2835.500000,2922.930328,2940.689941,2984.583382,2985.729299
2745.000061,2755.254046,2813.007856,2835.500000,2931.043379,2945.499961,2984.457943,2995.505292
2745.000000,2755.236510,2813.018480,2835.500000,2923.363006,2941.076957,2984.581495,2991.639237
2745.000019,2755.227057,2813.014846,2835.499999,2930.577883,2945.500000,2984.411755,2994.472313
2745.000600,2755.221201,2813.000418,2835.500000,2928.924849,2945.403871,2983.299888,2984.923060
2745.000000,2755.217906,2813.000000,2835.500000,2922.823364,2940.631537,2983.491661,2987.737180
2745.000000,2755.180048,2813.000000,2835.500000,2922.946793,2940.730058,2984.657569,2986.437904
2745.000000,2755.160390,2813.000000,2835.500000,2922.901907,2940.699283,2984.649515,2987.621665
2745.027208,2755.154017,2813.007596,2835.500000,2930.511792,2945.500000,2984.764708,2990.062402
2745.000000,2755.140800,2813.000000,2835.500000,2922.857490,2940.680325,2984.605082,2990.453966
2745.000000,2755.077353,2813.000000,2835.500000,2923.205631,2940.981121,2984.787529,2987.982573
2745.000002,2755.019175,2813.000000,2835.500000,2923.187094,2940.976792,2984.852927,2985.473585
2745.000000,2755.019390,2813.000000,2835.500000,2923.036567,2940.826544,2984.843221,2988.089581
2745.000000,2755.008135,2813.000000,2835.500000,2923.000000,2940.843732,2983.770607,2987.802118
2745.000000,2754.939529,2813.000000,2835.500000,2923.001547,2940.831346,2984.823119,2987.646125
2745.000000,2754.930686,2813.000000,2835.500000,2923.000000,2940.844751,2984.822093,2987.687837
2745.000000,2754.927080,2813.000000,2835.500000,2923.007747,2940.847621,2984.298504,2988.061934
2745.001021,2754.925175,2813.000000,2835.500000,2923.000003,2940.846550,2984.814698,2988.177542
2745.000000,2754.913253,2813.000000,2835.500000,2923.000000,2940.843039,2984.829493,2987.453845
2745.000011,2754.896715,2813.000000,2835.500000,2923.000047,2940.867452,2984.782981,2993.178480
2745.000197,2754.878166,2813.000000,2835.500000,2923.000181,2940.868843,2984.827978,2991.388773
2745.000000,2754.877462,2813.000000,2835.500000,2923.000031,2940.856163,2984.862416,2988.219043
2744.000009,2754.835061,2813.000000,2835.500000,2923.036836,2940.881961,2984.950652,2987.842921
2744.000000,2754.838474,2813.000000,2835.500000,2923.015959,2940.866427,2984.905984,2987.718539
2744.000000,2754.797120,2813.000000,2835.500000,2924.023450,2941.757195,2982.468044,2985.190543
2744.000000,2754.766245,2813.000000,2835.500000,2923.044959,2940.907895,2984.976566,2987.899297
2744.000014,2754.760038,2813.000000,2835.500000,2923.317812,2941.123435,2985.130416,2985.636165
2744.000000,2754.749592,2813.000000,2835.500000,2923.046430,2940.942478,2984.989084,2999.433825
2744.000000,2754.742902,2813.000000,2835.500000,2923.052209,2940.915835,2984.996639,2988.582748
2744.000000,2754.742543,2813.000000,2835.500000,2923.415927,2941.220104,2983.163351,2985.177342
2744.000000,2754.743914,2813.000000,2835.500000,2923.063957,2940.950650,2983.972132,2988.185030
2744.000000,2754.739712,2813.000000,2835.500000,2923.055187,2940.923022,2985.005533,2988.140705
2744.000000,2754.709870,2813.000000,2835.499999,2923.164266,2941.003929,2985.118264,2987.397079
2744.000000,2754.710746,2813.000000,2835.500000,2923.064827,2940.964016,2985.025459,2992.104856
2744.000000,2754.646643,2813.000000,2835.500000,2924.188656,2941.958307,2982.935678,2985.324083
2744.000000,2754.611186,2813.000000,2835.500000,2923.445430,2941.289927,2985.232097,2988.103691
2744.000015,2754.591911,2813.000000,2835.500000,2923.202740,2941.083654,2985.220502,2987.404974
2744.000000,2754.576206,2813.000000,2835.500000,2923.153829,2941.070034,2984.143653,2988.348783
2744.000000,2754.544010,2813.105408,2835.500000,2930.961037,2945.857696,2984.653426,2993.137147
2744.000000,2754.536399,2813.000000,2835.500000,2923.175112,2941.098313,2984.179672,2988.388597
2744.000011,2754.527799,2813.095946,2835.500000,2930.952693,2945.869298,2984.687356,2993.366559
2744.000000,2754.488698,2813.000000,2835.500000,2923.193515,2941.107676,2985.301208,2988.917890
2744.000020,2754.486104,2813.000000,2835.500000,2923.233533,2941.133353,2985.327817,2987.378842
2744.000001,2754.485394,2813.000000,2835.500000,2923.623385,2941.480496,2982.958668,2985.465200
2744.000000,2754.474517,2813.000000,2835.500000,2923.171037,2941.093598,2985.252847,2988.156644
2744.013156,2754.456564,2813.000000,2835.500000,2930.191258,2946.406794,2985.506434,2988.646603
2744.000000,2754.433063,2813.000000,2835.500000,2923.237408,2941.157948,2985.356961,2988.455609
2744.000001,2754.397272,2813.000000,2835.500000,2923.285851,2941.209444,2985.403516,2988.172875
2744.000000,2754.387624,2813.000000,2835.500000,2923.216688,2941.153641,2985.365104,2988.726360
2744.000000,2754.367355,2813.000000,2835.500000,2923.172580,2941.120810,2985.324401,2992.978675
2744.000000,2754.354093,2813.000000,2835.500000,2923.196787,2941.176893,2985.352613,2996.379625
2744.000000,2754.297260,2813.000000,2835.500000,2923.271186,2941.246568,2985.432364,2992.632833
2744.000000,2754.265097,2813.000000,2835.500000,2923.310952,2941.285738,2985.481126,2992.538225
2744.000000,2754.254512,2813.000000,2835.500000,2923.326798,2941.301139,2984.498477,2988.650096
2744.000000,2754.232895,2813.000000,2835.500000,2923.335579,2941.315564,2984.492109,2988.657558
2744.000000,2754.230229,2813.000000,2835.500000,2923.338812,2941.319724,2984.493487,2988.661101
2744.127056,2754.168985,2813.000000,2835.500000,2930.348653,2946.499993,2985.834779,2988.999764
2744.000000,2754.162555,2813.000000,2835.500000,2923.296887,2941.282184,2985.556167,2989.682657
2744.000000,2754.147276,2813.000000,2835.500000,2924.007091,2941.913689,2984.210100,2985.805041
2744.000000,2754.146665,2813.000000,2835.500000,2923.420279,2941.383683,2985.680611,2987.720911
2744.000000,2754.128296,2813.000000,2835.500000,2923.392697,2941.391507,2984.601220,2988.758821
2744.000000,2754.106833,2813.000000,2835.500000,2923.959974,2941.849602,2982.580565,2985.868898
2744.000000,2754.082064,2813.000000,2835.500000,2924.225797,2942.111023,2984.431673,2985.879121
2744.000000,2754.056642,2813.000000,2835.500000,2923.505992,2941.460700,2985.822612,2986.450251
2744.005440,2753.944069,2813.000000,2835.500000,2923.358191,2941.397369,2985.748155,2993.085103
2744.000002,2753.929533,2813.000000,2835.500000,2923.429227,2941.453183,2985.802539,2990.367398
2744.000000,2753.920336,2813.000000,2835.500000,2923.432452,2941.493886,2985.805216,3000.499819
2743.000000,2753.840953,2813.000000,2835.500000,2923.538614,2941.585756,2984.887232,2989.017748
2743.000004,2753.800438,2813.000000,2835.500000,2923.687976,2941.723966,2986.006395,2987.695269
2743.000132,2753.752494,2813.000000,2835.500000,2924.027140,2942.045055,2986.091279,2986.119182
2743.000788,2753.732384,2813.000000,2835.500000,2923.885236,2941.915101,2986.130432,2986.303169
2743.000000,2753.730391,2813.000000,2835.500000,2923.596193,2941.662220,2984.928053,2989.124254
2743.000131,2753.714223,2813.000000,2835.500000,2929.668261,2946.301961,2984.788475,2986.437022
2743.000000,2753.698351,2813.000000,2835.500000,2923.613122,2941.685168,2984.987592,2989.167006
2743.000000,2753.640826,2813.000000,2835.500000,2923.648955,2941.732441,2985.093962,2989.212018
2743.000000,2753.617212,2813.000000,2835.500000,2924.767021,2942.741664,2985.002369,2986.378974
2743.000000,2753.584642,2813.000000,2835.500000,2923.639543,2941.740447,2986.133985,2992.648332
2743.000000,2753.577261,2813.000000,2835.500000,2923.575219,2941.659634,2986.082954,2996.846485
2743.000000,2753.579426,2813.000000,2835.500000,2923.662284,2941.735505,2986.139935,2988.964767
2743.000000,2753.549093,2813.000000,2835.500000,2923.665353,2941.746142,2986.167526,2988.898360
2743.000045,2753.537011,2813.000000,2835.500000,2924.427374,2942.429146,2984.632442,2986.426900
2743.000000,2753.535628,2813.000000,2835.500000,2923.717752,2941.792233,2986.263460,2988.849017
2743.000000,2753.523745,2813.000000,2835.500000,2923.636560,2941.766148,2986.192091,3000.499998
2743.000000,2753.513794,2813.000000,2835.500000,2923.646375,2941.769686,2986.188425,3000.497110
2743.000000,2753.437523,2813.000000,2835.500000,2923.713925,2941.816807,2986.281984,2989.022733
2743.000000,2753.428345,2813.000000,2835.500000,2923.767971,2941.886711,2985.303784,2989.432602
2743.000000,2753.401492,2813.000000,2835.500000,2924.612653,2942.673998,2985.740929,2986.562432
2743.000007,2753.398045,2813.000000,2835.500000,2924.216822,2942.310598,2986.482457,2986.560542
2743.011031,2753.397148,2813.000000,2835.499999,2923.650249,2941.783763,2986.297105,2993.361664
2743.000000,2753.393998,2813.000000,2835.500000,2923.964577,2942.083968,2986.407360,2987.392315
2743.000014,2753.386755,2813.000000,2835.500000,2923.650127,2941.783368,2986.281967,2992.997842
2743.004143,2753.366770,2813.000000,2835.500000,2923.665210,2941.805660,2986.334338,2993.021570
2743.000000,2753.339891,2813.000000,2835.500000,2923.784493,2941.898559,2986.378801,2989.553916
2743.000000,2753.332958,2813.000000,2835.500000,2931.593720,2946.500000,2985.867931,2994.590732
2743.000000,2753.256136,2813.000000,2835.500000,2923.832652,2941.993189,2986.491146,2995.271349
2743.000000,2753.233613,2813.000000,2835.500000,2923.857358,2942.017463,2986.520056,2994.236216
2743.000000,2753.231022,2813.000000,2835.500000,2924.000000,2942.127675,2986.560370,2988.152965
2743.000000,2753.170566,2813.000000,2835.500000,2924.000000,2942.143773,2986.604949,2988.849482
2743.000705,2753.164704,2813.000000,2835.500000,2924.208139,2942.300621,2986.194815,2986.739218
2743.000000,2753.144440,2813.000000,2835.500000,2924.406100,2942.495540,2985.930296,2986.778270
2743.000000,2753.129214,2813.000000,2835.500000,2924.071121,2942.217939,2986.679425,2988.432432
2743.000000,2753.083433,2813.000000,2835.500000,2924.291335,2942.436611,2986.796989,2987.114964
2743.000000,2753.077618,2813.000000,2835.500000,2924.416052,2942.517948,2985.996245,2986.848490
2743.000000,2753.055905,2813.000000,2835.500000,2924.507231,2942.598871,2985.613400,2986.888134
2743.000000,2753.055387,2813.000000,2835.500000,2924.003106,2942.162839,2986.672640,2988.399266
2743.000000,2753.019436,2813.000000,2835.500000,2924.000000,2942.196328,2985.736045,2989.780329
2743.000000,2753.001318,2813.000000,2835.500000,2924.346545,2942.499041,2986.885713,2987.057659
2743.000000,2753.004408,2813.000000,2835.500000,2924.860055,2942.972637,2986.053519,2986.969487
2743.000012,2752.990226,2813.000000,2835.500000,2924.045759,2942.222185,2986.770260,2988.364400
2743.000000,2752.981651,2813.000000,2835.500000,2924.003289,2942.183536,2986.776551,2989.198750
2743.001410,2752.948738,2813.000000,2835.500000,2927.699385,2945.343027,2984.820481,2987.233934
2743.000000,2752.938733,2813.000000,2835.500000,2924.036564,2942.248395,2985.816075,2989.871204
2743.000002,2752.928002,2813.000000,2835.500000,2924.900373,2943.034943,2986.021984,2987.047651
2743.000000,2752.923156,2813.000000,2835.500000,2924.048330,2942.262300,2985.823509,2989.876214
2743.000000,2752.909759,2813.000000,2835.500000,2924.056278,2942.272819,2985.839848,2989.888839
2743.000000,2752.899150,2813.000000,2835.500000,2924.051554,2942.249323,2986.851462,2988.884282
2743.000004,2752.904368,2813.000000,2835.500000,2924.145186,2942.339667,2986.909791,2988.823453
2743.000000,2752.906965,2813.000000,2835.500000,2924.245723,2942.457105,2986.924110,2987.633169
2743.000000,2752.896273,2813.000000,2835.500000,2924.064958,2942.281766,2985.863921,2989.934514
2742.000000,2752.863033,2813.000000,2835.500000,2924.068528,2942.287134,2985.857305,2989.942487
2742.095874,2752.851181,2813.000000,2835.500000,2932.417159,2947.478532,2986.894343,2996.842450
2742.000000,2752.827090,2813.000000,2835.500000,2924.037522,2942.249684,2986.896658,2989.830558
2742.000000,2752.814585,2813.000000,2835.500000,2924.595223,2942.725922,2983.637868,2987.141738
2742.079028,2752.815054,2813.000000,2835.500000,2932.482848,2947.487503,2986.908962,2997.096601
2742.015727,2752.806676,2813.000000,2835.500000,2932.501796,2947.484377,2986.921042,2997.331781
2742.001465,2752.802877,2813.000000,2835.500000,2931.385182,2947.464299,2986.982525,2998.709004
2742.089125,2752.788416,2813.000000,2835.500000,2932.598225,2947.424136,2986.914715,2998.515934
2742.000000,2752.759411,2813.000000,2835.500000,2924.103190,2942.345464,2986.956831,2993.562234
2742.016835,2752.732563,2813.000000,2835.500000,2932.547046,2947.495283,2986.993348,2996.949119
2742.047568,2752.720545,2813.000000,2835.500000,2932.698862,2947.428063,2986.962558,2998.002638
2742.057071,2752.715187,2813.000000,2835.500000,2932.570612,2947.481964,2986.987012,2996.172200
2742.000217,2752.712614,2813.000000,2835.500000,2932.645367,2947.466177,2986.973949,2997.423483
2742.000000,2752.706736,2813.000000,2835.500000,2924.402561,2942.586359,2986.570534,2987.182592
2742.131394,2752.673384,2813.000000,2835.500000,2932.690375,2947.475336,2987.013185,2995.933158
2742.000000,2752.614151,2813.000000,2835.500000,2924.208359,2942.472801,2986.131816,2990.175666
2742.000000,2752.613494,2813.000000,2835.500000,2924.160188,2942.441528,2987.126949,2996.490511
2742.000000,2752.582382,2813.000000,2835.500000,2924.221941,2942.495284,2986.163763,2990.181898
2742.000003,2752.576964,2813.000000,2835.500000,2932.336695,2947.340311,2987.060482,2999.319488
2742.000000,2752.555945,2813.000000,2835.500000,2924.557598,2942.755922,2986.232422,2987.356405
2742.000000,2752.552026,2813.000000,2835.500000,2924.166669,2942.470849,2987.178053,2999.755396
2742.190769,2752.537104,2813.000000,2835.500000,2932.564654,2947.497598,2987.244160,2996.830558
2742.000000,2752.509899,2813.000000,2835.500000,2924.110014,2942.402839,2987.151204,2996.288829
2742.000000,2752.476010,2813.000000,2835.500000,2924.281730,2942.574802,2986.276157,2990.280471
2742.283060,2752.478451,2813.000000,2835.500000,2932.799701,2947.494980,2987.240076,2998.168165
2742.000001,2752.430520,2813.000000,2835.500000,2925.017392,2943.238088,2986.460695,2987.539507
2742.000019,2752.383934,2813.000000,2835.500000,2924.185656,2942.501957,2987.305612,2994.962722
2742.000000,2752.376544,2813.000000,2835.500000,2924.331478,2942.616665,2987.418235,2990.133096
2742.000000,2752.352349,2813.000000,2835.500000,2924.472538,2942.716501,2987.506634,2991.234118
2742.000000,2752.363834,2813.000000,2835.500000,2924.390409,2942.665521,2987.437450,2990.135495
2742.000000,2752.289129,2813.000000,2835.500000,2924.391919,2942.716953,2986.477236,2990.477869
2742.000039,2752.284449,2813.000000,2835.500000,2924.359451,2942.664922,2987.505948,2991.260363
2742.000000,2752.268451,2813.000000,2835.500000,2924.243671,2942.581065,2987.389360,2997.613846
2742.000000,2752.236125,2813.000000,2835.500000,2932.317673,2947.500000,2987.334171,2997.486191
2742.000000,2752.215689,2813.000000,2835.500000,2924.433770,2942.772624,2986.555628,2990.545975
2742.000000,2752.205300,2813.000000,2835.500000,2924.376126,2942.700206,2987.522771,2991.770531
2742.000000,2752.203355,2813.000000,2835.500000,2932.255185,2947.500000,2987.336523,2997.498872
2742.000000,2752.189185,2813.000000,2835.500000,2924.448940,2942.792528,2986.586841,2990.569172
2742.021680,2752.195470,2813.000000,2835.500000,2932.680561,2947.499967,2987.428260,2997.611926
2742.000000,2752.194576,2813.000000,2835.500000,2932.257711,2947.500000,2987.346468,2997.497045
2742.000000,2752.156613,2813.000000,2835.500000,2924.467039,2942.816884,2986.618000,2990.600417
2742.000000,2752.129164,2813.000000,2835.500000,2924.936241,2943.267652,2987.710217,2987.785440
2742.000000,2752.082981,2813.000000,2835.500000,2924.509166,2942.872904,2986.699294,2990.669129
2742.000000,2752.080943,2813.000000,2835.500000,2924.593637,2942.912982,2987.717369,2990.540083
2742.000000,2752.065765,2813.000000,2835.500000,2924.514111,2942.883993,2986.715925,2990.660764
2742.000000,2752.033511,2813.000000,2835.500000,2924.697991,2943.053793,2987.789847,2988.305828
2742.000000,2751.994307,2813.000000,2835.500000,2924.554911,2942.938204,2986.791641,2990.725758
2742.000062,2751.993826,2813.000000,2835.500000,2924.505247,2942.874700,2987.761880,2990.625009
2742.000000,2751.990069,2813.000000,2835.500000,2924.562116,2942.943375,2986.797813,2990.755146
2742.000089,2751.984591,2813.000000,2835.500000,2925.047120,2943.378422,2987.527899,2987.963530
2742.000000,2751.976521,2813.000000,2835.500000,2924.606792,2942.971170,2987.812093,2989.118130
2742.000906,2751.965039,2813.000000,2835.500000,2924.511020,2942.885013,2987.793023,2991.842833
2742.000000,2751.941545,2813.000000,2835.500000,2924.570657,2942.921638,2987.745803,2999.370124
2741.000005,2751.862390,2813.000000,2835.500000,2932.691570,2947.500000,2987.941058,2993.395491
2741.001184,2751.840373,2813.000000,2835.500000,2924.549856,2942.939774,2987.847732,2995.883591
2741.000000,2751.829018,2813.000000,2835.500000,2924.624513,2943.012642,2987.921653,2989.790475
2741.000000,2751.810211,2813.000000,2835.500000,2924.643979,2943.056951,2986.956441,2990.872234
2741.008644,2751.800554,2813.000000,2835.500000,2924.556505,2942.963808,2987.911649,2993.142506
2741.000000,2751.792561,2813.000000,2835.500000,2924.658679,2943.072038,2986.976208,2990.912941
2741.000000,2751.703943,2813.000000,2835.500000,2925.016670,2943.312630,2988.001636,2998.910474
2741.000024,2751.674093,2813.000000,2835.500000,2924.654136,2943.077768,2988.063837,2991.256374
2741.000000,2751.678051,2813.000000,2835.500000,2924.724060,2943.158938,2987.099138,2991.017582
2741.000003,2751.658199,2813.000000,2835.500000,2924.527178,2942.982812,2987.973758,2999.308327
2741.000000,2751.623036,2813.000000,2835.500000,2924.791357,2943.193564,2988.160919,2990.891871
2741.000000,2751.596657,2813.000000,2835.500000,2932.466361,2947.500000,2987.860682,2997.412357
2741.000000,2751.564854,2813.000000,2835.500000,2924.752567,2943.173950,2988.099702,3002.463934
2741.031552,2751.367733,2801.706103,2815.559075,2819.566830,2868.600000,2934.608774,2988.895303
2741.031256,2751.264260,2804.830415,2823.401208,2832.290561,2881.871614,2934.924640,2988.925144
2741.003823,2751.233469,2804.805491,2824.261751,2832.999997,2886.752459,2934.963104,2988.940737
2741.134543,2751.203433,2804.742571,2823.181012,2831.995738,2871.867266,2934.919122,2988.989238
2741.034059,2751.181025,2800.013392,2816.110603,2829.623945,2875.010005,2934.935499,2988.994161
2741.030041,2751.120673,2804.297693,2823.773524,2832.999257,2887.732383,2935.004043,2989.037340
2741.396357,2751.106405,2804.131003,2823.614999,2832.999947,2879.172805,2934.972760,2989.065969
2741.047341,2751.115100,2804.241024,2822.470940,2831.432132,2886.066437,2935.024240,2989.081758
2741.011740,2751.169265,2801.874204,2813.507093,2825.378365,2868.600009,2934.988015,2989.094385
2741.104818,2751.095061,2804.099784,2822.091455,2831.043228,2871.468020,2934.982349,2989.113813
2741.000130,2751.078760,2804.064207,2821.967868,2830.929443,2881.740622,2935.025561,2989.116385
2741.025212,2751.086592,2804.064141,2822.011296,2830.967254,2870.575013,2934.983307,2989.122847
2741.193965,2751.071029,2803.492219,2820.775239,2830.014723,2875.342254,2935.029371,2989.142759
2741.000000,2751.023314,2800.780303,2816.770804,2829.229605,2875.285080,2935.025942,2989.160141
2741.000006,2751.077412,2804.401704,2821.053998,2829.072770,2871.731094,2935.033636,2989.159129
2741.357873,2751.076226,2801.536305,2812.454408,2819.474355,2868.600000,2934.788301,2989.193022
2741.366749,2751.062357,2801.530944,2813.556757,2819.473476,2868.600000,2934.798188,2989.207714
2741.099372,2750.945484,2804.094784,2822.198970,2831.118646,2872.861501,2935.070208,2989.252773
2741.006182,2750.918352,2800.616259,2816.625510,2829.176762,2869.379908,2935.084281,2989.277233
2741.000000,2750.868139,2804.436332,2823.115952,2832.114272,2888.393489,2935.178831,2989.311453
2741.000181,2750.863371,2804.464546,2823.008856,2831.910063,2882.179377,2935.153901,2989.319942
2741.074952,2750.789282,2804.310504,2822.390194,2831.104858,2868.400010,2935.156385,2989.420305
2741.038966,2750.759810,2804.566145,2824.127080,2832.993890,2878.873654,2935.221067,2989.446313
2741.000030,2750.742631,2804.538751,2823.119048,2831.962708,2886.311596,2935.267879,2989.459174
2741.000006,2750.731889,2804.539541,2823.245108,2832.222186,2885.018333,2935.257263,2989.462981
2741.000249,2750.794587,2802.262595,2816.501139,2827.010880,2868.400000,2935.214810,2989.460365
2740.002715,2750.730163,2801.017310,2813.807946,2819.766365,2868.600000,2934.975520,2989.507707
2742.050814,2750.832701,2802.242201,2816.500366,2827.018629,2868.602335,2935.237944,2989.496275
2740.005459,2750.701104,2803.436965,2819.498131,2828.289276,2868.601110,2935.239815,2989.507802
2740.001743,2750.691166,2803.854167,2820.496892,2828.853548,2868.654055,2935.237924,2989.510623
2740.000000,2750.688986,2803.843118,2820.496853,2828.858729,2868.632318,2935.237673,2989.512043
2740.006687,2750.653688,2804.634395,2823.810924,2832.989143,2883.218444,2935.282729,2989.514368
2740.043190,2750.650289,2804.654822,2823.842462,2832.997793,2886.266940,2935.302894,2989.520030
2740.006324,2750.661932,2805.459162,2822.686559,2830.586368,2885.222912,2935.324831,2989.544250
2740.820277,2750.622697,2804.540162,2824.134043,2832.999984,2879.738652,2935.309163,2989.586757
2740.000129,2750.581631,2804.551832,2823.567587,2832.758026,2886.110821,2935.340238,2989.588839
2740.000097,2750.538609,2804.604315,2823.835457,2832.999999,2888.355204,2935.377743,2989.624124
2740.079537,2750.630475,2802.488633,2818.674646,2829.182242,2868.669399,2935.310244,2989.631349
2740.404668,2750.555733,2800.026340,2816.169021,2829.328100,2871.036600,2935.307416,2989.641857
2740.012414,2750.541831,2800.000046,2816.156762,2829.354883,2880.182599,2935.334243,2989.645597
2740.000865,2750.518376,2804.489783,2823.437380,2832.495916,2888.325907,2935.392789,2989.654287
2740.070482,2750.517354,2804.495586,2823.509918,2832.643476,2887.943341,2935.391891,2989.656693
2740.287225,2750.514156,2804.493558,2823.560919,2832.759350,2879.625864,2935.360345,2989.674285
2740.000000,2750.499890,2800.000000,2816.218080,2829.432706,2888.599267,2935.404604,2989.677657
2740.007620,2750.429896,2804.488891,2823.681740,2832.894690,2882.109836,2935.413415,2989.743631
2740.273372,2750.438401,2804.416827,2823.111617,2831.982277,2882.120258,2935.422180,2989.751274
2740.000426,2750.416182,2804.505969,2823.731373,2832.997542,2886.356760,2935.443485,2989.760365
2740.102102,2750.392826,2804.381757,2823.206715,2832.192594,2881.661053,2935.446144,2989.798203
2740.000961,2750.354394,2803.938077,2823.500000,2832.000000,2888.995730,2935.497576,2989.813437
2740.009115,2750.297454,2803.920533,2823.499868,2832.000000,2887.058809,2935.521941,2989.875545
2740.006577,2750.256077,2803.910808,2823.499999,2832.000000,2887.567450,2935.551822,2989.920106
2740.000073,2750.391528,2808.255309,2816.592008,2831.987260,2882.160661,2935.606549,2990.028645
2740.000006,2750.376245,2808.253906,2816.593720,2831.999359,2885.128457,2935.625465,2990.032222
2740.144006,2750.140170,2803.879119,2823.495662,2832.000000,2888.799974,2935.635230,2990.045940
2740.000000,2750.345068,2808.240636,2816.584857,2832.000000,2888.800000,2935.671107,2990.065502
2740.012507,2750.338034,2808.236618,2816.574318,2831.999893,2883.841133,2935.639004,2990.077672
2740.390815,2750.369702,2808.226669,2816.566772,2832.000000,2885.639421,2935.665390,2990.096543
2740.052924,2750.305408,2808.199536,2816.540712,2832.000000,2884.792939,2935.676262,2990.115864
2740.045649,2750.304056,2808.202656,2816.544358,2831.999999,2885.783506,2935.682825,2990.116186
2740.100538,2750.303894,2808.212441,2816.548480,2831.993720,2882.643107,2935.668688,2990.130269
2740.029995,2750.290264,2808.209587,2816.549297,2832.000000,2886.275982,2935.694010,2990.132429
2740.275294,2750.290707,2808.195032,2816.525378,2831.989777,2878.144292,2935.670264,2990.182154
2740.385408,2750.289524,2808.197334,2816.529766,2831.998991,2880.600129,2935.682885,2990.183317
2740.003576,2750.245618,2808.188452,2816.525946,2831.999914,2884.354470,2935.710707,2990.185107
2740.209759,2750.241654,2808.175671,2816.512361,2831.999708,2884.102738,2935.722593,2990.203768
2741.173806,2750.336897,2808.178167,2816.507027,2831.977762,2877.479546,2935.699609,2990.240629
2741.016182,2750.292334,2808.166302,2816.495295,2831.969749,2877.462036,2935.715594,2990.268847
2740.271725,2750.204917,2808.154507,2816.486163,2831.943489,2879.178062,2935.730280,2990.270072
2741.510497,2750.349231,2808.155402,2816.490935,2831.965977,2883.422643,2935.754782,2990.272103
2740.000002,2750.123883,2808.137596,2816.479819,2832.000000,2888.798166,2935.812336,2990.308119
2740.115432,2750.135773,2808.134414,2816.471627,2831.999990,2885.813781,2935.796813,2990.314153
2740.000016,2750.015899,2808.087400,2816.428586,2832.000000,2888.798525,2935.881504,2990.427068
2740.186069,2750.037207,2808.095757,2816.425601,2831.992553,2880.149723,2935.829176,2990.434253
2740.000165,2749.852571,2805.114453,2812.914104,2828.391209,2868.800000,2935.808682,2990.452154
2739.399128,2749.916319,2808.065319,2816.399739,2831.997355,2884.040526,2935.882698,2990.487436
2739.148166,2749.893132,2808.067964,2816.398000,2831.993705,2880.589790,2935.861760,2990.491829
2739.325059,2749.898315,2808.057212,2816.397899,2831.997803,2888.711875,2935.919761,2990.493640
2739.000009,2749.862767,2808.056666,2816.392228,2831.999784,2885.136333,2935.896383,2990.503790
2739.140674,2749.860122,2808.031464,2816.364598,2831.981678,2880.970560,2935.891469,2990.524241
2739.120576,2749.847728,2808.047946,2816.381719,2831.902918,2881.106998,2935.903885,2990.541003
2739.408136,2749.848688,2808.036582,2816.367438,2831.879295,2878.017775,2935.897297,2990.563056
2740.103004,2749.921561,2808.038094,2816.368461,2831.923680,2879.486175,2935.902642,2990.570615
2739.106363,2749.779731,2808.015068,2816.349662,2831.999994,2885.009753,2935.953335,2990.606331
2740.248771,2749.906910,2808.024363,2816.351747,2831.941916,2877.991449,2935.918504,2990.611600
2739.080780,2749.772406,2808.010745,2816.351489,2831.994889,2888.989013,2935.987907,2990.607662
2739.000000,2749.758613,2808.007266,2816.347588,2832.000000,2889.000000,2935.991179,2990.613076
2739.125402,2749.768227,2808.011209,2816.340986,2831.955439,2879.962430,2935.939995,2990.624601
2739.000000,2749.853306,2808.001057,2816.340505,2832.000000,2889.000000,2936.004176,2990.636239
2740.158896,2750.047665,2808.003235,2816.336009,2831.999605,2886.036394,2935.995596,2990.655292
2739.024855,2749.841038,2807.993378,2816.332636,2832.000000,2889.000000,2936.014870,2990.654273
2739.000000,2749.558378,2805.001407,2812.812528,2828.315082,2869.000000,2935.958694,2990.699354
2739.385344,2749.562351,2805.571716,2813.361335,2828.611212,2869.001534,2935.987026,2990.753939
2739.001782,2749.396323,2803.962981,2823.072878,2831.999768,2880.317539,2936.025841,2990.781255
2739.031924,2749.401209,2799.000823,2815.280687,2829.113095,2875.817129,2936.015683,2990.784899
2739.180183,2749.405519,2799.104224,2815.384408,2829.073801,2875.996489,2936.014837,2990.785605
2739.000002,2749.423217,2804.969558,2812.779985,2828.280058,2869.200000,2936.049682,2990.844601
2739.017794,2749.535166,2807.906532,2816.244504,2831.999699,2889.135152,2936.133360,2990.855109
2739.052972,2749.531395,2807.909032,2816.240176,2831.998280,2884.835468,2936.106639,2990.867653
2739.019594,2749.526026,2807.913720,2816.244452,2831.999954,2885.437773,2936.116242,2990.878635
2739.070426,2749.410146,2805.325267,2813.150687,2828.545078,2871.211719,2936.085788,2990.873874
2739.000000,2749.513211,2807.895338,2816.233419,2832.000000,2889.200000,2936.148463,2990.880369
2739.548743,2749.573990,2807.905666,2816.233424,2831.935926,2880.316468,2936.093804,2990.888309
2739.313601,2749.531769,2807.895606,2816.224857,2831.959286,2882.384285,2936.114008,2990.901995
2739.000289,2749.490110,2807.885084,2816.222932,2832.000000,2889.198687,2936.162986,2990.905310
2739.493175,2749.520227,2807.878484,2816.206981,2831.884901,2878.803584,2936.117683,2990.933678
2739.001946,2749.336894,2805.073341,2812.884051,2828.327879,2869.284997,2936.104357,2990.939964
2739.094297,2749.467233,2807.870814,2816.205897,2831.994807,2888.022871,2936.177691,2990.946237
2740.407406,2749.604801,2807.873181,2816.203940,2831.900962,2882.386647,2936.148962,2990.956923
2739.000012,2749.305824,2804.866254,2812.684089,2828.213472,2869.000000,2936.120330,2990.969549
2739.000010,2749.302814,2804.865047,2812.683445,2828.213435,2869.000001,2936.121864,2990.972315
2739.000482,2749.286876,2804.769499,2812.585062,2828.147219,2869.000008,2936.136049,2990.990455
2739.000555,2749.280171,2804.794950,2812.611860,2828.162213,2869.000021,2936.136952,2990.997459
2739.001631,2749.269867,2804.999609,2812.821519,2828.298966,2869.004429,2936.140694,2991.009737
2739.000000,2749.262621,2804.837475,2812.655632,2828.190855,2869.000000,2936.148521,2991.016470
2739.000344,2749.137137,2798.785669,2815.089439,2829.032288,2872.335045,2936.156946,2991.049650
2739.000184,2749.219790,2804.810223,2812.629537,2828.171342,2869.000000,2936.173509,2991.058254
2739.000000,2749.145544,2804.788777,2812.613917,2828.160779,2869.000000,2936.220145,2991.136502
2739.000000,2749.134496,2804.782957,2812.608512,2828.156629,2869.000000,2936.227062,2991.148094
2739.094092,2749.271382,2807.787259,2816.118363,2831.762591,2879.142661,2936.258099,2991.167288
2739.031697,2748.999294,2798.704951,2815.029976,2829.004634,2874.259939,2936.253956,2991.192901
2739.061787,2749.214690,2807.762401,2816.092925,2831.945356,2885.089692,2936.317815,2991.220664
2739.008249,2749.048778,2804.845229,2812.669497,2828.181813,2869.000076,2936.283316,2991.244565
2739.019835,2748.914094,2798.723090,2815.044655,2828.943890,2874.866665,2936.305985,2991.276107
2739.005704,2748.978888,2804.625826,2812.455158,2828.048126,2869.000149,2936.325074,2991.310999
2739.012524,2748.981574,2804.571485,2812.400217,2828.014463,2869.000083,2936.327039,2991.313271
2739.052302,2748.978030,2804.560267,2812.380659,2827.987643,2869.000268,2936.328185,2991.318291
2739.000000,2748.953551,2804.689768,2812.521929,2828.090020,2869.000000,2936.341314,2991.339097
2739.000000,2748.931854,2804.678679,2812.511647,2828.082124,2869.000000,2936.355012,2991.361981
2739.000000,2748.920588,2804.672914,2812.506251,2828.077907,2869.000000,2936.362109,2991.373842
2739.000000,2748.882450,2804.642717,2812.475351,2828.052699,2869.000000,2936.387768,2991.416727
2739.083321,2748.836672,2804.570190,2812.395800,2827.983612,2869.002164,2936.418704,2991.468941
2739.000000,2748.827339,2804.624126,2812.460775,2828.042886,2869.000000,2936.421105,2991.472435
2738.000000,2748.750681,2804.598983,2812.433608,2828.019525,2869.200000,2936.441046,2991.501553
2738.000000,2748.738123,2804.591507,2812.426583,2828.013924,2869.200000,2936.451059,2991.518289
2738.000000,2748.706065,2804.575121,2812.411507,2828.002509,2869.200000,2936.471478,2991.552435
2738.004093,2748.674999,2804.440672,2812.271835,2827.903343,2869.200050,2936.488839,2991.580378
2738.002065,2748.669930,2804.475873,2812.313285,2827.937905,2869.200032,2936.492344,2991.586492
2738.000000,2748.663018,2804.553313,2812.392015,2827.988696,2869.200000,2936.495507,2991.592645
2738.000034,2748.633513,2804.538113,2812.377698,2827.977487,2869.200005,2936.513458,2991.622539
2738.000000,2748.532082,2803.297082,2822.500000,2831.855505,2889.200000,2936.578584,2991.628766
2738.000000,2748.600443,2804.520421,2812.360585,2827.963309,2869.200000,2936.537222,2991.662245
2738.000000,2748.479130,2803.266054,2822.500000,2831.882089,2889.200000,2936.614365,2991.689693
2738.000227,2748.555839,2804.497679,2812.339449,2827.947540,2869.200157,2936.563223,2991.705728
2738.000000,2748.548489,2804.494089,2812.336235,2827.944645,2869.200000,2936.570448,2991.717753
2738.000126,2748.533500,2804.393722,2812.239217,2827.886008,2869.200711,2936.576317,2991.727580
2738.000000,2748.523089,2804.481146,2812.324279,2827.935499,2869.200000,2936.586453,2991.744514
2738.000000,2748.512810,2804.475935,2812.319475,2827.931831,2869.200000,2936.592889,2991.755290
2738.000000,2748.506428,2804.472749,2812.316527,2827.929571,2869.200000,2936.596894,2991.761955
2738.000000,2748.493879,2804.467174,2812.311345,2827.925613,2869.200000,2936.602700,2991.771580
2738.000000,2748.440735,2804.438944,2812.285213,2827.905593,2869.200000,2936.638320,2991.831167
2738.003238,2748.432754,2804.436849,2812.283231,2827.903982,2869.200488,2936.640361,2991.835004
2738.000008,2748.426043,2804.431094,2812.278141,2827.901229,2869.200009,2936.644695,2991.841889
2738.000000,2748.385133,2804.409717,2812.257867,2827.884538,2869.200000,2936.673119,2991.889196
2738.000000,2748.371872,2804.403626,2812.252494,2827.880529,2869.200000,2936.681576,2991.903436
2738.000000,2748.299081,2804.359277,2812.210673,2827.848354,2869.000000,2936.721895,2991.974854
2738.000000,2748.264939,2804.341163,2812.193729,2827.835243,2869.000000,2936.743467,2992.010987
2738.000000,2748.264007,2804.340345,2812.192994,2827.834705,2869.000000,2936.744486,2992.012689
2738.000000,2748.233771,2804.325840,2812.179660,2827.824634,2869.000000,2936.763025,2992.043625
2738.000000,2748.231026,2804.324060,2812.177912,2827.823231,2869.000000,2936.764882,2992.046653
2738.000000,2748.105206,2798.250054,2814.655255,2828.719424,2873.820075,2936.783145,2992.078599
2738.000010,2748.100211,2798.250106,2814.656041,2828.714725,2873.012027,2936.787579,2992.090107
2738.005738,2748.100669,2798.258110,2814.659761,2828.703153,2871.606584,2936.782059,2992.092823
2738.000000,2748.179531,2804.304495,2812.160195,2827.809888,2869.200000,2936.800091,2992.101135
2738.033701,2748.047159,2802.621072,2821.500000,2830.436703,2886.005492,2936.860478,2992.118397
2738.021875,2748.038036,2802.615264,2821.500000,2830.446002,2886.545274,2936.872743,2992.133167
2738.009564,2748.053727,2802.976017,2821.499075,2830.341109,2877.435886,2936.838767,2992.145298
2738.000000,2748.045012,2802.935185,2821.500000,2830.421294,2889.199997,2936.899225,2992.150721
2738.290838,2748.015885,2802.598055,2821.499960,2830.411313,2882.014819,2936.866043,2992.160980
2738.382357,2748.012593,2802.596817,2821.497177,2830.376354,2877.089912,2936.845495,2992.166257
2738.002459,2747.995510,2798.259784,2814.671315,2828.641019,2873.882403,2936.851689,2992.197300
2738.000000,2748.069072,2804.246972,2812.106770,2827.768996,2869.200000,2936.869756,2992.217417
2738.000000,2748.067096,2804.245984,2812.105865,2827.768310,2869.200000,2936.870996,2992.219495
2738.000007,2747.957224,2798.201471,2814.610749,2828.642648,2871.681202,2936.867278,2992.237246
2738.245065,2747.921227,2802.573654,2821.499948,2830.425455,2884.583832,2936.936504,2992.256839
2738.025570,2747.918866,2802.589659,2821.498707,2830.366367,2879.681992,2936.915443,2992.262079
2738.000000,2747.904943,2802.571296,2821.499999,2830.386171,2880.290267,2936.917730,2992.266769
2738.000000,2747.886882,2798.134745,2814.560522,2828.647231,2873.027428,2936.913843,2992.302013
2738.000000,2747.914672,2804.166508,2812.031952,2827.711635,2869.200000,2936.967167,2992.380059
2738.000000,2747.879298,2804.147917,2812.014785,2827.698655,2869.200000,2936.989524,2992.417291
2738.000000,2747.867274,2804.141039,2812.008419,2827.694060,2869.200000,2936.997173,2992.430061
2738.000000,2747.838589,2804.126644,2811.995037,2827.683568,2869.200000,2937.015210,2992.460154
2738.000000,2747.818686,2804.116193,2811.985325,2827.676147,2869.200000,2937.027783,2992.481127
2737.209081,2747.675380,2798.098038,2814.509919,2828.509663,2869.793907,2937.024047,2992.512895
2737.083085,2747.574128,2802.450171,2821.499997,2830.409346,2881.101408,2937.119831,2992.592237
2737.018052,2747.534712,2802.451694,2821.499772,2830.395121,2879.136546,2937.133547,2992.630176
2737.001957,2747.531402,2802.442466,2821.500000,2830.427301,2884.454964,2937.159920,2992.632553
2737.014977,2747.544886,2802.767523,2821.499568,2830.368188,2879.261256,2937.142826,2992.640176
2737.000705,2747.509440,2802.444040,2821.500000,2830.471295,2887.942770,2937.194840,2992.656078
2737.032253,2747.501795,2802.465457,2821.499997,2830.422274,2883.334812,2937.171891,2992.659866
2737.000000,2747.585102,2804.007391,2811.880546,2827.593501,2869.400000,2937.150816,2992.682015
2737.000000,2747.469917,2797.925289,2814.386416,2828.514740,2871.824395,2937.149603,2992.704473
2737.300584,2747.468945,2797.938831,2814.386918,2828.482566,2869.680912,2937.147454,2992.721413
2737.000928,2747.419067,2802.412963,2821.499999,2830.397452,2879.467476,2937.206425,2992.751751
2737.000297,2747.410098,2797.927031,2814.386669,2828.470183,2870.438369,2937.188038,2992.776235
2737.115109,2747.393629,2797.918123,2814.391812,2828.463883,2869.661540,2937.194960,2992.797316
2737.000000,2747.466041,2803.945064,2811.822784,2827.549569,2869.400000,2937.226084,2992.807562
2737.000000,2747.457035,2803.940260,2811.818530,2827.546596,2869.400000,2937.231820,2992.817132
2737.000000,2747.439712,2803.931199,2811.809917,2827.539727,2869.400000,2937.242684,2992.835177
2737.000000,2747.428955,2803.925628,2811.804934,2827.536224,2869.400000,2937.249704,2992.846968
2737.000723,2747.287203,2797.871982,2814.330670,2828.415524,2870.499049,2937.255032,2992.891627
2737.001062,2747.263187,2797.863685,2814.326562,2828.412014,2871.029751,2937.274022,2992.918941
2737.001726,2747.185638,2797.774997,2814.264864,2828.417831,2870.312240,2937.320113,2993.002843
2737.012824,2747.180948,2797.842042,2814.298719,2828.365272,2870.989804,2937.329665,2993.009130
2737.000058,2747.129103,2797.863743,2814.294331,2828.285848,2869.461971,2937.343807,2993.056924
2737.000000,2747.190296,2803.795658,2811.683972,2827.443899,2869.200000,2937.393479,2993.091100
2737.037900,2747.070154,2802.283517,2821.500000,2830.450774,2884.655249,2937.446813,2993.108134
2737.002479,2747.068179,2797.852509,2814.310850,2828.275826,2869.777491,2937.390267,2993.124028
2737.000000,2747.059763,2797.792171,2814.253310,2828.315332,2870.865538,2937.400249,2993.128504
2737.000077,2747.039013,2802.267121,2821.500000,2830.450248,2885.075188,2937.465309,2993.134565
2737.354767,2747.044604,2797.750669,2814.222463,2828.313564,2869.273657,2937.406714,2993.158076
2737.055184,2747.005058,2802.273204,2821.500000,2830.438557,2881.922793,2937.471641,2993.171239
2737.000000,2746.997715,2802.284572,2821.500000,2830.461298,2883.712222,2937.484760,2993.176834
2737.000000,2747.096670,2803.746555,2811.638339,2827.409210,2869.200000,2937.451720,2993.188136
2737.056251,2747.084735,2803.426679,2811.333326,2827.238141,2869.200425,2937.458996,2993.198557
2737.000000,2746.976334,2797.661049,2814.169973,2828.352414,2869.607402,2937.442252,2993.210529
2737.024390,2746.915325,2802.243616,2821.499998,2830.439682,2881.651768,2937.520707,2993.258339
2737.028089,2746.914132,2802.235151,2821.499901,2830.421083,2879.691649,2937.513716,2993.259761
2737.000246,2746.909686,2802.244810,2821.499984,2830.450374,2882.723438,2937.528512,2993.259052
2737.000000,2746.890974,2802.463410,2821.443019,2830.351500,2878.700729,2937.539633,2993.304372
2737.000000,2746.805568,2801.640531,2820.500000,2829.519863,2885.987277,2937.608438,2993.365077
2737.000442,2746.805684,2797.708127,2814.164811,2828.182098,2869.465206,2937.548149,2993.384274
2737.000000,2746.805773,2797.573039,2814.098078,2828.296637,2869.406045,2937.546374,2993.385580
2737.000000,2746.736292,2801.630532,2820.499991,2829.478188,2877.514639,2937.615337,2993.440509
2737.000000,2746.838138,2803.618818,2811.520528,2827.319867,2869.400000,2937.617695,2993.460231
2737.000000,2746.838048,2803.618688,2811.520390,2827.319759,2869.400000,2937.617759,2993.460328
2737.000000,2746.837905,2803.618700,2811.520418,2827.319782,2869.400000,2937.617841,2993.460474
2737.000001,2746.828519,2803.614145,2811.516393,2827.316877,2869.400000,2937.623612,2993.470211
2737.000000,2746.827347,2803.613021,2811.515069,2827.315673,2869.400000,2937.624532,2993.471578
2737.000000,2746.825862,2803.612389,2811.514568,2827.315328,2869.400000,2937.625449,2993.473152
2737.000115,2746.717673,2797.640398,2814.120576,2828.176495,2869.802046,2937.608630,2993.485089
2736.000000,2746.652672,2801.612089,2820.500000,2829.493197,2883.061642,2937.674867,2993.502015
2736.001014,2746.647958,2801.617860,2820.500000,2829.498363,2882.894061,2937.681325,2993.508556
2736.012344,2746.619962,2801.590392,2820.472841,2829.401407,2872.022078,2937.648074,2993.538693
2736.005177,2746.618929,2801.603337,2820.500000,2829.481451,2881.104412,2937.686042,2993.537146
2736.000000,2746.699403,2803.557412,2811.459752,2827.271111,2869.600000,2937.683533,2993.565475
2736.000000,2746.678509,2803.546289,2811.449441,2827.263301,2869.600000,2937.696691,2993.587357
2736.001110,2746.576622,2797.594138,2814.069229,2828.116141,2869.622426,2937.680338,2993.607427
2736.000000,2746.560143,2797.459350,2814.007348,2828.222220,2869.615748,2937.681140,2993.616282
2736.045866,2746.543525,2797.593878,2814.082943,2828.105143,2870.556561,2937.707419,2993.640780
2736.011619,2746.537649,2797.569786,2814.075320,2828.114684,2870.532472,2937.702168,2993.641159
2736.000083,2746.533979,2797.525326,2814.041746,2828.152815,2869.643253,2937.704343,2993.647461
2736.000000,2746.566225,2803.487808,2811.395559,2827.222652,2869.600000,2937.767359,2993.705052
2736.000000,2746.563437,2803.486216,2811.393922,2827.221254,2869.600000,2937.769139,2993.708025
2736.000000,2746.558801,2803.483891,2811.391908,2827.219869,2869.600000,2937.771980,2993.712735
2736.016487,2746.531158,2803.298596,2811.207229,2827.106490,2869.600421,2937.785051,2993.731614
2736.000000,2746.534471,2803.471115,2811.380021,2827.210775,2869.600000,2937.787415,2993.738412
2736.000025,2746.527354,2803.467649,2811.376895,2827.208516,2869.600010,2937.791457,2993.745142
2736.000000,2746.499130,2803.452408,2811.362659,2827.197563,2869.600000,2937.809632,2993.775437
2736.000000,2746.465099,2803.434159,2811.345642,2827.184651,2869.600000,2937.831072,2993.811110
2736.000000,2746.402499,2803.401732,2811.315775,2827.162080,2869.600000,2937.870647,2993.877055
2736.200450,2746.277099,2797.430678,2813.953868,2828.035620,2870.109045,2937.873022,2993.921298
2736.016716,2746.265806,2797.396148,2813.931172,2828.055665,2869.833333,2937.871655,2993.923912
2736.003257,2746.259816,2797.404042,2813.918981,2828.033669,2869.692753,2937.873549,2993.926668
2736.011259,2746.215772,2797.403495,2813.914318,2828.005478,2869.468211,2937.902081,2993.976658
2736.000000,2746.281724,2803.321656,2811.240716,2827.105309,2869.200000,2937.940898,2994.003071
2736.028684,2746.239551,2802.542318,2810.364675,2826.412761,2869.203001,2937.941001,2994.018337
2736.000002,2746.129104,2801.489798,2820.500000,2829.485397,2881.485451,2937.994553,2994.039203
2736.000000,2746.144291,2801.901810,2820.500000,2829.421480,2878.873464,2937.995070,2994.051434
2736.000000,2746.095191,2801.434842,2820.500000,2829.523551,2889.195472,2938.054574,2994.075212
2736.007430,2746.067238,2801.425203,2820.499997,2829.460569,2878.894323,2938.021890,2994.107969
2736.002879,2746.079146,2797.408922,2813.896903,2827.907834,2869.580289,2937.998477,2994.116596
2736.014065,2746.056055,2801.869110,2820.495964,2829.401738,2874.849161,2938.027918,2994.144671
2736.000000,2745.990954,2801.403311,2820.499998,2829.454108,2877.536447,2938.062828,2994.185163
2736.003736,2745.920571,2801.385529,2820.500000,2829.481013,2881.722150,2938.126938,2994.259904
2736.000005,2745.913972,2801.369812,2820.500000,2829.461990,2880.045942,2938.121289,2994.264684
2736.006592,2745.901951,2801.381662,2820.499999,2829.433015,2874.165784,2938.100988,2994.275150
2736.033780,2745.887834,2801.368601,2820.499997,2829.455880,2879.478196,2938.132047,2994.291822
2736.000001,2745.880062,2801.360562,2820.500000,2829.465829,2880.843835,2938.143950,2994.296913
2736.009552,2745.879695,2801.359638,2820.499999,2829.468338,2880.794448,2938.147848,2994.303024
2736.012052,2745.855465,2801.354739,2820.499999,2829.476431,2882.266061,2938.169693,2994.326770
2736.000000,2745.785342,2801.330267,2820.500000,2829.461851,2881.888234,2938.203487,2994.388802
2736.000028,2745.770138,2801.333567,2820.499999,2829.462539,2880.700824,2938.209719,2994.406453
2736.000004,2745.770185,2801.332765,2820.500000,2829.473936,2882.770557,2938.219564,2994.407247
2736.001486,2745.770593,2801.353720,2820.500000,2829.479333,2881.688790,2938.213792,2994.411019
2736.000000,2745.751520,2801.328169,2820.500000,2829.489315,2884.736024,2938.242955,2994.428933
2736.002155,2745.750001,2801.308020,2820.500000,2829.472183,2884.783066,2938.248545,2994.434877
2736.000470,2745.748137,2801.329970,2820.500000,2829.488776,2883.745197,2938.242664,2994.435407
2736.000002,2745.733738,2797.133695,2813.704287,2827.863067,2869.375078,2938.197165,2994.466222
2736.001302,2745.711908,2797.074652,2813.679573,2827.905879,2869.322456,2938.204534,2994.485225
2735.005501,2745.670663,2801.331895,2820.500000,2829.497019,2883.233444,2938.278142,2994.497589
2735.090988,2745.662552,2801.292212,2820.500000,2829.443448,2877.779049,2938.256804,2994.505866
2735.000976,2745.617761,2801.709244,2820.499934,2829.396045,2874.917971,2938.282498,2994.562266
2735.000000,2745.408076,2796.907506,2813.539640,2827.828785,2869.600000,2938.381207,2994.771383
2735.000000,2745.392060,2796.899847,2813.533256,2827.823284,2869.600000,2938.391349,2994.788126
2735.000000,2745.393755,2796.940135,2813.562927,2827.796713,2869.620672,2938.392615,2994.790059
2735.000000,2745.366383,2800.645955,2819.500000,2828.705069,2889.596820,2938.496145,2994.803320
2735.110082,2745.357492,2801.196513,2819.448602,2828.572920,2869.667806,2938.421781,2994.830488
2735.007393,2745.340187,2800.627341,2819.500000,2828.632235,2875.768547,2938.445620,2994.834289
2735.000000,2745.323599,2796.867171,2813.505671,2827.799277,2869.600000,2938.433524,2994.858098
2735.000874,2745.292578,2800.596389,2819.500000,2828.655841,2882.773123,2938.508693,2994.884886
2735.037516,2745.280317,2796.946028,2813.525934,2827.691517,2869.758927,2938.465383,2994.909576
2735.267496,2745.272938,2796.931792,2813.501280,2827.686424,2869.656964,2938.472883,2994.923848
2735.000000,2745.249994,2801.208702,2819.500000,2828.584172,2873.902251,2938.511569,2994.943811
2735.026914,2745.225766,2800.585372,2819.500000,2828.635340,2877.819275,2938.524898,2994.948553
2735.003333,2745.214325,2800.564446,2819.500000,2828.648876,2882.369442,2938.553097,2994.962474
2735.467507,2745.178055,2796.957057,2813.474304,2827.584135,2869.611250,2938.519052,2995.002161
2735.000000,2745.179659,2796.798428,2813.447573,2827.748600,2869.600000,2938.522295,2995.005285
2735.004236,2745.138631,2796.881993,2813.473800,2827.648431,2869.771008,2938.552867,2995.051607
2735.012289,2745.088271,2796.779092,2813.426620,2827.704941,2869.758489,2938.580175,2995.099383
2735.001685,2745.076725,2796.750332,2813.407570,2827.710651,2869.679456,2938.584840,2995.114098
2735.001280,2745.060389,2796.781660,2813.418866,2827.672121,2869.689106,2938.602831,2995.132998
2735.000000,2745.052078,2796.737542,2813.396343,2827.703755,2869.600000,2938.601433,2995.136508
2735.000000,2745.051042,2801.137188,2819.500000,2828.566220,2873.269458,2938.631224,2995.148176
2735.018849,2745.340276,2806.171539,2814.537358,2830.972905,2930.207057,2948.930498,2995.242861
2735.050445,2745.344183,2806.165021,2814.532199,2830.978221,2930.310158,2949.026114,2995.242688
2735.102764,2745.282514,2806.131361,2814.499272,2830.965605,2930.111487,2948.849380,2995.336724
2735.001958,2745.226985,2806.120157,2814.487596,2830.910256,2930.158746,2948.908167,2995.380088
2735.000371,2745.222555,2806.118172,2814.485834,2830.905835,2930.187100,2948.935457,2995.382338
2735.005189,2745.222339,2806.117649,2814.485246,2830.904630,2930.205161,2948.953266,2995.383488
2735.001684,2745.170179,2806.091629,2814.460582,2830.853956,2930.593238,2949.325450,2995.423963
2735.825923,2745.316648,2806.099701,2814.461441,2830.989567,2930.947002,2949.636425,2995.431210
2735.001472,2745.130636,2806.071933,2814.441981,2830.818455,2930.789619,2949.512358,2995.461004
2735.000000,2745.118338,2806.055861,2814.427023,2830.835580,2930.833511,2949.554777,2995.474116
2736.598499,2745.571991,2806.264651,2814.601290,2830.999997,2938.672921,2941.698774,2995.562157
2735.004695,2745.108839,2806.060645,2814.431029,2830.801651,2930.868740,2949.589502,2995.486104
2734.000000,2744.961066,2806.055669,2814.426894,2830.791925,2930.881449,2949.601690,2995.493157
2735.730567,2745.239588,2806.145811,2814.499126,2830.890081,2935.966020,2952.000000,2995.451890
2736.250117,2745.356472,2806.138592,2814.492246,2830.886654,2936.008675,2952.000000,2995.457100
2734.039723,2744.945276,2806.046248,2814.417818,2830.778362,2930.910161,2949.632135,2995.515780
2736.560520,2745.521655,2806.242222,2814.578457,2830.999992,2938.706803,2940.692168,2995.617989
2736.607180,2745.535166,2806.242275,2814.578489,2830.999958,2938.705762,2942.708908,2995.618096
2736.360346,2745.457073,2806.237786,2814.574021,2831.000000,2938.712103,2941.699395,2995.628308
2734.127317,2744.929277,2806.118102,2814.473459,2830.842917,2936.103144,2952.000000,2995.494529
2734.640149,2744.896120,2806.133031,2814.485153,2830.899795,2935.961101,2952.000000,2995.491832
2735.963019,2745.250860,2806.119515,2814.475775,2830.791919,2936.085196,2952.000000,2995.511291
2734.158294,2744.900082,2806.221375,2814.558852,2831.000000,2938.724386,2943.720185,2995.652336
2734.002130,2744.895597,2806.026211,2814.398304,2830.754577,2930.877905,2949.614038,2995.570243
2734.283183,2744.908573,2806.220496,2814.558216,2831.000000,2938.701636,2944.810371,2995.655403
2734.000000,2744.844699,2806.004244,2814.376830,2830.736871,2930.665260,2949.431864,2995.639749
2734.026493,2744.841416,2806.065283,2814.424225,2830.837059,2935.604976,2952.000000,2995.590710
2734.024682,2744.820175,2805.993213,2814.365735,2830.733378,2930.438393,2949.227321,2995.685073
2734.301865,2744.802131,2805.999302,2814.368462,2830.767252,2930.508497,2949.288012,2995.711043
2734.661152,2744.689975,2805.966406,2814.337816,2830.667372,2930.384873,2949.190935,2995.803146
2734.424121,2744.741332,2805.947375,2814.321157,2830.661933,2930.830318,2949.598127,2995.805840
2734.000000,2744.654821,2805.919568,2814.294202,2830.645012,2930.247610,2949.077649,2995.890915
2734.009144,2744.623894,2805.905580,2814.280685,2830.626471,2930.265810,2949.100971,2995.925555
2734.019543,2744.607837,2805.897781,2814.273119,2830.615509,2930.276273,2949.114382,2995.945387
2734.008654,2744.531618,2805.863202,2814.239763,2830.568974,2930.320394,2949.170893,2996.030857
2734.013531,2744.516307,2805.855953,2814.232733,2830.558610,2930.329804,2949.183036,2996.049268
2735.044206,2744.622807,2805.841048,2814.216366,2830.488781,2930.697689,2949.538265,2996.118115
2734.216281,2744.349704,2805.833142,2814.209237,2830.482398,2930.522668,2949.380897,2996.137817
2734.001722,2744.431722,2805.817581,2814.195519,2830.506731,2930.381641,2949.249358,2996.145629
2734.003895,2744.418545,2805.811338,2814.189635,2830.496971,2930.387990,2949.257602,2996.160232
2735.026891,2744.565905,2805.805897,2814.186925,2830.409817,2931.249350,2950.052254,2996.162908
2734.002675,2744.386864,2805.796641,2814.175273,2830.478465,2930.408898,2949.284247,2996.197398
2734.301400,2744.426368,2805.804011,2814.179680,2830.568568,2930.684698,2949.540010,2996.192894
2734.003690,2744.377961,2805.792623,2814.171361,2830.472991,2930.414647,2949.291503,2996.207656
2734.000299,2744.367465,2805.788060,2814.166942,2830.466589,2930.420079,2949.298649,2996.219024
2734.933083,2744.507982,2805.775673,2814.155342,2830.469030,2930.537572,2949.409741,2996.233132
2734.000655,2744.322961,2805.767128,2814.146716,2830.438734,2930.447323,2949.333627,2996.271247
2734.000000,2744.321942,2805.766918,2814.146562,2830.437908,2930.447231,2949.333408,2996.271723
2734.000000,2744.312220,2805.762250,2814.142018,2830.432637,2930.454477,2949.342575,2996.283541
2734.629588,2744.235916,2805.768467,2814.145152,2830.424140,2930.664426,2949.542925,2996.297347
2734.000696,2744.293254,2805.753471,2814.133599,2830.421829,2930.465905,2949.357221,2996.305267
2734.010878,2744.288689,2805.750868,2814.131059,2830.418198,2930.469335,2949.361736,2996.312382
2734.006917,2744.287446,2805.750579,2814.130781,2830.418139,2930.469701,2949.362171,2996.312933
2734.853869,2744.417181,2805.746239,2814.128338,2830.319892,2931.090842,2949.935962,2996.310139
2734.003544,2744.257668,2805.736382,2814.117141,2830.400758,2930.488362,2949.386053,2996.348246
2734.011482,2744.225684,2805.721590,2814.102905,2830.381425,2930.508042,2949.411317,2996.385778
2734.012170,2744.225607,2805.721540,2814.102854,2830.381288,2930.508135,2949.411436,2996.385947
2734.973442,2744.382479,2805.704698,2814.087657,2830.405870,2930.672904,2949.566245,2996.393077
2734.000292,2744.185038,2805.703358,2814.085387,2830.358912,2930.531958,2949.441927,2996.431051
2734.000000,2744.174131,2805.698383,2814.080685,2830.352436,2930.537601,2949.449083,2996.443009
2734.004467,2744.149547,2805.686429,2814.069184,2830.337156,2930.553245,2949.469202,2996.472965
2734.174764,2744.163850,2805.695294,2814.073822,2830.357975,2930.695002,2949.605061,2996.484749
2734.000000,2744.126849,2805.676105,2814.059262,2830.324052,2930.566916,2949.486720,2996.498747
2733.000000,2743.637481,2798.298963,2818.500000,2831.000000,2930.581019,2949.513854,2996.542803
2733.000000,2743.626099,2798.295835,2818.500000,2831.000000,2930.586779,2949.521320,2996.554165
2733.004586,2743.922751,2805.642221,2814.027122,2830.278772,2930.609968,2949.541778,2996.580308
2733.000000,2743.604172,2798.290161,2818.500000,2831.000000,2930.602849,2949.541043,2996.578781
2733.000000,2743.916095,2805.639158,2814.024167,2830.274871,2930.614371,2949.547344,2996.588174
2733.012485,2743.910294,2805.636349,2814.021530,2830.270772,2930.616582,2949.550294,2996.594773
2733.000000,2743.889482,2805.627238,2814.012682,2830.259935,2930.630600,2949.567911,2996.617795
2733.010021,2743.888578,2805.626623,2814.012090,2830.259536,2930.631077,2949.568637,2996.619335
2741.070146,2748.066003,2798.122338,2818.500000,2831.000000,2930.659634,2949.611579,2996.616849
2741.058886,2748.073238,2798.113032,2818.500000,2831.000000,2930.674392,2949.630525,2996.645051
2741.039111,2748.081688,2798.097365,2818.500000,2831.000000,2930.700006,2949.663392,2996.692745
2741.034878,2748.085862,2798.093814,2818.500000,2831.000000,2930.705768,2949.670761,2996.703527
2741.024918,2748.090321,2798.086097,2818.500000,2831.000000,2930.718298,2949.686863,2996.727026
2740.996738,2748.099287,2798.065244,2818.500000,2831.000000,2930.752664,2949.730873,2996.790512
2741.211913,2748.315730,2798.059192,2818.500000,2831.000000,2930.760096,2949.741203,2996.800121
2740.975514,2748.102542,2798.050576,2818.500000,2831.000000,2930.776794,2949.761815,2996.835179
2741.341957,2748.777074,2798.042634,2818.500000,2831.000000,2930.788395,2949.777201,2996.850527
2743.048280,2799.998910,2823.245693,2848.371538,2859.714286,2931.448907,2950.455299,2997.054069
2742.969469,2800.179544,2823.315241,2848.069333,2859.428571,2931.527773,2950.553313,2997.135832
2742.964651,2800.176288,2823.313830,2848.070169,2859.428571,2931.541237,2950.567004,2997.140505
2742.937461,2800.165452,2823.306712,2848.065525,2859.428571,2931.545188,2950.575173,2997.168175
2742.875099,2800.141999,2823.290580,2848.054756,2859.428571,2931.552202,2950.592378,2997.231426
2742.856981,2800.133627,2823.285448,2848.053061,2859.428571,2931.560772,2950.603732,2997.249650
2742.846549,2800.101105,2823.267191,2848.100746,2859.428571,2931.956226,2951.005838,2997.241043
2742.831590,2800.102945,2823.270534,2848.079959,2859.428571,2931.787578,2950.830421,2997.266758
2742.788152,2800.098515,2823.264963,2848.049269,2859.428571,2931.604932,2950.658107,2997.318732
2742.771019,2800.093666,2823.261001,2848.045310,2859.428571,2931.602098,2950.658263,2997.336101
2742.756179,2800.086848,2823.256811,2848.043867,2859.428571,2931.609038,2950.667475,2997.351038
2742.753761,2800.063233,2823.245219,2848.080399,2859.428571,2931.933098,2950.994408,2997.340697
2742.744045,2800.057918,2823.241722,2848.088714,2859.428571,2931.957030,2951.008691,2997.347152
2742.740531,2800.056096,2823.239035,2848.083220,2859.428571,2931.966849,2951.041224,2997.351919
2742.731411,2800.044603,2823.230229,2848.100952,2859.428572,2932.106296,2951.185154,2997.349606
2742.727821,2800.071392,2823.247865,2848.044242,2859.428571,2931.636377,2950.699099,2997.379139
2742.665226,2800.044781,2823.230997,2848.035509,2859.428571,2931.652207,2950.724635,2997.442529
2742.645170,2800.026326,2823.222230,2848.044687,2859.428571,2931.717325,2950.792296,2997.460885
2742.623499,2800.025457,2823.219159,2848.031657,2859.428571,2931.671965,2950.750808,2997.484512
2742.614556,2800.021305,2823.216607,2848.030872,2859.428571,2931.676330,2950.756564,2997.493494
2742.610035,2800.019283,2823.215342,2848.030445,2859.428571,2931.678451,2950.759370,2997.498041
2742.469837,2798.706728,2822.003023,2848.858736,2859.428571,2931.657035,2950.734948,2997.517201
2742.416608,2798.666123,2821.982362,2848.860824,2859.428571,2931.672366,2950.758988,2997.569249
2742.416077,2798.665855,2821.982154,2848.860870,2859.428571,2931.672489,2950.759215,2997.569787
2742.384599,2798.577841,2821.948306,2849.164939,2859.428571,2931.675356,2950.764960,2997.605096
2742.456390,2799.948175,2823.171751,2848.016321,2859.428571,2931.751622,2950.856146,2997.652590
2742.445813,2799.943205,2823.168734,2848.015385,2859.428571,2931.756918,2950.863051,2997.663225
2742.401600,2799.886849,2823.137567,2848.179460,2859.571429,2932.112865,2951.231915,2997.694572
2742.398261,2799.890741,2823.139725,2848.172848,2859.571429,2931.993413,2951.108934,2997.701708
2742.394699,2799.888542,2823.139258,2848.170275,2859.571429,2931.973969,2951.093750,2997.708341
2742.393339,2799.908355,2823.147244,2848.139419,2859.571429,2931.785284,2950.900241,2997.715899
2742.389858,2799.886131,2823.135468,2848.177444,2859.571429,2932.075208,2951.189826,2997.705991
2742.386095,2799.882441,2823.134079,2848.175717,2859.571429,2932.069192,2951.196421,2997.712144
2742.251016,2799.822717,2823.096793,2848.160290,2859.571429,2932.108115,2951.256280,2997.849179
2742.217436,2799.826980,2823.097390,2848.123469,2859.571429,2931.869305,2951.011286,2997.892827
2742.211725,2799.801938,2823.087851,2848.154131,2859.571429,2932.078373,2951.215916,2997.890969
2742.179499,2799.781949,2823.070519,2848.282435,2859.714328,2932.139744,2951.293220,2997.920174
2742.174908,2799.774854,2823.064122,2848.293879,2859.714336,2932.278229,2951.442847,2997.918755
2742.166929,2799.790670,2823.075850,2848.249500,2859.714286,2931.905885,2951.056260,2997.943252
2742.154370,2799.769315,2823.067003,2848.269690,2859.714286,2932.056057,2951.205498,2997.950813
2742.060188,2799.754126,2823.052801,2848.109311,2859.571429,2931.944975,2951.111085,2998.050968
2742.026688,2799.738634,2823.043317,2848.106226,2859.571429,2931.960961,2951.132209,2998.084673
2742.003964,2799.728143,2823.036889,2848.104125,2859.571429,2931.971823,2951.146550,2998.107530
2741.993307,2799.733574,2823.040297,2847.974221,2859.428571,2931.974362,2951.149952,2998.118303
2741.992831,2799.733468,2823.040199,2847.974041,2859.428571,2931.974377,2951.150028,2998.118798
2741.987603,2799.730862,2823.038668,2847.973720,2859.428571,2931.977333,2951.153776,2998.124035
2741.948138,2799.714352,2823.027395,2847.971441,2859.428571,2931.997178,2951.180435,2998.163277
2741.916825,2799.694129,2823.017680,2847.969537,2859.428571,2932.022447,2951.209409,2998.195008
2741.837176,2799.669813,2823.001933,2847.831975,2859.285714,2932.054221,2951.252698,2998.275249
2741.820635,2799.663151,2822.997505,2847.829472,2859.285714,2932.058216,2951.259355,2998.291970
2741.770005,2799.640237,2822.983261,2847.824379,2859.285714,2932.079583,2951.288610,2998.342926
2741.745384,2799.632327,2822.976328,2847.823785,2859.285714,2932.089265,2951.303193,2998.367031
2741.711961,2799.613474,2822.966799,2847.819036,2859.285714,2932.107508,2951.325448,2998.401288
2741.706346,2799.610922,2822.965229,2847.818409,2859.285714,2932.110059,2951.328849,2998.406952
2741.688067,2799.602423,2822.960023,2847.816798,2859.285714,2932.118999,2951.340592,2998.425325
2741.679823,2799.598736,2822.957709,2847.815971,2859.285714,2932.122691,2951.345569,2998.433621
2741.662337,2799.560553,2822.940547,2847.854315,2859.285714,2932.433512,2951.669683,2998.439730
2741.641813,2799.580652,2822.946638,2847.813607,2859.285714,2932.145045,2951.373930,2998.471587
2741.639354,2799.579607,2822.946134,2847.812512,2859.285714,2932.143177,2951.372217,2998.474282
2741.578791,2799.549899,2822.928436,2847.808699,2859.285714,2932.179072,2951.417376,2998.534969
2741.569950,2799.547697,2822.926488,2847.805955,2859.285714,2932.176203,2951.415891,2998.544097
2741.557924,2799.541871,2822.923002,2847.805116,2859.285714,2932.182719,2951.424245,2998.556156
2741.544142,2799.505706,2822.901278,2847.853910,2859.289856,2932.597583,2951.847208,2998.550384
2741.546422,2799.503726,2822.904522,2847.858604,2859.285952,2932.599056,2951.840840,2998.551542
2741.542185,2799.499124,2822.900875,2847.855513,2859.285714,2932.626990,2951.890322,2998.553237
2741.486525,2799.509202,2822.902823,2847.798305,2859.285714,2932.216505,2951.468998,2998.627982
2741.486734,2799.501383,2822.900537,2847.806943,2859.285714,2932.249554,2951.502132,2998.626994
2741.460067,2799.496846,2822.895295,2847.795919,2859.285714,2932.229374,2951.485915,2998.654595
2741.442483,2799.488517,2822.890080,2847.795338,2859.285714,2932.241144,2951.500592,2998.672022
2741.380818,2799.449808,2822.866525,2847.918741,2859.428571,2932.270963,2951.540424,2998.734195
2741.365756,2799.442623,2822.862197,2847.917548,2859.428571,2932.278755,2951.550523,2998.749315
2741.356023,2799.436699,2822.858984,2847.918388,2859.428571,2932.289649,2951.562925,2998.758871
2741.336133,2799.429395,2822.853911,2847.914542,2859.428571,2932.292048,2951.568384,2998.779145
2741.311614,2799.413046,2822.845659,2847.916755,2859.428571,2932.321375,2951.601187,2998.803504
2741.299487,2798.923068,2822.567425,2848.606650,2859.428571,2932.294205,2951.571104,2998.817263
2741.262106,2799.336868,2822.816188,2847.930921,2859.428571,2932.871469,2952.364595,2998.700920
2741.206403,2799.340417,2822.805954,2847.939648,2859.428572,2932.623727,2951.926601,2998.899952
2741.190484,2799.361761,2822.812582,2847.901388,2859.428571,2932.363021,2951.661637,2998.925602
2741.182105,2799.324708,2822.797771,2847.952084,2859.428571,2932.765452,2952.053170,2998.918440
2741.161797,2799.343348,2822.803254,2847.902693,2859.428571,2932.393200,2951.695696,2998.954250
2741.150563,2799.343927,2822.800986,2847.899370,2859.428571,2932.384962,2951.690279,2998.965329
2741.150354,2799.343026,2822.801076,2847.898400,2859.428571,2932.384879,2951.689718,2998.965854
2741.142550,2799.339629,2822.798993,2847.897080,2859.428571,2932.386229,2951.692213,2998.973796
2741.142203,2799.339303,2822.798859,2847.897124,2859.428571,2932.386816,2951.692842,2998.974130
2741.135924,2799.285792,2822.787406,2847.787719,2859.285714,2932.476898,2952.073774,2998.794840
2741.086668,2799.258959,2822.772926,2847.786715,2859.285714,2932.422092,2952.039101,2998.839697
2741.078640,2799.259525,2822.771513,2847.781644,2859.285714,2932.409116,2952.031019,2998.845435
2741.076583,2799.257570,2822.770817,2847.781541,2859.285714,2932.406670,2952.029684,2998.847166
2741.074206,2799.257381,2822.770269,2847.781234,2859.285714,2932.402422,2952.026519,2998.849194
2741.045403,2799.243631,2822.761642,2847.781952,2859.285714,2932.452203,2952.075550,2998.879823
2741.033836,2799.238421,2822.758710,2847.777937,2859.285714,2932.469452,2952.091791,2998.893427
2741.019107,2799.232259,2822.754611,2847.776427,2859.285714,2932.493607,2952.115086,2998.909650
2740.996610,2799.299026,2822.774935,2847.495690,2859.000000,2932.459835,2951.785991,2999.120292
2740.984964,2799.295016,2822.772104,2847.492611,2859.000000,2932.460479,2951.788258,2999.132176
2740.978859,2799.292962,2822.770652,2847.490908,2859.000000,2932.459558,2951.788186,2999.138488
2740.969138,2799.286634,2822.767649,2847.490676,2859.000000,2932.468797,2951.798597,2999.148286
2740.915382,2799.262713,2822.752401,2847.485745,2859.000000,2932.494501,2951.832723,2999.202252
2740.909088,2799.260477,2822.750799,2847.484449,2859.000000,2932.493853,2951.833113,2999.208637
2740.901095,2799.254135,2822.747934,2847.485814,2859.000000,2932.506402,2951.846604,2999.216609
2740.862623,2799.237040,2822.737042,2847.482172,2859.000000,2932.523208,2951.869670,2999.255151
2740.854779,2799.234124,2822.735189,2847.479887,2859.000000,2932.523449,2951.870738,2999.263255
2740.837550,2799.225940,2822.729874,2847.480229,2859.000000,2932.535551,2951.885978,2999.280249
2740.792114,2799.204694,2822.717090,2847.475425,2859.000000,2932.558070,2951.915062,2999.326113
2740.784844,2799.200542,2822.714893,2847.475114,2859.000000,2932.563040,2951.921269,2999.333353
2740.763232,2799.192481,2822.708873,2847.473162,2859.000000,2932.570827,2951.932722,2999.354926
2740.736210,2799.179807,2822.701514,2847.468855,2859.000000,2932.579691,2951.945337,2999.382387
2740.705697,2799.165137,2822.692761,2847.466322,2859.000000,2932.597015,2951.967174,2999.413065
2740.692855,2799.160182,2822.689317,2847.464389,2859.000000,2932.599922,2951.972162,2999.426035
2740.691029,2799.097928,2822.672983,2847.489996,2859.000000,2932.822798,2952.463543,2999.252301
2740.667417,2799.144282,2822.681017,2847.466132,2859.000000,2932.625801,2952.002070,2999.451283
2740.650253,2799.140126,2822.677124,2847.460745,2859.000000,2932.621587,2952.000331,2999.468822
2740.647575,2799.122266,2822.671783,2847.478982,2859.000000,2932.703991,2952.083396,2999.467727
2740.579759,2799.096290,2822.650904,2847.586394,2859.142857,2932.663674,2952.053708,2999.539673
2740.568053,2799.084506,2822.645760,2847.592933,2859.142857,2932.695286,2952.087474,2999.550980
2740.558536,2799.088032,2822.645148,2847.583574,2859.142857,2932.669093,2952.062641,2999.560975
2740.549506,2799.083462,2822.642404,2847.583496,2859.142857,2932.676457,2952.071487,2999.569932
2740.545410,2799.082361,2822.641516,2847.582057,2859.142857,2932.674564,2952.070134,2999.574227
2740.531500,2799.075372,2822.637401,2847.581424,2859.142857,2932.684357,2952.082053,2999.588120
2740.530686,2799.075579,2822.637369,2847.580550,2859.142857,2932.681707,2952.079487,2999.589040
2740.496192,2799.058806,2822.627270,2847.578787,2859.142857,2932.703640,2952.106666,2999.623617
2740.456151,2799.040944,2822.616165,2847.573868,2859.142857,2932.718502,2952.127679,2999.663958
2740.444325,2798.998299,2822.601068,2847.617965,2859.142857,2933.002564,2952.412942,2999.668333
2740.420511,2798.939912,2822.630141,2850.886325,2862.963824,2932.806629,2952.197302,2999.694669
2740.392732,2798.992117,2822.589691,2847.709132,2859.285714,2932.787600,2952.207478,2999.726662
2740.367195,2799.239810,2822.754820,2849.867691,2862.023339,2932.826607,2952.225023,2999.747549
2740.355478,2799.235847,2822.751143,2849.882030,2862.038060,2932.832574,2952.232760,2999.759334
2740.344289,2799.231978,2822.747638,2849.898346,2862.054888,2932.838321,2952.240295,2999.770659
2740.342139,2799.163711,2822.753326,2849.869019,2862.044439,2932.408093,2952.180134,2999.559351
2740.328536,2799.221129,2822.746514,2849.925648,2862.095565,2932.352642,2952.138246,2999.567394
2740.325892,2799.220268,2822.745701,2849.928367,2862.098413,2932.346101,2952.133318,2999.569417
2740.302752,2799.212883,2822.738604,2849.950612,2862.121487,2932.286769,2952.088244,2999.586895
2740.280042,2798.892275,2822.547890,2847.703924,2859.285714,2932.209308,2952.046747,2999.602214
2740.278072,2798.891256,2822.547184,2847.705063,2859.285714,2932.205254,2952.044181,2999.603197
2740.274697,2798.889798,2822.546366,2847.703800,2859.285714,2932.194643,2952.035685,2999.605884
2740.153529,2798.828889,2822.507651,2847.819488,2859.428571,2931.896361,2951.810012,2999.695306
2740.148018,2798.825800,2822.506167,2847.818048,2859.428571,2931.893479,2951.808652,2999.700609
2740.144532,2798.824483,2822.505235,2847.817564,2859.428571,2931.891752,2951.807860,2999.703847
2740.142856,2798.823716,2822.504766,2847.817394,2859.428571,2931.891013,2951.807605,2999.705391
2740.126910,2798.815401,2822.500079,2847.816950,2859.428571,2931.885349,2951.806962,2999.719630
2740.104047,2798.814174,2822.499258,2847.687489,2859.285714,2931.906893,2951.830180,2999.743306
2740.078485,2798.802878,2822.492425,2847.681927,2859.285714,2931.935044,2951.858645,2999.771755
2740.069385,2798.798609,2822.489831,2847.681142,2859.285714,2931.945823,2951.869877,2999.781514
2740.050899,2798.789980,2822.484567,2847.679560,2859.285714,2931.966963,2951.892067,2999.801265
2740.032742,2798.781419,2822.479381,2847.678045,2859.285714,2931.986747,2951.913048,2999.820537
2740.004281,2798.776907,2822.477097,2847.545462,2859.142857,2932.013692,2951.941421,2999.850814
2739.998273,2798.771437,2822.475163,2847.544762,2859.142857,2932.020542,2951.948998,2999.857146
2739.978252,2798.761777,2822.468840,2847.547778,2859.142857,2932.044159,2951.975179,2999.876823
2739.949960,2798.751605,2822.461659,2847.540634,2859.142857,2932.061388,2951.994320,2999.907457
2739.935985,2798.744084,2822.457506,2847.540170,2859.142857,2932.073409,2952.008142,2999.921642
2739.933157,2798.743877,2822.456906,2847.539071,2859.142857,2932.074091,2952.008896,2999.924822
2739.893361,2798.722797,2822.445111,2847.537292,2859.142857,2932.103413,2952.043812,2999.965009
2739.893247,2798.722757,2822.445081,2847.537280,2859.142857,2932.103479,2952.043893,2999.965125
2739.872971,2798.715327,2822.439725,2847.534265,2859.142857,2932.113473,2952.056356,2999.986039
2739.859860,2798.709989,2822.436164,2847.532359,2859.142857,2932.119173,2952.063813,2999.999492
2739.859434,2798.702503,2822.435107,2847.535990,2859.142857,2932.126931,2952.072966,2999.998886
2739.802250,2798.683521,2822.419918,2847.526990,2859.142857,2932.142106,2952.096303,3000.057034
2739.751073,2798.660022,2822.405499,2847.522117,2859.142857,2932.153124,2952.117206,3000.107271
2739.698418,2798.632454,2822.389901,2847.521237,2859.142857,2932.161232,2952.137992,3000.156960
2739.697791,2798.635703,2822.390534,2847.516969,2859.142857,2932.154969,2952.130757,3000.158679
2739.665593,2798.667709,2822.390085,2847.507922,2859.142857,2933.127373,2952.657217,3000.457901
2739.619961,2798.645741,2822.376737,2847.505924,2859.142857,2933.156515,2952.693511,3000.503442
2739.605034,2798.644050,2822.373909,2847.498703,2859.142857,2933.146892,2952.685702,3000.518947
2739.537902,2798.604937,2822.352785,2847.501882,2859.142857,2933.210486,2952.759631,3000.585410
2739.479362,2798.581765,2822.337220,2847.491839,2859.142857,2933.222266,2952.780376,3000.644689
2739.392644,2798.531796,2822.307036,2847.615472,2859.285714,2933.267243,2952.839190,3000.732072
2739.364756,2798.499135,2822.287986,2847.653045,2859.285714,2933.561686,2953.138590,3000.747644
2739.348485,2798.471317,2822.287673,2847.611538,2859.285714,2931.900007,2951.991794,3000.468465
2739.332379,2798.462101,2822.282732,2847.612254,2859.285714,2931.878747,2951.978444,3000.480589
2739.331100,2798.467762,2822.282625,2847.613070,2859.285714,2931.875286,2951.974947,3000.481605
2739.303820,2798.453057,2822.275475,2847.606348,2859.285714,2931.828812,2951.940261,3000.504049
2739.299059,2798.427765,2822.272145,2847.616337,2859.285714,2931.817522,2951.897845,3000.537269
2739.290819,2798.447648,2822.271921,2847.604862,2859.285714,2931.806293,2951.923717,3000.514178
2739.284759,2798.445106,2822.269016,2847.607839,2859.285714,2931.796123,2951.916816,3000.518568
2739.267899,2798.438205,2822.265641,2847.602217,2859.285714,2931.764519,2951.892714,3000.531774
2739.238445,2798.555047,2822.292386,2847.553377,2859.285764,2932.000803,2951.960948,3000.510828
2739.186274,2798.366673,2822.237291,2847.629876,2859.285716,2931.856394,2951.952458,3000.647302
2739.183738,2798.350131,2822.233048,2847.645780,2859.285714,2932.018191,2952.100361,3000.662564
2739.155350,2798.386254,2822.233542,2847.595751,2859.285714,2931.739279,2951.892049,3000.638730
2739.153176,2798.381327,2822.232313,2847.596913,2859.285714,2931.745031,2951.902148,3000.638180
2739.136888,2798.379632,2822.228902,2847.589541,2859.285714,2931.740104,2951.900395,3000.654389
2739.114519,2798.369683,2822.222651,2847.587241,2859.285714,2931.740933,2951.905906,3000.675957
2739.100232,2798.363249,2822.218636,2847.585862,2859.285714,2931.741005,2951.909083,3000.689619
2739.076022,2798.352408,2822.211845,2847.583531,2859.285714,2931.740040,2951.913525,3000.712657
2739.047388,2798.347791,2822.209251,2847.449891,2859.142857,2931.752765,2951.929675,3000.741790
2738.986420,2798.350773,2822.196412,2847.450973,2859.142857,2933.479483,2953.112886,3001.138776
2738.912579,2798.557869,2822.333963,2849.848107,2862.077494,2931.924662,2952.097068,3000.881384
2738.877591,2798.541118,2822.323832,2849.844468,2862.075382,2931.940518,2952.118597,3000.916375
2738.873360,2798.539191,2822.322543,2849.843293,2862.073890,2931.942048,2952.120865,3000.920569
2738.860163,2798.532911,2822.318724,2849.841254,2862.072290,2931.946533,2952.127711,3000.933604
2738.820087,2798.513568,2822.307014,2849.838268,2862.071237,2931.957076,2952.145881,3000.972847
2738.799575,2798.503792,2822.301114,2849.836335,2862.070007,2931.960564,2952.153580,3000.992635
2738.785064,2798.507165,2822.292209,2849.848151,2862.056279,2933.621835,2953.261465,3001.336406
2738.757562,2798.494306,2822.284242,2849.841325,2862.049802,2933.636009,2953.279785,3001.364124
2738.753053,2798.491967,2822.282989,2849.843457,2862.052955,2933.638091,2953.282612,3001.368627
2738.732481,2798.704076,2821.942813,2851.245172,2879.142857,2934.407445,2954.639081,3001.166301
2738.702994,2798.724187,2821.961577,2850.896362,2879.142857,2934.403969,2954.633223,3001.199501
2738.684171,2798.715198,2821.956288,2850.910061,2879.142857,2934.414580,2954.645975,3001.218681
2738.690248,2798.461777,2822.264757,2849.836856,2862.049664,2933.670110,2953.324157,3001.431751
2738.686670,2798.460251,2822.263698,2849.835545,2862.047886,2933.671904,2953.326436,3001.435189
2738.670954,2798.438901,2822.263396,2849.892342,2862.153254,2931.954850,2952.174794,3001.115602
2738.659185,2798.446564,2822.256052,2849.837795,2862.054180,2933.685500,2953.344339,3001.462903
2738.655913,2798.445477,2822.254893,2849.831094,2862.045035,2933.687170,2953.346510,3001.466194
2738.611135,2798.312530,2822.213429,2850.059468,2861.951740,2942.210612,2942.271406,3001.510498
2738.581306,2798.300716,2822.205736,2850.049234,2861.939395,2942.230818,2942.288361,3001.540649
2738.579543,2798.299729,2822.205141,2850.039658,2861.928563,2942.230823,2942.290508,3001.542232
2738.579075,2798.298785,2822.204864,2850.042638,2861.932457,2942.235224,2942.283408,3001.542538
2738.556212,2798.645761,2821.902238,2852.422776,2879.142857,2942.819562,2942.929115,3001.137963
2738.572920,2798.295333,2822.202698,2850.049548,2861.939280,2942.232929,2942.297994,3001.548715
2738.526948,2798.640262,2821.911517,2851.654253,2879.142857,2942.848951,2942.957727,3001.167165
2738.474422,2798.248620,2822.174721,2850.034437,2861.928144,2942.296177,2942.344357,3001.647439
2738.472540,2798.249591,2822.173964,2850.026259,2861.918017,2942.296588,2942.354879,3001.649291
2738.459977,2798.243696,2822.170680,2850.018286,2861.905890,2942.308723,2942.352082,3001.659626
2738.446826,2798.238815,2822.166722,2850.007836,2861.896582,2942.312975,2942.371142,3001.675209
2738.431374,2798.241914,2822.161706,2850.142187,2862.019305,2942.328938,2942.370255,3001.691236
2738.408247,2798.550461,2821.837866,2852.139854,2879.142857,2942.928841,2943.040922,3001.277485
2738.406723,2798.219843,2822.155403,2850.007139,2861.899046,2942.338251,2942.395041,3001.715486
2738.373211,2798.202432,2822.145899,2850.017403,2861.916096,2942.363848,2942.408685,3001.749611
2738.337196,2798.185976,2822.135034,2850.007133,2861.902059,2942.381500,2942.434268,3001.784500
2738.328059,2798.182123,2822.132491,2850.004796,2861.900642,2942.385817,2942.442934,3001.794139
2738.327672,2798.181816,2822.132337,2850.005464,2861.901605,2942.386410,2942.442810,3001.794567
2738.322669,2798.183592,2822.131222,2850.025297,2861.910138,2942.385390,2942.450522,3001.797881
2738.279919,2798.159012,2822.118760,2849.998058,2861.897599,2942.420356,2942.465708,3001.842740
2738.246781,2798.145397,2822.108880,2849.975208,2861.869608,2942.443639,2942.484278,3001.876752
2738.246681,2798.143461,2822.109428,2849.987345,2861.888499,2942.442657,2942.483343,3001.876428
2738.227364,2798.122200,2822.105380,2849.850851,2861.782261,2942.443521,2942.507971,3001.894965
2738.178109,2798.111641,2822.089194,2849.984043,2861.885964,2942.481561,2942.531395,3001.945331
2738.170893,2798.108545,2822.087183,2849.981736,2861.883575,2942.482689,2942.541035,3001.952202
2738.113715,2798.074062,2822.060150,2850.000935,2861.911663,2942.522430,2942.562703,3002.011643
2738.086646,2798.070292,2822.063235,2849.969019,2861.870979,2942.538322,2942.586326,3002.036852
2738.083956,2798.064584,2822.060372,2850.002767,2861.913170,2942.535104,2942.595361,3002.038926
2738.041437,2798.046959,2822.049968,2849.973303,2861.882367,2942.562257,2942.619371,3002.081884
2738.039873,2798.051016,2822.050259,2849.956266,2861.863620,2942.558564,2942.613216,3002.081733
2738.016557,2798.035002,2822.042370,2849.969397,2861.877870,2942.578160,2942.633952,3002.106784
2737.962778,2798.008545,2822.027343,2849.936206,2861.850427,2942.610111,2942.669844,3002.160974
2737.954716,2798.014902,2822.025594,2849.997087,2861.888629,2942.618727,2942.666665,3002.167701
2737.951190,2798.004824,2822.024136,2849.957354,2861.870403,2942.620152,2942.673220,3002.172967
2737.946362,2798.002060,2822.022906,2849.962994,2861.878520,2942.622362,2942.678100,3002.177859
2737.941054,2797.998979,2822.019685,2849.968285,2861.871064,2942.619663,2942.666684,3002.169903
2737.918237,2797.985860,2822.014317,2849.929639,2861.847050,2942.642567,2942.689317,3002.205794
2737.910250,2797.986384,2822.012824,2849.941855,2861.852625,2942.642907,2942.700926,3002.212854
2737.898517,2797.981701,2822.008930,2849.967719,2861.878073,2942.652397,2942.705196,3002.225030
2737.857416,2797.959986,2821.997420,2849.954908,2861.874912,2942.676439,2942.733602,3002.266948
2737.849508,2797.956271,2821.995240,2849.952247,2861.872720,2942.684367,2942.733886,3002.275102
2737.827350,2797.889232,2821.964313,2850.325454,2862.347654,2942.660063,2942.755903,3002.279315
2737.820743,2797.980967,2821.985348,2850.199979,2862.050941,2942.685521,2942.769380,3002.294138
2737.782365,2797.923188,2821.975183,2849.935771,2861.858196,2942.724280,2942.774817,3002.341712
2737.762975,2797.916301,2821.969638,2849.934816,2861.852808,2942.737582,2942.785081,3002.361408
2737.759198,2797.914371,2821.969512,2849.933465,2861.856294,2942.740554,2942.788430,3002.365651
2737.758748,2797.914386,2821.969106,2849.941047,2861.855951,2942.735672,2942.791556,3002.362785
2737.705319,2798.238593,2821.643049,2852.946981,2878.857143,2943.340855,2943.449882,3002.011743
2737.707340,2797.889558,2821.954155,2849.930660,2861.855154,2942.772150,2942.819788,3002.417478
2737.703684,2797.891044,2821.953337,2849.889434,2861.802882,2942.772705,2942.824272,3002.421147
2737.631682,2797.857342,2821.932666,2849.915658,2861.831959,2942.814565,2942.870213,3002.492412
2737.621691,2797.852784,2821.927669,2849.891153,2861.810584,2942.816136,2942.861310,3002.497595
2737.616871,2797.844230,2821.927399,2849.895449,2861.813518,2942.816861,2942.879758,3002.500921
2737.608378,2797.847604,2821.924021,2849.972300,2861.880803,2942.828221,2942.872699,3002.511572
2737.555672,2797.921196,2821.936261,2849.705951,2861.965850,2934.244985,2954.072108,3002.570972
2737.552871,2797.912934,2821.932147,2849.807020,2862.049706,2934.334082,2954.166512,3002.570270
2737.551547,2797.914078,2821.933095,2849.793779,2862.035417,2934.335023,2954.163876,3002.575368
2737.527029,2797.898161,2821.932105,2849.755616,2862.052206,2932.679277,2953.021326,3002.312917
2737.515978,2797.710260,2821.837116,2850.519060,2862.884333,2932.664796,2952.959748,3002.214639
2737.512444,2797.890475,2821.928364,2849.685276,2861.968085,2932.539252,2952.938406,3002.281529
2737.506832,2797.887766,2821.926761,2849.684151,2861.967321,2932.542455,2952.942388,3002.287240
2737.499063,2797.884103,2821.924493,2849.683475,2861.966885,2932.546808,2952.947850,3002.295132
2737.432845,2797.855497,2821.899213,2849.783692,2862.034099,2934.399961,2954.249179,3002.693786
2737.430428,2797.862412,2821.899735,2849.683956,2861.945365,2934.308711,2954.154889,3002.696735
2737.426504,2797.860996,2821.898698,2849.683405,2861.945629,2934.307729,2954.154602,3002.700500
2737.397343,2797.750294,2821.863562,2849.885808,2861.822346,2942.959525,2943.003217,3002.724766
2737.349093,2797.721796,2821.851367,2849.888158,2861.827650,2942.991222,2943.040366,3002.776207
2737.335778,2797.710546,2821.847428,2849.888928,2861.841756,2943.002835,2943.046101,3002.790783
2737.278615,2797.680608,2821.810365,2849.883303,2861.823103,2943.031419,2943.072022,3002.844317
2737.252203,2797.674251,2821.823168,2849.892754,2861.841491,2943.050574,2943.104926,3002.874913
2737.234101,2797.663719,2821.817966,2849.905568,2861.861053,2943.062886,2943.112117,3002.892379
2737.209987,2797.655703,2821.810978,2849.867985,2861.812189,2943.077335,2943.127264,3002.916704
2737.204417,2797.652485,2821.809905,2849.877303,2861.826895,2943.082099,2943.130573,3002.922897
2737.173320,2797.639832,2821.800383,2849.896801,2861.839929,2943.102506,2943.143261,3002.953306
2737.125617,2797.629007,2821.787928,2849.896360,2861.811080,2943.124913,2943.178879,3002.995019
2737.073270,2797.579499,2821.737601,2849.931678,2861.886031,2943.149102,2943.193522,3003.037221
2737.048809,2797.583010,2821.759496,2849.842964,2861.806158,2943.175470,2943.215741,3003.076153
2737.036309,2797.573467,2821.761220,2849.858422,2861.813301,2943.185408,2943.233634,3003.091572
2737.015508,2797.563595,2821.755442,2849.852588,2861.810046,2943.200471,2943.244219,3003.112822
2737.005040,2797.558809,2821.753338,2849.696151,2861.674274,2943.189527,2943.245478,3003.115550
2737.004017,2797.558215,2821.752118,2849.855062,2861.812497,2943.203080,2943.257581,3003.123861
2737.001677,2797.557429,2821.751790,2849.848874,2861.806234,2943.205870,2943.257103,3003.126391
2736.957305,2797.891256,2821.464927,2852.145624,2879.000000,2943.803537,2943.914008,3002.767692
2736.951786,2797.893654,2821.468388,2852.062721,2879.000000,2943.805482,2943.915447,3002.775085
2736.946671,2797.873681,2821.414393,2852.618439,2879.000000,2943.818181,2943.931226,3002.764460
2736.943995,2797.899332,2821.490975,2852.158356,2879.000000,2943.846246,2943.923582,3002.852839
2736.905901,2797.512376,2821.723819,2849.817465,2861.773543,2943.264716,2943.314212,3003.221549
2736.899560,2797.510750,2821.722359,2849.790642,2861.742166,2943.271554,2943.315242,3003.228916
2736.860144,2797.811297,2821.392903,2852.855651,2879.000000,2943.875917,2943.988886,3002.851139
2736.859669,2797.811063,2821.392769,2852.855804,2879.000000,2943.876210,2943.989176,3002.851622
2736.840057,2797.818766,2821.402682,2852.646511,2879.000000,2943.887024,2943.998500,3002.874404
2736.841193,2797.478167,2821.705861,2849.799717,2861.770139,2943.303816,2943.356725,3003.286490
2736.835540,2797.480974,2821.703170,2849.806934,2861.762673,2943.309545,2943.359358,3003.293361
2736.831217,2797.476677,2821.702436,2849.830757,2861.795814,2943.310884,2943.362663,3003.297418
2736.825043,2797.460607,2821.701557,2849.674591,2861.651653,2943.303086,2943.373524,3003.294146
2736.801039,2797.825547,2821.425953,2852.229792,2878.857143,2943.895904,2944.005207,3002.932008
2736.779706,2797.796535,2821.527254,2852.084022,2878.857143,2933.166847,2953.810474,3002.895274
2736.741055,2797.774836,2821.376609,2852.123392,2878.857143,2935.356180,2955.854812,3003.183275
2736.755131,2797.357190,2821.573381,2852.319957,2878.856711,2935.089454,2955.063880,3003.357826
2736.737557,2797.529743,2821.704594,2849.685716,2862.027909,2933.160163,2953.578219,3003.139092
2736.735512,2797.518217,2821.705273,2849.580596,2861.904516,2932.976366,2953.486138,3003.071039
2736.713908,2797.756509,2821.505095,2852.116456,2878.857143,2933.202642,2953.853731,3002.962574
2736.698243,2797.757134,2821.503693,2852.089335,2878.857143,2933.211330,2953.865831,3002.977953
2736.682887,2797.749998,2821.499214,2852.087292,2878.857143,2933.219460,2953.876243,3002.993416
2736.676753,2797.746705,2821.497356,2852.089337,2878.857143,2933.222677,2953.880886,3002.999478
2736.678669,2797.493797,2821.687582,2849.583413,2861.900783,2933.008359,2953.526779,3003.127437
2736.664645,2797.495207,2821.679402,2849.619191,2861.923386,2934.698976,2954.661688,3003.465808
2736.650723,2797.498534,2821.683430,2849.491807,2861.825440,2933.069505,2953.547625,3003.179843
2736.632438,2797.723814,2821.484278,2852.099101,2878.857143,2933.246989,2953.911470,3003.044416
2736.614509,2797.716245,2821.478972,2852.094271,2878.857143,2933.256114,2953.922775,3003.062508
2736.572853,2797.698102,2821.338290,2852.675229,2878.857143,2944.043442,2944.155564,3003.152340
2736.571366,2797.677205,2821.312489,2853.110766,2878.857143,2944.051128,2944.163963,3003.147658
2736.550240,2797.667525,2821.306690,2853.113636,2878.857143,2944.064398,2944.176961,3003.168975
2736.546497,2797.683042,2821.459244,2852.098237,2878.857143,2933.293447,2953.970171,3003.131334
2736.542239,2797.447605,2821.657133,2849.529513,2861.856565,2933.333824,2953.796201,3003.323997
2736.538620,2797.430737,2821.647941,2849.569635,2861.906920,2933.164447,2953.668340,3003.295400
2736.516713,2797.416682,2821.640834,2849.564581,2861.888645,2933.098971,2953.640834,3003.291548
2736.488685,2797.314702,2821.604283,2849.796138,2861.778459,2943.523314,2943.572166,3003.641353
2736.457493,2797.300267,2821.595265,2849.787470,2861.768961,2943.542485,2943.591631,3003.672275
2736.412506,2797.279153,2821.582364,2849.777545,2861.752554,2943.566043,2943.618338,3003.712681
2736.397997,2797.364985,2821.599450,2849.671598,2861.954451,2934.901283,2954.908999,3003.732293
2736.370366,2797.346928,2821.598576,2849.547754,2861.878526,2933.181780,2953.744347,3003.440227
2736.354190,2797.336037,2821.595318,2849.570908,2861.914901,2933.190159,2953.754695,3003.458164
2736.334319,2797.329943,2821.588214,2849.542823,2861.874793,2933.202265,2953.769892,3003.476824
2736.219064,2797.287002,2821.548604,2849.579895,2861.886625,2934.925945,2954.957140,3003.912705
2736.216657,2797.284562,2821.548968,2849.543213,2861.856097,2934.925278,2954.956156,3003.915538
2736.173449,2797.179948,2821.491965,2849.801428,2861.779253,2943.692385,2943.741833,3003.929669
2736.172510,2797.523631,2821.242351,2852.383313,2878.816985,2944.381604,2944.442739,3003.714557
2736.167472,2797.490462,2821.211191,2852.816165,2879.000000,2944.298761,2944.408920,3003.557458
2736.180124,2797.174531,2821.514206,2849.761657,2861.758446,2943.704367,2943.763976,3003.947701
2736.147513,2797.251621,2821.529009,2849.534933,2861.850695,2934.960673,2955.002070,3003.984999
2736.144201,2797.252113,2821.524793,2849.581110,2861.871680,2935.029637,2955.078437,3003.982742
2736.139959,2797.248087,2821.526845,2849.533682,2861.849748,2934.964261,2955.006857,3003.992655
2736.051486,2796.928592,2821.308540,2847.234427,2859.000269,2943.755451,2943.794483,3004.071996
2735.992988,2797.434800,2821.196679,2852.361369,2878.857143,2944.389746,2944.497639,3003.752724
2735.981696,2797.054882,2821.432597,2849.873540,2861.899708,2943.816653,2943.882078,3004.145448
2735.979803,2797.074869,2821.457538,2849.731506,2861.730900,2943.833596,2943.890328,3004.151410
2735.970792,2797.072904,2821.456823,2849.674599,2861.671716,2943.840147,2943.894522,3004.160711
2735.944357,2797.410879,2821.176776,2852.372571,2878.857143,2944.417540,2944.525208,3003.804581
2735.934393,2797.369349,2821.132740,2853.243208,2878.857143,2944.440507,2944.552625,3003.795956
2735.932270,2797.391335,2821.156811,2852.804087,2878.857143,2944.436143,2944.546754,3003.803446
2735.937965,2797.055367,2821.445929,2849.726011,2861.730092,2943.861349,2943.914265,3004.194064
2735.936781,2797.054876,2821.445637,2849.723944,2861.728500,2943.864959,2943.911503,3004.195704
2735.905477,2797.394955,2821.173769,2852.382091,2878.857143,2944.444042,2944.552333,3003.840930
2735.901794,2797.041339,2821.435795,2849.709777,2861.716289,2943.878454,2943.936247,3004.228152
2735.900390,2797.037194,2821.435356,2849.724555,2861.732900,2943.884460,2943.938465,3004.231880
2735.884354,2797.030506,2821.430118,2849.717167,2861.720399,2943.894451,2943.944874,3004.247600
2735.874212,2797.012107,2821.396583,2849.761065,2861.766005,2943.896981,2943.935506,3004.253599
2735.769231,2796.977339,2821.396940,2849.745929,2861.752855,2943.970811,2944.009654,3004.363714
2735.756248,2796.986268,2821.389814,2849.958728,2861.923401,2943.964439,2944.032932,3004.371819
2735.734486,2796.961489,2821.388592,2849.699913,2861.712500,2943.992664,2944.032544,3004.399132
2735.725049,2796.955243,2821.385390,2849.697558,2861.711294,2943.995251,2944.042997,3004.408109
2735.714310,2796.941775,2821.378146,2849.795735,2861.822598,2943.995945,2944.056119,3004.416547
2735.706989,2796.948267,2821.379890,2849.698907,2861.707638,2944.009223,2944.049158,3004.426188
2735.705749,2796.942111,2821.379152,2849.698345,2861.722096,2944.009386,2944.050089,3004.427255
2735.703953,2796.945120,2821.378772,2849.695020,2861.705379,2944.003599,2944.060919,3004.427544
2735.683065,2797.260763,2821.049536,2853.230144,2878.857143,2944.590208,2944.701402,3004.052571
2735.680729,2797.282763,2821.076238,2852.703647,2878.857143,2944.584603,2944.694244,3004.061699
2735.680944,2797.260749,2821.076924,2853.005911,2878.857143,2944.591388,2944.702731,3004.057016
2735.678415,2797.246624,2821.057385,2853.264273,2878.857143,2944.595118,2944.706682,3004.057374
2735.689826,2797.032583,2821.396783,2849.487492,2861.822767,2935.198070,2955.309093,3004.444737
2735.686176,2797.030495,2821.396037,2849.488149,2861.825600,2935.200039,2955.311608,3004.448440
2735.685661,2797.030517,2821.395577,2849.486944,2861.822730,2935.200380,2955.311999,3004.448956
2735.684558,2797.030316,2821.395237,2849.483520,2861.817827,2935.200585,2955.312473,3004.450032
2735.680766,2797.027659,2821.393979,2849.473880,2861.804412,2935.249292,2955.358170,3004.453741
2735.625304,2797.009752,2821.387934,2849.287324,2861.686618,2933.667503,2954.274917,3004.239542
2735.622603,2796.754095,2821.288551,2850.196730,2862.488175,2935.231881,2955.353631,3004.513098
2735.581209,2796.836251,2821.256967,2850.209696,2861.668037,2937.806677,2958.075040,3004.268957
2735.591601,2796.985452,2821.368673,2849.476870,2861.817842,2935.248525,2955.374520,3004.543418
2735.565893,2796.879035,2821.339447,2849.690376,2861.714601,2944.094226,2944.141811,3004.568286
2735.548139,2796.964901,2821.356059,2849.471205,2861.813159,2935.270642,2955.403291,3004.587048
2735.541167,2796.961741,2821.353942,2849.468687,2861.810183,2935.274392,2955.408036,3004.594060
2735.539981,2796.961512,2821.353927,2849.469722,2861.813665,2935.271395,2955.405421,3004.595402
2735.532542,2796.954243,2821.352818,2849.450727,2861.802599,2935.319286,2955.449302,3004.604021
2735.515385,2797.224325,2821.065122,2851.727732,2878.857143,2935.938869,2956.601899,3004.428039
2735.510696,2796.876625,2821.322316,2849.799552,2861.772686,2944.124341,2944.177290,3004.619842
2735.424957,2797.159474,2821.035309,2852.448303,2878.857143,2944.736025,2944.842930,3004.332997
2735.408463,2797.148869,2821.031149,2852.311757,2879.000000,2944.752062,2944.853057,3004.347415
2735.379460,2797.094625,2820.974527,2853.203206,2879.000000,2944.781926,2944.891429,3004.358431
2735.370732,2797.130651,2821.020574,2852.316654,2879.000000,2944.771704,2944.877808,3004.385339
2735.381846,2796.796556,2821.286568,2849.653909,2861.683415,2944.201761,2944.260153,3004.750044
2735.354653,2796.804432,2821.266993,2849.624232,2861.648834,2944.200915,2944.258078,3004.765484
2735.337462,2797.114256,2821.011006,2852.319231,2879.000000,2944.793346,2944.897487,3004.419715
2735.318178,2797.105247,2821.005659,2852.321594,2879.000000,2944.802942,2944.910331,3004.438574
2735.316949,2797.104664,2821.005236,2852.324540,2879.000000,2944.807061,2944.909314,3004.440541
2735.288767,2797.051831,2820.949154,2853.209272,2879.000000,2944.836214,2944.947534,3004.450438
2735.284398,2796.556777,2821.132683,2851.100197,2863.751767,2944.223857,2944.297461,3004.835929
2735.281238,2797.050003,2820.947207,2853.198126,2879.000000,2944.840778,2944.952542,3004.457825
2735.215049,2797.055583,2820.976370,2852.340553,2879.000000,2944.872295,2944.969904,3004.545068
2735.198540,2797.047311,2820.971482,2852.340408,2879.000000,2944.878239,2944.981827,3004.561039
2735.191399,2797.043908,2820.968844,2852.340974,2879.000000,2944.880252,2944.986519,3004.567995
2735.166838,2796.999411,2820.920018,2853.135643,2879.000000,2944.909873,2945.020602,3004.575186
2735.154016,2797.025490,2820.959020,2852.343186,2879.000000,2944.903254,2945.009597,3004.606546
2735.150763,2796.704911,2821.222775,2849.529214,2861.549681,2944.335051,2944.379496,3004.965565
2735.127130,2797.051382,2820.971106,2852.295213,2878.987047,2944.892326,2944.994413,3004.640315
2735.107670,2797.047443,2820.954982,2852.033316,2878.999768,2944.887369,2944.990061,3004.670556
2735.090409,2796.993605,2820.939655,2852.378957,2879.000000,2944.942614,2945.048792,3004.670735
2735.041106,2796.936735,2820.865301,2853.573462,2878.857143,2944.987173,2945.098865,3004.702902
2735.032689,2796.959247,2820.909818,2852.774964,2878.857143,2944.981423,2945.089472,3004.724740
2735.030685,2796.661308,2821.191665,2849.649952,2861.677514,2944.396572,2944.450897,3005.077385
2734.958202,2796.921533,2820.882340,2852.881439,2878.857143,2945.028605,2945.137526,3004.797294
2734.917744,2796.920733,2820.877455,2852.623376,2878.857143,2945.059167,2945.155831,3004.862866
2734.904894,2796.915062,2820.868591,2852.597287,2878.857143,2945.050839,2945.156543,3004.856874
2734.898705,2796.872923,2820.830707,2853.416286,2878.857143,2945.071012,2945.181858,3004.850846
2734.836497,2796.883098,2820.864635,2852.695696,2878.714286,2945.092456,2945.198553,3004.929011
2734.829130,2796.871612,2820.863518,2852.677033,2878.714286,2945.098519,2945.205990,3004.939436
2734.818255,2796.847951,2820.828111,2853.214927,2878.714286,2945.113068,2945.218553,3004.943649
2734.767375,2796.841452,2820.846661,2852.687032,2878.714286,2945.137023,2945.240224,3005.005755
2734.744632,2796.793617,2820.791694,2853.676374,2878.714286,2945.166702,2945.276277,3005.008969
2734.577674,2796.427077,2821.049417,2849.529849,2861.589692,2944.699731,2944.735949,3005.551715
2734.561292,2796.444184,2821.050915,2849.787435,2861.777868,2944.700790,2944.769267,3005.566199
2734.544070,2796.441530,2821.055776,2849.436520,2861.492566,2944.695389,2944.773746,3005.576536
2734.509446,2796.719169,2820.761902,2853.021529,2878.714286,2945.302118,2945.410796,3005.248714
2734.493970,2796.673486,2820.718421,2853.901223,2878.571429,2945.318879,2945.427633,3005.266069
2734.444036,2796.649905,2820.704002,2853.903869,2878.571429,2945.348984,2945.457887,3005.316929
2734.351985,2796.602737,2820.679199,2853.752357,2878.714286,2945.406967,2945.515703,3005.408392
2734.348958,2796.602419,2820.676737,2853.752034,2878.714286,2945.408030,2945.517119,3005.411727
2734.333636,2796.598866,2820.665672,2853.778466,2878.714286,2945.420309,2945.523748,3005.429312
2734.303625,2796.579596,2820.665418,2853.757413,2878.714286,2945.436442,2945.545167,3005.457620
2734.268595,2796.586752,2820.652762,2853.391695,2878.714286,2945.447007,2945.553070,3005.500883
2734.261220,2796.560312,2820.652838,2853.756317,2878.714286,2945.462489,2945.571445,3005.500792
2734.234831,2796.572059,2820.660212,2853.546654,2878.714286,2945.479680,2945.587947,3005.521394
2734.199851,2796.542594,2820.623169,2853.869800,2878.714286,2945.504946,2945.607680,3005.562360
2734.149170,2796.504871,2820.619644,2853.793451,2878.714286,2945.530487,2945.638876,3005.614928
2734.097235,2796.478916,2820.606195,2853.800299,2878.714286,2945.562947,2945.671100,3005.667493
2734.087631,2796.475381,2820.601167,2853.807414,2878.714286,2945.568161,2945.676136,3005.677639
2734.078233,2796.475978,2820.588176,2853.929391,2878.714286,2945.575518,2945.681985,3005.685339
2734.072639,2796.466958,2820.599143,2853.804956,2878.714286,2945.578005,2945.686099,3005.692512
2734.036557,2796.451007,2820.587139,2853.984947,2878.571429,2945.598799,2945.706552,3005.731270
2734.023163,2796.444395,2820.583427,2853.987024,2878.571429,2945.607158,2945.714841,3005.744825
2734.008004,2796.436991,2820.579119,2853.990091,2878.571429,2945.616319,2945.724017,3005.760272
2733.970813,2796.417695,2820.569762,2853.822361,2878.714286,2945.639960,2945.748122,3005.796081
2733.955331,2796.446497,2820.614885,2852.797064,2878.714286,2945.632368,2945.734862,3005.832083
2733.944714,2796.405835,2820.560506,2853.830263,2878.714286,2945.655287,2945.763559,3005.822805
2733.945882,2796.454435,2820.566604,2852.497203,2878.572008,2945.602145,2945.659592,3005.889742
2733.930512,2796.458555,2820.526073,2852.639288,2878.356321,2945.638767,2945.694238,3005.921468
2733.898975,2796.385250,2820.552307,2853.825383,2878.714286,2945.684506,2945.789513,3005.867982
2733.879965,2796.373555,2820.543704,2853.839358,2878.714286,2945.695708,2945.803542,3005.888494
2733.864056,2796.365305,2820.539811,2853.842452,2878.714286,2945.705890,2945.813520,3005.904535
2733.857369,2796.362522,2820.537545,2853.841579,2878.714286,2945.709589,2945.817391,3005.911429
2733.827768,2796.372353,2820.539140,2853.621886,2878.714282,2945.729805,2945.786359,3005.976481
2733.828903,2796.383518,2820.569504,2853.026279,2878.714286,2945.717595,2945.821839,3005.950215
2733.787552,2796.328302,2820.517705,2853.855817,2878.714286,2945.752516,2945.860078,3005.982393
2733.745117,2796.307869,2820.504650,2853.867339,2878.714286,2945.778267,2945.885648,3006.025757
2733.730803,2796.339460,2820.521305,2853.231383,2878.714286,2945.780682,2945.880312,3006.048631
2733.707913,2796.325735,2820.544785,2852.834530,2878.714286,2945.785774,2945.884830,3006.084612
2733.699938,2796.313103,2820.518255,2853.306384,2878.714286,2945.799793,2945.905381,3006.076802
2733.697565,2796.320889,2820.541328,2852.831453,2878.714286,2945.790229,2945.891469,3006.094733
2733.649673,2796.262969,2820.475498,2853.885217,2878.714286,2945.836272,2945.943665,3006.122993
2733.625320,2796.248930,2820.471953,2853.884651,2878.714286,2945.852296,2945.959367,3006.147205
2733.600079,2796.237765,2820.463094,2853.891439,2878.714286,2945.866989,2945.974259,3006.173082
2733.598961,2796.255707,2820.453177,2853.821333,2878.714286,2945.865026,2945.971340,3006.174666
2733.558971,2796.220086,2820.448280,2853.904326,2878.714286,2945.891764,2945.998441,3006.215339
2733.546140,2796.210860,2820.449232,2853.894807,2878.714286,2945.900565,2946.007591,3006.227796
2733.545229,2796.214674,2820.441521,2853.919959,2878.714286,2945.899882,2946.007213,3006.228939
2733.538195,2796.270878,2820.493467,2852.752669,2878.713800,2945.886531,2945.946316,3006.287513
2733.539079,2796.247949,2820.478788,2852.996245,2878.714286,2945.890180,2945.991004,3006.249891
2733.517854,2796.223878,2820.426106,2853.887168,2878.714286,2945.918958,2946.020412,3006.260163
2733.517868,2796.196819,2820.441276,2853.901686,2878.714286,2945.918010,2946.024888,3006.256507
2733.510094,2796.220777,2820.445741,2853.533147,2878.714286,2945.917559,2946.021498,3006.268097
2733.493601,2796.184724,2820.434480,2853.907828,2878.714286,2945.933055,2946.039802,3006.281104
2733.491171,2796.223064,2820.442137,2853.348770,2878.714286,2945.924655,2946.027575,3006.290249
2733.447729,2796.163184,2820.420637,2853.913044,2878.714286,2945.960598,2946.067618,3006.327855
2733.433255,2796.155306,2820.417290,2853.919083,2878.714286,2945.969981,2946.076561,3006.342514
2733.432450,2796.155950,2820.415633,2853.921046,2878.714286,2945.970027,2946.076698,3006.343516
2733.404424,2796.139787,2820.410641,2853.751513,2878.857143,2945.988641,2946.095885,3006.369797
2733.393337,2796.135539,2820.406334,2853.752030,2878.857143,2945.995129,2946.102039,3006.381330
2733.369541,2796.127040,2820.538450,2852.382312,2878.857143,2935.016294,2956.147040,3006.345280
2733.365086,2795.930124,2820.736593,2849.126677,2861.623051,2934.910764,2955.881077,3006.502399
2733.362846,2795.907503,2820.732670,2849.213330,2861.653831,2934.710197,2955.782601,3006.434595
2733.360844,2795.690266,2820.657718,2849.816161,2862.267222,2934.912866,2955.883840,3006.507071
2733.352145,2795.917830,2820.736477,2849.041524,2861.563878,2934.918089,2955.888906,3006.515918
2733.313563,2795.866529,2820.698207,2849.546809,2862.069228,2934.918072,2955.912190,3006.537713
2733.308894,2795.903317,2820.720447,2849.120455,2861.619351,2934.941922,2955.920461,3006.559235
2733.230951,2796.053858,2820.497098,2852.489859,2878.714286,2935.089908,2956.239402,3006.485402
2733.201738,2796.038204,2820.488416,2852.499721,2878.714286,2935.105571,2956.258284,3006.515166
2733.197647,2796.044801,2820.494890,2852.312790,2878.714286,2935.059871,2956.216141,3006.510961
2733.186726,2796.016560,2820.479709,2852.538906,2878.714286,2935.113568,2956.268301,3006.530296
2733.182666,2796.037089,2820.493256,2852.260149,2878.714286,2935.013646,2956.171530,3006.521496
2733.120733,2796.002963,2820.466522,2852.474821,2878.714286,2935.145351,2956.310614,3006.596149
2733.117441,2795.982653,2820.459693,2852.546013,2878.714286,2935.151253,2956.315868,3006.600380
2733.079782,2795.793961,2820.654751,2849.093901,2861.603103,2935.069280,2956.081311,3006.790946
2733.061280,2795.785079,2820.649466,2849.091051,2861.601254,2935.079560,2956.094297,3006.809660
2733.040096,2795.775016,2820.643365,2849.089570,2861.600549,2935.091341,2956.109174,3006.831091
2732.976787,2795.929918,2820.423621,2852.585898,2878.571429,2935.226595,2956.411075,3006.742421
2732.924657,2795.903426,2820.408398,2852.602125,2878.571429,2935.255039,2956.446302,3006.795364
2732.879915,2795.883631,2820.397229,2852.550807,2878.571429,2935.275018,2956.472486,3006.840381
2732.876290,2795.887267,2820.405884,2852.332832,2878.571429,2935.181163,2956.381836,3006.831526
2732.876223,2795.887234,2820.405864,2852.332837,2878.571429,2935.181203,2956.381885,3006.831594
2732.864069,2795.872664,2820.390785,2852.614330,2878.571429,2935.288019,2956.486600,3006.857028
2732.844010,2795.870927,2820.395587,2852.346431,2878.571429,2935.199819,2956.404839,3006.864252
2732.789919,2795.837710,2820.369444,2852.606572,2878.571429,2935.328060,2956.538806,3006.931706
2732.762431,2795.822336,2820.361449,2852.624363,2878.571429,2935.342852,2956.556672,3006.959493
2732.734102,2795.813490,2820.356883,2852.520330,2878.571429,2935.345181,2956.560155,3006.991365
2732.727514,2795.814680,2820.362060,2852.346573,2878.571300,2935.261671,2956.483745,3006.981647
2732.704988,2795.799280,2820.348522,2852.522373,2878.571429,2935.359641,2956.581761,3007.016584
2732.692901,2795.605706,2820.546010,2848.957452,2861.501795,2935.285305,2956.352088,3007.183079
2732.670984,2795.576768,2820.531585,2849.370310,2861.928508,2935.324718,2956.381785,3007.206011
2732.651064,2795.589278,2820.531834,2849.045774,2861.574444,2935.307555,2956.382264,3007.224597
2732.595886,2795.573057,2820.511567,2849.242076,2861.741856,2935.344286,2956.423564,3007.282737
2732.538940,2795.544073,2820.497158,2849.113662,2861.620186,2935.370853,2956.461172,3007.338309
2732.534883,2795.533806,2820.498548,2849.032672,2861.566639,2935.372131,2956.463828,3007.342113
2732.519891,2795.329014,2820.427266,2849.751081,2862.231973,2935.380623,2956.475070,3007.357497
2732.503980,2795.487986,2820.486243,2849.292685,2861.877886,2935.387505,2956.484391,3007.370897
2732.497026,2795.519856,2820.487456,2849.082537,2861.612566,2935.393583,2956.489436,3007.381474
2732.463249,2795.506560,2820.476715,2849.056778,2861.575354,2935.412398,2956.513573,3007.415456
2732.433297,2795.664634,2820.267795,2852.619744,2878.571429,2935.519455,2956.780942,3007.292031
2732.429619,2795.669161,2820.277747,2852.364524,2878.571429,2935.423772,2956.688662,3007.282780
2732.425146,2795.481287,2820.467080,2849.021163,2861.560455,2935.433094,2956.540836,3007.453149
2732.423900,2795.480782,2820.466751,2849.020478,2861.559588,2935.433820,2956.541743,3007.454378
2732.412721,2795.475396,2820.463541,2849.020027,2861.559733,2935.440040,2956.549600,3007.465686
2732.405671,2795.472010,2820.461496,2849.019291,2861.559384,2935.443932,2956.554520,3007.472845
2732.400796,2795.469755,2820.460135,2849.017950,2861.558097,2935.446662,2956.557965,3007.477745
2732.354131,2795.456263,2820.446509,2849.000128,2861.547251,2935.473675,2956.583878,3007.528888
2732.334101,2795.437827,2820.441019,2849.011418,2861.554801,2935.483735,2956.604788,3007.545211
2732.323691,2795.432742,2820.438045,2849.009262,2861.553497,2935.489486,2956.612064,3007.555773
2732.317174,2795.429805,2820.436184,2849.008648,2861.552672,2935.493146,2956.616675,3007.562335
2732.307633,2795.425253,2820.433453,2849.007563,2861.552008,2935.498453,2956.623378,3007.571986
2732.246516,2795.574164,2820.213609,2852.590297,2878.714286,2935.625674,2956.915327,3007.481228
2732.244760,2795.574346,2820.213549,2852.575242,2878.714286,2935.626267,2956.916291,3007.483066
2732.185540,2795.545537,2820.196409,2852.590433,2878.714286,2935.658645,2956.955548,3007.543199
2732.125458,2795.520622,2820.190084,2852.390305,2878.571429,2935.591115,2956.899257,3007.590526
2732.104517,2795.480864,2820.165610,2852.747945,2878.571429,2935.700878,2957.008289,3007.624899
2732.089643,2795.321176,2820.371046,2848.983320,2861.537968,2935.619705,2956.776496,3007.792377
2732.072636,2795.312949,2820.366200,2848.980823,2861.536602,2935.629163,2956.788439,3007.809572
2732.069364,2795.311487,2820.365241,2848.981142,2861.536757,2935.630987,2956.790742,3007.812881
2732.059652,2795.306820,2820.362454,2848.980505,2861.536617,2935.636422,2956.797590,3007.822722
2732.051081,2795.302751,2820.360006,2848.979168,2861.535657,2935.641157,2956.803584,3007.831366
2732.019931,2795.287890,2820.351094,2848.975721,2861.533642,2935.658486,2956.825467,3007.862856
2731.956214,2795.258102,2820.334428,2848.982546,2861.556604,2935.694202,2956.867710,3007.928747
2731.948171,2795.253582,2820.330551,2848.968354,2861.529733,2935.698404,2956.875877,3007.935402
2731.947114,2795.249392,2820.332928,2848.822631,2861.404784,2935.679468,2956.864947,3007.929500
2731.923688,2795.234424,2820.327552,2848.892704,2861.486915,2935.711920,2956.892916,3007.960180
2731.861443,2795.381977,2820.102129,2852.776539,2878.428571,2935.831375,2957.172570,3007.870741
2731.840525,2795.377651,2820.104771,2852.519722,2878.428571,2935.746907,2957.094336,3007.878643
2731.838601,2795.377558,2820.106807,2852.498077,2878.428571,2935.747303,2957.095240,3007.880559
2731.808929,2795.363289,2820.097793,2852.500752,2878.428571,2935.764731,2957.116700,3007.910772
2731.791791,2795.346569,2820.081693,2852.789767,2878.428571,2935.869052,2957.221008,3007.940851
2731.789279,2795.351750,2820.088429,2852.596385,2878.428571,2935.834143,2957.187307,3007.938137
2731.756552,2795.331126,2820.072585,2852.767878,2878.428571,2935.887472,2957.243448,3007.976998
2731.756201,2795.161912,2820.275629,2848.947119,2861.517573,2935.805203,2957.010734,3008.129496
2731.723479,2795.146244,2820.266263,2848.944072,2861.516152,2935.823423,2957.033737,3008.162584
2731.710823,2795.283419,2820.051480,2852.856831,2878.428571,2935.912807,2957.274672,3008.023213
2731.709915,2795.316086,2820.060047,2852.525417,2878.425920,2935.819102,2957.186527,3008.010843
2731.715581,2795.142453,2820.263996,2848.942857,2861.515410,2935.827749,2957.039233,3008.170588
2731.669632,2795.295644,2820.056352,2852.513070,2878.428566,2935.841077,2957.212877,3008.051672
2731.670044,2795.120811,2820.251001,2848.937408,2861.511824,2935.853147,2957.071278,3008.216593
2731.649334,2795.114865,2820.243763,2849.060289,2861.628648,2935.864997,2957.084460,3008.238653
2731.644910,2795.104304,2820.245870,2848.925264,2861.519047,2935.866918,2957.088928,3008.241874
2731.639409,2795.106044,2820.242285,2848.933469,2861.509850,2935.870179,2957.092786,3008.247565
2731.613306,2795.093609,2820.234760,2848.932397,2861.509782,2935.884713,2957.111131,3008.273977
2731.607187,2795.090794,2820.233028,2848.930339,2861.507747,2935.888111,2957.115430,3008.280140
2731.570347,2795.073107,2820.222467,2848.926905,2861.506307,2935.908563,2957.141274,3008.317418
2731.525217,2795.222267,2820.012807,2852.625350,2878.428571,2935.971301,2957.365042,3008.201023
2731.532628,2795.055021,2820.211705,2848.922226,2861.503660,2935.929558,2957.167779,3008.355548
2731.523265,2795.224040,2820.015898,2852.517017,2878.428571,2935.919779,2957.312812,3008.199568
2731.507149,2795.043030,2820.204430,2848.919336,2861.501460,2935.943771,2957.185715,3008.381277
2731.459237,2795.007205,2820.183095,2849.182765,2861.670795,2935.763700,2957.123468,3008.353232
2731.439513,2795.010626,2820.185119,2848.911342,2861.497020,2935.981399,2957.233231,3008.449659
2731.418192,2795.160249,2819.981066,2852.582896,2878.571429,2935.976348,2957.385345,3008.305176
2731.417927,2795.145317,2819.968912,2852.788917,2878.571429,2936.073546,2957.478565,3008.319584
2731.415935,2795.006566,2820.178930,2848.935780,2861.517074,2935.995586,2957.246961,3008.476114
2731.342214,2794.964182,2820.157306,2848.900901,2861.491113,2936.035543,2957.301601,3008.548022
2731.339958,2794.963089,2820.156664,2848.900637,2861.491018,2936.036792,2957.303179,3008.550310
2731.328549,2794.957709,2820.153377,2848.900183,2861.490860,2936.043156,2957.311207,3008.561859
2731.328277,2794.957558,2820.153298,2848.900598,2861.491313,2936.043294,2957.311390,3008.562115
2731.308461,2795.115822,2819.944447,2852.731045,2878.571429,2936.133156,2957.555512,3008.429733
2731.297435,2795.112191,2819.943222,2852.679583,2878.571429,2936.133428,2957.556540,3008.440447
2731.295662,2795.110046,2819.941085,2852.718600,2878.571429,2936.139297,2957.562902,3008.442940
2731.290848,2794.939736,2820.142614,2848.895843,2861.488227,2936.064130,2957.337697,3008.599962
2731.264397,2794.920854,2820.134947,2848.898681,2861.526951,2936.077364,2957.351204,3008.627713
2731.253667,2794.921836,2820.131955,2848.893380,2861.487840,2936.084833,2957.363829,3008.637597
2731.251394,2794.920860,2820.131334,2848.892150,2861.486461,2936.086110,2957.365441,3008.639868
2731.222688,2794.730050,2820.067992,2849.452276,2862.002850,2936.101780,2957.386584,3008.668377
2731.220406,2794.902201,2820.125184,2848.805551,2861.420048,2936.103018,2957.387095,3008.670817
2731.213025,2794.905898,2820.117942,2848.985266,2861.564179,2936.107745,2957.390730,3008.679995
2731.205370,2794.898913,2820.118192,2848.886552,2861.483020,2936.111687,2957.397750,3008.686380
2731.170297,2794.889628,2820.106498,2849.018335,2861.602090,2936.130826,2957.419430,3008.723352
2731.131488,2795.030017,2819.894058,2852.671607,2878.714286,2936.231730,2957.679798,3008.609324
2731.130481,2795.035067,2819.904546,2852.424790,2878.714285,2936.134701,2957.586258,3008.596061
2731.114802,2795.028300,2819.894056,2852.447421,2878.713225,2936.143470,2957.596924,3008.611808
2731.038363,2794.984200,2819.867631,2852.741141,2878.571429,2936.279219,2957.738942,3008.703305
2730.988087,2794.960607,2819.854226,2852.714233,2878.571429,2936.303477,2957.770263,3008.753865
2730.976731,2794.954115,2819.855696,2852.577157,2878.571427,2936.219540,2957.691283,3008.751377
2730.986079,2794.794087,2820.055582,2848.862400,2861.469635,2936.233708,2957.551835,3008.908085
2730.943066,2794.913419,2819.833179,2852.814653,2878.571429,2936.331492,2957.804024,3008.800031
2730.882914,2794.744880,2820.026105,2848.852240,2861.464129,2936.291153,2957.624361,3009.012407
2730.880179,2794.743421,2820.025329,2848.851388,2861.463931,2936.292605,2957.626221,3009.015180
2730.871746,2794.739447,2820.022928,2848.850640,2861.463388,2936.297354,2957.632195,3009.023700
2730.822675,2794.849789,2819.797619,2852.902695,2878.428571,2936.395257,2957.883394,3008.921821
2730.816577,2794.872849,2819.803595,2852.838842,2878.428571,2936.399256,2957.888673,3008.927916
2730.793925,2794.865540,2819.800752,2852.649316,2878.428562,2936.319018,2957.815591,3008.936549
2730.778429,2794.854418,2819.792900,2852.836986,2878.428571,2936.419383,2957.914214,3008.966408
2730.773084,2794.851455,2819.791125,2852.839047,2878.428571,2936.423162,2957.919170,3008.971893
2730.736133,2794.834599,2819.780620,2852.837528,2878.428571,2936.442983,2957.944609,3009.009175
2730.713053,2794.828716,2819.782764,2852.599550,2878.428570,2936.363583,2957.872208,3009.018428
2730.708207,2794.825296,2819.782813,2852.605521,2878.428571,2936.366288,2957.875452,3009.023264
2730.704291,2794.818571,2819.771549,2852.842368,2878.428571,2936.460396,2957.965799,3009.041720
2730.702858,2794.791398,2819.763435,2852.908512,2878.428571,2936.460402,2957.965562,3009.043042
2730.681143,2794.808766,2819.766335,2852.809238,2878.428571,2936.465935,2957.975496,3009.063490
2730.632398,2794.785293,2819.760321,2852.638760,2878.428571,2936.407861,2957.927687,3009.100130
2730.627955,2794.754873,2819.742065,2852.912203,2878.428571,2936.501152,2958.016976,3009.118823
2730.624095,2794.784709,2819.758446,2852.609556,2878.428571,2936.411840,2957.933092,3009.108243
2730.594498,2794.765039,2819.740173,2852.851093,2878.428571,2936.519911,2958.040743,3009.152520
2730.589402,2794.763250,2819.739325,2852.831604,2878.428571,2936.518454,2958.040795,3009.156945
2730.565449,2794.593154,2819.935510,2848.818520,2861.445892,2936.467834,2957.847461,3009.333390
2730.557018,2794.576807,2819.937288,2848.810483,2861.463339,2936.485426,2957.862535,3009.341548
2730.544723,2794.583371,2819.929611,2848.815673,2861.443768,2936.479337,2957.862003,3009.354311
2730.541996,2794.588664,2819.927544,2848.828354,2861.434911,2936.481214,2957.862903,3009.357856
2730.519672,2794.734691,2819.728590,2852.602848,2878.428571,2936.469540,2958.005702,3009.214202
2730.513452,2794.568318,2819.921221,2848.813700,2861.448305,2936.496513,2957.883334,3009.385867
2730.502669,2794.725684,2819.722805,2852.623845,2878.428571,2936.478454,2958.016970,3009.231035
2730.493306,2794.717121,2819.711124,2852.852634,2878.428571,2936.575165,2958.110135,3009.254984
2730.487012,2794.717741,2819.717092,2852.633171,2878.428571,2936.486756,2958.027548,3009.246870
2730.459857,2794.703598,2819.702680,2852.755295,2878.571429,2936.592742,2958.135270,3009.288530
2730.403573,2794.655000,2819.680408,2852.760480,2878.714286,2936.626470,2958.177211,3009.345852
2730.398992,2794.681218,2819.696194,2852.455665,2878.714286,2936.535305,2958.091382,3009.335645
2730.367436,2794.658413,2819.676317,2852.709782,2878.714286,2936.646906,2958.203456,3009.382314
2730.342220,2794.652141,2819.676552,2852.535763,2878.714286,2936.610154,2958.174306,3009.397636
2730.334113,2794.621089,2819.660595,2852.764610,2878.714286,2936.664259,2958.224874,3009.416122
2730.331487,2794.643996,2819.667344,2852.678620,2878.714286,2936.664986,2958.226533,3009.418551
2730.326356,2794.643142,2819.668862,2852.602125,2878.714286,2936.653382,2958.217718,3009.419887
2730.237997,2794.602866,2819.649839,2852.469540,2878.714286,2936.621523,2958.200956,3009.497854
2730.194666,2794.576910,2819.627298,2852.708256,2878.714286,2936.740022,2958.321141,3009.556922
2730.134417,2794.551306,2819.618974,2852.499511,2878.714286,2936.680279,2958.273912,3009.602986
2730.126740,2794.519984,2819.601486,2852.775920,2878.714286,2936.777101,2958.367197,3009.625911
2730.108505,2794.536847,2819.613078,2852.559451,2878.571429,2936.693099,2958.289533,3009.629185
2730.099323,2794.532789,2819.608451,2852.566221,2878.571429,2936.698143,2958.295811,3009.638343
2730.103280,2794.372518,2819.803762,2848.768810,2861.418194,2936.725030,2958.172252,3009.800636
2730.075172,2794.359043,2819.795764,2848.765550,2861.416447,2936.740680,2958.192016,3009.829050
2730.047554,2794.345814,2819.787863,2848.763907,2861.416153,2936.756057,2958.211424,3009.857012
2730.034353,2794.333341,2819.787100,2848.678095,2861.358713,2936.763810,2958.220256,3009.870171
2730.035173,2794.339996,2819.784359,2848.761660,2861.414308,2936.762939,2958.220123,3009.869496
2730.004994,2794.455765,2819.565597,2852.865428,2878.571429,2936.841802,2958.447704,3009.749061
2730.004739,2794.455747,2819.565551,2852.864765,2878.571429,2936.841946,2958.447890,3009.749319
2729.998542,2794.478519,2819.571292,2852.803503,2878.571429,2936.847485,2958.453239,3009.756319
2729.979097,2794.470367,2819.568068,2852.740526,2878.571429,2936.845214,2958.454402,3009.775558
2729.978704,2794.473177,2819.575291,2852.579574,2878.571429,2936.765602,2958.380243,3009.760663
2729.938300,2794.448489,2819.554079,2852.806091,2878.571429,2936.878662,2958.494267,3009.816489
2729.923042,2794.444481,2819.552669,2852.723043,2878.571429,2936.880323,2958.498413,3009.831177
2729.915448,2794.438951,2819.546410,2852.808129,2878.571429,2936.891494,2958.510945,3009.839507
2729.883448,2794.396494,2819.530974,2852.872162,2878.571429,2936.907996,2958.531180,3009.872016
2729.873997,2794.417707,2819.535703,2852.809184,2878.571429,2936.913915,2958.538780,3009.881551
2729.849387,2794.410344,2819.536404,2852.601398,2878.571429,2936.835693,2958.468823,3009.891180
2729.836426,2794.398904,2819.524942,2852.814336,2878.571429,2936.936228,2958.565168,3009.920374
2729.828946,2794.241455,2819.725617,2848.740419,2861.403103,2936.877741,2958.365088,3010.078012
2729.778658,2794.372898,2819.516976,2852.683470,2878.428571,2936.875054,2958.516785,3009.962917
2729.758804,2794.359701,2819.502528,2852.886954,2878.428571,2936.974990,2958.614728,3009.998044
2729.752999,2794.356749,2819.500215,2852.887467,2878.428571,2936.977970,2958.619416,3010.003822
2729.717853,2794.344390,2819.498035,2852.686246,2878.428571,2936.907131,2958.557745,3010.024189
2729.714447,2794.186769,2819.693034,2848.727618,2861.396076,2936.941518,2958.445607,3010.193707
2729.663614,2794.312796,2819.475773,2852.940439,2878.285714,2937.025014,2958.677359,3010.094288
2729.633002,2794.147888,2819.669834,2848.720138,2861.392531,2936.986887,2958.502879,3010.276020
2729.628810,2794.157317,2819.661933,2848.934200,2861.566976,2936.966513,2958.489972,3010.273306
2729.628151,2794.145568,2819.668470,2848.718710,2861.391418,2936.989589,2958.506293,3010.280913
2729.597923,2794.279141,2819.456717,2852.958320,2878.285714,2937.060277,2958.722312,3010.160418
2729.587975,2794.126387,2819.657035,2848.714551,2861.389240,2937.011969,2958.534548,3010.321514
2729.572173,2794.118838,2819.652540,2848.712886,2861.388365,2937.020776,2958.545665,3010.337483
2729.527009,2794.097208,2819.639652,2848.709273,2861.387102,2937.045885,2958.577387,3010.383153
2729.499609,2794.084233,2819.631886,2848.705531,2861.384474,2937.061196,2958.596694,3010.410820
2729.478546,2794.074153,2819.625890,2848.703719,2861.383718,2937.072943,2958.611519,3010.432113
2729.458648,2794.211123,2819.417143,2852.967171,2878.285714,2937.136999,2958.817863,3010.301678
2729.451022,2794.056427,2819.620480,2848.721551,2861.431761,2937.088998,2958.629152,3010.461328
2729.361391,2794.168127,2819.390252,2852.895312,2878.428571,2937.191617,2958.887058,3010.400060
2729.356228,2794.015894,2819.591641,2848.698233,2861.385051,2937.141101,2958.697536,3010.555796
2729.331214,2794.003803,2819.583983,2848.688334,2861.375674,2937.155009,2958.715127,3010.580988
2729.327161,2794.001887,2819.582833,2848.687723,2861.375225,2937.157278,2958.717982,3010.585092
2729.219434,2794.097843,2819.352973,2852.843286,2878.428571,2937.232291,2958.952356,3010.535671
2729.202125,2794.092761,2819.354163,2852.714010,2878.428571,2937.186328,2958.911552,3010.544305
2729.194847,2794.088370,2819.350339,2852.754545,2878.428571,2937.211534,2958.934766,3010.556844
2729.191320,2794.086930,2819.348490,2852.743656,2878.428571,2937.195807,2958.921364,3010.556432
2729.154857,2794.074819,2819.341274,2852.690268,2878.427005,2937.232860,2958.959574,3010.596821
2729.129375,2794.019469,2819.314133,2853.067893,2878.285714,2937.315990,2959.043332,3010.634794
2729.110198,2794.046097,2819.326799,2852.801900,2878.285714,2937.239703,2958.975565,3010.638476
2729.100431,2794.038818,2819.315421,2852.981884,2878.285714,2937.332362,2959.064088,3010.663939
2729.069433,2794.025027,2819.310921,2852.897694,2878.285714,2937.308368,2959.047274,3010.687837
2729.056138,2794.018007,2819.303727,2852.964002,2878.285714,2937.345188,2959.085208,3010.705739
2729.028125,2794.005429,2819.301798,2852.829658,2878.285714,2937.285466,2959.032722,3010.721526
2729.014423,2793.990083,2819.292269,2852.971547,2878.285714,2937.353295,2959.098395,3010.747072
2728.977936,2793.980652,2819.288907,2852.832884,2878.285714,2937.316902,2959.070746,3010.772713
2728.973102,2793.977898,2819.288018,2852.816826,2878.285714,2937.312335,2959.068436,3010.776269
2728.969098,2793.827391,2819.483191,2848.693534,2861.414330,2937.356769,2958.969878,3010.946982
2728.963212,2793.824574,2819.481529,2848.692574,2861.413712,2937.360059,2958.974028,3010.952926
2728.914425,2793.949353,2819.263003,2852.984112,2878.285714,2937.433784,2959.191349,3010.852094
2728.889943,2793.938907,2819.262202,2852.836698,2878.285714,2937.360458,2959.127541,3010.861067
2728.887661,2793.937478,2819.261819,2852.837649,2878.285714,2937.361894,2959.129305,3010.863434
2728.886626,2793.935770,2819.259063,2852.872831,2878.285714,2937.361170,2959.128852,3010.863987
2728.877114,2793.929422,2819.252301,2852.991170,2878.285714,2937.454245,2959.217745,3010.889902
2728.874820,2793.931697,2819.258748,2852.827913,2878.285714,2937.369714,2959.138830,3010.876672
2728.836941,2793.913033,2819.249173,2852.829079,2878.285714,2937.390126,2959.164716,3010.914807
2728.834791,2793.911993,2819.245344,2852.844313,2878.285668,2937.395403,2959.169193,3010.917939
2728.810393,2793.754969,2819.436040,2848.635764,2861.349825,2937.445164,2959.081439,3011.107338
2728.780902,2793.886106,2819.230601,2852.842573,2878.285714,2937.421465,2959.203893,3010.971807
2728.751754,2793.871013,2819.224462,2852.847797,2878.285714,2937.436905,2959.223509,3011.000850
2728.727169,2793.856388,2819.211548,2852.967433,2878.285714,2937.514525,2959.299070,3011.040004
2728.717995,2793.853743,2819.212815,2852.873526,2878.285714,2937.455909,2959.247049,3011.034981
2728.716644,2793.853076,2819.213375,2852.864667,2878.285714,2937.455907,2959.247513,3011.036259
2728.663052,2793.831218,2819.199013,2852.773996,2878.428571,2937.485426,2959.285967,3011.090538
2728.601221,2793.799108,2819.174602,2852.931674,2878.428571,2937.606515,2959.411127,3011.168895
2728.567908,2793.784725,2819.173194,2852.778215,2878.428571,2937.537750,2959.352045,3011.186618
2728.552839,2793.773254,2819.166405,2852.828327,2878.428571,2937.546376,2959.362636,3011.201900
2728.552320,2793.774458,2819.160677,2852.935725,2878.428571,2937.633259,2959.444907,3011.218365
2728.543873,2793.770836,2819.157880,2852.941401,2878.428571,2937.639501,2959.451053,3011.227648
2728.536040,2793.735376,2819.146802,2853.023645,2878.428571,2937.641349,2959.454517,3011.234954
2728.526802,2793.762035,2819.153335,2852.942351,2878.428571,2937.648378,2959.462335,3011.244669
2728.522934,2793.757054,2819.155542,2852.867089,2878.428571,2937.563333,2959.383480,3011.232069
2728.500918,2793.750718,2819.152827,2852.807521,2878.428571,2937.575105,2959.398713,3011.254355
2728.493282,2793.747463,2819.150838,2852.802365,2878.428571,2937.579348,2959.404052,3011.262109
2728.484195,2793.741251,2819.141355,2852.939438,2878.428571,2937.670397,2959.491598,3011.287279
2728.481721,2793.740761,2819.140767,2852.938895,2878.428571,2937.671739,2959.493203,3011.289807
2728.446968,2793.723728,2819.136047,2852.880040,2878.285714,2937.603399,2959.433524,3011.308723
2728.423013,2793.566656,2819.328173,2848.638342,2861.386487,2937.661063,2959.354027,3011.498847
2728.371507,2793.687731,2819.115976,2852.822194,2878.428571,2937.646537,2959.488484,3011.385240
2728.368905,2793.688182,2819.116220,2852.797140,2878.428571,2937.647412,2959.489953,3011.387870
2728.366083,2793.685715,2819.114729,2852.813219,2878.428571,2937.649572,2959.492254,3011.390774
2728.365341,2793.514407,2819.306530,2848.960562,2861.736646,2937.693065,2959.396575,3011.554701
2728.327918,2793.634071,2819.087764,2853.035043,2878.428571,2937.755033,2959.597778,3011.445455
2728.276165,2793.642510,2819.082290,2852.941851,2878.428571,2937.783932,2959.635478,3011.497510
2728.248829,2793.629104,2819.074752,2852.941758,2878.428571,2937.798172,2959.653477,3011.524997
2728.213014,2793.578037,2819.055150,2853.042242,2878.428571,2937.817812,2959.676876,3011.561671
2728.145230,2793.577688,2819.050261,2852.894900,2878.285714,2937.767948,2959.641210,3011.613528
2728.132367,2793.571069,2819.047642,2852.897089,2878.285714,2937.776011,2959.650867,3011.626757
2728.118991,2793.564847,2819.043600,2852.892044,2878.285712,2937.785619,2959.661901,3011.640962
2728.114952,2793.562526,2819.043017,2852.898064,2878.285714,2937.786478,2959.663578,3011.644642
2728.095111,2793.551714,2819.032232,2853.006966,2878.285714,2937.853212,2959.731204,3011.673866
2728.072651,2793.542320,2819.029912,2852.903900,2878.285714,2937.809536,2959.692677,3011.687379
2728.063535,2793.500602,2819.011613,2853.124796,2878.285714,2937.898096,2959.776856,3011.712854
2728.058175,2793.534056,2819.020011,2853.030078,2878.285714,2937.901907,2959.781205,3011.718252
2728.034181,2793.523793,2819.017885,2852.911868,2878.285714,2937.830819,2959.719348,3011.726374
2728.018724,2793.514169,2819.014152,2852.931432,2878.285714,2937.839237,2959.729948,3011.741839
2727.981276,2793.496657,2819.003940,2852.931230,2878.285710,2937.860571,2959.755849,3011.779795
2727.970070,2793.490641,2819.000426,2852.933560,2878.285714,2937.865499,2959.763235,3011.790837
2727.950284,2793.480995,2818.990024,2853.032374,2878.285714,2937.960623,2959.855323,3011.827337
2727.937657,2793.475385,2818.991356,2852.934935,2878.285714,2937.884863,2959.786796,3011.823910
2727.864483,2793.403770,2818.955204,2853.135742,2878.285714,2938.006933,2959.913960,3011.914173
2727.844467,2793.428894,2818.964033,2852.958350,2878.285714,2937.935053,2959.850410,3011.917918
2727.761608,2793.391005,2818.942962,2852.922397,2878.285714,2937.981085,2959.908351,3012.002125
2727.748518,2793.384706,2818.933339,2853.030895,2878.285714,2938.068756,2959.993811,3012.029809
2727.724584,2793.372854,2818.931992,2852.936444,2878.285714,2938.001613,2959.933962,3012.039352
2727.650711,2793.299720,2818.894639,2853.147979,2878.285714,2938.123853,2960.061237,3012.130374
2727.625959,2793.324929,2818.898418,2853.043850,2878.285714,2938.137972,2960.078757,3012.155257
2727.626351,2793.189885,2819.100215,2848.514900,2861.287806,2938.105044,2959.914475,3012.303962
2727.598761,2793.311375,2818.891853,2853.035782,2878.285714,2938.120362,2960.069569,3012.174257
2727.528454,2793.278089,2818.871126,2853.042129,2878.285714,2938.191212,2960.146280,3012.253863
2727.521995,2793.274713,2818.872500,2852.996694,2878.285714,2938.143076,2960.100819,3012.252943
2727.490505,2793.259182,2818.859044,2853.056229,2878.285714,2938.211691,2960.172532,3012.292414
2727.461176,2793.243584,2818.858264,2853.003113,2878.142857,2938.142055,2960.111563,3012.304334
2727.455474,2793.239610,2818.854954,2853.038144,2878.142857,2938.148561,2960.117659,3012.311240
2727.448664,2793.235964,2818.851973,2853.047817,2878.142857,2938.151913,2960.122045,3012.318036
2727.400184,2793.177839,2818.823734,2853.162138,2878.285714,2938.260913,2960.233836,3012.383751
2727.397964,2793.215618,2818.834520,2853.039872,2878.285714,2938.262910,2960.236844,3012.385821
2727.378358,2793.167222,2818.817560,2853.163365,2878.285714,2938.272863,2960.248898,3012.405823
2727.360259,2793.196016,2818.829321,2852.966945,2878.285714,2938.201178,2960.185391,3012.407455
2727.356696,2793.194963,2818.825646,2852.972875,2878.285714,2938.203747,2960.188362,3012.411481
2727.361386,2793.059826,2819.027422,2848.534096,2861.335960,2938.252746,2960.101002,3012.571749
2727.333502,2793.183372,2818.822021,2852.953546,2878.285714,2938.217387,2960.205011,3012.435355
2727.332046,2793.182506,2818.815727,2853.053981,2878.285714,2938.298692,2960.281426,3012.452555
2727.283911,2793.158505,2818.807170,2852.981607,2878.285714,2938.243019,2960.238009,3012.484575
2727.241337,2793.137783,2818.793542,2852.995544,2878.285714,2938.265517,2960.266703,3012.527365
2727.231339,2793.095655,2818.775944,2853.172308,2878.285714,2938.353335,2960.350234,3012.554508
2727.210524,2793.121346,2818.781161,2853.118909,2878.142857,2938.363933,2960.362597,3012.575469
2727.192814,2793.114276,2818.776568,2853.105089,2878.142857,2938.373832,2960.375145,3012.593574
2727.190636,2793.112931,2818.782012,2852.996105,2878.142729,2938.301299,2960.307292,3012.581588
2727.183180,2793.109621,2818.773853,2853.105463,2878.142857,2938.379106,2960.381785,3012.603318
2727.154183,2793.092970,2818.763456,2853.191161,2878.000000,2938.393519,2960.398819,3012.632082
2727.148814,2793.091350,2818.763485,2853.171337,2878.000000,2938.396270,2960.401883,3012.638365
2727.148684,2793.090857,2818.763469,2853.172076,2878.000000,2938.395428,2960.402264,3012.637655
2727.143888,2793.087785,2818.761725,2853.183121,2878.000000,2938.399021,2960.405189,3012.642831
2727.142606,2793.043353,2818.748427,2853.315164,2878.000000,2938.399254,2960.405671,3012.644253
2727.134934,2793.082567,2818.762699,2853.133775,2877.999999,2938.323638,2960.336740,3012.635074
2727.128951,2793.078483,2818.759428,2853.155524,2878.000000,2938.327879,2960.341654,3012.641404
2727.085384,2793.058806,2818.749381,2853.131258,2878.000000,2938.351038,2960.371212,3012.685287
2727.081642,2793.057518,2818.744346,2853.184983,2878.000000,2938.433492,2960.448295,3012.705849
2727.070810,2793.052158,2818.744115,2853.135809,2878.000000,2938.359456,2960.381589,3012.700132
2726.990632,2793.015351,2818.719055,2853.128462,2878.142857,2938.484390,2960.514364,3012.797798
2726.972218,2792.965050,2818.701448,2853.257654,2878.142857,2938.493905,2960.526032,3012.816559
2726.883244,2793.018725,2818.566656,2854.473429,2878.142850,2949.973159,2950.033182,3013.008724
2726.877226,2792.961937,2818.691352,2853.015825,2878.285714,2938.465777,2960.518638,3012.895498
2726.820462,2792.934808,2818.674892,2853.022160,2878.285714,2938.497813,2960.558525,3012.953033
2726.815690,2792.930555,2818.673071,2853.041992,2878.285714,2938.500132,2960.561510,3012.957745
2726.778220,2792.913439,2818.661202,2853.044435,2878.285714,2938.522237,2960.588640,3012.995992
2726.759123,2792.866033,2818.642418,2853.200668,2878.285714,2938.611949,2960.675848,3013.032050
2726.751779,2792.902302,2818.652108,2853.075993,2878.285714,2938.616067,2960.681817,3013.039213
2726.714114,2792.876385,2818.640076,2853.118172,2878.285714,2938.557954,2960.633103,3013.060761
2726.692981,2792.833870,2818.623724,2853.204778,2878.285714,2938.648185,2960.721461,3013.098938
2726.682672,2792.868024,2818.636942,2853.026869,2878.285714,2938.573335,2960.653658,3013.092253
2726.640728,2792.848040,2818.620656,2853.085441,2878.285714,2938.677342,2960.758199,3013.151737
2726.625908,2792.839767,2818.618468,2853.056792,2878.285714,2938.605164,2960.693295,3013.149738
2726.605123,2792.830467,2818.612709,2853.050350,2878.285714,2938.616593,2960.707717,3013.170791
2726.578260,2792.778044,2818.591299,2853.212189,2878.285714,2938.711043,2960.800587,3013.214949
2726.544010,2792.802763,2818.594091,2853.071802,2878.285714,2938.730556,2960.825474,3013.249691
2726.537180,2792.797544,2818.594442,2853.048987,2878.285714,2938.654796,2960.755317,3013.239670
2726.522237,2792.790753,2818.590258,2853.041004,2878.285714,2938.662293,2960.765257,3013.254846
2726.512400,2792.787500,2818.585198,2853.073076,2878.285714,2938.747879,2960.847279,3013.281657
2726.504621,2792.781939,2818.586254,2853.039433,2878.285714,2938.672141,2960.777602,3013.272660
2726.439446,2792.710620,2818.552117,2853.220259,2878.285714,2938.787115,2960.896334,3013.355323
2726.432451,2792.750635,2818.562655,2853.022130,2878.428571,2938.792758,2960.905561,3013.362196
2726.376170,2792.722225,2818.546743,2853.035046,2878.428571,2938.823813,2960.943443,3013.419167
2726.376130,2792.722635,2818.546725,2853.031488,2878.428571,2938.823683,2960.943938,3013.419207
2726.359227,2792.714707,2818.542019,2853.032399,2878.428571,2938.832992,2960.955215,3013.436318
2726.309713,2792.652235,2818.516719,2853.156192,2878.428571,2938.859500,2960.988674,3013.486504
2726.284480,2792.677519,2818.520977,2853.028998,2878.428571,2938.790834,2960.929117,3013.494026
2726.281482,2792.677258,2818.519702,2853.035643,2878.428571,2938.875361,2961.009611,3013.514841
2726.274133,2792.673303,2818.517676,2853.041348,2878.428571,2938.879508,2961.013780,3013.522338
2726.269100,2792.671213,2818.516065,2853.041089,2878.428571,2938.882278,2961.017488,3013.527387
2726.249901,2792.661786,2818.511129,2853.038720,2878.428571,2938.892963,2961.030780,3013.546917
2726.221457,2792.647486,2818.503253,2853.038070,2878.428571,2938.908475,2961.050834,3013.575582
2726.219197,2792.646943,2818.502656,2853.036026,2878.428571,2938.909780,2961.052693,3013.577861
2726.207735,2792.602656,2818.487946,2853.162775,2878.428571,2938.915411,2961.059055,3013.589622
2726.208399,2792.563589,2818.534804,2852.637991,2878.428424,2935.669690,2948.000000,3013.838434
2726.168810,2792.615737,2818.483033,2853.153512,2878.285712,2938.860299,2961.012863,3013.612405
2726.155052,2792.612509,2818.477643,2853.135209,2878.285707,2938.868939,2961.023395,3013.626588
2726.150322,2792.611643,2818.479724,2853.115816,2878.285703,2938.869220,2961.024355,3013.630352
2726.111519,2792.589614,2818.470767,2853.126540,2878.285714,2938.886451,2961.047567,3013.668843
2726.107659,2792.591737,2818.470892,2853.100966,2878.285714,2938.969533,2961.126486,3013.690753
2726.090269,2792.540861,2818.453539,2853.242722,2878.285714,2938.978563,2961.137285,3013.708415
2726.088938,2792.579571,2818.464008,2853.125425,2878.285714,2938.903581,2961.067128,3013.692865
2726.086160,2792.538834,2818.452370,2853.243277,2878.285714,2938.980814,2961.140113,3013.712569
2726.078894,2792.577647,2818.462693,2853.103341,2878.285714,2938.985136,2961.146458,3013.719793
2726.040045,2792.516396,2818.439350,2853.246453,2878.285714,2939.006109,2961.171949,3013.759204
2726.014082,2792.544968,2818.442748,2853.119226,2878.285714,2938.942402,2961.117038,3013.768314
2725.996626,2792.536009,2818.440076,2853.110402,2878.285714,2938.950370,2961.127846,3013.785483
2725.948818,2792.513689,2818.426534,2853.153743,2878.142857,2939.055588,2961.233262,3013.851562
2725.904599,2792.492361,2818.414114,2853.155481,2878.142857,2939.079847,2961.263793,3013.896271
2725.898510,2792.489429,2818.412401,2853.155703,2878.142857,2939.083186,2961.267987,3013.902431
2725.856209,2792.466427,2818.402397,2853.160630,2878.142857,2939.027862,2961.223712,3013.927888
2725.854883,2792.466236,2818.400476,2853.165539,2878.142857,2939.030960,2961.226486,3013.929903
2725.849671,2792.463131,2818.400241,2853.165991,2878.142857,2939.032264,2961.228582,3013.934830
2725.847637,2792.462457,2818.400630,2853.150118,2878.142857,2939.029788,2961.227713,3013.935342
2725.839162,2792.458176,2818.392834,2853.199381,2878.142857,2939.038919,2961.236740,3013.945285
2725.834301,2792.455565,2818.395792,2853.172406,2878.142857,2939.039233,2961.238288,3013.949595
2725.833168,2792.330905,2818.595280,2848.258863,2861.150726,2939.106791,2961.176304,3014.116528
2725.747995,2792.414379,2818.372441,2853.159009,2878.142857,2939.084684,2961.296690,3014.036021
2725.725460,2792.404929,2818.363445,2853.174724,2878.142857,2939.177987,2961.387576,3014.077235
2725.711071,2792.399037,2818.359782,2853.163025,2878.142857,2939.186032,2961.397383,3014.091965
2725.693873,2792.389918,2818.354375,2853.177780,2878.142857,2939.195345,2961.409235,3014.109144
2725.681316,2792.384375,2818.351072,2853.172226,2878.142857,2939.201957,2961.418119,3014.121760
2725.632247,2792.360544,2818.330681,2853.220572,2878.142857,2939.153255,2961.380244,3014.154700
2725.629612,2792.358488,2818.335610,2853.177617,2878.142857,2939.157924,2961.385071,3014.158219
2725.622514,2792.356535,2818.334774,2853.170716,2878.142857,2939.234542,2961.458367,3014.181278
2725.590251,2792.216934,2818.526640,2848.333076,2861.223304,2939.241506,2961.347631,3014.361721
2725.576633,2792.333567,2818.321692,2853.181292,2878.142857,2939.259639,2961.489685,3014.227638
2725.564101,2792.327574,2818.318188,2853.179331,2878.142857,2939.266535,2961.499024,3014.240261
2725.554819,2792.321694,2818.314671,2853.199231,2878.142857,2939.193794,2961.432328,3014.232229
2725.552036,2792.320082,2818.314702,2853.198402,2878.142857,2939.195825,2961.434477,3014.235217
2725.543736,2792.317776,2818.312473,2853.179846,2878.142857,2939.277696,2961.513125,3014.260837
2725.528472,2792.310297,2818.308155,2853.182387,2878.142857,2939.286096,2961.523298,3014.276364
2725.493774,2792.293904,2818.297696,2853.190726,2878.142857,2939.305626,2961.547109,3014.311466
2725.464285,2792.277147,2818.291149,2853.204341,2878.142857,2939.244296,2961.495302,3014.323897
2725.461471,2792.275976,2818.290277,2853.202146,2878.142857,2939.245496,2961.497029,3014.326659
2725.455558,2792.259766,2818.282151,2853.290092,2878.142857,2939.250564,2961.502553,3014.333207
2725.436510,2792.268236,2818.282682,2853.125943,2878.285714,2939.337896,2961.589816,3014.369419
2725.413930,2792.211998,2818.262775,2853.289504,2878.285714,2939.349668,2961.604191,3014.392314
2725.375414,2792.235750,2818.263699,2853.171118,2878.285714,2939.293552,2961.558718,3014.413660
2725.360614,2792.229619,2818.261935,2853.138978,2878.285714,2939.304779,2961.571632,3014.429465
2725.346680,2792.222545,2818.257341,2853.154060,2878.285714,2939.311003,2961.580016,3014.443105
2725.318733,2792.209072,2818.250263,2853.148277,2878.285714,2939.326609,2961.599605,3014.471409
2725.317977,2792.206701,2818.248979,2853.171935,2878.285714,2939.328107,2961.601024,3014.472362
2725.299542,2792.200002,2818.244972,2853.145764,2878.285714,2939.337873,2961.613430,3014.491019
2725.271281,2792.188170,2818.236180,2853.139206,2878.285714,2939.428528,2961.703236,3014.536392
2725.247091,2792.174108,2818.230832,2853.155316,2878.285714,2939.363321,2961.646805,3014.543082
2725.223932,2792.161964,2818.222795,2853.174792,2878.285714,2939.377662,2961.664180,3014.566930
2725.189285,2792.148630,2818.213139,2853.140871,2878.285714,2939.473574,2961.760520,3014.619309
2725.188290,2792.147351,2818.212290,2853.160275,2878.285714,2939.448953,2961.736397,3014.615982
2725.184046,2792.100269,2818.198001,2853.305859,2878.285714,2939.475889,2961.762953,3014.624758
2725.167476,2792.083084,2818.190590,2853.442288,2878.000000,2939.482629,2961.768917,3014.641553
2725.165235,2792.131318,2818.205417,2853.286969,2878.000000,2939.409948,2961.701700,3014.626563
2725.158805,2792.129524,2818.202833,2853.269154,2877.999998,2939.416341,2961.708991,3014.633806
2725.140188,2792.119973,2818.197706,2853.290941,2878.000000,2939.426243,2961.720295,3014.652120
2725.130879,2792.065306,2818.180273,2853.444889,2878.000000,2939.502735,2961.794205,3014.678556
2725.092873,2792.099308,2818.184608,2853.260138,2878.000000,2939.524166,2961.821195,3014.716764
2725.085433,2792.094985,2818.183477,2853.254050,2878.000000,2939.528156,2961.826516,3014.724364
2725.054455,2792.077175,2818.173336,2853.298503,2878.000000,2939.472478,2961.779842,3014.738863
2724.973178,2791.993109,2818.137199,2853.391138,2878.142857,2939.590548,2961.905894,3014.837988
2724.967561,2792.040247,2818.149781,2853.214716,2878.142857,2939.594012,2961.910326,3014.843485
2724.952994,2792.028603,2818.144578,2853.269222,2878.142857,2939.529033,2961.852025,3014.841465
2724.940162,2792.024005,2818.141770,2853.253844,2878.142857,2939.535194,2961.860146,3014.854200
2724.922347,2792.012652,2818.134984,2853.287775,2878.142857,2939.545359,2961.872526,3014.872331
2724.908530,2792.008483,2818.132905,2853.261381,2878.142857,2939.550324,2961.880152,3014.885477
2724.889344,2791.952445,2818.113595,2853.406562,2878.142857,2939.563048,2961.894953,3014.905818
2724.888621,2792.002551,2818.128927,2853.203462,2878.142857,2939.637446,2961.965510,3014.923267
2724.886250,2791.998073,2818.128103,2853.247961,2878.142857,2939.566324,2961.898796,3014.908958
2724.872757,2791.994547,2818.124110,2853.210885,2878.142857,2939.646092,2961.975901,3014.939234
2724.815692,2791.967087,2818.108446,2853.208640,2878.142857,2939.677566,2962.015793,3014.997007
2724.797728,2791.955090,2818.099577,2853.289919,2878.142855,2939.611792,2961.957012,3014.997453
2724.761401,2791.940943,2818.092865,2853.214743,2878.142857,2939.707435,2962.053271,3015.051988
2724.739952,2791.879761,2818.071505,2853.408842,2878.142857,2939.718707,2962.067043,3015.073807
2724.723027,2791.871535,2818.066735,2853.410175,2878.142857,2939.728009,2962.078737,3015.090918
2724.710292,2791.915725,2818.078938,2853.216008,2878.142857,2939.735429,2962.088228,3015.103657
2724.701887,2791.912718,2818.076020,2853.218512,2878.142857,2939.740159,2962.093871,3015.111850
2724.696536,2791.858660,2818.059275,2853.412216,2878.142857,2939.742572,2962.097045,3015.117703
2724.659312,2791.771501,2818.266094,2848.270256,2861.214375,2939.760804,2962.004164,3015.301249
2724.642554,2791.763398,2818.261123,2848.276130,2861.221584,2939.770870,2962.015770,3015.318616
2724.615261,2791.814194,2818.035150,2853.489208,2878.000000,2939.712444,2962.082394,3015.182135
2724.611790,2791.812575,2818.034187,2853.489361,2878.000000,2939.714382,2962.084807,3015.185626
2724.538038,2791.778676,2818.014210,2853.480119,2878.000000,2939.755671,2962.136446,3015.260289
2724.505094,2791.813834,2818.018928,2853.324248,2878.000000,2939.776062,2962.161152,3015.294359
2724.467869,2791.795607,2818.008756,2853.325648,2878.000000,2939.799769,2962.189521,3015.332874
2724.400669,2791.747250,2817.886928,2854.034549,2877.394637,2939.828895,2962.195677,3015.359338
2724.449872,2791.786813,2818.004399,2853.320215,2878.000000,2939.809237,2962.201715,3015.350968
2724.380267,2791.754457,2817.986336,2853.267654,2878.142857,2939.852654,2962.255859,3015.422243
2724.369171,2791.711522,2817.971509,2853.364311,2878.142857,2939.848569,2962.254836,3015.430725
2724.350577,2791.689638,2817.961948,2853.451474,2878.142857,2939.858743,2962.267562,3015.449551
2724.343943,2791.686567,2817.960166,2853.450532,2878.142857,2939.862447,2962.272187,3015.456250
2724.320412,2791.675116,2817.953614,2853.452037,2878.142857,2939.875602,2962.288650,3015.480089
2724.319364,2791.674618,2817.953229,2853.452605,2878.142857,2939.876209,2962.289400,3015.481144
2724.310363,2791.670244,2817.950726,2853.452971,2878.142857,2939.881241,2962.295706,3015.490271
2724.299232,2791.665281,2817.947708,2853.446548,2878.142857,2939.911705,2962.325105,3015.507930
2724.286606,2791.659050,2817.943004,2853.463017,2878.142857,2939.896122,2962.313565,3015.515149
2724.284133,2791.658390,2817.943595,2853.446652,2878.142857,2939.900693,2962.317907,3015.518659
2724.277213,2791.705326,2817.957567,2853.270534,2878.142857,2939.904222,2962.322749,3015.525250
2724.224259,2791.678853,2817.941367,2853.293414,2878.142857,2939.932640,2962.358685,3015.578485
2724.184129,2791.654407,2817.925747,2853.405374,2878.000000,2939.953770,2962.384184,3015.618718
2724.166093,2791.644483,2817.920386,2853.411263,2877.999998,2939.967492,2962.399692,3015.638118
2724.165639,2791.650049,2817.924635,2853.334616,2878.000000,2939.968468,2962.400828,3015.638928
2724.130844,2791.579242,2817.898501,2853.524101,2878.000000,2940.052525,2962.485419,3015.689690
2724.104408,2791.620449,2817.907001,2853.340981,2878.000000,2940.002668,2962.443665,3015.700973
2724.067906,2791.603359,2817.898595,2853.323220,2878.000000,2940.023180,2962.469413,3015.737994
2724.065285,2791.602138,2817.896048,2853.340343,2878.000000,2940.025014,2962.471394,3015.740651
2724.042897,2791.585589,2817.888412,2853.379491,2878.000000,2940.039544,2962.488659,3015.764073
2724.041585,2791.591025,2817.890980,2853.325040,2878.000000,2940.036622,2962.486732,3015.764253
2724.040064,2791.582809,2817.886299,2853.406794,2878.000000,2940.037713,2962.487846,3015.765859
2724.020566,2791.580698,2817.884473,2853.332979,2878.000000,2940.050334,2962.502973,3015.786068
2724.017716,2791.524293,2817.866657,2853.533513,2878.000000,2940.114771,2962.563646,3015.804070
2723.993745,2791.567810,2817.877318,2853.330079,2878.000000,2940.065327,2962.521805,3015.813272
2723.991435,2791.566692,2817.876696,2853.330265,2878.000000,2940.066815,2962.523593,3015.815641
2723.972002,2791.557516,2817.871146,2853.331093,2878.000000,2940.076997,2962.536587,3015.835148
2723.965336,2791.553413,2817.867371,2853.353684,2878.000000,2940.080935,2962.541339,3015.841922
2723.964202,2791.553623,2817.869331,2853.323801,2878.000000,2940.092381,2962.552944,3015.844956
2723.936212,2791.484716,2817.843722,2853.540310,2878.000000,2940.159620,2962.620011,3015.886474
2723.907455,2791.522763,2817.849681,2853.387163,2878.000000,2940.112488,2962.581129,3015.900332
2723.895319,2791.516802,2817.846204,2853.388088,2878.000000,2940.120956,2962.590699,3015.913171
2723.858166,2791.502828,2817.838893,2853.339379,2878.000000,2940.138650,2962.614655,3015.949855
2723.855517,2791.501292,2817.838416,2853.338541,2878.000000,2940.142806,2962.618680,3015.953290
2723.851652,2791.443572,2817.819897,2853.548256,2878.000000,2940.206161,2962.678503,3015.971966
2723.828877,2791.432507,2817.813488,2853.550227,2878.000000,2940.218698,2962.694251,3015.994997
2723.821166,2791.486904,2817.828320,2853.314543,2878.000000,2940.223319,2962.700294,3016.002512
2723.814791,2791.425657,2817.809520,2853.551521,2878.000000,2940.226452,2962.704010,3016.009233
2723.812009,2791.480362,2817.825617,2853.346119,2878.000000,2940.164974,2962.647337,3015.996766
2723.794152,2791.472196,2817.819958,2853.350214,2878.000000,2940.174433,2962.659382,3016.014693
2723.777271,2791.464275,2817.813287,2853.366326,2878.000000,2940.185019,2962.671986,3016.032112
2723.775231,2791.463644,2817.812171,2853.367436,2878.000000,2940.186609,2962.673807,3016.034329
2723.761005,2791.454000,2817.810293,2853.369026,2878.000000,2940.194268,2962.683607,3016.048646
2723.749760,2791.454412,2817.784622,2853.460822,2877.999678,2940.219006,2962.704577,3016.065491
2723.702371,2791.371033,2817.777885,2853.561452,2878.000000,2940.288330,2962.781752,3016.122897
2723.686581,2791.363361,2817.773441,2853.562827,2878.000000,2940.297023,2962.792680,3016.138861
2723.680000,2791.360180,2817.771598,2853.563247,2878.000000,2940.300646,2962.797230,3016.145515
2723.650494,2791.404725,2817.782382,2853.306202,2878.000000,2940.317164,2962.818143,3016.175134
2723.620385,2791.390730,2817.774167,2853.304639,2878.000000,2940.329063,2962.834483,3016.204712
2723.586697,2791.374148,2817.763692,2853.316533,2878.000000,2940.352319,2962.862145,3016.239661
2723.559283,2791.359384,2817.753321,2853.366801,2878.000000,2940.307822,2962.825335,3016.253144
2723.480764,2791.323724,2817.735348,2853.309874,2878.000000,2940.402349,2962.927450,3016.344759
2723.475157,2791.321066,2817.732914,2853.314895,2878.000000,2940.413722,2962.939525,3016.352357
2723.470318,2791.318877,2817.731685,2853.313435,2878.000000,2940.416371,2962.942835,3016.357227
2723.465209,2791.255801,2817.711170,2853.582632,2878.000000,2940.418909,2962.945818,3016.362680
2723.386016,2791.218787,2817.689797,2853.571048,2878.000000,2940.400826,2962.943569,3016.427424
2723.333188,2791.252826,2817.693162,2853.322591,2878.000000,2940.492101,2963.037576,3016.495913
2723.322482,2791.186466,2817.671016,2853.595831,2878.000000,2940.497514,2963.044574,3016.506980
2723.264972,2791.218112,2817.673673,2853.355170,2878.000000,2940.472352,2963.031431,3016.551207
2723.229651,2791.202730,2817.665146,2853.320749,2878.000000,2940.549476,2963.109246,3016.600883
2723.228674,2791.140935,2817.644656,2853.604052,2878.000000,2940.549188,2963.109486,3016.601825
2723.191802,2791.183736,2817.649418,2853.407234,2877.857143,2940.568985,2963.132971,3016.638890
2723.185924,2791.179021,2817.650491,2853.404171,2877.857143,2940.516526,2963.085363,3016.631424
2723.185596,2791.172171,2817.637970,2853.560366,2877.856951,2940.512062,2963.081428,3016.630146
2723.164959,2791.164412,2817.637691,2853.467954,2878.000000,2940.528017,2963.100805,3016.652228
2723.122630,2791.149091,2817.631826,2853.383369,2878.000000,2940.552068,2963.131087,3016.695374
2723.084819,2791.071034,2817.604174,2853.618351,2878.000000,2940.628449,2963.209047,3016.747256
2723.072207,2791.124354,2817.614681,2853.418612,2878.000000,2940.578945,2963.165102,3016.745980
2723.055877,2791.056978,2817.596034,2853.621153,2878.000000,2940.644401,2963.229095,3016.776516
2723.051980,2791.055087,2817.594937,2853.621532,2878.000000,2940.646549,2963.231790,3016.780456
2723.036820,2791.110878,2817.604783,2853.384057,2878.000000,2940.655457,2963.243194,3016.795355
2722.995084,2791.080547,2817.582616,2853.561230,2878.000000,2940.619465,2963.216354,3016.823505
2722.968553,2791.074701,2817.586620,2853.412441,2878.000000,2940.637434,2963.238125,3016.851088
2722.926720,2791.053172,2817.574425,2853.458586,2877.857143,2940.661350,2963.266458,3016.893801
2722.915778,2791.046094,2817.569156,2853.490185,2877.857143,2940.668872,2963.275114,3016.905264
2722.908923,2791.046517,2817.570527,2853.435854,2877.857143,2940.671912,2963.279468,3016.912068
2722.891808,2791.035008,2817.563943,2853.473447,2877.857143,2940.682744,2963.292395,3016.929720
2722.878342,2790.972863,2817.547288,2853.609895,2878.000000,2940.685239,2963.299341,3016.941707
2722.856485,2790.962315,2817.541177,2853.611432,2878.000000,2940.697495,2963.314650,3016.963848
2722.849720,2790.958958,2817.539253,2853.612203,2878.000000,2940.701293,2963.319416,3016.970726
2722.831304,2791.012876,2817.545394,2853.408450,2878.000000,2940.768890,2963.385630,3017.003234
2722.822530,2791.006060,2817.548481,2853.385410,2878.000000,2940.720686,2963.341747,3016.999475
2722.817730,2791.002885,2817.543847,2853.423127,2878.000000,2940.721976,2963.343760,3017.003874
2722.815122,2791.002121,2817.546652,2853.385677,2878.000000,2940.724735,2963.346885,3017.006971
2722.798380,2790.934185,2817.524863,2853.616325,2878.000000,2940.730049,2963.355364,3017.022686
2722.789457,2790.929888,2817.522369,2853.616977,2878.000000,2940.735044,2963.361609,3017.031715
2722.773970,2790.922376,2817.518021,2853.618245,2878.000000,2940.743724,2963.372466,3017.047407
2722.705809,2790.949404,2817.518951,2853.367263,2878.000000,2940.781732,2963.420311,3017.116030
2722.685773,2790.879672,2817.493282,2853.625450,2878.000000,2940.793149,2963.434278,3017.136740
2722.679978,2790.876860,2817.491655,2853.625923,2878.000000,2940.796400,2963.438343,3017.142614
2722.661050,2790.867677,2817.486351,2853.627511,2878.000000,2940.807001,2963.451606,3017.161786
2722.644203,2790.919667,2817.493068,2853.452336,2878.000000,2940.816102,2963.462757,3017.178659
2722.629153,2790.917620,2817.478612,2853.504109,2878.000000,2940.880873,2963.526207,3017.207427
2722.521613,2790.858700,2817.464606,2853.416944,2878.000000,2940.887103,2963.550860,3017.303610
2722.495771,2790.848968,2817.459643,2853.381425,2878.000000,2940.903340,2963.570494,3017.330351
2722.488688,2790.846105,2817.458727,2853.367470,2878.000000,2940.908505,2963.576471,3017.337871
2722.487825,2790.845652,2817.457574,2853.377119,2878.000000,2940.907895,2963.576153,3017.338419
2722.469421,2790.834860,2817.445768,2853.458677,2878.000000,2940.919703,2963.589572,3017.356840
2722.433602,2790.761361,2817.424119,2853.590001,2878.142857,2940.932782,2963.610966,3017.391465
2722.402488,2790.746552,2817.415513,2853.590084,2878.142857,2940.950238,2963.632789,3017.422988
2722.397900,2790.744074,2817.414113,2853.593031,2878.142857,2940.952792,2963.635992,3017.427625
2722.350931,2790.721324,2817.400948,2853.597098,2878.142857,2940.979126,2963.668920,3017.475203
2722.345939,2790.718942,2817.399569,2853.597120,2878.142857,2940.981926,2963.672424,3017.480264
2722.340470,2790.716291,2817.398043,2853.597436,2878.142857,2940.985007,2963.676265,3017.485818
2722.256642,2790.675641,2817.374524,2853.605729,2878.142857,2941.031975,2963.735003,3017.570688
2722.238587,2790.666917,2817.369466,2853.606807,2878.142857,2941.042118,2963.747686,3017.589000
2722.224563,2790.660108,2817.365537,2853.608160,2878.142857,2941.049976,2963.757514,3017.603202
2722.224157,2790.659934,2817.365430,2853.608088,2878.142857,2941.050206,2963.757796,3017.603609
2722.214615,2790.651478,2817.361161,2853.665627,2878.000000,2941.057266,2963.764563,3017.613985
2722.195178,2790.704940,2817.376273,2853.388536,2878.000000,2941.067678,2963.778018,3017.633153
2722.154237,2790.622231,2817.344222,2853.670892,2878.000000,2941.091119,2963.806897,3017.675155
2722.125251,2790.670619,2817.356849,2853.422025,2877.857143,2941.113930,2963.831219,3017.706711
2722.107972,2790.557427,2817.552500,2848.050923,2861.135863,2941.187996,2963.802936,3017.878294
2722.106146,2790.556563,2817.551993,2848.050842,2861.135847,2941.189039,2963.804237,3017.880141
2722.024413,2790.552696,2817.304447,2853.781858,2877.857143,2941.212280,2963.940933,3017.819347
2722.023064,2790.621026,2817.323883,2853.473771,2877.857143,2941.169541,2963.901327,3017.809650
2721.989248,2790.605824,2817.317583,2853.438245,2877.857143,2941.188516,2963.925131,3017.843951
2721.969790,2790.596499,2817.307393,2853.482579,2877.857143,2941.199101,2963.938312,3017.863516
2721.939576,2790.591336,2817.264163,2853.751471,2877.857143,2941.261373,2964.002549,3017.904309
2721.934857,2790.475183,2817.504767,2848.034924,2861.129069,2941.283852,2963.925428,3018.052597
2721.926979,2790.469507,2817.503086,2848.010480,2861.132408,2941.288991,2963.927453,3018.062284
2721.841163,2790.481018,2817.259204,2853.636203,2877.857143,2941.273224,2964.030453,3017.994813
2721.791927,2790.443161,2817.240991,2853.757474,2877.857143,2941.295911,2964.060946,3018.042838
2721.771253,2790.433177,2817.235195,2853.759491,2877.857143,2941.307495,2964.075429,3018.063761
2721.763422,2790.496978,2817.254242,2853.459522,2877.857143,2941.315773,2964.083837,3018.072810
2721.760649,2790.493651,2817.249319,2853.509675,2877.857143,2941.316493,2964.084937,3018.075382
2721.759956,2790.498047,2817.221553,2853.732618,2877.857143,2941.311329,2964.078590,3018.074581
2721.752732,2790.421514,2817.227937,2853.809279,2877.857143,2941.362293,2964.129259,3018.093997
2721.738957,2790.417535,2817.226132,2853.762573,2877.857143,2941.325597,2964.098071,3018.096476
2721.738212,2790.481939,2817.244015,2853.502486,2877.857143,2941.328367,2964.100251,3018.097943
2721.702514,2790.399904,2817.215924,2853.765873,2877.857143,2941.346049,2964.123629,3018.133390
2721.701278,2790.399314,2817.215582,2853.765841,2877.857143,2941.346737,2964.124496,3018.134639
2721.695583,2790.396542,2817.213977,2853.766467,2877.857143,2941.349933,2964.128495,3018.140414
2721.684627,2790.459377,2817.231429,2853.466764,2877.857143,2941.360421,2964.139515,3018.152728
2721.673311,2790.385778,2817.207740,2853.768545,2877.857143,2941.362418,2964.144104,3018.162962
2721.666645,2790.451216,2817.229143,2853.439848,2877.857143,2941.365968,2964.148689,3018.169219
2721.620102,2790.440070,2817.169523,2853.810215,2877.857143,2941.438066,2964.224419,3018.227250
2721.575002,2790.337567,2817.176713,2853.831070,2877.857143,2941.460558,2964.252625,3018.273642
2721.546475,2790.382471,2817.187606,2853.573430,2877.857143,2941.436230,2964.234971,3018.292268
2721.519149,2790.391889,2817.140978,2853.817908,2877.857143,2941.493887,2964.294570,3018.329360
2721.504531,2790.373552,2817.180409,2853.480329,2877.857143,2941.460400,2964.264903,3018.334864
2721.480734,2790.362960,2817.175741,2853.457402,2877.857143,2941.475020,2964.282709,3018.359350
2721.479428,2790.362310,2817.174405,2853.466509,2877.857143,2941.475268,2964.283190,3018.360541
2721.435885,2790.342635,2817.163350,2853.424552,2878.000000,2941.498397,2964.314094,3018.404031
2721.421735,2790.265686,2817.136431,2853.786685,2878.000000,2941.546052,2964.361207,3018.428544
2721.419151,2790.334466,2817.158404,2853.429398,2878.000000,2941.507475,2964.325615,3018.420873
2721.352937,2790.312636,2817.096966,2853.773654,2878.000000,2941.586512,2964.411861,3018.497339
2721.310116,2790.275680,2817.124181,2853.504432,2878.000000,2941.566680,2964.400383,3018.530782
2721.303566,2790.249456,2817.113055,2853.612105,2878.000000,2941.571571,2964.405871,3018.537832
2721.295577,2790.207552,2817.103520,2853.737131,2878.142857,2941.616605,2964.451054,3018.556029
2721.280114,2790.268275,2817.121401,2853.392907,2878.142857,2941.583664,2964.422969,3018.560957
2721.274267,2790.274001,2817.081309,2853.690884,2878.142857,2941.630583,2964.468714,3018.576873
2721.272853,2790.264893,2817.118858,2853.398497,2878.142857,2941.586160,2964.426744,3018.567844
2721.142565,2790.135786,2817.054849,2853.825310,2878.000000,2941.700579,2964.555189,3018.710706
2721.135298,2790.208064,2817.038678,2853.764734,2878.000000,2941.706623,2964.562726,3018.717317
2721.088097,2790.175541,2817.064330,2853.464791,2878.000000,2941.692786,2964.557322,3018.756056
2721.081120,2790.173906,2817.053213,2853.585017,2877.998107,2941.689494,2964.555175,3018.758172
2721.077640,2790.170690,2817.058922,2853.488139,2878.000000,2941.696017,2964.562409,3018.765856
2721.054370,2790.160056,2817.056964,2853.443796,2878.000000,2941.711282,2964.580811,3018.790132
2721.019115,2790.142832,2817.049184,2853.429545,2878.000000,2941.731071,2964.605557,3018.825814
2720.993690,2790.130035,2817.031171,2853.534312,2878.000000,2941.742646,2964.620756,3018.850725
2720.971253,2790.119697,2817.035536,2853.435853,2878.000000,2941.758310,2964.639423,3018.874405
2720.960391,2790.113278,2817.021663,2853.548871,2878.000000,2941.761992,2964.644492,3018.884341
2720.945478,2790.108370,2817.023781,2853.473832,2878.000000,2941.771325,2964.656085,3018.900048
2720.897792,2790.077329,2816.998672,2853.632939,2878.000000,2941.796485,2964.687703,3018.947919
2720.880531,2790.074393,2816.991093,2853.631278,2878.000000,2941.804648,2964.698580,3018.964739
2720.851167,2790.054596,2816.989973,2853.586166,2877.999960,2941.823122,2964.721509,3018.996017
2720.849837,2790.053608,2816.992747,2853.568458,2878.000000,2941.824168,2964.722393,3018.996679
2720.840684,2790.071682,2816.941040,2853.934867,2877.857143,2941.869493,2964.766039,3019.015306
2720.837400,2790.069158,2816.941690,2853.924088,2877.857143,2941.871051,2964.767851,3019.018415
2720.837427,2789.998328,2816.959513,2853.933445,2877.857143,2941.869048,2964.765431,3019.019090
2720.822406,2790.049556,2816.984906,2853.545522,2877.857143,2941.841778,2964.742061,3019.025288
2720.733807,2790.002208,2816.960566,2853.601948,2877.714286,2941.890508,2964.802102,3019.114761
2720.713452,2789.934553,2816.943198,2853.758668,2877.714286,2941.905902,2964.820012,3019.137234
2720.678339,2789.901475,2816.927331,2853.911513,2877.714286,2941.922169,2964.841926,3019.171383
2720.677829,2789.901225,2816.927188,2853.911557,2877.714286,2941.922450,2964.842285,3019.171899
2720.677340,2789.900996,2816.927054,2853.911558,2877.714286,2941.922727,2964.842626,3019.172394
2720.664930,2789.894995,2816.923578,2853.912757,2877.714286,2941.929690,2964.851335,3019.184966
2720.653501,2789.966683,2816.932362,2853.639803,2877.714286,2941.936924,2964.859318,3019.196573
2720.645026,2789.961365,2816.922818,2853.717920,2877.714286,2941.937177,2964.861316,3019.203575
2720.640518,2789.883226,2816.916754,2853.915136,2877.714286,2941.943385,2964.868445,3019.209677
2720.623703,2789.875105,2816.912047,2853.916549,2877.714286,2941.952824,2964.880253,3019.226717
2720.582669,2789.934355,2816.918572,2853.580630,2877.714286,2941.972634,2964.906013,3019.266712
2720.563189,2789.845904,2816.895123,2853.922120,2877.714286,2941.986778,2964.922705,3019.288000
2720.525447,2789.907793,2816.895487,2853.642783,2877.714286,2942.007358,2964.947956,3019.325891
2720.513339,2789.898709,2816.903190,2853.562858,2877.714286,2942.018034,2964.959902,3019.339358
2720.471583,2789.882392,2816.880050,2853.647935,2877.714286,2942.032283,2964.981646,3019.378383
2720.464215,2789.878942,2816.877104,2853.655777,2877.714286,2942.036161,2964.986575,3019.385769
2720.463564,2789.797844,2816.867267,2853.931301,2877.714286,2942.042703,2964.992603,3019.388902
2720.383909,2789.791170,2816.826234,2853.993040,2877.857143,2942.120427,2965.080934,3019.477430
2720.376780,2789.788018,2816.824106,2853.993798,2877.857143,2942.124380,2965.085891,3019.484633
2720.327306,2789.741272,2816.831057,2853.863543,2877.857143,2942.121843,2965.091553,3019.527895
2720.298837,2789.798355,2816.843550,2853.538775,2877.857143,2942.135529,2965.109394,3019.555503
2720.244202,2789.727606,2816.785227,2854.010565,2877.857143,2942.197893,2965.178145,3019.618623
2720.184701,2789.742988,2816.807971,2853.607039,2877.714286,2942.201265,2965.189344,3019.671764
2720.169932,2789.737034,2816.802193,2853.616150,2877.714286,2942.209024,2965.199236,3019.686494
2720.165469,2789.737852,2816.789425,2853.702014,2877.714286,2942.207173,2965.198565,3019.689730
2720.159856,2789.694533,2816.754630,2854.078806,2877.714286,2942.244206,2965.235060,3019.703856
2720.150352,2789.728503,2816.793182,2853.643553,2877.714286,2942.218569,2965.211724,3019.705911
2720.142409,2789.724978,2816.792613,2853.626963,2877.714286,2942.221541,2965.216151,3019.713533
2720.124624,2789.713180,2816.791756,2853.614348,2877.714262,2942.234224,2965.230831,3019.732290
2720.123987,2789.713603,2816.790867,2853.617449,2877.714286,2942.233767,2965.230493,3019.732707
2720.106088,2789.709214,2816.774944,2853.688160,2877.714286,2942.239649,2965.239558,3019.749606
2720.096626,2789.703034,2816.770294,2853.718194,2877.714286,2942.246673,2965.247527,3019.759613
2720.061057,2789.685700,2816.764911,2853.680180,2877.714286,2942.266944,2965.272894,3019.795802
2720.044532,2789.679316,2816.761114,2853.664035,2877.714286,2942.275698,2965.284055,3019.812423
2720.021569,2789.668012,2816.752133,2853.692271,2877.714286,2942.288378,2965.299915,3019.835541
2720.018643,2789.668048,2816.747982,2853.713077,2877.714286,2942.290027,2965.301956,3019.838508
2720.000191,2789.657957,2816.749342,2853.662373,2877.714286,2942.302262,2965.316574,3019.857768
2719.959292,2789.562046,2816.722321,2853.986233,2877.714286,2942.326967,2965.347273,3019.900352
2719.935619,2789.555230,2816.708199,2854.049038,2877.714286,2942.340051,2965.363593,3019.924149
2719.929219,2789.571888,2816.718695,2853.813505,2877.714286,2942.344707,2965.368967,3019.930815
2719.923580,2789.622875,2816.714968,2853.777042,2877.714286,2942.340801,2965.366397,3019.933965
2719.894711,2789.609249,2816.709274,2853.756096,2877.714286,2942.357818,2965.387330,3019.963457
2719.888969,2789.602830,2816.721725,2853.652269,2877.714286,2942.363587,2965.393724,3019.970040
2719.888284,2789.535926,2816.699321,2853.987905,2877.714286,2942.367485,2965.397527,3019.972317
2719.856328,2789.607092,2816.652368,2854.125113,2877.714286,2942.413924,2965.447908,3020.010107
2719.850772,2789.583857,2816.700701,2853.747367,2877.714286,2942.382943,2965.419003,3020.008273
2719.834672,2789.567476,2816.692439,2853.828352,2877.714286,2942.393118,2965.430892,3020.024685
2719.835032,2789.503927,2816.687500,2853.988589,2877.714286,2942.398871,2965.436197,3020.026756
2719.821683,2789.589373,2816.645900,2854.101173,2877.714286,2942.432893,2965.471769,3020.045103
2719.820559,2789.574164,2816.688779,2853.757046,2877.714286,2942.399543,2965.439414,3020.038566
2719.815355,2789.569711,2816.690404,2853.740947,2877.714286,2942.403411,2965.443941,3020.044120
2719.790688,2789.558819,2816.686945,2853.705489,2877.714286,2942.416937,2965.461076,3020.069059
2719.787357,2789.558503,2816.680010,2853.753249,2877.714286,2942.418471,2965.463031,3020.072276
2719.778045,2789.549977,2816.671369,2853.832801,2877.714286,2942.422609,2965.468515,3020.081301
2719.766844,2789.516628,2816.639628,2854.124736,2877.714286,2942.462258,2965.508670,3020.101043
2719.765923,2789.534014,2816.694570,2853.648848,2877.714286,2942.436885,2965.483710,3020.096003
2719.761917,2789.459790,2816.671323,2853.994263,2877.714286,2942.436547,2965.484914,3020.099469
2719.752758,2789.538783,2816.687654,2853.616988,2877.714286,2942.442845,2965.491676,3020.108899
2719.743335,2789.528783,2816.669947,2853.781313,2877.714286,2942.443747,2965.494422,3020.117071
2719.736207,2789.534616,2816.663556,2853.773608,2877.714286,2942.445528,2965.497499,3020.123575
2719.706326,2789.528363,2816.629078,2853.986167,2877.714286,2942.495752,2965.550592,3020.161824
2719.650393,2789.487950,2816.670302,2853.535066,2877.714286,2942.502045,2965.565184,3020.213065
2719.636284,2789.479463,2816.664680,2853.562929,2877.714286,2942.511750,2965.576428,3020.227834
2719.633354,2789.397926,2816.635483,2854.005367,2877.714286,2942.508757,2965.575160,3020.229669
2719.606967,2789.467478,2816.657474,2853.542939,2877.714286,2942.528078,2965.596935,3020.257527
2719.555259,2789.449846,2816.609105,2853.813172,2877.714286,2942.547164,2965.624400,3020.306664
2719.506506,2789.418590,2816.597569,2853.856203,2877.571429,2942.577589,2965.659940,3020.357225
2719.488747,2789.411789,2816.581095,2853.950855,2877.571429,2942.584391,2965.669687,3020.374225
2719.456390,2789.372744,2816.582165,2853.963017,2877.571429,2942.606671,2965.696121,3020.408504
2719.427330,2789.404418,2816.529194,2854.177211,2877.714286,2942.651859,2965.746567,3020.443804
2719.399431,2789.351022,2816.532347,2854.165232,2877.714286,2942.666203,2965.764529,3020.472359
2719.367970,2789.330495,2816.528966,2854.114274,2877.857143,2942.684087,2965.788162,3020.504157
2719.345003,2789.320121,2816.522274,2854.116836,2877.857143,2942.696837,2965.804155,3020.527367
2719.293324,2789.296740,2816.507234,2854.122610,2877.857143,2942.725524,2965.840140,3020.579593
2719.280179,2789.290861,2816.503384,2854.124091,2877.857143,2942.732830,2965.849304,3020.592878
2719.197310,2789.260252,2816.512048,2853.903809,2877.714286,2942.751085,2965.878178,3020.669966
2719.157617,2789.241705,2816.462134,2854.190936,2877.714286,2942.800469,2965.932960,3020.716741
2719.149559,2789.248043,2816.505542,2853.795679,2877.714286,2942.778710,2965.912577,3020.718588
2719.132768,2789.234627,2816.497421,2853.851604,2877.714286,2942.787503,2965.923820,3020.735449
2719.126742,2789.228105,2816.453059,2854.193925,2877.714286,2942.817628,2965.954484,3020.747942
2719.112683,2789.221816,2816.448960,2854.195356,2877.714286,2942.825438,2965.964287,3020.762146
2719.107268,2789.167117,2816.476006,2854.107046,2877.714286,2942.803920,2965.943901,3020.762501
2719.095402,2789.213969,2816.443968,2854.197118,2877.714286,2942.835034,2965.976320,3020.779612
2719.083097,2789.217640,2816.486079,2853.803044,2877.714286,2942.815562,2965.958632,3020.785762
2719.033987,2789.186070,2816.426214,2854.203810,2877.714286,2942.869140,2966.019103,3020.841681
2719.017756,2789.194015,2816.452072,2853.910575,2877.714286,2942.847004,2965.999889,3020.850259
2719.006050,2789.179239,2816.475568,2853.715688,2877.714286,2942.862237,2966.015843,3020.864807
2718.990483,2789.173290,2816.481752,2853.613776,2877.714286,2942.873402,2966.028762,3020.881447
2718.990417,2789.166460,2816.413572,2854.208174,2877.714286,2942.893342,2966.049463,3020.885710
2718.978588,2789.163754,2816.477155,2853.647010,2877.714286,2942.880511,2966.037456,3020.893600
2718.934491,2789.152428,2816.445642,2853.770256,2877.714286,2942.897755,2966.061932,3020.935912
2718.911085,2789.139732,2816.444048,2853.736159,2877.714286,2942.912440,2966.079713,3020.960073
2718.889868,2789.130574,2816.431106,2853.796711,2877.714286,2942.921889,2966.092508,3020.980780
2718.842562,2789.107085,2816.412941,2853.849626,2877.714286,2942.948163,2966.125379,3021.028537
2718.806618,2789.081817,2816.426658,2853.682735,2877.714286,2942.975498,2966.156809,3021.067209
2718.804949,2789.093132,2816.393538,2853.914513,2877.714286,2942.966510,2966.149294,3021.065613
2718.789611,2789.076096,2816.355372,2854.228346,2877.714286,2943.004900,2966.189377,3021.088650
2718.782807,2789.073407,2816.353286,2854.228820,2877.714286,2943.008690,2966.194135,3021.095520
2718.766302,2789.064510,2816.420231,2853.632716,2877.714286,2942.998706,2966.185555,3021.108233
2718.756985,2789.024188,2816.406490,2853.685232,2877.857143,2943.001562,2966.191852,3021.117105
2718.730438,2789.045070,2816.414037,2853.593872,2877.857143,2943.018907,2966.212235,3021.144371
2718.703949,2789.038324,2816.410654,2853.526786,2877.857143,2943.031459,2966.229060,3021.170407
2718.693148,2788.950558,2816.373773,2854.055701,2877.857143,2943.039451,2966.238405,3021.182731
2718.678192,2789.022127,2816.402059,2853.563695,2877.857143,2943.048166,2966.248912,3021.197238
2718.675508,2789.023708,2816.402204,2853.539633,2877.857143,2943.050734,2966.251667,3021.200214
2718.674142,2789.032107,2816.361544,2853.857462,2877.857143,2943.053469,2966.255627,3021.201122
2718.620165,2789.010947,2816.330031,2854.006185,2877.714286,2943.066396,2966.275658,3021.251652
2718.611050,2789.018532,2816.297412,2854.257771,2877.714286,2943.104641,2966.314329,3021.268755
2718.587587,2788.985292,2816.296925,2854.248012,2877.714286,2943.117159,2966.330168,3021.292813
2718.563925,2788.970383,2816.369933,2853.577962,2877.714286,2943.112657,2966.327988,3021.313249
2718.561994,2788.968117,2816.368109,2853.599797,2877.714286,2943.113795,2966.329275,3021.315198
2718.534693,2788.965611,2816.315343,2853.950541,2877.714286,2943.116677,2966.337655,3021.338892
2718.530783,2788.968497,2816.305205,2854.010804,2877.714286,2943.116263,2966.338225,3021.342035
2718.478774,2788.937827,2816.308325,2853.881941,2877.714286,2943.151186,2966.379684,3021.396373
2718.470389,2788.932722,2816.263040,2854.259143,2877.714286,2943.182301,2966.411862,3021.411254
2718.415861,2788.898932,2816.328442,2853.577856,2877.857143,2943.195045,2966.432542,3021.462732
2718.397679,2788.892548,2816.292970,2853.843787,2877.857143,2943.196718,2966.437827,3021.478227
2718.379025,2788.885912,2816.278113,2853.918920,2877.857143,2943.205202,2966.449186,3021.496465
2718.360798,2788.873362,2816.289777,2853.790127,2877.857143,2943.218981,2966.465226,3021.516110
2718.351700,2788.875597,2816.285648,2853.764958,2877.857143,2943.222035,2966.469874,3021.524767
2718.348631,2788.867597,2816.292999,2853.726744,2877.857103,2943.228420,2966.475130,3021.529519
2718.272016,2788.765051,2816.249727,2854.087947,2877.857143,2943.267860,2966.527450,3021.606009
2718.227253,2788.819233,2816.223330,2854.044809,2877.571429,2943.289894,2966.552799,3021.650405
2718.225160,2788.808007,2816.234286,2853.990029,2877.571429,2943.295409,2966.557895,3021.653802
2718.173387,2788.795377,2816.209060,2854.032681,2877.571429,2943.320556,2966.590864,3021.705036
2718.156920,2788.779563,2816.244308,2853.710864,2877.571429,2943.337598,2966.609264,3021.724328
2718.126241,2788.711862,2816.196079,2854.184886,2877.571429,2943.348198,2966.625928,3021.753323
2718.098055,2788.764763,2816.178581,2854.099218,2877.571429,2943.355171,2966.637507,3021.778484
2718.077400,2788.689836,2816.181966,2854.188955,2877.571429,2943.375373,2966.660008,3021.802670
2718.018186,2788.727100,2816.152410,2854.141068,2877.571429,2943.404264,2966.696991,3021.861023
2717.993757,2788.712439,2816.154550,2854.072696,2877.571429,2943.418964,2966.714938,3021.886155
2717.960176,2788.631967,2816.157928,2854.104399,2877.571429,2943.448507,2966.748049,3021.923734
2717.936467,2788.689245,2816.130955,2854.128663,2877.571429,2943.445103,2966.750342,3021.941766
2717.909932,2788.614466,2816.133564,2854.202709,2877.571429,2943.468588,2966.776867,3021.971890
2717.905039,2788.673221,2816.125662,2854.103409,2877.571429,2943.463520,2966.773139,3021.973811
2717.877802,2788.598711,2816.124349,2854.209839,2877.571429,2943.488087,2966.800558,3022.005239
2717.835889,2788.581192,2816.112169,2854.208714,2877.571429,2943.509810,2966.828541,3022.046709
2717.815872,2788.628000,2816.108936,2854.047199,2877.571429,2943.515696,2966.837542,3022.064716
2717.783778,2788.597881,2816.151381,2853.665621,2877.571429,2943.551330,2966.874602,3022.103306
2717.774917,2788.603904,2816.108578,2853.974913,2877.571429,2943.546513,2966.872503,3022.108933
2717.771204,2788.611907,2816.081004,2854.172147,2877.571429,2943.544995,2966.872529,3022.110924
2717.767201,2788.581087,2816.139050,2853.763229,2877.571429,2943.562198,2966.887539,3022.120496
2717.738264,2788.595531,2816.076348,2854.134391,2877.571429,2943.557424,2966.890375,3022.142901
2717.725382,2788.588335,2816.073790,2854.128513,2877.571429,2943.565267,2966.899765,3022.156264
2717.723567,2788.589127,2816.070321,2854.150234,2877.571429,2943.564333,2966.899517,3022.157220
2717.692153,2788.567639,2816.079135,2854.019807,2877.571429,2943.589759,2966.928024,3022.191877
2717.668049,2788.563018,2816.054400,2854.157244,2877.571429,2943.595396,2966.938408,3022.213386
2717.621675,2788.485090,2816.050298,2854.225794,2877.571429,2943.629098,2966.978067,3022.263164
2717.447420,2788.454111,2816.007338,2854.030547,2877.857143,2943.724447,2967.099862,3022.438287
2717.422477,2788.454666,2815.967198,2854.308108,2877.857143,2943.765456,2967.144118,3022.470232
2717.411273,2788.430095,2815.997356,2854.065500,2877.857143,2943.745893,2967.126259,3022.475245
2717.403972,2788.444671,2815.962411,2854.306685,2877.857143,2943.775718,2967.157048,3022.488935
2717.384045,2788.422932,2815.991926,2854.020052,2877.857143,2943.761060,2967.145205,3022.502708
2717.330857,2788.347840,2815.973542,2854.184927,2877.857143,2943.795264,2967.186860,3022.558429
2717.315246,2788.378151,2815.971689,2854.091582,2877.857143,2943.800886,2967.194610,3022.572771
2717.289960,2788.377416,2815.961198,2854.073709,2877.857143,2943.812288,2967.210043,3022.597472
2717.289285,2788.376989,2815.961093,2854.073488,2877.857143,2943.812701,2967.210549,3022.598166
2717.270328,2788.368723,2815.953554,2854.107470,2877.714286,2943.825226,2967.224096,3022.618048
2717.180979,2788.317968,2815.934300,2854.098138,2877.714286,2943.877043,2967.288383,3022.709094
2717.091430,2788.237720,2815.902305,2854.248291,2877.714286,2943.929901,2967.353883,3022.800972
2717.064065,2788.285888,2815.864183,2854.373839,2877.714286,2943.964271,2967.392252,3022.832554
2717.058568,2788.275341,2815.882859,2854.198946,2877.714286,2943.940595,2967.369814,3022.831301
2717.040114,2788.217395,2815.888951,2854.226958,2877.714286,2943.958456,2967.389651,3022.852792
2717.029197,2788.269406,2815.854476,2854.376115,2877.714286,2943.983673,2967.416556,3022.867801
2717.008880,2788.250253,2815.873902,2854.163591,2877.714286,2943.969850,2967.405902,3022.881954
2717.006213,2788.235314,2815.898731,2853.993218,2877.714286,2943.978152,2967.413540,3022.886822
2716.980681,2788.227853,2815.887342,2854.011156,2877.714286,2943.991128,2967.430129,3022.912230
2716.876132,2788.171104,2815.872462,2853.936978,2877.571429,2944.056548,2967.508001,3023.020183
2716.823188,2788.145289,2815.885528,2853.694665,2877.571429,2944.090613,2967.548646,3023.075431
2716.816223,2788.146901,2815.850652,2853.964076,2877.571429,2944.088335,2967.548435,3023.080466
2716.815781,2788.150019,2815.841799,2854.028621,2877.571429,2944.085393,2967.546168,3023.079795
2716.804495,2788.151338,2815.818703,2854.182474,2877.571429,2944.086863,2967.550073,3023.089668
2716.792115,2788.142512,2815.826103,2854.094896,2877.571429,2944.095774,2967.560286,3023.102888
2716.777216,2788.122704,2815.876023,2853.675220,2877.571429,2944.119712,2967.583683,3023.122837
2716.734613,2788.085438,2815.794676,2854.307418,2877.571429,2944.128279,2967.601667,3023.161474
2716.708064,2788.067831,2815.787545,2854.325741,2877.571429,2944.143852,2967.620770,3023.188619
2716.693823,2788.104816,2815.775925,2854.276840,2877.571429,2944.144857,2967.624290,3023.200424
2716.682310,2788.070333,2815.777413,2854.305193,2877.571429,2944.155161,2967.636027,3023.213612
2716.653010,2788.081604,2815.775171,2854.194743,2877.571429,2944.170830,2967.655501,3023.242737
2716.647492,2788.057201,2815.837565,2853.726734,2877.571429,2944.189248,2967.672062,3023.253078
2716.629685,2788.065640,2815.777278,2854.139628,2877.571429,2944.186858,2967.674267,3023.267179
2716.615900,2788.066028,2815.760403,2854.231746,2877.571429,2944.191365,2967.681347,3023.280068
2716.607778,2788.054349,2815.763808,2854.215566,2877.571429,2944.198121,2967.688953,3023.288952
2716.606194,2788.012366,2815.763278,2854.317020,2877.571429,2944.202704,2967.693712,3023.292297
2716.594853,2788.057298,2815.750442,2854.266485,2877.571429,2944.202005,2967.695090,3023.301040
2716.594590,2788.031714,2815.752967,2854.305240,2877.571429,2944.204798,2967.697953,3023.302419
2716.589288,2788.055022,2815.749261,2854.260494,2877.571429,2944.203422,2967.697490,3023.306148
2716.579246,2788.044231,2815.762120,2854.141957,2877.571429,2944.212970,2967.707956,3023.317505
2716.521700,2788.031515,2815.708038,2854.471516,2877.428571,2944.265161,2967.767114,3023.380900
2716.520621,2788.024576,2815.723284,2854.330097,2877.428571,2944.241788,2967.744731,3023.375678
2716.516190,2788.022010,2815.723556,2854.319039,2877.428571,2944.243801,2967.747567,3023.379894
2716.488618,2788.008399,2815.717311,2854.308637,2877.428571,2944.261609,2967.768545,3023.408726
2716.484684,2788.003486,2815.723797,2854.250600,2877.428571,2944.267006,2967.773929,3023.413641
2716.465799,2787.979819,2815.760555,2853.940338,2877.428571,2944.285797,2967.793927,3023.435458
2716.459085,2787.995385,2815.707263,2854.323995,2877.428571,2944.275855,2967.787504,3023.437741
2716.400672,2787.962293,2815.705286,2854.210492,2877.571429,2944.312912,2967.833146,3023.498062
2716.387968,2787.936913,2815.755279,2853.820731,2877.571429,2944.334335,2967.853790,3023.515501
2716.344216,2787.935669,2815.688526,2854.223989,2877.571429,2944.344636,2967.872731,3023.555210
2716.322878,2787.922014,2815.674965,2854.309263,2877.571429,2944.354248,2967.885886,3023.576159
2716.280472,2787.826840,2815.689258,2854.293316,2877.428571,2944.394010,2967.928108,3023.625097
2716.275649,2787.915346,2815.639985,2854.483896,2877.428571,2944.402162,2967.938791,3023.629581
2716.264481,2787.901278,2815.658550,2854.294255,2877.428571,2944.387605,2967.926040,3023.635503
2716.248630,2787.893859,2815.653777,2854.297825,2877.428571,2944.395893,2967.936654,3023.651327
2716.239228,2787.898122,2815.629931,2854.485593,2877.428571,2944.422446,2967.964218,3023.666389
2716.209243,2787.853553,2815.639143,2854.396478,2877.428571,2944.422476,2967.968538,3023.692800
2716.198101,2787.828630,2815.642902,2854.403087,2877.428571,2944.431480,2967.978752,3023.705224
2716.187719,2787.843668,2815.633044,2854.392851,2877.428571,2944.434322,2967.983476,3023.714522
2716.177246,2787.848918,2815.628451,2854.389218,2877.428571,2944.437883,2967.988769,3023.724359
2715.985212,2787.751181,2815.576058,2854.404249,2877.428571,2944.547413,2968.125171,3023.919215
2715.972804,2787.765017,2815.573338,2854.348676,2877.428571,2944.552978,2968.132376,3023.931023
2715.872155,2787.677760,2815.568861,2854.302278,2877.428571,2944.618681,2968.210422,3024.035525
2715.851969,2787.668746,2815.558518,2854.341839,2877.428571,2944.629029,2968.223967,3024.055990
2715.842536,2787.645303,2815.549882,2854.407377,2877.428571,2944.634769,2968.231547,3024.066209
2715.840385,2787.651103,2815.553827,2854.389915,2877.428571,2944.636519,2968.233141,3024.068254
2715.820423,2787.691306,2815.536030,2854.317880,2877.428571,2944.638467,2968.239266,3024.085228
2715.818696,2787.700707,2815.513749,2854.505313,2877.428571,2944.656697,2968.257841,3024.091341
2715.733173,2787.652207,2815.503652,2854.386180,2877.428571,2944.682243,2968.296522,3024.171412
2715.723643,2787.648281,2815.500573,2854.392741,2877.428571,2944.688750,2968.304152,3024.181766
2715.700296,2787.618860,2815.496113,2854.429541,2877.428571,2944.707954,2968.325725,3024.207537
2715.680931,2787.629139,2815.489258,2854.386198,2877.428571,2944.714425,2968.335139,3024.225691
2715.662519,2787.620478,2815.481601,2854.413872,2877.428571,2944.726472,2968.349792,3024.244724
2715.660982,2787.620301,2815.482254,2854.401655,2877.428571,2944.725632,2968.349408,3024.245819
2715.648570,2787.614024,2815.478972,2854.402609,2877.428571,2944.733625,2968.358938,3024.258698
2715.644986,2787.612444,2815.478133,2854.400990,2877.428571,2944.735942,2968.361727,3024.262416
2715.623864,2787.602407,2815.469610,2854.425443,2877.285714,2944.744483,2968.372972,3024.282433
2715.542801,2787.564288,2815.447020,2854.431183,2877.285714,2944.790075,2968.429974,3024.364460
2715.539133,2787.562564,2815.445999,2854.431433,2877.285714,2944.792137,2968.432554,3024.368171
2715.534505,2787.559217,2815.448098,2854.401312,2877.428571,2944.793909,2968.436151,3024.372419
2715.521117,2787.552920,2815.444364,2854.402337,2877.428571,2944.801438,2968.445562,3024.385966
2715.483582,2787.535280,2815.433895,2854.405156,2877.428571,2944.822548,2968.471957,3024.423946
2715.449726,2787.517314,2815.428134,2854.374622,2877.571429,2944.840891,2968.496246,3024.457820
2715.409759,2787.499928,2815.418869,2854.360282,2877.571429,2944.863451,2968.524506,3024.498279
2715.408367,2787.498717,2815.416434,2854.377272,2877.571429,2944.864040,2968.525222,3024.499624
2715.332542,2787.463539,2815.394284,2854.397701,2877.571429,2944.911387,2968.582287,3024.578228
2715.278980,2787.439026,2815.377173,2854.420504,2877.428571,2944.939240,2968.616910,3024.631957
2715.272222,2787.416089,2815.423434,2854.065892,2877.428571,2944.955595,2968.631611,3024.642757
2715.265286,2787.402842,2815.458230,2853.786914,2877.428544,2944.972069,2968.646487,3024.653689
2715.263889,2787.426416,2815.387818,2854.303429,2877.428571,2944.952311,2968.631120,3024.648739
2715.240266,2787.405491,2815.396857,2854.201965,2877.428571,2944.969466,2968.650572,3024.673799
2715.218555,2787.403282,2815.378929,2854.280965,2877.428571,2944.978413,2968.663585,3024.694689
2715.195089,2787.397846,2815.359401,2854.380568,2877.428571,2944.986198,2968.675871,3024.716402
2715.168589,2787.382954,2815.359158,2854.326999,2877.428571,2945.006170,2968.698532,3024.745123
2715.154049,2787.378697,2815.348985,2854.375303,2877.428571,2945.014026,2968.708406,3024.759702
2715.132250,2787.345065,2815.340774,2854.466865,2877.428571,2945.027947,2968.725551,3024.782678
2715.128325,2787.358871,2815.355875,2854.277137,2877.428571,2945.032159,2968.729343,3024.786911
2715.119695,2787.364191,2815.332631,2854.431430,2877.428571,2945.027219,2968.727842,3024.792138
2715.091735,2787.351047,2815.324863,2854.433372,2877.428571,2945.042949,2968.747510,3024.820428
2715.070095,2787.318442,2815.378756,2853.988567,2877.428571,2945.073365,2968.777006,3024.848621
2715.055700,2787.325358,2815.338737,2854.251625,2877.428571,2945.073424,2968.780882,3024.860431
2715.043751,2787.283310,2815.324574,2854.469350,2877.428571,2945.080811,2968.790289,3024.873538
2715.034065,2787.314730,2815.308937,2854.468357,2877.428571,2945.081321,2968.792962,3024.881183
2715.007117,2787.304702,2815.318018,2854.312896,2877.428571,2945.098385,2968.813168,3024.908937
2714.993589,2787.300258,2815.310073,2854.344873,2877.428571,2945.104986,2968.821815,3024.922333
2714.991847,2787.305562,2815.296809,2854.441133,2877.428571,2945.102278,2968.819985,3024.923010
2714.969426,2787.267550,2815.335950,2854.143121,2877.428571,2945.126381,2968.844914,3024.949471
2714.954053,2787.286281,2815.288887,2854.425958,2877.428571,2945.125110,2968.847958,3024.961687
2714.932552,2787.275861,2815.284214,2854.416218,2877.428571,2945.137911,2968.863597,3024.983613
2714.917730,2787.263853,2815.290555,2854.338314,2877.428571,2945.148164,2968.875423,3024.999226
2714.908470,2787.259051,2815.273521,2854.470476,2877.428571,2945.151119,2968.880551,3025.008012
2714.906276,2787.223019,2815.285006,2854.457481,2877.428571,2945.157712,2968.886666,3025.012371
2714.874544,2787.250193,2815.263279,2854.460508,2877.428571,2945.168690,2968.903044,3025.041808
2714.868169,2787.212559,2815.282282,2854.385637,2877.428571,2945.180977,2968.914696,3025.050988
2714.854947,2787.202273,2815.269990,2854.458234,2877.428571,2945.185696,2968.922093,3025.063977
2714.802671,2787.204342,2815.245300,2854.479269,2877.428571,2945.211440,2968.955657,3025.115358
2714.754565,2787.191637,2815.236399,2854.415760,2877.428571,2945.237029,2968.988104,3025.163405
2714.687194,2787.145380,2815.239067,2854.280836,2877.428571,2945.278220,2969.038068,3025.232427
2714.660071,2787.122722,2815.255316,2854.108063,2877.571428,2945.299605,2969.062746,3025.261977
2714.660693,2787.137602,2815.220869,2854.360791,2877.571429,2945.291696,2969.056504,3025.258839
2714.654921,2787.125090,2815.231545,2854.288891,2877.571429,2945.298182,2969.063203,3025.265761
2714.642375,2787.123726,2815.206159,2854.468203,2877.571429,2945.301617,2969.069393,3025.277408
2714.629175,2787.131223,2815.205995,2854.383947,2877.571429,2945.306811,2969.076506,3025.289898
2714.610144,2787.011034,2815.491324,2847.463825,2860.993905,2945.394318,2969.102660,3025.446959
2714.606618,2787.009349,2815.490373,2847.464059,2860.994377,2945.396259,2969.105159,3025.450508
2714.574566,2787.104734,2815.192784,2854.369822,2877.571429,2945.338503,2969.115685,3025.345675
2714.557216,2787.076460,2815.248927,2853.899669,2877.571428,2945.362619,2969.139197,3025.368203
2714.534016,2787.089785,2815.173380,2854.435179,2877.571429,2945.356069,2969.140234,3025.384493
2714.531351,2787.063913,2815.236271,2853.966107,2877.571429,2945.374467,2969.155289,3025.392834
2714.516664,2787.067370,2815.169220,2854.485602,2877.428571,2945.371127,2969.155801,3025.404362
2714.510774,2787.078784,2815.162721,2854.484088,2877.428571,2945.374106,2969.159559,3025.410070
2714.508481,2787.070601,2815.176460,2854.374855,2877.428571,2945.376544,2969.161947,3025.412662
2714.404871,2787.028942,2815.135415,2854.470877,2877.571429,2945.432757,2969.234277,3025.516653
2714.349499,2786.995309,2815.122415,2854.471866,2877.571429,2945.463742,2969.273162,3025.572847
2714.301476,2786.980267,2815.104833,2854.498046,2877.285714,2945.493477,2969.306993,3025.622472
2714.282484,2786.949872,2815.134292,2854.263737,2877.285714,2945.512783,2969.326986,3025.644532
2714.269365,2786.955474,2815.113772,2854.370035,2877.285714,2945.515025,2969.332165,3025.656058
2714.241303,2786.952237,2815.086337,2854.513666,2877.285714,2945.522640,2969.345694,3025.681412
2714.199514,2786.932582,2815.074816,2854.516045,2877.285714,2945.546176,2969.375105,3025.723696
2714.169352,2786.917057,2815.072327,2854.468993,2877.285714,2945.564545,2969.397248,3025.754622
2714.158488,2786.913293,2815.063510,2854.518348,2877.285714,2945.569281,2969.403987,3025.765206
2714.141532,2786.905314,2815.058836,2854.519326,2877.285714,2945.578834,2969.415918,3025.782364
2714.137651,2786.903490,2815.057767,2854.519535,2877.285714,2945.581020,2969.418652,3025.786291
2714.130757,2786.900252,2815.055869,2854.519905,2877.285714,2945.584901,2969.423509,3025.793264
2714.129924,2786.899857,2815.055637,2854.519971,2877.285714,2945.585373,2969.424092,3025.794110
2714.129197,2786.899519,2815.055438,2854.519993,2877.285714,2945.585780,2969.424606,3025.794843
2714.124207,2786.897173,2815.054063,2854.520274,2877.285714,2945.588591,2969.428119,3025.799892
2714.105884,2786.888553,2815.049016,2854.521298,2877.285714,2945.598912,2969.441017,3025.818432
2714.058716,2786.866373,2815.036020,2854.523967,2877.285714,2945.625485,2969.474220,3025.866159
2713.991398,2786.834729,2815.017481,2854.527708,2877.285714,2945.663408,2969.521619,3025.934272
2713.987099,2786.832701,2815.016297,2854.527958,2877.285714,2945.665832,2969.524642,3025.938624
2713.985365,2786.829108,2815.023750,2854.466067,2877.285714,2945.668185,2969.527023,3025.940674
2713.946733,2786.806078,2815.024721,2854.379461,2877.285714,2945.696842,2969.559436,3025.982476
2713.937179,2786.809235,2815.002556,2854.530701,2877.285714,2945.693955,2969.559795,3025.989132
2713.932606,2786.807080,2815.001294,2854.530976,2877.285714,2945.696536,2969.563012,3025.993763
2713.922396,2786.791461,2815.020288,2854.371352,2877.285714,2945.709455,2969.575570,3026.006765
2713.873615,2786.776962,2814.991988,2854.478891,2877.285714,2945.733324,2969.607007,3026.055020
2713.882572,2786.668980,2815.294204,2847.412093,2860.988146,2945.803856,2969.618029,3026.181099
2713.796089,2786.728407,2814.986767,2854.384377,2877.285714,2945.783540,2969.666851,3026.135486
2713.762945,2786.726087,2814.955253,2854.540817,2877.285714,2945.795843,2969.685290,3026.167246
2713.738032,2786.709788,2814.962039,2854.432427,2877.285714,2945.812804,2969.705016,3026.193184
2713.708342,2786.701135,2814.940002,2854.545816,2877.285714,2945.827963,2969.724983,3026.222673
2713.700888,2786.583586,2815.245045,2847.400898,2860.988285,2945.906243,2969.746782,3026.364498
2713.636496,2786.668830,2814.919374,2854.550531,2877.285714,2945.864742,2969.772504,3026.294171
2713.619770,2786.660314,2814.914129,2854.561156,2877.285714,2945.878109,2969.787466,3026.312261
2713.582230,2786.634209,2814.906220,2854.563413,2877.285714,2945.899996,2969.814691,3026.350661
2713.572045,2786.615806,2814.910667,2854.536042,2877.428571,2945.906195,2969.823252,3026.361209
2713.562842,2786.611831,2814.939501,2854.271149,2877.428571,2945.916085,2969.832797,3026.371739
2713.555984,2786.620767,2814.921654,2854.365282,2877.428571,2945.915361,2969.833977,3026.377211
2713.551231,2786.627381,2814.900718,2854.516272,2877.428571,2945.913450,2969.833783,3026.380639
2713.511908,2786.607775,2814.891930,2854.503796,2877.428571,2945.937189,2969.862733,3026.420965
2713.484838,2786.590581,2814.881409,2854.548820,2877.428571,2945.953155,2969.882796,3026.448546
2713.486310,2786.482826,2815.187049,2847.385352,2860.986312,2946.027049,2969.898818,3026.580998
2713.463668,2786.585300,2814.874903,2854.541334,2877.428571,2945.964057,2969.896784,3026.469626
2713.438614,2786.560841,2814.895005,2854.342353,2877.571429,2945.981228,2969.917600,3026.495613
2713.429559,2786.540779,2814.913072,2854.221294,2877.571429,2945.991441,2969.927945,3026.506802
2713.415712,2786.521474,2814.874990,2854.542323,2877.571429,2945.995263,2969.935236,3026.519878
2713.412436,2786.556256,2814.863694,2854.532431,2877.571429,2945.993218,2969.934216,3026.521305
2713.393589,2786.531645,2814.900844,2854.211827,2877.571429,2946.010345,2969.951964,3026.542523
2713.389664,2786.544934,2814.857419,2854.537650,2877.571429,2946.005940,2969.950148,3026.544378
2713.386157,2786.545791,2814.856263,2854.532387,2877.571429,2946.007652,2969.952352,3026.547804
2713.374760,2786.516830,2814.895328,2854.238410,2877.571429,2946.023502,2969.967481,3026.562485
2713.351263,2786.513968,2814.890548,2854.192794,2877.571429,2946.034817,2969.982208,3026.585471
2713.351312,2786.515340,2814.888247,2854.209557,2877.571429,2946.033833,2969.981661,3026.585059
2713.336726,2786.481041,2814.855086,2854.547908,2877.571429,2946.041340,2969.992115,3026.600309
2713.315577,2786.504422,2814.863995,2854.315858,2877.428571,2946.052857,2970.004830,3026.621026
2713.294215,2786.491641,2814.862484,2854.290173,2877.428571,2946.067141,2970.021693,3026.643333
2713.221458,2786.441102,2814.819587,2854.552697,2877.428571,2946.105061,2970.070845,3026.716548
2713.189111,2786.429064,2814.839075,2854.303319,2877.428571,2946.128676,2970.097332,3026.750136
2713.183307,2786.442015,2814.826271,2854.337878,2877.428571,2946.129332,2970.099678,3026.755099
2713.178948,2786.434182,2814.834528,2854.276932,2877.428571,2946.133432,2970.103839,3026.760378
2713.173748,2786.448458,2814.800038,2854.516242,2877.428571,2946.128282,2970.101383,3026.763183
2713.131528,2786.421268,2814.805297,2854.387843,2877.428571,2946.156745,2970.134576,3026.807213
2713.079051,2786.388230,2814.814547,2854.206742,2877.428571,2946.189510,2970.173803,3026.861641
2713.072933,2786.392168,2814.793933,2854.352539,2877.428571,2946.190261,2970.176452,3026.866881
2713.051858,2786.384840,2814.782051,2854.401381,2877.428571,2946.199986,2970.189564,3026.887406
2713.026394,2786.375066,2814.770016,2854.441399,2877.428571,2946.213390,2970.206821,3026.912891
2713.006839,2786.360076,2814.777587,2854.346287,2877.428571,2946.226981,2970.222461,3026.933411
2712.966689,2786.350566,2814.743023,2854.529877,2877.285714,2946.246524,2970.247482,3026.973301
2712.956084,2786.345922,2814.735806,2854.571121,2877.285714,2946.252181,2970.254839,3026.983927
2712.945523,2786.342012,2814.733548,2854.561307,2877.285714,2946.258142,2970.262268,3026.994597
2712.938233,2786.338215,2814.730340,2854.573080,2877.285714,2946.262605,2970.267833,3027.001984
2712.933228,2786.336584,2814.730084,2854.561401,2877.285714,2946.264878,2970.270773,3027.006989
2712.910943,2786.308302,2814.735713,2854.512162,2877.285714,2946.281647,2970.289515,3027.030915
2712.893358,2786.302385,2814.744438,2854.390906,2877.285714,2946.291719,2970.302010,3027.048671
2712.887870,2786.309354,2814.720162,2854.560146,2877.285714,2946.291926,2970.303931,3027.053360
2712.878750,2786.305732,2814.716084,2854.573885,2877.285714,2946.296836,2970.310436,3027.062263
2712.872945,2786.308171,2814.713093,2854.569161,2877.285714,2946.299289,2970.313661,3027.068047
2712.830823,2786.287709,2814.701551,2854.572679,2877.285714,2946.323209,2970.343505,3027.110696
2712.745574,2786.246879,2814.678866,2854.575299,2877.285714,2946.370269,2970.402619,3027.196768
2712.695035,2786.218801,2814.664121,2854.596237,2877.285714,2946.400301,2970.439654,3027.248315
2712.684197,2786.214254,2814.668769,2854.528670,2877.285714,2946.406687,2970.447156,3027.259405
2712.680961,2786.216878,2814.661866,2854.569711,2877.285714,2946.407070,2970.448525,3027.262276
2712.655363,2786.204711,2814.652967,2854.585515,2877.285714,2946.417243,2970.463259,3027.286272
2712.654516,2786.204936,2814.653286,2854.578817,2877.285714,2946.417762,2970.463896,3027.287151
2712.577482,2786.169032,2814.633140,2854.574131,2877.285714,2946.461239,2970.518130,3027.365040
2712.562277,2786.161187,2814.628795,2854.576926,2877.285714,2946.469938,2970.528701,3027.380567
2712.491805,2786.125611,2814.617167,2854.513835,2877.142857,2946.515179,2970.581832,3027.454158
2712.468760,2786.114476,2814.601434,2854.598771,2877.142857,2946.524151,2970.595110,3027.475832
2712.461307,2786.113291,2814.601498,2854.574335,2877.142857,2946.528328,2970.600296,3027.483234
2712.456728,2786.110697,2814.598878,2854.589269,2877.142857,2946.531066,2970.603639,3027.487996
2712.443576,2786.105516,2814.597294,2854.575099,2877.285714,2946.537090,2970.612594,3027.500652
2712.417761,2786.094110,2814.590232,2854.574958,2877.285714,2946.551611,2970.630883,3027.526738
2712.345983,2786.058562,2814.572390,2854.571280,2877.285714,2946.596897,2970.685117,3027.601382
2712.331427,2786.007763,2814.602043,2854.418080,2877.285714,2946.615068,2970.702899,3027.619932
2712.312069,2786.043517,2814.561797,2854.575330,2877.142857,2946.617607,2970.709443,3027.636267
2712.295910,2786.035545,2814.558593,2854.565232,2877.142857,2946.626929,2970.720821,3027.652656
2712.281341,2786.026638,2814.560605,2854.515649,2877.142857,2946.633461,2970.729602,3027.666892
2712.258518,2786.016741,2814.547681,2854.576043,2877.142857,2946.646881,2970.746362,3027.690345
2712.221593,2785.989580,2814.563847,2854.376946,2877.142857,2946.673283,2970.776304,3027.729325
2712.171786,2785.953633,2814.541505,2854.483854,2877.142857,2946.701579,2970.811926,3027.780052
2712.170759,2785.973679,2814.525084,2854.571698,2877.142857,2946.696318,2970.808097,3027.779288
2712.156858,2785.970177,2814.519364,2854.581561,2877.142857,2946.701031,2970.815600,3027.791756
2712.133911,2785.960491,2814.514530,2854.563983,2877.142857,2946.713812,2970.831527,3027.814882
2712.041592,2785.911271,2814.487415,2854.608326,2877.142857,2946.770371,2970.900242,3027.910143
2712.047540,2785.807811,2814.799282,2847.287721,2860.980391,2946.837657,2970.918771,3028.032856
2711.997990,2785.866376,2814.487419,2854.576769,2877.142857,2946.798037,2970.933336,3027.955634
2711.982815,2785.876081,2814.492484,2854.441438,2877.142857,2946.807483,2970.944161,3027.971838
2711.953467,2785.866360,2814.468870,2854.576152,2877.142857,2946.821348,2970.963123,3027.999700
2711.931062,2785.836951,2814.541009,2853.973276,2877.142857,2946.848703,2970.989385,3028.027718
2711.894607,2785.842735,2814.447562,2854.608650,2877.142857,2946.852018,2971.002782,3028.058499
2711.862130,2785.829809,2814.440005,2854.594309,2877.142857,2946.871313,2971.026455,3028.091561
2711.852996,2785.826961,2814.438708,2854.580127,2877.142857,2946.876900,2971.033157,3028.100834
2711.829712,2785.805944,2814.435079,2854.585028,2877.142857,2946.890594,2971.049780,3028.124894
2711.815404,2785.796298,2814.429225,2854.612322,2877.142857,2946.898112,2971.059606,3028.139232
2711.813775,2785.774568,2814.446955,2854.522257,2877.142857,2946.903633,2971.064060,3028.142847
2711.802313,2785.791399,2814.444712,2854.443825,2877.142857,2946.910429,2971.072349,3028.153610
2711.687124,2785.750132,2814.394061,2854.580345,2877.142857,2946.970704,2971.150486,3028.268686
2711.647120,2785.729929,2814.383042,2854.573992,2877.000000,2946.990107,2971.174874,3028.307855
2711.641173,2785.699928,2814.425022,2854.273615,2876.998849,2947.006228,2971.188234,3028.320360
2711.592902,2785.702544,2814.368418,2854.592230,2877.142857,2947.024410,2971.217172,3028.364094
2711.584893,2785.700378,2814.367147,2854.580894,2877.142857,2947.028453,2971.222342,3028.372160
2711.581947,2785.698948,2814.366031,2854.583808,2877.142857,2947.030767,2971.225077,3028.375083
2711.565772,2785.692122,2814.361914,2854.580521,2877.142857,2947.039888,2971.236424,3028.391507
2711.550833,2785.670726,2814.391851,2854.313754,2877.142857,2947.054845,2971.251362,3028.410448
2711.545570,2785.673229,2814.365417,2854.531640,2877.142857,2947.051956,2971.250855,3028.412443
2711.519736,2785.651909,2814.398499,2854.206603,2877.142663,2947.076296,2971.275851,3028.442826
2711.509417,2785.664775,2814.346352,2854.583476,2877.142857,2947.066815,2971.272145,3028.446642
2711.492569,2785.560030,2814.641037,2847.343693,2861.017719,2947.145249,2971.300416,3028.589726
2711.477235,2785.635782,2814.367933,2854.365885,2877.142857,2947.093288,2971.300773,3028.482229
2711.462913,2785.643887,2814.334716,2854.573972,2877.142857,2947.093085,2971.304801,3028.493690
2711.445882,2785.629782,2814.334161,2854.568674,2877.285714,2947.105464,2971.320139,3028.512242
2711.457185,2785.531285,2814.640745,2847.249419,2860.980235,2947.170687,2971.337544,3028.628564
2711.437051,2785.621199,2814.327894,2854.609107,2877.285714,2947.110655,2971.326485,3028.521498
2711.424085,2785.624607,2814.324976,2854.583151,2877.285714,2947.118184,2971.335976,3028.534387
2711.418647,2785.518395,2814.628194,2847.233318,2860.967643,2947.191212,2971.356748,3028.667370
2711.312529,2785.571424,2814.294635,2854.581834,2877.142857,2947.183002,2971.414954,3028.647813
2711.251094,2785.541059,2814.277519,2854.594633,2877.142857,2947.217289,2971.457931,3028.710024
2711.247703,2785.497091,2814.298852,2854.509762,2877.142857,2947.226918,2971.466370,3028.716550
2711.238648,2785.538895,2814.273769,2854.587362,2877.142857,2947.223673,2971.466578,3028.722377
2711.227079,2785.504936,2814.291609,2854.478025,2877.142857,2947.236927,2971.479427,3028.736511
2711.216624,2785.514124,2814.282682,2854.498865,2877.142857,2947.239177,2971.483821,3028.745774
2711.210990,2785.524964,2814.267235,2854.578878,2877.142857,2947.235447,2971.482707,3028.748609
2711.181305,2785.484176,2814.262973,2854.624827,2877.142857,2947.259159,2971.509249,3028.781936
2711.159584,2785.493871,2814.269715,2854.457885,2877.142857,2947.270675,2971.523434,3028.803057
2711.130911,2785.466620,2814.244012,2854.650056,2877.142857,2947.287219,2971.544485,3028.832530
2711.090156,2785.456074,2814.231211,2854.644353,2877.142857,2947.307973,2971.571588,3028.873098
2711.050557,2785.440546,2814.238792,2854.479581,2877.142857,2947.332056,2971.599918,3028.913364
2711.050987,2785.447652,2814.224914,2854.583431,2877.142857,2947.330942,2971.599580,3028.912395
2711.028695,2785.427322,2814.244859,2854.388186,2877.142857,2947.346338,2971.616856,3028.935925
2711.021541,2785.432561,2814.222257,2854.540525,2877.142857,2947.347483,2971.619945,3028.942461
2711.012102,2785.431374,2814.213872,2854.585612,2877.142857,2947.352948,2971.627279,3028.951597
2710.942179,2785.398205,2814.195796,2854.581056,2877.142857,2947.392130,2971.676094,3029.022554
2710.928082,2785.382534,2814.212447,2854.426481,2877.142857,2947.401995,2971.686777,3029.037363
2710.923682,2785.384974,2814.199802,2854.512895,2877.142857,2947.402219,2971.688385,3029.041123
2710.900028,2785.378790,2814.183985,2854.585992,2877.142857,2947.416568,2971.706507,3029.065173
2710.858301,2785.358378,2814.173164,2854.584762,2877.142857,2947.439106,2971.734919,3029.107348
2710.834318,2785.347476,2814.166969,2854.582585,2877.142857,2947.453574,2971.752661,3029.131736
2710.834177,2785.346547,2814.167189,2854.582142,2877.142857,2947.453638,2971.752653,3029.131847
2710.818799,2785.339381,2814.163042,2854.582510,2877.142857,2947.462385,2971.763567,3029.147393
2710.807107,2785.333785,2814.161819,2854.565704,2877.142857,2947.468830,2971.771610,3029.159344
2710.796418,2785.320373,2814.169261,2854.500379,2877.142857,2947.475319,2971.779093,3029.170275
2710.737977,2785.301025,2814.140970,2854.588294,2877.142857,2947.508133,2971.820766,3029.229177
2710.723973,2785.296372,2814.137465,2854.581142,2877.142857,2947.515249,2971.830037,3029.243300
2710.702906,2785.276366,2814.150874,2854.443923,2877.142857,2947.530614,2971.846706,3029.265684
2710.702707,2785.286074,2814.131591,2854.584940,2877.142857,2947.528160,2971.845758,3029.264892
2710.604020,2785.238545,2814.105092,2854.589885,2877.142857,2947.583475,2971.915059,3029.364770
2710.571703,2785.163807,2814.157278,2854.245202,2877.285714,2947.615445,2971.947985,3029.402502
2710.569210,2785.221119,2814.097372,2854.587829,2877.285714,2947.602462,2971.939771,3029.399513
2710.553798,2785.214865,2814.092268,2854.594566,2877.285714,2947.611035,2971.950757,3029.415045
2710.528413,2785.184275,2814.121622,2854.337783,2877.285714,2947.631615,2971.971805,3029.442790
2710.520837,2785.185098,2814.108145,2854.424535,2877.285714,2947.634009,2971.976712,3029.449961
2710.488942,2785.158205,2814.137639,2854.143847,2877.142544,2947.659840,2972.003562,3029.484765
2710.465290,2785.172540,2814.070464,2854.571390,2877.142857,2947.661789,2972.012439,3029.505154
2710.452156,2785.162782,2814.072908,2854.539739,2877.285714,2947.670173,2972.023352,3029.518490
2710.448241,2785.164641,2814.064910,2854.589839,2877.285714,2947.670846,2972.025211,3029.521774
2710.411531,2785.146779,2814.056907,2854.575580,2877.285714,2947.692038,2972.051229,3029.559250
2710.392716,2785.133347,2814.062950,2854.491940,2877.285714,2947.702865,2972.064550,3029.578324
2710.376910,2785.131967,2814.045160,2854.593146,2877.285714,2947.707988,2972.073052,3029.592998
2710.331256,2785.098715,2814.022589,2854.691113,2877.000000,2947.734377,2972.104283,3029.639640
2710.301008,2785.089908,2814.018924,2854.639470,2877.000000,2947.751817,2972.125710,3029.670209
2710.295776,2785.092792,2814.022209,2854.585491,2877.000000,2947.754983,2972.129228,3029.675367
2710.175985,2785.036892,2813.990631,2854.582373,2877.000000,2947.822839,2972.213875,3029.796593
2710.158314,2785.027881,2813.985888,2854.583808,2877.000000,2947.832852,2972.226354,3029.814492
2710.123634,2785.012923,2813.976976,2854.582545,2877.000000,2947.857149,2972.254705,3029.851447
2710.102980,2784.973164,2813.971681,2854.663178,2877.000000,2947.870160,2972.270226,3029.873688
2710.098722,2785.000718,2813.970525,2854.581790,2877.000000,2947.870744,2972.271780,3029.876644
2710.031591,2784.960700,2813.965966,2854.494284,2877.000000,2947.910825,2972.320505,3029.945285
2710.019567,2784.963227,2813.949347,2854.583445,2877.000000,2947.914821,2972.327087,3029.956555
2710.007756,2784.957652,2813.946265,2854.583108,2877.000000,2947.921693,2972.335596,3029.968559
2709.995489,2784.926275,2813.950341,2854.595873,2877.000000,2947.931984,2972.346655,3029.982563
2709.979717,2784.935216,2813.931447,2854.666693,2877.000000,2947.933445,2972.352372,3029.995309
2709.956379,2784.933236,2813.932378,2854.582781,2877.000000,2947.947072,2972.368986,3030.018733
2709.953779,2784.932155,2813.931631,2854.583073,2877.000000,2947.948563,2972.370817,3030.021390
2709.948821,2784.930565,2813.929837,2854.586157,2877.000000,2947.951366,2972.374524,3030.026395
2709.938101,2784.907941,2813.965982,2854.313936,2877.000000,2947.966412,2972.388019,3030.040362
2709.886746,2784.899869,2813.914195,2854.581282,2877.000000,2947.986387,2972.418077,3030.089188
2709.843393,2784.880600,2813.903632,2854.573487,2877.000000,2948.014736,2972.451573,3030.134870
2709.824153,2784.871079,2813.897373,2854.582581,2877.000000,2948.023370,2972.463252,3030.153364
2709.803633,2784.861942,2813.891508,2854.587325,2877.000000,2948.036478,2972.479315,3030.174829
2709.790818,2784.856823,2813.888317,2854.581355,2877.000000,2948.040940,2972.486175,3030.186342
2709.752371,2784.836798,2813.878784,2854.581630,2877.000000,2948.065402,2972.515272,3030.226712
2709.739748,2784.825266,2813.894758,2854.432136,2877.000000,2948.076694,2972.526673,3030.240783
2709.755137,2784.738677,2814.183092,2847.074787,2860.906527,2948.131524,2972.545576,3030.345973
2709.718497,2784.816416,2813.870953,2854.585920,2877.000000,2948.085384,2972.539587,3030.261319
2709.675649,2784.754011,2813.897023,2854.333066,2876.990018,2948.122889,2972.572235,3030.306717
2709.667851,2784.797402,2813.856976,2854.576976,2877.000000,2948.115266,2972.576514,3030.312732
2709.637541,2784.783327,2813.847889,2854.585946,2877.000000,2948.132484,2972.598151,3030.343307
2709.635878,2784.782241,2813.848369,2854.576505,2877.000000,2948.130804,2972.597008,3030.344348
2709.628697,2784.763333,2813.852874,2854.569420,2877.000000,2948.139233,2972.605605,3030.353345
2709.613039,2784.767518,2813.841830,2854.594673,2877.000000,2948.144952,2972.614306,3030.367940
2709.611692,2784.771889,2813.841822,2854.575913,2877.000000,2948.145351,2972.614763,3030.369117
2709.575219,2784.736609,2813.838033,2854.587551,2877.142857,2948.168045,2972.643322,3030.406826
2709.538972,2784.731142,2813.827100,2854.566899,2877.142857,2948.185905,2972.666286,3030.442381
2709.535553,2784.735278,2813.821709,2854.590287,2877.142857,2948.187182,2972.668605,3030.445584
2709.531675,2784.719820,2813.834876,2854.510155,2877.142857,2948.191889,2972.673112,3030.450257
2709.519557,2784.728782,2813.816483,2854.594395,2877.142857,2948.193376,2972.677889,3030.460175
2709.492092,2784.678678,2813.816467,2854.640541,2877.142857,2948.216762,2972.703020,3030.492041
2709.480774,2784.709544,2813.807371,2854.589448,2877.142857,2948.218939,2972.707877,3030.501252
2709.436326,2784.658897,2813.800463,2854.643388,2877.285714,2948.245298,2972.741185,3030.547023
2709.429927,2784.668806,2813.791489,2854.664356,2877.285714,2948.247794,2972.745012,3030.552950
2709.404139,2784.673782,2813.787527,2854.596555,2877.285714,2948.261504,2972.762331,3030.578310
2709.377770,2784.638732,2813.779057,2854.671830,2877.285714,2948.276872,2972.781428,3030.605677
2709.289433,2784.609929,2813.786092,2854.369429,2877.142857,2948.332913,2972.846596,3030.696575
2709.284710,2784.605573,2813.761491,2854.566736,2877.142857,2948.331840,2972.847730,3030.700409
2709.279875,2784.596960,2813.773888,2854.469357,2877.142857,2948.337117,2972.852770,3030.706092
2709.266104,2784.574633,2813.761736,2854.582525,2877.142857,2948.344943,2972.863020,3030.720546
2709.251694,2784.584218,2813.783607,2854.336538,2877.142857,2948.356140,2972.874729,3030.735373
2709.240790,2784.597862,2813.743170,2854.593947,2877.142857,2948.356078,2972.878565,3030.744138
2709.204669,2784.565135,2813.731199,2854.655854,2877.142857,2948.374898,2972.902527,3030.780791
2709.192832,2784.555951,2813.743357,2854.534164,2877.142857,2948.385271,2972.913675,3030.793891
2709.191061,2784.573454,2813.730665,2854.590397,2877.142857,2948.383986,2972.913357,3030.794575
2709.188360,2784.573700,2813.729590,2854.587874,2877.142857,2948.382929,2972.913152,3030.796395
2709.170937,2784.564981,2813.724945,2854.591706,2877.142857,2948.395192,2972.927471,3030.814854
2709.171208,2784.555584,2813.719575,2854.665294,2877.142857,2948.394414,2972.926849,3030.814773
2709.148958,2784.555308,2813.718935,2854.592191,2877.142857,2948.407745,2972.943174,3030.837094
2709.114362,2784.517295,2813.758235,2854.252235,2877.142857,2948.435438,2972.972662,3030.875611
2709.111322,2784.537044,2813.708855,2854.594744,2877.142857,2948.429332,2972.969974,3030.875193
2709.079865,2784.521311,2813.701222,2854.590737,2877.142857,2948.447053,2972.992022,3030.907078
2709.066680,2784.515921,2813.696451,2854.599457,2877.142857,2948.452965,2973.000030,3030.920007
2709.048926,2784.506608,2813.693036,2854.590976,2877.142857,2948.464442,2973.013746,3030.938385
2709.038979,2784.500947,2813.688805,2854.607656,2877.142857,2948.470020,2973.020809,3030.948436
2709.037906,2784.501699,2813.689487,2854.595436,2877.142857,2948.470369,2973.021349,3030.949446
2709.007012,2784.487066,2813.681721,2854.578187,2877.000000,2948.488069,2973.042240,3030.981008
2708.963862,2784.466696,2813.669229,2854.585275,2877.000000,2948.509567,2973.070506,3031.023048
2708.971128,2784.369595,2813.976730,2847.094512,2860.987608,2948.574723,2973.102491,3031.137150
2708.884023,2784.428371,2813.646467,2854.602822,2877.000000,2948.554370,2973.126319,3031.103692
2708.846175,2784.410122,2813.636713,2854.605727,2877.000000,2948.579380,2973.156269,3031.143779
2708.828209,2784.402729,2813.634121,2854.583042,2877.000000,2948.590911,2973.169910,3031.162289
2708.788919,2784.284611,2813.928288,2847.083779,2860.988792,2948.677727,2973.231952,3031.321030
2708.759736,2784.372190,2813.615327,2854.586485,2877.000000,2948.630047,2973.218765,3031.231487
2708.758744,2784.371947,2813.614485,2854.586975,2877.000000,2948.625995,2973.215791,3031.230588
2708.743560,2784.362767,2813.611929,2854.581708,2877.000000,2948.638445,2973.229371,3031.247882
2708.734807,2784.359458,2813.608836,2854.583282,2877.000000,2948.639494,2973.232445,3031.254824
2708.683371,2784.336098,2813.594541,2854.588124,2877.000000,2948.668672,2973.269079,3031.306839
2708.670713,2784.330096,2813.592412,2854.581218,2877.000000,2948.680279,2973.281364,3031.321589
2708.620892,2784.305910,2813.577874,2854.595758,2877.000000,2948.707540,2973.315809,3031.371788
2708.617838,2784.301920,2813.574899,2854.621349,2877.000000,2948.709679,2973.318289,3031.375123
2708.597376,2784.292533,2813.570473,2854.611250,2877.000000,2948.721740,2973.333216,3031.395788
2708.592751,2784.292483,2813.571910,2854.581643,2877.000000,2948.723041,2973.335277,3031.400191
2708.523955,2784.259567,2813.552350,2854.596642,2877.000000,2948.763431,2973.385128,3031.470093
2708.492591,2784.245437,2813.546784,2854.554168,2876.857143,2948.781259,2973.406120,3031.502192
2708.473441,2784.233500,2813.551260,2854.485091,2876.857143,2948.794050,2973.421053,3031.522070
2708.440494,2784.220930,2813.531639,2854.583123,2877.000000,2948.810930,2973.444215,3031.554457
2708.430341,2784.217407,2813.527849,2854.588788,2877.000000,2948.814101,2973.449492,3031.563999
2708.415712,2784.210112,2813.525373,2854.578902,2877.000000,2948.824189,2973.461069,3031.579519
2708.383151,2784.194951,2813.516075,2854.584656,2877.000000,2948.842246,2973.483805,3031.612331
2708.370951,2784.189098,2813.511763,2854.575951,2876.857143,2948.846988,2973.490013,3031.623524
2708.358957,2784.182638,2813.508980,2854.573787,2876.857143,2948.853905,2973.498334,3031.635711
2708.276285,2784.144490,2813.487228,2854.576222,2876.857143,2948.905018,2973.560315,3031.721242
2708.263037,2784.135464,2813.480993,2854.601517,2876.857143,2948.908272,2973.566183,3031.732846
2708.261097,2784.136831,2813.481646,2854.587076,2876.857143,2948.909409,2973.567832,3031.734719
2708.241675,2784.126048,2813.474423,2854.609228,2876.857143,2948.920313,2973.581516,3031.754386
2708.206895,2784.110936,2813.468784,2854.574947,2876.857143,2948.940128,2973.605844,3031.789575
2708.204351,2784.107201,2813.465444,2854.603146,2876.857143,2948.941445,2973.607667,3031.792158
2708.164969,2784.092318,2813.457042,2854.579087,2876.857143,2948.963949,2973.635798,3031.831953
2708.143596,2784.082109,2813.451998,2854.573873,2876.857143,2948.976126,2973.650810,3031.853604
2708.120142,2784.072559,2813.445382,2854.574996,2876.857143,2948.989448,2973.667516,3031.877300
2708.118604,2784.070652,2813.445566,2854.571916,2876.857143,2948.990251,2973.668371,3031.878857
2708.081643,2784.031271,2813.452513,2854.496334,2876.857143,2949.019315,2973.700394,3031.920005
2708.075469,2784.049711,2813.435323,2854.567680,2876.857143,2949.018893,2973.702165,3031.924455
2708.053771,2783.997469,2813.435899,2854.628785,2876.857143,2949.036794,2973.721712,3031.949375
2708.005398,2784.018233,2813.414961,2854.577567,2876.857143,2949.054479,2973.748688,3031.993362
2707.986357,2784.008828,2813.410732,2854.571998,2876.857143,2949.065156,2973.762103,3032.012687
2707.975508,2784.000281,2813.406380,2854.590984,2876.857143,2949.071227,2973.769458,3032.023702
2707.966279,2783.998690,2813.405495,2854.572069,2876.857143,2949.076612,2973.776066,3032.032962
2707.958008,2783.994775,2813.403629,2854.569340,2876.857143,2949.081338,2973.781934,3032.041367
2707.953364,2783.993102,2813.402424,2854.568275,2876.857143,2949.083979,2973.785213,3032.046050
2707.951380,2783.986023,2813.396476,2854.628316,2876.857143,2949.084714,2973.786437,3032.048174
2707.903297,2783.968743,2813.389094,2854.570640,2876.857143,2949.112401,2973.820626,3032.096712
2707.851343,2783.946038,2813.374728,2854.574290,2876.857143,2949.141810,2973.857590,3032.149236
2707.830383,2783.934660,2813.370420,2854.570225,2876.857143,2949.158105,2973.875657,3032.172396
2707.816504,2783.902720,2813.378523,2854.543508,2876.857143,2949.168583,2973.887169,3032.188015
2707.816526,2783.913918,2813.364891,2854.622113,2876.857143,2949.165410,2973.884856,3032.186746
2707.754603,2783.899276,2813.350390,2854.570267,2876.857143,2949.200475,2973.928779,3032.249007
2707.676613,2783.862512,2813.329816,2854.553308,2876.714286,2949.246432,2973.984308,3032.328554
2707.646797,2783.848697,2813.320411,2854.565557,2876.714286,2949.262003,2974.004438,3032.358376
2707.615793,2783.808182,2813.312169,2854.633521,2876.714286,2949.283278,2974.029357,3032.391656
2707.596324,2783.825451,2813.307304,2854.578090,2876.857143,2949.288792,2974.039620,3032.408969
2707.586623,2783.813209,2813.302981,2854.614496,2876.857143,2949.296633,2974.048499,3032.419145
2707.546697,2783.706042,2813.598896,2847.009893,2860.998036,2949.380633,2974.114917,3032.574343
2707.529632,2783.698834,2813.592100,2846.998480,2860.974416,2949.387653,2974.126856,3032.588168
2707.353855,2783.711539,2813.244882,2854.570364,2876.857143,2949.428434,2974.212770,3032.654554
2707.319713,2783.695805,2813.234790,2854.578784,2876.857143,2949.446948,2974.236142,3032.688891
2707.285838,2783.673944,2813.220587,2854.632955,2876.857143,2949.462461,2974.257389,3032.721549
2707.265158,2783.664281,2813.223008,2854.574957,2876.857143,2949.477006,2974.274048,3032.744004
2707.264102,2783.668140,2813.222275,2854.565491,2876.857143,2949.478170,2974.275138,3032.745027
2707.231247,2783.655313,2813.212017,2854.572829,2876.857143,2949.497047,2974.298890,3032.778323
2707.186435,2783.625681,2813.192715,2854.651265,2876.857143,2949.518974,2974.327624,3032.822677
2707.182007,2783.631852,2813.199337,2854.569887,2876.857143,2949.524061,2974.332824,3032.827778
2707.166197,2783.623638,2813.195740,2854.568291,2876.857143,2949.534881,2974.345474,3032.844398
2707.094636,2783.587998,2813.187232,2854.489138,2876.857143,2949.578336,2974.397914,3032.917907
2707.068714,2783.578323,2813.170298,2854.565543,2876.857143,2949.589514,2974.413896,3032.942864
2707.058236,2783.559400,2813.159599,2854.664478,2876.857143,2949.594887,2974.420673,3032.953770
2707.028892,2783.541647,2813.172767,2854.489382,2876.856115,2949.613173,2974.437493,3032.984933
2707.017977,2783.554740,2813.156826,2854.567027,2876.857143,2949.619281,2974.450603,3032.994347
2707.011181,2783.549979,2813.151355,2854.601031,2876.857143,2949.621440,2974.454118,3033.000886
2706.995031,2783.544439,2813.149001,2854.577726,2876.857143,2949.628079,2974.463713,3033.015652
2706.991192,2783.541920,2813.149787,2854.567413,2876.857143,2949.634404,2974.469467,3033.021449
2706.980961,2783.537427,2813.146620,2854.570932,2876.857143,2949.640167,2974.476873,3033.031556
2706.971047,2783.532771,2813.142983,2854.579754,2876.857143,2949.645292,2974.483345,3033.041739
2706.969100,2783.530581,2813.142141,2854.585721,2876.857143,2949.646445,2974.484665,3033.043783
2706.968279,2783.531786,2813.143475,2854.568820,2876.857143,2949.647408,2974.485720,3033.044586
2706.928105,2783.513108,2813.133128,2854.564847,2876.857143,2949.668620,2974.512924,3033.085266
2706.917197,2783.476392,2813.152325,2854.471345,2876.856962,2949.683278,2974.526357,3033.100742
2706.899060,2783.499553,2813.125039,2854.570822,2876.857143,2949.686702,2974.534778,3033.114612
2706.843006,2783.472694,2813.111090,2854.565185,2876.857143,2949.718604,2974.574403,3033.171369
2706.827362,2783.461185,2813.104498,2854.592975,2876.857143,2949.725423,2974.583292,3033.186588
2706.774781,2783.440852,2813.093032,2854.566384,2876.857143,2949.757391,2974.622774,3033.240418
2706.758956,2783.430044,2813.100222,2854.480069,2876.857143,2949.765900,2974.633295,3033.256446
2706.750997,2783.429964,2813.083154,2854.592464,2876.857143,2949.768876,2974.638054,3033.264356
2706.712680,2783.412039,2813.075933,2854.569085,2876.857143,2949.790983,2974.665395,3033.303330
2706.706974,2783.409281,2813.072056,2854.589714,2876.857143,2949.793711,2974.669089,3033.308612
2706.664340,2783.389772,2813.063172,2854.573048,2876.857143,2949.820140,2974.701177,3033.352117
2706.644133,2783.380351,2813.058672,2854.565153,2876.857143,2949.830677,2974.714616,3033.372412
2706.633765,2783.374703,2813.056308,2854.564036,2876.857143,2949.837415,2974.722519,3033.383089
2706.619954,2783.360103,2813.065742,2854.484135,2876.857143,2949.846558,2974.732809,3033.397617
2706.611252,2783.363869,2813.050292,2854.565380,2876.857143,2949.850264,2974.738464,3033.405832
2706.599127,2783.349401,2813.038145,2854.660392,2876.857143,2949.856420,2974.746713,3033.418333
2706.573445,2783.328177,2813.048277,2854.550952,2876.857143,2949.874055,2974.766795,3033.445463
2706.571949,2783.346083,2813.040056,2854.563737,2876.857143,2949.872426,2974.766229,3033.445621
2706.529041,2783.325942,2813.027638,2854.552485,2876.714286,2949.895862,2974.794921,3033.488836
2706.515698,2783.316532,2813.021311,2854.581964,2876.714286,2949.902618,2974.803596,3033.502056
2706.464812,2783.295863,2813.011556,2854.567146,2876.857143,2949.933356,2974.842125,3033.553993
2706.439452,2783.284954,2813.004552,2854.586307,2877.000000,2949.946747,2974.860424,3033.578939
2706.438832,2783.278146,2813.000114,2854.635511,2877.000000,2949.944194,2974.858207,3033.578933
2706.428976,2783.273637,2812.995788,2854.651425,2877.000000,2949.951020,2974.866455,3033.589544
2706.385452,2783.248608,2812.988743,2854.609501,2876.857143,2949.978749,2974.898759,3033.634867
2706.368371,2783.246970,2812.981388,2854.615983,2876.857143,2949.987026,2974.909742,3033.651456
2706.357819,2783.247462,2812.978845,2854.580417,2876.714286,2949.993990,2974.916952,3033.662821
2706.349102,2783.238917,2812.984215,2854.521701,2876.714286,2949.998155,2974.922394,3033.671552
2706.306912,2783.221806,2812.969832,2854.550729,2876.714286,2950.024022,2974.953772,3033.714274
2706.221566,2783.182134,2812.943795,2854.575252,2876.714286,2950.070879,2975.013039,3033.800671
2706.194829,2783.170601,2812.939645,2854.553240,2876.714286,2950.086866,2975.032474,3033.827459
2706.189813,2783.168119,2812.939345,2854.545672,2876.714286,2950.089997,2975.036274,3033.832623
2706.187631,2783.166947,2812.937929,2854.554656,2876.714286,2950.092138,2975.038710,3033.834877
2706.173656,2783.157759,2812.932378,2854.575243,2876.714286,2950.099564,2975.048150,3033.849102
2706.157153,2783.147811,2812.927837,2854.581962,2876.714286,2950.108539,2975.059407,3033.865808
2706.147097,2783.147861,2812.927344,2854.554609,2876.714286,2950.114782,2975.067140,3033.875918
2706.066142,2783.086296,2812.916566,2854.536404,2876.714286,2950.164405,2975.127176,3033.960129
2706.028570,2783.092173,2812.896408,2854.553748,2876.714286,2950.182406,2975.151221,3033.995832
2706.025336,2783.075505,2812.892613,2854.612766,2876.714286,2950.183773,2975.152760,3033.999527
2706.022263,2783.089760,2812.894061,2854.558886,2876.714286,2950.185960,2975.155808,3034.002220
2706.010856,2783.080460,2812.890561,2854.570955,2876.714286,2950.191227,2975.162691,3034.013551
2706.009289,2783.083462,2812.892023,2854.547022,2876.714286,2950.192854,2975.164408,3034.015286
2705.967805,2783.049095,2812.879228,2854.599207,2876.714286,2950.216259,2975.193464,3034.057614
2705.967335,2783.062865,2812.881026,2854.549098,2876.714286,2950.217181,2975.194440,3034.057839
2705.952948,2783.056650,2812.876840,2854.551862,2876.714286,2950.225400,2975.204745,3034.072352
2705.910151,2783.034000,2812.862046,2854.585417,2876.714286,2950.248234,2975.233823,3034.115415
2705.907587,2783.035791,2812.864523,2854.554859,2876.714286,2950.251214,2975.237027,3034.118108
2705.907371,2783.030718,2812.859723,2854.603243,2876.714286,2950.250347,2975.236380,3034.118482
2705.903316,2783.027353,2812.861007,2854.587469,2876.714286,2950.251702,2975.238163,3034.122213
2705.848644,2783.007420,2812.850289,2854.545916,2876.714286,2950.284598,2975.278415,3034.177902
2705.824123,2782.994453,2812.841849,2854.564106,2876.714286,2950.297323,2975.294602,3034.202247
2705.822605,2782.996111,2812.842290,2854.554518,2876.714286,2950.299506,2975.297224,3034.204063
2705.755223,2782.965477,2812.823790,2854.556124,2876.714286,2950.333779,2975.341859,3034.270461
2705.741645,2782.958310,2812.821169,2854.553874,2876.714286,2950.345568,2975.354587,3034.286023
2705.738175,2782.955747,2812.820628,2854.549165,2876.714286,2950.345864,2975.355586,3034.289924
2705.716924,2782.947268,2812.813176,2854.563617,2876.714286,2950.357789,2975.370668,3034.310637
2705.687109,2782.932343,2812.807424,2854.545714,2876.714286,2950.372438,2975.389792,3034.339396
2705.666032,2782.829078,2813.105119,2846.852712,2860.998705,2950.444391,2975.453861,3034.470660
2705.599518,2782.891736,2812.784065,2854.548475,2876.714286,2950.422309,2975.451897,3034.427991
2705.583506,2782.884520,2812.779973,2854.547620,2876.714286,2950.431433,2975.463386,3034.444215
2705.581636,2782.859234,2812.780958,2854.597266,2876.714286,2950.436459,2975.467112,3034.448164
2705.568889,2782.877444,2812.776842,2854.562013,2876.857143,2950.438669,2975.473661,3034.458507
2705.533693,2782.860393,2812.768374,2854.560765,2876.857143,2950.462024,2975.501106,3034.495920
2705.501310,2782.839936,2812.749837,2854.652324,2876.857143,2950.476333,2975.521548,3034.526986
2705.487646,2782.838924,2812.756981,2854.553532,2876.857143,2950.486821,2975.532559,3034.541983
2705.465101,2782.810193,2812.757878,2854.554934,2876.857142,2950.505072,2975.552346,3034.567570
2705.434894,2782.815387,2812.742179,2854.581189,2877.000000,2950.517669,2975.571910,3034.595154
2705.445731,2782.731976,2813.043613,2846.942372,2861.048713,2950.571656,2975.609289,3034.694507
2705.434234,2782.724637,2813.041978,2846.891909,2861.022695,2950.577798,2975.617994,3034.705747
2705.415381,2782.718371,2813.035757,2846.942098,2861.040214,2950.587652,2975.631765,3034.724271
2705.409635,2782.713290,2813.035496,2846.889813,2861.022157,2950.591791,2975.635475,3034.730559
2705.395702,2782.706782,2813.031834,2846.890137,2861.023415,2950.599750,2975.645407,3034.744690
2705.375440,2782.770328,2812.798017,2853.614942,2868.694534,2950.601275,2975.608805,3034.686526
2705.362111,2782.777690,2812.716574,2854.619502,2876.857143,2950.555910,2975.620253,3034.668021
2705.360814,2782.780554,2812.722510,2854.561007,2876.857143,2950.556959,2975.621083,3034.668970
2705.333586,2782.751392,2812.709352,2854.652706,2876.857143,2950.576794,2975.643610,3034.699326
2705.341792,2782.681803,2813.017674,2846.886686,2861.023621,2950.630268,2975.683782,3034.799020
2705.309587,2782.747990,2812.700316,2854.632863,2876.714286,2950.590510,2975.660154,3034.723384
2705.294680,2782.749449,2812.704872,2854.548319,2876.714286,2950.599398,2975.670903,3034.738280
2705.280850,2782.743593,2812.700438,2854.554576,2876.714286,2950.607624,2975.681198,3034.752234
2705.265892,2782.730962,2812.705441,2854.500074,2876.714286,2950.615935,2975.691411,3034.767297
2705.251694,2782.729191,2812.694475,2854.541000,2876.714286,2950.623833,2975.701142,3034.781780
2705.213899,2782.683875,2812.701682,2854.484131,2876.714140,2950.652209,2975.733084,3034.823961
2705.207162,2782.691994,2812.711220,2854.363979,2876.714235,2950.653095,2975.735545,3034.829320
2705.194475,2782.694498,2812.670049,2854.629122,2876.714286,2950.655944,2975.741039,3034.839887
2705.178888,2782.694888,2812.675590,2854.540676,2876.714286,2950.665327,2975.752856,3034.855458
2705.153005,2782.682832,2812.668483,2854.543265,2876.714286,2950.679684,2975.770932,3034.881563
2705.139701,2782.676421,2812.665201,2854.542425,2876.714286,2950.687801,2975.780811,3034.895101
2705.135740,2782.662790,2812.661100,2854.597691,2876.714286,2950.689736,2975.783934,3034.899518
2705.066035,2782.642307,2812.645720,2854.543522,2876.714286,2950.729213,2975.832633,3034.969565
2705.037284,2782.610498,2812.661954,2854.427362,2876.714282,2950.756554,2975.861604,3035.004403
2705.038280,2782.619204,2812.636025,2854.588639,2876.714286,2950.745075,2975.852812,3034.998077
2705.036651,2782.623019,2812.631881,2854.603601,2876.714286,2950.745011,2975.852801,3034.999250
2705.035334,2782.627817,2812.638262,2854.539418,2876.714286,2950.746985,2975.854620,3035.000685
2705.004025,2782.613406,2812.628778,2854.528483,2876.571429,2950.765973,2975.877142,3035.032636
2705.004575,2782.605598,2812.619456,2854.617429,2876.571429,2950.763885,2975.875358,3035.032223
2704.930866,2782.579929,2812.608896,2854.534073,2876.571429,2950.807748,2975.929200,3035.106776
2704.918041,2782.563236,2812.596577,2854.623603,2876.571429,2950.813373,2975.936841,3035.119892
2704.904578,2782.566733,2812.603472,2854.522415,2876.571429,2950.821599,2975.946656,3035.133251
2704.907946,2782.482293,2812.902734,2846.845552,2861.022396,2950.877758,2975.988598,3035.238386
2704.887932,2782.559260,2812.598508,2854.527765,2876.571429,2950.832039,2975.959403,3035.150081
2704.889914,2782.472266,2812.899098,2846.862822,2861.030328,2950.886700,2976.005606,3035.255035
2704.874029,2782.463205,2812.896847,2846.753564,2860.961258,2950.895570,2976.017003,3035.270849
2704.870158,2782.463114,2812.893904,2846.862578,2861.031278,2950.897969,2976.019657,3035.275022
2704.829559,2782.531002,2812.584890,2854.510023,2876.571428,2950.863199,2975.999309,3035.209295
2704.824957,2782.530678,2812.581151,2854.534353,2876.571429,2950.867701,2976.003994,3035.213998
2704.809681,2782.522801,2812.578118,2854.527395,2876.571429,2950.876551,2976.014904,3035.229244
2704.805457,2782.514535,2812.569335,2854.597820,2876.571429,2950.876030,2976.015765,3035.232946
2704.801356,2782.492804,2812.604182,2854.381855,2876.571097,2950.886600,2976.024387,3035.241587
2704.763018,2782.500987,2812.563656,2854.541946,2876.571429,2950.899316,2976.045141,3035.274841
2704.755683,2782.487393,2812.556199,2854.608675,2876.571429,2950.907217,2976.053062,3035.284404
2704.743862,2782.484992,2812.552925,2854.602066,2876.571429,2950.912023,2976.059974,3035.295814
2704.741807,2782.486267,2812.553005,2854.593412,2876.571429,2950.912445,2976.061277,3035.297427
2704.716486,2782.475443,2812.549943,2854.562902,2876.571429,2950.927135,2976.078937,3035.322799
2704.710392,2782.475826,2812.553024,2854.521352,2876.571429,2950.933138,2976.085119,3035.329790
2704.690371,2782.466400,2812.547973,2854.520025,2876.571429,2950.944183,2976.098977,3035.350176
2704.683849,2782.457575,2812.537993,2854.596590,2876.571429,2950.947453,2976.103559,3035.356898
2704.565420,2782.408382,2812.514597,2854.502775,2876.428571,2951.016275,2976.187477,3035.477069
2704.560117,2782.400872,2812.509293,2854.542631,2876.428571,2951.019014,2976.191072,3035.482620
2704.507932,2782.380950,2812.500297,2854.496657,2876.428571,2951.047850,2976.227644,3035.535605
2704.501790,2782.363725,2812.495579,2854.555281,2876.428571,2951.053790,2976.233581,3035.542615
2704.473211,2782.362964,2812.486487,2854.539583,2876.428571,2951.068606,2976.253141,3035.570433
2704.416029,2782.338355,2812.476388,2854.497250,2876.428571,2951.101596,2976.293561,3035.628276
2704.413424,2782.332173,2812.467104,2854.573492,2876.428571,2951.102430,2976.295407,3035.631003
2704.411069,2782.337803,2812.472962,2854.512076,2876.428571,2951.103899,2976.297119,3035.633089
2704.343547,2782.301525,2812.450440,2854.558691,2876.428571,2951.142578,2976.345339,3035.701678
2704.335731,2782.289262,2812.443362,2854.609742,2876.428571,2951.145095,2976.348993,3035.709275
2704.311885,2782.278170,2812.436734,2854.613327,2876.428571,2951.159563,2976.366500,3035.733728
2704.273908,2782.267267,2812.433358,2854.551536,2876.428571,2951.181774,2976.394007,3035.772075
2704.259405,2782.261387,2812.429757,2854.549290,2876.428571,2951.190336,2976.404667,3035.786793
2704.249467,2782.261389,2812.432103,2854.503318,2876.428571,2951.196447,2976.412087,3035.796485
2704.241893,2782.241232,2812.425268,2854.575005,2876.428571,2951.200179,2976.416615,3035.804868
2704.232049,2782.226042,2812.426679,2854.571159,2876.428571,2951.208136,2976.424919,3035.816025
2704.204643,2782.230267,2812.410715,2854.594245,2876.428571,2951.220253,2976.442381,3035.842040
2704.192666,2782.234772,2812.417844,2854.498116,2876.428571,2951.227985,2976.451489,3035.853984
2704.184539,2782.231690,2812.414490,2854.507569,2876.428571,2951.232779,2976.457599,3035.862239
2704.162085,2782.213053,2812.421106,2854.437527,2876.428571,2951.248073,2976.474942,3035.886001
2704.156625,2782.205039,2812.398860,2854.593156,2876.428571,2951.247588,2976.476023,3035.890660
2704.138028,2782.204226,2812.395577,2854.569531,2876.428571,2951.258849,2976.490443,3035.909538
2704.104588,2782.193901,2812.394432,2854.502418,2876.428571,2951.278926,2976.514837,3035.943041
2704.101186,2782.165991,2812.396074,2854.544572,2876.428571,2951.282611,2976.517812,3035.948297
2704.064695,2782.170530,2812.379559,2854.539702,2876.428571,2951.297604,2976.539828,3035.981872
2704.040978,2782.165192,2812.376715,2854.506110,2876.428571,2951.311471,2976.557240,3036.005726
2704.039100,2782.164379,2812.376225,2854.506009,2876.428571,2951.312552,2976.558575,3036.007628
2704.035758,2782.163191,2812.374876,2854.509300,2876.428571,2951.314456,2976.560975,3036.010977
2704.016054,2782.152413,2812.371709,2854.499043,2876.428571,2951.328668,2976.576836,3036.032682
2704.005415,2782.141217,2812.358186,2854.588336,2876.428571,2951.331014,2976.581943,3036.041922
2704.004381,2782.147318,2812.368297,2854.497657,2876.428571,2951.332372,2976.582901,3036.042802
2703.901300,2782.098961,2812.341935,2854.494191,2876.428571,2951.390992,2976.655917,3036.147036
2703.897768,2782.098030,2812.340152,2854.500347,2876.428571,2951.393114,2976.658679,3036.150646
2703.890145,2782.082480,2812.335617,2854.546908,2876.428571,2951.399520,2976.665559,3036.159904
2703.881063,2782.089444,2812.336909,2854.497030,2876.428571,2951.406363,2976.673260,3036.169364
2703.870414,2782.069761,2812.325417,2854.591657,2876.428571,2951.411093,2976.679776,3036.180474
2703.826409,2782.065062,2812.321278,2854.502782,2876.428571,2951.433632,2976.709458,3036.222751
2703.825223,2782.060481,2812.317243,2854.540955,2876.428571,2951.436694,2976.712004,3036.225690
2703.773536,2781.955366,2812.606947,2846.804985,2861.049313,2951.520859,2976.800998,3036.381424
2703.723700,2782.016518,2812.295477,2854.498376,2876.428571,2951.494157,2976.783542,3036.327980
2703.710909,2782.010004,2812.292910,2854.492255,2876.428571,2951.501150,2976.792167,3036.340784
2703.710471,2781.993684,2812.281361,2854.611159,2876.428571,2951.500756,2976.792457,3036.341590
2703.697512,2781.963425,2812.355660,2854.134114,2876.428571,2951.525515,2976.812285,3036.363780
2703.688564,2781.995025,2812.277915,2854.573121,2876.428571,2951.514997,2976.809446,3036.364233
2703.644996,2781.905031,2812.565750,2846.981074,2861.127681,2951.588936,2976.893680,3036.507709
2703.636117,2781.894806,2812.568678,2846.723303,2860.970128,2951.598995,2976.898923,3036.520126
2703.585911,2781.863966,2812.562871,2846.520415,2860.892964,2951.626755,2976.932540,3036.571635
2703.559558,2781.931209,2812.244126,2854.552685,2876.285714,2951.588795,2976.900034,3036.495086
2703.562228,2781.860293,2812.550163,2846.782622,2861.044192,2951.640970,2976.946349,3036.595818
2703.534122,2781.928386,2812.245673,2854.474891,2876.285714,2951.601359,2976.916704,3036.519041
2703.517208,2781.921300,2812.241034,2854.505355,2876.428571,2951.613571,2976.931777,3036.537385
2703.511908,2781.918923,2812.239439,2854.504960,2876.428571,2951.615165,2976.934285,3036.542354
2703.502478,2781.900260,2812.226562,2854.607698,2876.428571,2951.620264,2976.940462,3036.552498
2703.448153,2781.883544,2812.217626,2854.577356,2876.571429,2951.649557,2976.978828,3036.606294
2703.415952,2781.873858,2812.215197,2854.496605,2876.428571,2951.667688,2977.000608,3036.638069
2703.406957,2781.869043,2812.213707,2854.495114,2876.428571,2951.676462,2977.009651,3036.648987
2703.400895,2781.866156,2812.212156,2854.490371,2876.428571,2951.676212,2977.011075,3036.653300
2703.384607,2781.857912,2812.206243,2854.504007,2876.428571,2951.685436,2977.022559,3036.669753
2703.309813,2781.816835,2812.181057,2854.560515,2876.428571,2951.729798,2977.077093,3036.747017
2703.238627,2781.781936,2812.164756,2854.546496,2876.428571,2951.769989,2977.127096,3036.818809
2703.233074,2781.788524,2812.168197,2854.496457,2876.428571,2951.774840,2977.132562,3036.824766
2703.199128,2781.757126,2812.152117,2854.577289,2876.428571,2951.793901,2977.155739,3036.859704
2703.157722,2781.739887,2812.141466,2854.573653,2876.428571,2951.816188,2977.184654,3036.900727
2703.101968,2781.705605,2812.159913,2854.365993,2876.428571,2951.854726,2977.228148,3036.959791
2703.088180,2781.686786,2812.135884,2854.538503,2876.428571,2951.860685,2977.237508,3036.973932
2703.076360,2781.716036,2812.126895,2854.498326,2876.428571,2951.862230,2977.242536,3036.982360
2703.068476,2781.693223,2812.116774,2854.595242,2876.428571,2951.868074,2977.248523,3036.991632
2703.056168,2781.697584,2812.112433,2854.583692,2876.428571,2951.875561,2977.258287,3037.003914
2703.050426,2781.703634,2812.120855,2854.495209,2876.428571,2951.878800,2977.262084,3037.009476
2703.023551,2781.667945,2812.112707,2854.555682,2876.428571,2951.895851,2977.282146,3037.038268
2702.986753,2781.674308,2812.103955,2854.493978,2876.428571,2951.912320,2977.305273,3037.072223
2702.978182,2781.656260,2812.092257,2854.593141,2876.428571,2951.920028,2977.313296,3037.083289
2702.969307,2781.665955,2812.099828,2854.494637,2876.428571,2951.924893,2977.319550,3037.091472
2702.968635,2781.665655,2812.099652,2854.494596,2876.428571,2951.925252,2977.320009,3037.092142
2702.962592,2781.662850,2812.098102,2854.494421,2876.428571,2951.928729,2977.324310,3037.098270
2702.961566,2781.662338,2812.097833,2854.494645,2876.428571,2951.929346,2977.325090,3037.099315
2702.960965,2781.661955,2812.097838,2854.494483,2876.428571,2951.930477,2977.326336,3037.099901
2702.951777,2781.657783,2812.095308,2854.494481,2876.428571,2951.934930,2977.332030,3037.109222
2702.935643,2781.651243,2812.090192,2854.497286,2876.428571,2951.941415,2977.341704,3037.123905
2702.927527,2781.646549,2812.089011,2854.494323,2876.428571,2951.948655,2977.349176,3037.133708
2702.882285,2781.609887,2812.070090,2854.578453,2876.428571,2951.974633,2977.381039,3037.180549
2702.878261,2781.623650,2812.076255,2854.494084,2876.428571,2951.976779,2977.384176,3037.183560
2702.858964,2781.595505,2812.073305,2854.529341,2876.428571,2951.993029,2977.401281,3037.207233
2702.834399,2781.565802,2812.086300,2854.427867,2876.428540,2952.011188,2977.420444,3037.233932
2702.812126,2781.592914,2812.059151,2854.493482,2876.428571,2952.014455,2977.431090,3037.250449
2702.803500,2781.577430,2812.043910,2854.609096,2876.428571,2952.018889,2977.436985,3037.259743
2702.794733,2781.584834,2812.054643,2854.493385,2876.428571,2952.024363,2977.443422,3037.268042
2702.786919,2781.581067,2812.053147,2854.489321,2876.428571,2952.028710,2977.448858,3037.275894
2702.755132,2781.566536,2812.044320,2854.493625,2876.428571,2952.046908,2977.471540,3037.308077
2702.752288,2781.561028,2812.043694,2854.501634,2876.428571,2952.048609,2977.473489,3037.311083
2702.734301,2781.556754,2812.039022,2854.492937,2876.428571,2952.058776,2977.486315,3037.329147
2702.722771,2781.540073,2812.036206,2854.516445,2876.428571,2952.066736,2977.495326,3037.341855
2702.722088,2781.530489,2812.042143,2854.497371,2876.428571,2952.068900,2977.496876,3037.343312
2702.666062,2781.524650,2812.021222,2854.469044,2876.285714,2952.098523,2977.534586,3037.398607
2702.610002,2781.479249,2812.001109,2854.548312,2876.285714,2952.131939,2977.575124,3037.456726
2702.583494,2781.463367,2812.000483,2854.516243,2876.285714,2952.148040,2977.594802,3037.483908
2702.575766,2781.470809,2811.995221,2854.512322,2876.285714,2952.151105,2977.599535,3037.491026
2702.564047,2781.451784,2811.994803,2854.522472,2876.285714,2952.159442,2977.607944,3037.503733
2702.537208,2781.464819,2811.987901,2854.468076,2876.285714,2952.171958,2977.626043,3037.528926
2702.516201,2781.451394,2811.977063,2854.513632,2876.285714,2952.183728,2977.641094,3037.550381
2702.496811,2781.446063,2811.977461,2854.467758,2876.285714,2952.194986,2977.654721,3037.569784
2702.492191,2781.426571,2811.970792,2854.541345,2876.285714,2952.197910,2977.657970,3037.575322
2702.486471,2781.441171,2811.975357,2854.463174,2876.285714,2952.200795,2977.661930,3037.580202
2702.462493,2781.416758,2811.966095,2854.534657,2876.428571,2952.213666,2977.678845,3037.604503
2702.445875,2781.422813,2811.964453,2854.490829,2876.428571,2952.223167,2977.691023,3037.620863
2702.407658,2781.405151,2811.954577,2854.490389,2876.428571,2952.244896,2977.718122,3037.659483
2702.386766,2781.395377,2811.949165,2854.490547,2876.428571,2952.256822,2977.732980,3037.680619
2702.376539,2781.367812,2811.948209,2854.527718,2876.428571,2952.264771,2977.740977,3037.692492
2702.323296,2781.331744,2811.948183,2854.439613,2876.285714,2952.300314,2977.782060,3037.749112
2702.264270,2781.338106,2811.917353,2854.466016,2876.285714,2952.327531,2977.819780,3037.804960
2702.246049,2781.314428,2811.934625,2854.352264,2876.285711,2952.347097,2977.838456,3037.830107
2702.180084,2781.299036,2811.895595,2854.465476,2876.285714,2952.375515,2977.879551,3037.890092
2702.133888,2781.248913,2811.902606,2854.406794,2876.285714,2952.408373,2977.916258,3037.940419
2702.132362,2781.268866,2811.899018,2854.375861,2876.285714,2952.410224,2977.918539,3037.944326
2702.047173,2781.237403,2811.861277,2854.464406,2876.285714,2952.451290,2977.973924,3038.024501
2702.027499,2781.228234,2811.856184,2854.464453,2876.285714,2952.462511,2977.987897,3038.044399
2702.009722,2781.219981,2811.851601,2854.464332,2876.285714,2952.472633,2978.000526,3038.062366
2702.001762,2781.209094,2811.843857,2854.512950,2876.285714,2952.476880,2978.005252,3038.070854
2701.952246,2781.176987,2811.837824,2854.495720,2876.285714,2952.511272,2978.045154,3038.125310
2701.878916,2781.152352,2811.807743,2854.546090,2876.285714,2952.546760,2978.093304,3038.195065
2701.871224,2781.155735,2811.815849,2854.463423,2876.285714,2952.551625,2978.098888,3038.202434
2701.825999,2781.129900,2811.802774,2854.483001,2876.285714,2952.577802,2978.131291,3038.248615
2701.821356,2781.132787,2811.803106,2854.461660,2876.285714,2952.580014,2978.134240,3038.252835
2701.815468,2781.106714,2811.803976,2854.506690,2876.285709,2952.590926,2978.143463,3038.264600
2701.812750,2781.097588,2811.799563,2854.536426,2876.285714,2952.589433,2978.142466,3038.264215
2701.812708,2781.116207,2811.787856,2854.572896,2876.285714,2952.584240,2978.139830,3038.262226
2701.773695,2781.104047,2811.806198,2854.367514,2876.285714,2952.613147,2978.170859,3038.304402
2701.754962,2781.051890,2812.014230,2853.685051,2856.288670,2952.684166,2978.191703,3038.357260
2701.715466,2781.066403,2811.778671,2854.479330,2876.285714,2952.643311,2978.211028,3038.361777
2701.708005,2781.063387,2811.784171,2854.434229,2876.285714,2952.650249,2978.218834,3038.370165
2701.690790,2781.055811,2811.757188,2854.575041,2876.285714,2952.654757,2978.226856,3038.385852
2701.646892,2781.051708,2811.758009,2854.461728,2876.285714,2952.679618,2978.258232,3038.429320
2701.626664,2781.020023,2811.747430,2854.545193,2876.285714,2952.693616,2978.274042,3038.451845
2701.575915,2781.003760,2811.730258,2854.554138,2876.285714,2952.719975,2978.308545,3038.501817
2701.573387,2780.998155,2811.731145,2854.550042,2876.285714,2952.721831,2978.309919,3038.504258
2701.573491,2781.000108,2811.728375,2854.566946,2876.285714,2952.722010,2978.310326,3038.504595
2701.557300,2781.010313,2811.734693,2854.460183,2876.285714,2952.728980,2978.320681,3038.518715
2701.554132,2780.930258,2812.029371,2846.696767,2861.094772,2952.783664,2978.384003,3038.620863
2701.516859,2780.913072,2812.019707,2846.695153,2861.095701,2952.804890,2978.410604,3038.658478
2701.486806,2780.977464,2811.716760,2854.460725,2876.285714,2952.770963,2978.371985,3038.591216
2701.486231,2780.961492,2811.704440,2854.573069,2876.285714,2952.771212,2978.372368,3038.592645
2701.480308,2780.974690,2811.714181,2854.463947,2876.285714,2952.772911,2978.375260,3038.596542
2701.473908,2780.971916,2811.713579,2854.484702,2876.428571,2952.777460,2978.381267,3038.603824
2701.449013,2780.960392,2811.707160,2854.484515,2876.428571,2952.791669,2978.398944,3038.629003
2701.428216,2780.950737,2811.701783,2854.484556,2876.428571,2952.803534,2978.413722,3038.650034
2701.403550,2780.937571,2811.692622,2854.503904,2876.428571,2952.815632,2978.429680,3038.673684
2701.395167,2780.935432,2811.693264,2854.484406,2876.428571,2952.822382,2978.437213,3038.683447
2701.346522,2780.897895,2811.680772,2854.514774,2876.428571,2952.852694,2978.472993,3038.734826
2701.340553,2780.910106,2811.679194,2854.484027,2876.428571,2952.853557,2978.476006,3038.738686
2701.325595,2780.888938,2811.667767,2854.565289,2876.428571,2952.862857,2978.487313,3038.755025
2701.293639,2780.869686,2811.662549,2854.551770,2876.428571,2952.882275,2978.510250,3038.788263
2701.268151,2780.876552,2811.660540,2854.483698,2876.428571,2952.894858,2978.527456,3038.811891
2701.184050,2780.814691,2811.640651,2854.519564,2876.428571,2952.946380,2978.589192,3038.899388
2701.143199,2780.800148,2811.658250,2854.326302,2876.428570,2952.976029,2978.621673,3038.943669
2701.137035,2780.800056,2811.630952,2854.493824,2876.428571,2952.974435,2978.623369,3038.947683
2701.132997,2780.787604,2811.634716,2854.483421,2876.428571,2952.976402,2978.626254,3038.951280
2701.104236,2780.773516,2811.618246,2854.542186,2876.428571,2952.990966,2978.645738,3038.979641
2701.094821,2780.781765,2811.631174,2854.418701,2876.428432,2953.002707,2978.656318,3038.993567
2701.089522,2780.780993,2811.603401,2854.582160,2876.428571,2952.996719,2978.654075,3038.993283
2701.083312,2780.774113,2811.614851,2854.507193,2876.428571,2953.005580,2978.661961,3039.002752
2701.021980,2780.753162,2811.588638,2854.556200,2876.428571,2953.034800,2978.701887,3039.061170
2701.021841,2780.753973,2811.584512,2854.583354,2876.428571,2953.034650,2978.702063,3039.061350
2700.971139,2780.722902,2811.575595,2854.542983,2876.285714,2953.065858,2978.738776,3039.113820
2700.969195,2780.729431,2811.580726,2854.490157,2876.285714,2953.067250,2978.739938,3039.115505
2700.961863,2780.711204,2811.589613,2854.455226,2876.285714,2953.075038,2978.747591,3039.124890
2700.959658,2780.722310,2811.570819,2854.543483,2876.285714,2953.071665,2978.745860,3039.124945
2700.958121,2780.706711,2811.583437,2854.493696,2876.285714,2953.076877,2978.749631,3039.128684
2700.954674,2780.730565,2811.579328,2854.460545,2876.285714,2953.074705,2978.750111,3039.129398
2700.888849,2780.681131,2811.572687,2854.428547,2876.285710,2953.118854,2978.800952,3039.201006
2700.885119,2780.672907,2811.584715,2854.364899,2876.285714,2953.121036,2978.802926,3039.203119
2700.878384,2780.679926,2811.557365,2854.509030,2876.285714,2953.119980,2978.805601,3039.207821
2700.866109,2780.671745,2811.556867,2854.493630,2876.285714,2953.128532,2978.814141,3039.221208
2700.859842,2780.665737,2811.552823,2854.517250,2876.285714,2953.131137,2978.819257,3039.227452
2700.846333,2780.662832,2811.542135,2854.557775,2876.285714,2953.137267,2978.827468,3039.240115
2700.826234,2780.657168,2811.535967,2854.552061,2876.285714,2953.148373,2978.840866,3039.260098
2700.815379,2780.642840,2811.556346,2854.430019,2876.285703,2953.159329,2978.852420,3039.273180
2700.803615,2780.660468,2811.540374,2854.460521,2876.285714,2953.160959,2978.857500,3039.282174
2700.761527,2780.631234,2811.530591,2854.448602,2876.142857,2953.187699,2978.888394,3039.326333
2700.755428,2780.623585,2811.532758,2854.435427,2876.142857,2953.193499,2978.893826,3039.334081
2700.743728,2780.616070,2811.511550,2854.548460,2876.142857,2953.195714,2978.899134,3039.343864
2700.736993,2780.622521,2811.515090,2854.497470,2876.142857,2953.199605,2978.904436,3039.350368
2700.735207,2780.626423,2811.517710,2854.469853,2876.142857,2953.200809,2978.905761,3039.352016
2700.722335,2780.606845,2811.509093,2854.529504,2876.142857,2953.208892,2978.915447,3039.366037
2700.669247,2780.597358,2811.505304,2854.437587,2876.142857,2953.238542,2978.952910,3039.418523
2700.601950,2780.566126,2811.487921,2854.437801,2876.142857,2953.276994,2979.000753,3039.486597
2700.577001,2780.554656,2811.481604,2854.436890,2876.142857,2953.291242,2979.018492,3039.511815
2700.538895,2780.526187,2811.470066,2854.484371,2876.142855,2953.319859,2979.050548,3039.556377
2700.517441,2780.512559,2811.453195,2854.545847,2876.142857,2953.325193,2979.060427,3039.572784
2700.507347,2780.509030,2811.464753,2854.455027,2876.142857,2953.333078,2979.068529,3039.583417
2700.491395,2780.496090,2811.457028,2854.491830,2876.142857,2953.342300,2979.080586,3039.600064
2700.450230,2780.495703,2811.448748,2854.438415,2876.142857,2953.363660,2979.108638,3039.640044
2700.446865,2780.481435,2811.445341,2854.478441,2876.142857,2953.366664,2979.111297,3039.644440
2700.441550,2780.491669,2811.446487,2854.438601,2876.142857,2953.368614,2979.114811,3039.648821
2700.421374,2780.469448,2811.433052,2854.514191,2876.142857,2953.380546,2979.128946,3039.670008
2700.400976,2780.467726,2811.491818,2854.094265,2876.142856,2953.402082,2979.148586,3039.694610
2700.391590,2780.462868,2811.430345,2854.468256,2876.142857,2953.397161,2979.149958,3039.699647
2700.382452,2780.454900,2811.427769,2854.484399,2876.142857,2953.406681,2979.159745,3039.712774
2700.364625,2780.456009,2811.426663,2854.438556,2876.142857,2953.412563,2979.169499,3039.726621
2700.355366,2780.451699,2811.424278,2854.438533,2876.142857,2953.417860,2979.176079,3039.735992
2700.346004,2780.428558,2811.428246,2854.429113,2876.142857,2953.425756,2979.183843,3039.746964
2700.320896,2780.422820,2811.404583,2854.544276,2876.142857,2953.441984,2979.203768,3039.775408
2700.299148,2780.425636,2811.409759,2854.438849,2876.142857,2953.449959,2979.216067,3039.792835
2700.299290,2780.421575,2811.403759,2854.484950,2876.142857,2953.449412,2979.215778,3039.792811
2700.260018,2780.407444,2811.399651,2854.439077,2876.142857,2953.472320,2979.243886,3039.832415
2700.268647,2780.340896,2811.694483,2846.558255,2861.041309,2953.516438,2979.301977,3039.918048
2700.258713,2780.336353,2811.691897,2846.557821,2861.041521,2953.522151,2979.309024,3039.928112
2700.166757,2780.364261,2811.375601,2854.439278,2876.142857,2953.525610,2979.310219,3039.926733
2700.134242,2780.339232,2811.357518,2854.520182,2876.142857,2953.544044,2979.333432,3039.960245
2700.118925,2780.335682,2811.354269,2854.508566,2876.142857,2953.552354,2979.344121,3039.975375
2700.117363,2780.341368,2811.362881,2854.439296,2876.142857,2953.553841,2979.345348,3039.976691
2700.107606,2780.311734,2811.363304,2854.472388,2876.142857,2953.563525,2979.354205,3039.989422
2700.103895,2780.324001,2811.346821,2854.536069,2876.142857,2953.560657,2979.353766,3039.990619
2700.089641,2780.292945,2811.375675,2854.392817,2876.142857,2953.577519,2979.369224,3040.009187
2700.087786,2780.317220,2811.343599,2854.527967,2876.142857,2953.568800,2979.364841,3040.006153
2699.985709,2780.280304,2811.328937,2854.439794,2876.142857,2953.629087,2979.438994,3040.109846
2699.943620,2780.260795,2811.318071,2854.440091,2876.142857,2953.653144,2979.468942,3040.152414
2699.939819,2780.257179,2811.333711,2854.337807,2876.142857,2953.662299,2979.476559,3040.162247
2699.880512,2780.148132,2811.593849,2846.556433,2861.112108,2953.727593,2979.576747,3040.303178
2699.829396,2780.204384,2811.283912,2854.475616,2876.142857,2953.716910,2979.549481,3040.267173
2699.845734,2780.143469,2811.587684,2846.619134,2861.136818,2953.757763,2979.604119,3040.344743
2699.730191,2780.148544,2811.256774,2854.505361,2876.142857,2953.775926,2979.621121,3040.369287
2699.719208,2780.156757,2811.260239,2854.441112,2876.142857,2953.781447,2979.628608,3040.379387
2699.678042,2780.128282,2811.264697,2854.368376,2876.142857,2953.811767,2979.661811,3040.425604
2699.669710,2780.133819,2811.247472,2854.441470,2876.142857,2953.809754,2979.663834,3040.429452
2699.637111,2780.103199,2811.228158,2854.503476,2876.000000,2953.829393,2979.686423,3040.463605
2699.634842,2780.116826,2811.238175,2854.416315,2876.000000,2953.830526,2979.688515,3040.465173
2699.608000,2780.094667,2811.227652,2854.455484,2876.000000,2953.848331,2979.708841,3040.494758
2699.572533,2780.069603,2811.222024,2854.453007,2876.000000,2953.870795,2979.735236,3040.531710
2699.557395,2780.076970,2811.215090,2854.440336,2876.000000,2953.874947,2979.743305,3040.543912
2699.481691,2780.045908,2811.198804,2854.416389,2876.000000,2953.918090,2979.797481,3040.620048
2699.474818,2780.041840,2811.196691,2854.390659,2875.857143,2953.922881,2979.802281,3040.627476
2699.471050,2780.040244,2811.195762,2854.388874,2875.857143,2953.924163,2979.804403,3040.630604
2699.429016,2780.015657,2811.193372,2854.398073,2875.999990,2953.957118,2979.840767,3040.680440
2699.427298,2780.009000,2811.171363,2854.518718,2876.000000,2953.948277,2979.835450,3040.675329
2699.359590,2779.990118,2811.167682,2854.442416,2876.142857,2953.987120,2979.884520,3040.743111
2699.304794,2779.964197,2811.164838,2854.380183,2876.142855,2954.026542,2979.929364,3040.805750
2699.281014,2779.935959,2811.153325,2854.448478,2876.142857,2954.036132,2979.942658,3040.825284
2699.243908,2779.929655,2811.141820,2854.454377,2876.142853,2954.061441,2979.972125,3040.866269
2699.209812,2779.920796,2811.129132,2854.443084,2876.142857,2954.072782,2979.991126,3040.894582
2699.143725,2779.890236,2811.112208,2854.442780,2876.142857,2954.110597,2980.038163,3040.961421
2699.080485,2779.850568,2811.100239,2854.444435,2876.142857,2954.153080,2980.087324,3041.030636
2699.060123,2779.851486,2811.090655,2854.443559,2876.142857,2954.158424,2980.097671,3041.045973
2699.054409,2779.839167,2811.077529,2854.531263,2876.142857,2954.161203,2980.101358,3041.052264
2699.052768,2779.848088,2811.088765,2854.443591,2876.142857,2954.162631,2980.102911,3041.053411
2699.052297,2779.832072,2811.094868,2854.435480,2876.142857,2954.165906,2980.104405,3041.055587
2699.045469,2779.844701,2811.086885,2854.443683,2876.142857,2954.166798,2980.108113,3041.060786
2699.042460,2779.826304,2811.099522,2854.395288,2876.142857,2954.173052,2980.112074,3041.065943
2699.022666,2779.834166,2811.081048,2854.443552,2876.142857,2954.179857,2980.124341,3041.083856
2699.018283,2779.817459,2811.078195,2854.471094,2876.142857,2954.184132,2980.127765,3041.089549
2699.002435,2779.804817,2811.080583,2854.453647,2876.142857,2954.195007,2980.140184,3041.106437
2698.993049,2779.808569,2811.062432,2854.528224,2876.142857,2954.194836,2980.144212,3041.113110
2698.985744,2779.817068,2811.071537,2854.443883,2876.142857,2954.200973,2980.150635,3041.121191
2698.966641,2779.800999,2811.068736,2854.455999,2876.142853,2954.218926,2980.169167,3041.146312
2698.941673,2779.775714,2811.078364,2854.380037,2876.142857,2954.231959,2980.185099,3041.168615
2698.937035,2779.772332,2811.082159,2854.354561,2876.142855,2954.235536,2980.189315,3041.174026
2698.924754,2779.781931,2811.056042,2854.471657,2876.142842,2954.242929,2980.198973,3041.189072
2698.905723,2779.778481,2811.068363,2854.326275,2875.999993,2954.257472,2980.213992,3041.210456
2698.887620,2779.758964,2811.054926,2854.397077,2876.000000,2954.264912,2980.223997,3041.225476
2698.881437,2779.762197,2811.036563,2854.471438,2876.000000,2954.261405,2980.224551,3041.228035
2698.835671,2779.730714,2811.041277,2854.415196,2875.999982,2954.296134,2980.262813,3041.279900
2698.753295,2779.694141,2811.015863,2854.420225,2876.000000,2954.337090,2980.317440,3041.358306
2698.696700,2779.673267,2810.996615,2854.436613,2876.000000,2954.368261,2980.356488,3041.414624
2698.629290,2779.635673,2810.982636,2854.432166,2876.000000,2954.408346,2980.405362,3041.483713
2698.623229,2779.647788,2810.975779,2854.433716,2876.000000,2954.408435,2980.408270,3041.487804
2698.589457,2779.632878,2810.969399,2854.419788,2876.000000,2954.428591,2980.432678,3041.522413
2698.571300,2779.615871,2810.956206,2854.484697,2876.000000,2954.438639,2980.445238,3041.541008
2698.569690,2779.608280,2810.966847,2854.433980,2876.000000,2954.442444,2980.448032,3041.544471
2698.576694,2779.539269,2811.224531,2847.074452,2861.258826,2951.087104,2969.000000,3041.659707
2698.520689,2779.587804,2810.950082,2854.455605,2876.000000,2954.468973,2980.482097,3041.592704
2698.498836,2779.574842,2810.953228,2854.408806,2876.000000,2954.484374,2980.498755,3041.616525
2698.415320,2779.552396,2810.924790,2854.418814,2876.000000,2954.527718,2980.556328,3041.698063
2698.417065,2779.486988,2811.220214,2846.558275,2861.176659,2954.573776,2980.625578,3041.786439
2698.416887,2779.486906,2811.220171,2846.558104,2861.176547,2954.573881,2980.625715,3041.786612
2698.411346,2779.487181,2811.216465,2846.474898,2861.090220,2954.577095,2980.629644,3041.792293
2698.362492,2779.527913,2810.911228,2854.420113,2876.000000,2954.558560,2980.594329,3041.751969
2698.340686,2779.507452,2810.900755,2854.464163,2876.000000,2954.571524,2980.609480,3041.774732
2698.324765,2779.499631,2810.889622,2854.475431,2875.857143,2954.579873,2980.620129,3041.790386
2698.285261,2779.479846,2810.907729,2854.348328,2875.999971,2954.611008,2980.654940,3041.836497
2698.228563,2779.455863,2810.887416,2854.379996,2876.000000,2954.641542,2980.693299,3041.892238
2698.193951,2779.444330,2810.852101,2854.533463,2876.000000,2954.657859,2980.716305,3041.926119
2698.171543,2779.432072,2810.880607,2854.337222,2875.999979,2954.673802,2980.733038,3041.947881
2698.152538,2779.431854,2810.856183,2854.428020,2876.000000,2954.678122,2980.743850,3041.963769
2698.147405,2779.427282,2810.856191,2854.418806,2876.000000,2954.681065,2980.746838,3041.968954
2698.119148,2779.415756,2810.848254,2854.424155,2876.000000,2954.697343,2980.767542,3041.997684
2698.099819,2779.406529,2810.843890,2854.419876,2876.000000,2954.708471,2980.781125,3042.017202
2698.087191,2779.401097,2810.839989,2854.424834,2876.000000,2954.715762,2980.790367,3042.030050
2698.079853,2779.397304,2810.838769,2854.419942,2876.000000,2954.719919,2980.795347,3042.037405
2698.078397,2779.397510,2810.837171,2854.428441,2876.000000,2954.720607,2980.796686,3042.038774
2698.077107,2779.396206,2810.836707,2854.429391,2876.000000,2954.721358,2980.797497,3042.040145
2698.005337,2779.362861,2810.819658,2854.420328,2876.000000,2954.762626,2980.848452,3042.112786
2697.993411,2779.358138,2810.815756,2854.425941,2876.000000,2954.769387,2980.857147,3042.124791
2697.989692,2779.356624,2810.814237,2854.430092,2876.000000,2954.771402,2980.859943,3042.128482
2697.977944,2779.339604,2810.827216,2854.365612,2875.999994,2954.786750,2980.872936,3042.146445
2697.938563,2779.332010,2810.802565,2854.420514,2876.000000,2954.800893,2980.896048,3042.180327
2697.928008,2779.322272,2810.805633,2854.400041,2876.000000,2954.811802,2980.906401,3042.194792
2697.922863,2779.314093,2810.813449,2854.357700,2876.000000,2954.815116,2980.909861,3042.199402
2697.915657,2779.298746,2810.806940,2854.408183,2876.000000,2954.819715,2980.915117,3042.207054
2697.910155,2779.317905,2810.796308,2854.414470,2876.000000,2954.817116,2980.916047,3042.208985
2697.900689,2779.315856,2810.791499,2854.428793,2876.000000,2954.822582,2980.923239,3042.218613
2697.868063,2779.296806,2810.782017,2854.439386,2876.000000,2954.840999,2980.946126,3042.251588
2697.851536,2779.272957,2810.794853,2854.375337,2876.000000,2954.856522,2980.961037,3042.271791
2697.808467,2779.255329,2810.769413,2854.451229,2876.000000,2954.877329,2980.989934,3042.313509
2697.775949,2779.252181,2810.757553,2854.445827,2876.000000,2954.893629,2981.011464,3042.344776
2697.774735,2779.249176,2810.744991,2854.524207,2876.000000,2954.894882,2981.012619,3042.347052
2697.775398,2779.249702,2810.749677,2854.496976,2876.000000,2954.895427,2981.012899,3042.347502
2697.737483,2779.240020,2810.750027,2854.428049,2876.000000,2954.916088,2981.039601,3042.383686
2697.728213,2779.234812,2810.748706,2854.421364,2876.000000,2954.921473,2981.045992,3042.393108
2697.727701,2779.227715,2810.740925,2854.478032,2876.000000,2954.921820,2981.046501,3042.394505
2697.714858,2779.227502,2810.746122,2854.416796,2876.000000,2954.929020,2981.055286,3042.406524
2697.665295,2779.192013,2810.732206,2854.449086,2876.000000,2954.959969,2981.091732,3042.458573
2697.665727,2779.196451,2810.722712,2854.494551,2876.000000,2954.957130,2981.090119,3042.457271
2697.659399,2779.193909,2810.740126,2854.391162,2876.000000,2954.966124,2981.097017,3042.464997
2697.653642,2779.188528,2810.719183,2854.499609,2876.000000,2954.963403,2981.098439,3042.468747
2697.632437,2779.190905,2810.723614,2854.425830,2876.000000,2954.976307,2981.114413,3042.489959
2697.630278,2779.181166,2810.717286,2854.470288,2876.000000,2954.979637,2981.117172,3042.494239
2697.606579,2779.164148,2810.723136,2854.417698,2876.000000,2954.995055,2981.134234,3042.518695
2697.597618,2779.175205,2810.714278,2854.428860,2876.000000,2954.996223,2981.139360,3042.525114
2697.589435,2779.164553,2810.705371,2854.475851,2876.000000,2955.000761,2981.144465,3042.533873
2697.581435,2779.168305,2810.709624,2854.431553,2876.000000,2955.005580,2981.150918,3042.541546
2697.542785,2779.148275,2810.702639,2854.412935,2876.000000,2955.027929,2981.177837,3042.580759
2697.475019,2779.113897,2810.709619,2854.255375,2875.857143,2955.077390,2981.232593,3042.657076
2697.469870,2779.109795,2810.688404,2854.364376,2875.857143,2955.073272,2981.231135,3042.656846
2697.469043,2779.113176,2810.683179,2854.388832,2875.857143,2955.070893,2981.230422,3042.655678
2697.415277,2779.090936,2810.667545,2854.429727,2876.000000,2955.100852,2981.269295,3042.709644
2697.407522,2779.086265,2810.667322,2854.418317,2876.000000,2955.105379,2981.274459,3042.717485
2697.371287,2779.064368,2810.652458,2854.471849,2875.999999,2955.131534,2981.304126,3042.759517
2697.337219,2779.053723,2810.649463,2854.417873,2876.000000,2955.145691,2981.324565,3042.788588
2697.317888,2779.037210,2810.650524,2854.436956,2876.142856,2955.163877,2981.342751,3042.813966
2697.287576,2779.024691,2810.628844,2854.503433,2876.142857,2955.172787,2981.359499,3042.838440
2697.255001,2779.020199,2810.627636,2854.451793,2876.142857,2955.192681,2981.384267,3042.871722
2697.251943,2779.011915,2810.619753,2854.500904,2876.142857,2955.193519,2981.385583,3042.874788
2697.221824,2779.003015,2810.634891,2854.364867,2876.142857,2955.218614,2981.411785,3042.910689
2697.216277,2778.997608,2810.629683,2854.389509,2876.142857,2955.216602,2981.412620,3042.911024
2697.202424,2778.994150,2810.627855,2854.358357,2876.142857,2955.227170,2981.421956,3042.927261
2697.182618,2778.981570,2810.608522,2854.478775,2876.142857,2955.240492,2981.439638,3042.950653
2697.175873,2778.979709,2810.609126,2854.441119,2876.142857,2955.237536,2981.439546,3042.951440
2697.167936,2778.974248,2810.602980,2854.489594,2876.142857,2955.248401,2981.449791,3042.965172
2697.148847,2778.955311,2810.596742,2854.493364,2876.142857,2955.254327,2981.459178,3042.980130
2697.089848,2778.946929,2810.605473,2854.339365,2876.142852,2955.298660,2981.510193,3043.049534
2697.062916,2778.925516,2810.578485,2854.456099,2876.142857,2955.302047,2981.520150,3043.065598
2697.039624,2778.916719,2810.574372,2854.442035,2876.142857,2955.315523,2981.536780,3043.089097
2697.011437,2778.904507,2810.564214,2854.432631,2876.000000,2955.332561,2981.557417,3043.118239
2696.998326,2778.887198,2810.566406,2854.421401,2876.000000,2955.342857,2981.567968,3043.133332
2696.997620,2778.889975,2810.556433,2854.467359,2876.000000,2955.340963,2981.566879,3043.132828
2696.994999,2778.890335,2810.568497,2854.394892,2876.000000,2955.345288,2981.571381,3043.137450
2696.961887,2778.880173,2810.552571,2854.396186,2875.857143,2955.361883,2981.592343,3043.168790
2696.947584,2778.863817,2810.573263,2854.282583,2875.853430,2955.376180,2981.606233,3043.187110
2696.953412,2778.815840,2810.845500,2846.499454,2861.221345,2955.411119,2981.673091,3043.263534
2696.928888,2778.863534,2810.545726,2854.386768,2875.857143,2955.380834,2981.615517,3043.202160
2696.910909,2778.857851,2810.537875,2854.407313,2875.857143,2955.390916,2981.629114,3043.220230
2696.903800,2778.855749,2810.540806,2854.375580,2875.857143,2955.395728,2981.633956,3043.227637
2696.902962,2778.859568,2810.540890,2854.370816,2875.857143,2955.396616,2981.634990,3043.228446
2696.876083,2778.836154,2810.547275,2854.322356,2875.857143,2955.418167,2981.657308,3043.259920
2696.872201,2778.838529,2810.530218,2854.393092,2875.857143,2955.413305,2981.656177,3043.259436
2696.856658,2778.831616,2810.525706,2854.396544,2875.857143,2955.422264,2981.667410,3043.275234
2696.824556,2778.811962,2810.510928,2854.439635,2875.857143,2955.440440,2981.689956,3043.308153
2696.794231,2778.794962,2810.519835,2854.361142,2875.857143,2955.462546,2981.714075,3043.340901
2696.790545,2778.800767,2810.528544,2854.299765,2875.857143,2955.468907,2981.719423,3043.348124
2696.750261,2778.772630,2810.492315,2854.446682,2875.857143,2955.483899,2981.743084,3043.383585
2696.703080,2778.756490,2810.479719,2854.441194,2875.857143,2955.510301,2981.776835,3043.431098
2696.633045,2778.720251,2810.459146,2854.459381,2875.857143,2955.550473,2981.826068,3043.502125
2696.610414,2778.710557,2810.463513,2854.407638,2875.857143,2955.567098,2981.844806,3043.527332
2696.591528,2778.704671,2810.454227,2854.425132,2875.857143,2955.574619,2981.856340,3043.543792
2696.569389,2778.694595,2810.445815,2854.441374,2875.857143,2955.586788,2981.872151,3043.566006
2696.465125,2778.650574,2810.427021,2854.390183,2875.857143,2955.647004,2981.946476,3043.671201
2696.435384,2778.637377,2810.418274,2854.397819,2875.857143,2955.664099,2981.967983,3043.701385
2696.426575,2778.633310,2810.416027,2854.397861,2875.857143,2955.669156,2981.974269,3043.710296
2696.337520,2778.591790,2810.393703,2854.395712,2875.857143,2955.720157,2982.037634,3043.800245
2696.330861,2778.590420,2810.389980,2854.408727,2875.857143,2955.723904,2982.042972,3043.806997
2696.317053,2778.576591,2810.383931,2854.430435,2875.857143,2955.732624,2982.052414,3043.821939
2696.314620,2778.574336,2810.390141,2854.394664,2875.857143,2955.736866,2982.055536,3043.826512
2696.296422,2778.569414,2810.375270,2854.446226,2875.857143,2955.743772,2982.066959,3043.842423
2696.286081,2778.568250,2810.380731,2854.395073,2875.857143,2955.749788,2982.074391,3043.852353
2696.283034,2778.568297,2810.377904,2854.408217,2875.857143,2955.751376,2982.077082,3043.855376
2696.272758,2778.554810,2810.380338,2854.394506,2875.857143,2955.759340,2982.085095,3043.867045
2696.191759,2778.516637,2810.349569,2854.447982,2875.857143,2955.803950,2982.141659,3043.948133
2696.192776,2778.520974,2810.355763,2854.421790,2875.857143,2955.808360,2982.144151,3043.951187
2696.185627,2778.513154,2810.360738,2854.380432,2875.857143,2955.810381,2982.147510,3043.955497
2696.162397,2778.513605,2810.349628,2854.398294,2875.857143,2955.825494,2982.165909,3043.981915
2696.155921,2778.513673,2810.356721,2854.339809,2875.857143,2955.830172,2982.171017,3043.989178
2696.148535,2778.502258,2810.346596,2854.393157,2875.857143,2955.828746,2982.172361,3043.991365
2696.102117,2778.477484,2810.360622,2854.268285,2875.857138,2955.862648,2982.210572,3044.042382
2696.035921,2778.453324,2810.316534,2854.398970,2875.857143,2955.893491,2982.253083,3044.105452
2696.021069,2778.447425,2810.311540,2854.406626,2875.857143,2955.901866,2982.263960,3044.120372
2695.991073,2778.434148,2810.310268,2854.369397,2875.857143,2955.920315,2982.285907,3044.151620
2695.981007,2778.428649,2810.303066,2854.395286,2875.857143,2955.925519,2982.292170,3044.161253
2695.941125,2778.408421,2810.293228,2854.394807,2875.857143,2955.947804,2982.320474,3044.201161
2695.916665,2778.390291,2810.301890,2854.331265,2875.857143,2955.966852,2982.340218,3044.228632
2695.861459,2778.372071,2810.273402,2854.392051,2875.857143,2955.993712,2982.377374,3044.281886
2695.856952,2778.366670,2810.265339,2854.435900,2875.857143,2955.995963,2982.380542,3044.286567
2695.837281,2778.352631,2810.273689,2854.375829,2875.857143,2956.010432,2982.396279,3044.307981
2695.819778,2778.353318,2810.262301,2854.394947,2875.857143,2956.017673,2982.407214,3044.324062
2695.818384,2778.345276,2810.256608,2854.437459,2875.857143,2956.018807,2982.408401,3044.325913
2695.811989,2778.349616,2810.260862,2854.390823,2875.857143,2956.022310,2982.412542,3044.332030
2695.811824,2778.349524,2810.260270,2854.395221,2875.857143,2956.022220,2982.412888,3044.332093
2695.787101,2778.331609,2810.247888,2854.439366,2875.857143,2956.036659,2982.430535,3044.357570
2695.768747,2778.329787,2810.249351,2854.395290,2875.857143,2956.047038,2982.443690,3044.375714
2695.768705,2778.330763,2810.247460,2854.407367,2875.857143,2956.046828,2982.444148,3044.375636
2695.740870,2778.310236,2810.237921,2854.423051,2875.857143,2956.063007,2982.462395,3044.404094
2695.731868,2778.313286,2810.239183,2854.400016,2875.857143,2956.068216,2982.470160,3044.413044
2695.727301,2778.303954,2810.238919,2854.407553,2875.857143,2956.072416,2982.473988,3044.418831
2695.689461,2778.290485,2810.231085,2854.390724,2875.857143,2956.094098,2982.500714,3044.456931
2695.650036,2778.266109,2810.224087,2854.388663,2875.857143,2956.118017,2982.529961,3044.497562
2695.640507,2778.276953,2810.223917,2854.371090,2875.857143,2956.129354,2982.541326,3044.513165
2695.624213,2778.207551,2810.506817,2846.448816,2861.266356,2956.172897,2982.625361,3044.604967
2695.605249,2778.198875,2810.501999,2846.447994,2861.266867,2956.183754,2982.638963,3044.624097
2695.581979,2778.189680,2810.495290,2846.429780,2861.262068,2956.198059,2982.652100,3044.648776
2695.567837,2778.183256,2810.491678,2846.428811,2861.261804,2956.206163,2982.662231,3044.663058
2695.539569,2778.168838,2810.485301,2846.445625,2861.269194,2956.221423,2982.686052,3044.690392
2695.507489,2778.154170,2810.477146,2846.444509,2861.270303,2956.239807,2982.709047,3044.722768
2695.502436,2778.151861,2810.475860,2846.444355,2861.270511,2956.242709,2982.712664,3044.727876
2695.486802,2778.144716,2810.471883,2846.443828,2861.271101,2956.251685,2982.723871,3044.743658
2695.469570,2778.136836,2810.467503,2846.443144,2861.271635,2956.261559,2982.736216,3044.761056
2695.458696,2778.137665,2810.458261,2846.841800,2861.509330,2956.264303,2982.740999,3044.772428
2695.384614,2778.096495,2810.447472,2846.319012,2861.203334,2956.310413,2982.796327,3044.846874
2695.378151,2778.095040,2810.444271,2846.439747,2861.274712,2956.313987,2982.801775,3044.853317
2695.369973,2778.091102,2810.442365,2846.403673,2861.245819,2956.317064,2982.807382,3044.860568
2695.353792,2778.083905,2810.438079,2846.439048,2861.275682,2956.327952,2982.819231,3044.877909
2695.348371,2778.081427,2810.436702,2846.438791,2861.275829,2956.331066,2982.823121,3044.883381
2695.344228,2778.079537,2810.435648,2846.438783,2861.276089,2956.333438,2982.826071,3044.887575
2695.323011,2778.073053,2810.426993,2846.596547,2861.365818,2956.341559,2982.836200,3044.909751
2695.317268,2778.067208,2810.428798,2846.437890,2861.277089,2956.348904,2982.845416,3044.914779
2695.312616,2778.066717,2810.426609,2846.434191,2861.279519,2956.352486,2982.845073,3044.920810
2695.299551,2778.059112,2810.424297,2846.436931,2861.277389,2956.359053,2982.858116,3044.932659
2695.275345,2778.050718,2810.415504,2846.563999,2861.350432,2956.372070,2982.874792,3044.956907
2695.268806,2778.041989,2810.419486,2846.280695,2861.182280,2956.373975,2982.880911,3044.962573
2695.236907,2778.085512,2810.113445,2854.401590,2875.857143,2956.352748,2982.823651,3044.913740
2695.215348,2778.075596,2810.107973,2854.401686,2875.857143,2956.365132,2982.839057,3044.935539
2695.213995,2778.074984,2810.107630,2854.401624,2875.857143,2956.365924,2982.840011,3044.936918
2695.169597,2778.053642,2810.096227,2854.371885,2875.714286,2956.392243,2982.871625,3044.982274
2695.121934,2778.031293,2810.084938,2854.367476,2875.714286,2956.419702,2982.905565,3045.030483
2695.116943,2778.030462,2810.086717,2854.349126,2875.714286,2956.422654,2982.909139,3045.035372
2695.059143,2777.998981,2810.061087,2854.415658,2875.714286,2956.455403,2982.950203,3045.094032
2695.014154,2777.982974,2810.055502,2854.380139,2875.714286,2956.481500,2982.982947,3045.139453
2695.010901,2777.934490,2810.345247,2846.426541,2861.290488,2956.516139,2983.046876,3045.219505
2695.010923,2777.906528,2810.326131,2846.671217,2861.125142,2955.893067,2982.443145,3045.250726
2694.977484,2777.959550,2810.042113,2854.406234,2875.714286,2956.502188,2983.008468,3045.176628
2694.972545,2777.956152,2810.045830,2854.386080,2875.714286,2956.506625,2983.012715,3045.182312
2694.952245,2777.953684,2810.041087,2854.372447,2875.714286,2956.517238,2983.026906,3045.202141
2694.933513,2777.939458,2810.036143,2854.382094,2875.714286,2956.529142,2983.040389,3045.221864
2694.933446,2777.952794,2810.115620,2854.531639,2868.087827,2956.565245,2983.042990,3045.243713
2694.902996,2777.927107,2810.022497,2854.409808,2875.714286,2956.545336,2983.061852,3045.252142
2694.882965,2777.868047,2810.270038,2853.885106,2856.154099,2956.597854,2983.087307,3045.294471
2694.859213,2777.857955,2810.312544,2846.421482,2861.293871,2956.611807,2983.173842,3045.377077
2694.839273,2777.850340,2810.306659,2846.406268,2861.290382,2956.624168,2983.184662,3045.398346
2694.791623,2777.828778,2810.294302,2846.420350,2861.300995,2956.651503,2983.218818,3045.446499
2694.777504,2777.820677,2810.291805,2846.417799,2861.296096,2956.658732,2983.232436,3045.459505
2694.772240,2777.818242,2810.290490,2846.417773,2861.296551,2956.661739,2983.236229,3045.464836
2694.749621,2777.807916,2810.284753,2846.416817,2861.297282,2956.674735,2983.252442,3045.487671
2694.748127,2777.807229,2810.284379,2846.416822,2861.297380,2956.675589,2983.253538,3045.489163
2694.738760,2777.807815,2810.277536,2846.605904,2861.403727,2956.677518,2983.258815,3045.497230
2694.736913,2777.803533,2810.280775,2846.399476,2861.292529,2956.682944,2983.258089,3045.501644
2694.649858,2777.813599,2810.027166,2854.124857,2875.713289,2956.707720,2983.257163,3045.524251
2694.605053,2777.786229,2809.963783,2854.336356,2875.714286,2956.720954,2983.276420,3045.555351
2694.600437,2777.790512,2809.951499,2854.375450,2875.714286,2956.719441,2983.277931,3045.557825
2694.555698,2777.771397,2809.940600,2854.373668,2875.714286,2956.745402,2983.310294,3045.603290
2694.546351,2777.761100,2809.936238,2854.389508,2875.714286,2956.751907,2983.317207,3045.614003
2694.545893,2777.761612,2809.934541,2854.396637,2875.714286,2956.752796,2983.317786,3045.615217
2694.533234,2777.758470,2809.952664,2854.270271,2875.571429,2956.766419,2983.330257,3045.631343
2694.476313,2777.733997,2809.920441,2854.342928,2875.571429,2956.791857,2983.366927,3045.684017
2694.463511,2777.725125,2809.915915,2854.388257,2875.714286,2956.798653,2983.376579,3045.696748
2694.448010,2777.721438,2809.907397,2854.409631,2875.714286,2956.809500,2983.388642,3045.714749
2694.442196,2777.718542,2809.913975,2854.357598,2875.714286,2956.813190,2983.391850,3045.719196
2694.429479,2777.709432,2809.910715,2854.364617,2875.714286,2956.818945,2983.400083,3045.731652
2694.427303,2777.712442,2809.908121,2854.373840,2875.714286,2956.819290,2983.402057,3045.733160
2694.426252,2777.711948,2809.907843,2854.373980,2875.714286,2956.819884,2983.402817,3045.734214
2694.413023,2777.704381,2809.905612,2854.387915,2875.714286,2956.832281,2983.414693,3045.751066
2694.407526,2777.708473,2809.918070,2854.318142,2875.714274,2956.837584,2983.418406,3045.756253
2694.331276,2777.664667,2809.883043,2854.398041,2875.714286,2956.879360,2983.473550,3045.834607
2694.309252,2777.658205,2809.878227,2854.374237,2875.714286,2956.887244,2983.486439,3045.852585
2694.302668,2777.649060,2809.873995,2854.394587,2875.714286,2956.892126,2983.491043,3045.860409
2694.305566,2777.605211,2810.172257,2846.401434,2861.314045,2956.929762,2983.570984,3045.935834
2694.283823,2777.595294,2810.166751,2846.400365,2861.314651,2956.942271,2983.586591,3045.957779
2694.279775,2777.595361,2810.164305,2846.424273,2861.332495,2956.945425,2983.586183,3045.962981
2694.272159,2777.592513,2810.162282,2846.380318,2861.306996,2956.947769,2983.588325,3045.970494
2694.224511,2777.561506,2810.119859,2853.756937,2855.572732,2956.974827,2983.557114,3045.959004
2694.102115,2777.515919,2810.116770,2846.606319,2861.445995,2957.046439,2983.715505,3046.141416
2694.091993,2777.509144,2810.117469,2846.375574,2861.315560,2957.053372,2983.720867,3046.152520
2694.081235,2777.503157,2810.115883,2846.263964,2861.243259,2957.057227,2983.726530,3046.162869
2694.071707,2777.498510,2810.113066,2846.393295,2861.322838,2957.064135,2983.738780,3046.171887
2694.063210,2777.494627,2810.110920,2846.392607,2861.322752,2957.068992,2983.744888,3046.180449
2694.054589,2777.489243,2810.110604,2846.271790,2861.250056,2957.073685,2983.750615,3046.189313
2694.049209,2777.491759,2810.103225,2846.643672,2861.470826,2957.076670,2983.754739,3046.194335
2694.044089,2777.485903,2810.106080,2846.392408,2861.323794,2957.079979,2983.758614,3046.199746
2694.033850,2777.481231,2810.103494,2846.391626,2861.323871,2957.085864,2983.765970,3046.210077
2694.008577,2777.476385,2810.092187,2846.467485,2861.378777,2957.093479,2983.770330,3046.233708
2694.009325,2777.470045,2810.097287,2846.390914,2861.324924,2957.099962,2983.783558,3046.234841
2693.976514,2777.456491,2810.087058,2846.468625,2861.386635,2957.119565,2983.803493,3046.269008
2693.968755,2777.453981,2810.084905,2846.445181,2861.358134,2957.123951,2983.809901,3046.276562
2693.964132,2777.452989,2810.082354,2846.523321,2861.403937,2957.126078,2983.813060,3046.280805
2693.948178,2777.444423,2810.080287,2846.377291,2861.310298,2957.135776,2983.824866,3046.297169
2693.945822,2777.442653,2810.080285,2846.387022,2861.331122,2957.137349,2983.825677,3046.300161
2693.936070,2777.442396,2810.073280,2846.593678,2861.455072,2957.137746,2983.826701,3046.308838
2693.931864,2777.434707,2810.077696,2846.388194,2861.327782,2957.144472,2983.839158,3046.313024
2693.844543,2777.398424,2810.052250,2846.540753,2861.415561,2957.194433,2983.901992,3046.400635
2693.836099,2777.392926,2810.051660,2846.470271,2861.375216,2957.199165,2983.907455,3046.409650
2693.787348,2777.368792,2810.041153,2846.383316,2861.333243,2957.227519,2983.942879,3046.458899
2693.756994,2777.354951,2810.033476,2846.382166,2861.334275,2957.244961,2983.964649,3046.489550
2693.756713,2777.354818,2810.033410,2846.382250,2861.334361,2957.245121,2983.964872,3046.489821
2693.704819,2777.331154,2810.020291,2846.380480,2861.336268,2957.274940,2984.002111,3046.542208
2693.681096,2777.320335,2810.014295,2846.379630,2861.337112,2957.288571,2984.019144,3046.566151
2693.677163,2777.314084,2810.017599,2846.178796,2861.228882,2957.288279,2984.023145,3046.568690
2693.670916,2777.313138,2810.014849,2846.178845,2861.216914,2957.293806,2984.026445,3046.576072
2693.645961,2777.304313,2810.005417,2846.378542,2861.338519,2957.308763,2984.044359,3046.601623
2693.613968,2777.291659,2809.996267,2846.387507,2861.333980,2957.327407,2984.067556,3046.633788
2693.602725,2777.284596,2809.994492,2846.377150,2861.340230,2957.333625,2984.075409,3046.645264
2693.594114,2777.280668,2809.992317,2846.376815,2861.340528,2957.338576,2984.081593,3046.653956
2693.591530,2777.281616,2809.989415,2846.498496,2861.406612,2957.339123,2984.083099,3046.656260
2693.547748,2777.259525,2809.980604,2846.375303,2861.342267,2957.365211,2984.114877,3046.700758
2693.536794,2777.254525,2809.977841,2846.374966,2861.342715,2957.371506,2984.122751,3046.711814
2693.533946,2777.253243,2809.977110,2846.374706,2861.342638,2957.373153,2984.124781,3046.714686
2693.527693,2777.250393,2809.975529,2846.374718,2861.343105,2957.376758,2984.129260,3046.721010
2693.506638,2777.240792,2809.970210,2846.374367,2861.344199,2957.388860,2984.144363,3046.742277
2693.499757,2777.237646,2809.968477,2846.373591,2861.343989,2957.392801,2984.149321,3046.749212
2693.494331,2777.238012,2809.963655,2846.595982,2861.474632,2957.394718,2984.153553,3046.753970
2693.486867,2777.231790,2809.965210,2846.373097,2861.344309,2957.400208,2984.158561,3046.762209
2693.472819,2777.225372,2809.961667,2846.373086,2861.345321,2957.408293,2984.168655,3046.776403
2693.429120,2777.208203,2809.947616,2846.548279,2861.449687,2957.432959,2984.198367,3046.821142
2693.409558,2777.196516,2809.945703,2846.370605,2861.347403,2957.444647,2984.214110,3046.840249
2693.408316,2777.195182,2809.945339,2846.398549,2861.358932,2957.442338,2984.216964,3046.839573
2693.398924,2777.191655,2809.943030,2846.371043,2861.348492,2957.450743,2984.221740,3046.850995
2693.386292,2777.187372,2809.939030,2846.356323,2861.344839,2957.458898,2984.227436,3046.864842
2693.370215,2777.183888,2809.931295,2846.479908,2861.423052,2957.465055,2984.233501,3046.880066
2693.366243,2777.176804,2809.934741,2846.369381,2861.349101,2957.469559,2984.245159,3046.883982
2693.352649,2777.170595,2809.931318,2846.369278,2861.350041,2957.477384,2984.254913,3046.897734
2693.320357,2777.155860,2809.923179,2846.367913,2861.351027,2957.495933,2984.278138,3046.930304
2693.314321,2777.153122,2809.921648,2846.367837,2861.351373,2957.499419,2984.282453,3046.936404
2693.293746,2777.143734,2809.916468,2846.366893,2861.351988,2957.511240,2984.297250,3046.957157
2693.236931,2777.165198,2809.607366,2854.345880,2875.571429,2957.505659,2984.253242,3046.937727
2693.232024,2777.162346,2809.607357,2854.339945,2875.571429,2957.508465,2984.256649,3046.942593
2693.229409,2777.116098,2809.899136,2846.370624,2861.361957,2957.549067,2984.340005,3047.023307
2693.203230,2777.105653,2809.889789,2846.607925,2861.498964,2957.561962,2984.362277,3047.047954
2693.190895,2777.096876,2809.890525,2846.363314,2861.356030,2957.570414,2984.371090,3047.060963
2693.150831,2777.080176,2809.879507,2846.358628,2861.359884,2957.594354,2984.396399,3047.102703
2693.127399,2777.067963,2809.874503,2846.360965,2861.358354,2957.606961,2984.416685,3047.125034
2693.119787,2777.064495,2809.872585,2846.361054,2861.359033,2957.611356,2984.422139,3047.132736
2693.114427,2777.062042,2809.871241,2846.360708,2861.359093,2957.614427,2984.426009,3047.138136
2693.080720,2777.046688,2809.862744,2846.359634,2861.360491,2957.633814,2984.450199,3047.172165
2693.025807,2777.022375,2809.848895,2846.288233,2861.323488,2957.666164,2984.486419,3047.228660
2692.946525,2777.006722,2809.691736,2854.397819,2861.052157,2957.716316,2984.470438,3047.260491
2692.936205,2777.019272,2809.536385,2854.341133,2875.571429,2957.681343,2984.469603,3047.243309
2692.895717,2777.008806,2809.521386,2854.346857,2875.571429,2957.702360,2984.497423,3047.282884
2692.881652,2776.972405,2809.693066,2854.310726,2859.830911,2957.749078,2984.515217,3047.319663
2692.873230,2776.952178,2809.810456,2846.352977,2861.369066,2957.753214,2984.599214,3047.381589
2692.868690,2776.950116,2809.809304,2846.352400,2861.368884,2957.755839,2984.602480,3047.386162
2692.806790,2776.921929,2809.793709,2846.350323,2861.371353,2957.791470,2984.646948,3047.448635
2692.776601,2776.911808,2809.783512,2846.395940,2861.405701,2957.806765,2984.661082,3047.479776
2692.702101,2776.915945,2809.472035,2854.352609,2875.571429,2957.814994,2984.636066,3047.479680
2692.700968,2776.917396,2809.507668,2854.197274,2875.563640,2957.825461,2984.643213,3047.487951
2692.688057,2776.908149,2809.477158,2854.326335,2875.571429,2957.826297,2984.648240,3047.495929
2692.665397,2776.897037,2809.461082,2854.364631,2875.571429,2957.835769,2984.661685,3047.516375
2692.645176,2776.892358,2809.457228,2854.361506,2875.571428,2957.849636,2984.678153,3047.538702
2692.618511,2776.877774,2809.453802,2854.344747,2875.571429,2957.863431,2984.696220,3047.564033
2692.602313,2776.869551,2809.475245,2854.230155,2875.571429,2957.878928,2984.711424,3047.584301
2692.592843,2776.866652,2809.445150,2854.350605,2875.571429,2957.877829,2984.714176,3047.589836
2692.571648,2776.860353,2809.439841,2854.347783,2875.571429,2957.889266,2984.729401,3047.610704
2692.555332,2776.851896,2809.435767,2854.315500,2875.428571,2957.899404,2984.740972,3047.627611
2692.544728,2776.845523,2809.444411,2854.271136,2875.428571,2957.908340,2984.749938,3047.639789
2692.543791,2776.847630,2809.437604,2854.292980,2875.428571,2957.907025,2984.749450,3047.639566
2692.539599,2776.800274,2809.726427,2846.341523,2861.382122,2957.945280,2984.838892,3047.718328
2692.482094,2776.813469,2809.450961,2854.182894,2875.428571,2957.949257,2984.796885,3047.705467
2692.472480,2776.812602,2809.421746,2854.284474,2875.428571,2957.948343,2984.800142,3047.711574
2692.439804,2776.796745,2809.406976,2854.353521,2875.571429,2957.965741,2984.824235,3047.744288
2692.430100,2776.796813,2809.436252,2854.187155,2875.394385,2957.982301,2984.837287,3047.762965
2692.409741,2776.784514,2809.401026,2854.339245,2875.571429,2957.983292,2984.845117,3047.774914
2692.391233,2776.776566,2809.394469,2854.351621,2875.571429,2957.993422,2984.858930,3047.793209
2692.386801,2776.773587,2809.407191,2854.290116,2875.571425,2958.000394,2984.864613,3047.800909
2692.317998,2776.747464,2809.436606,2854.086792,2875.531263,2958.047845,2984.919332,3047.875475
2692.316394,2776.742538,2809.387208,2854.302909,2875.571428,2958.040733,2984.914587,3047.871830
2692.314085,2776.738288,2809.387092,2854.302393,2875.571429,2958.041137,2984.915036,3047.873017
2692.288274,2776.709671,2809.527389,2854.423284,2860.732178,2958.089996,2984.940872,3047.917906
2692.275747,2776.680179,2809.660035,2846.333119,2861.392867,2958.097188,2985.028462,3047.984671
2692.273953,2776.679362,2809.659584,2846.333018,2861.392903,2958.098220,2985.029752,3047.986482
2692.255259,2776.670857,2809.654879,2846.332392,2861.393648,2958.108990,2985.043179,3048.005358
2692.214386,2776.677459,2809.502732,2854.447555,2861.285958,2958.133559,2984.993880,3047.994237
2692.211357,2776.652560,2809.642659,2846.341964,2861.404921,2958.135071,2985.071705,3048.050657
2692.194640,2776.643266,2809.639638,2846.330633,2861.396205,2958.143888,2985.086757,3048.066538
2692.157133,2776.617870,2809.640388,2845.659257,2861.023328,2958.158730,2985.113381,3048.100707
2692.137943,2776.622201,2809.622313,2846.391571,2861.442113,2958.174088,2985.122469,3048.123988
2692.130607,2776.614133,2809.623536,2846.328517,2861.398777,2958.180773,2985.132769,3048.131185
2692.078866,2776.592211,2809.609711,2846.319940,2861.384477,2958.210005,2985.169246,3048.183359
2692.074995,2776.588834,2809.609551,2846.326748,2861.401022,2958.212800,2985.172721,3048.187332
2691.998134,2776.553857,2809.590235,2846.324269,2861.404109,2958.257072,2985.227991,3048.264911
2691.995153,2776.552503,2809.589484,2846.324251,2861.404280,2958.258784,2985.230118,3048.267928
2691.899731,2776.512168,2809.562881,2846.408155,2861.454655,2958.314121,2985.296212,3048.365037
2691.862455,2776.492127,2809.556150,2846.320650,2861.410188,2958.335211,2985.325507,3048.401897
2691.787576,2776.498768,2809.246553,2854.335145,2875.571429,2958.343419,2985.291391,3048.404753
2691.780385,2776.495295,2809.247085,2854.327508,2875.571429,2958.347808,2985.296500,3048.412209
2691.736475,2776.478099,2809.230036,2854.350498,2875.571429,2958.371295,2985.327538,3048.455572
2691.728996,2776.471482,2809.235977,2854.319663,2875.571429,2958.377692,2985.333559,3048.464136
2691.717421,2776.470529,2809.226759,2854.344938,2875.571429,2958.381884,2985.341984,3048.474464
2691.708876,2776.466125,2809.236724,2854.292248,2875.571429,2958.389900,2985.348266,3048.484419
2691.707684,2776.464355,2809.227263,2854.331454,2875.571429,2958.389083,2985.348287,3048.485190
2691.698718,2776.461536,2809.235746,2854.285058,2875.571429,2958.396524,2985.356455,3048.495657
2691.689190,2776.457982,2809.230267,2854.299164,2875.571429,2958.400970,2985.362759,3048.504493
2691.688849,2776.456613,2809.226469,2854.313002,2875.571429,2958.400557,2985.362048,3048.504462
2691.625667,2776.427507,2809.217017,2854.291978,2875.571429,2958.440120,2985.409835,3048.571111
2691.578982,2776.407386,2809.202191,2854.275605,2875.428551,2958.467437,2985.442886,3048.618534
2691.575553,2776.400561,2809.192583,2854.307540,2875.428571,2958.466435,2985.442945,3048.619965
2691.539276,2776.384781,2809.198432,2854.218843,2875.285714,2958.490659,2985.470153,3048.657667
2691.514142,2776.373153,2809.179328,2854.269120,2875.285714,2958.502643,2985.487537,3048.682024
2691.467949,2776.312729,2809.457088,2846.308098,2861.425966,2958.562519,2985.609155,3048.800156
2691.440669,2776.300336,2809.450243,2846.307213,2861.427116,2958.578255,2985.628762,3048.827693
2691.375940,2776.310737,2809.145256,2854.265021,2875.285714,2958.582116,2985.586117,3048.821550
2691.357105,2776.264595,2809.427476,2846.373951,2861.461399,2958.626261,2985.688127,3048.912251
2691.351090,2776.261074,2809.426969,2846.292817,2861.426268,2958.630654,2985.690207,3048.919052
2691.305428,2776.239545,2809.415749,2846.273265,2861.419132,2958.657008,2985.723567,3048.964723
2691.290808,2776.234132,2809.411550,2846.271196,2861.419114,2958.664013,2985.731140,3048.979712
2691.287319,2776.230642,2809.411804,2846.302348,2861.433643,2958.666677,2985.739036,3048.982480
2691.284437,2776.229342,2809.411075,2846.302663,2861.434129,2958.668349,2985.741087,3048.985398
2691.250192,2776.213803,2809.402480,2846.301189,2861.435237,2958.688114,2985.765701,3049.019955
2691.239459,2776.209435,2809.398510,2846.445878,2861.514249,2958.690709,2985.774454,3049.029595
2691.234143,2776.208995,2809.396173,2846.368192,2861.473975,2958.697798,2985.776217,3049.036185
2691.228397,2776.204311,2809.396901,2846.180251,2861.400911,2958.695933,2985.769205,3049.041748
2691.220422,2776.200253,2809.395034,2846.300144,2861.436452,2958.705268,2985.787130,3049.050012
2691.214028,2776.197346,2809.393435,2846.300000,2861.436781,2958.708954,2985.791731,3049.056466
2691.197902,2776.191301,2809.388767,2846.284292,2861.433759,2958.719065,2985.800193,3049.073766
2691.183530,2776.182327,2809.386613,2846.309860,2861.437319,2958.722918,2985.814818,3049.085860
2691.179995,2776.181879,2809.384911,2846.298911,2861.438225,2958.728584,2985.816226,3049.090808
2691.170097,2776.177387,2809.382428,2846.298729,2861.438769,2958.734296,2985.823331,3049.100807
2691.133666,2776.160843,2809.373296,2846.297684,2861.440453,2958.755326,2985.849522,3049.137588
2691.133288,2776.160668,2809.373202,2846.297777,2861.440497,2958.755528,2985.849787,3049.137971
2691.127288,2776.157935,2809.371704,2846.297301,2861.440535,2958.758991,2985.854129,3049.144015
2691.075358,2776.135749,2809.357859,2846.290030,2861.442630,2958.789641,2985.888381,3049.197483
2691.068487,2776.135107,2809.352240,2846.474511,2861.547198,2958.789220,2985.892177,3049.201730
2690.975683,2776.089069,2809.333731,2846.292536,2861.446984,2958.846440,2985.963162,3049.297054
2690.933496,2776.069909,2809.323167,2846.291326,2861.448912,2958.870790,2985.993515,3049.339638
2690.845176,2776.029803,2809.301050,2846.288856,2861.452898,2958.921746,2986.057024,3049.428808
2690.805975,2776.011989,2809.291246,2846.287646,2861.454554,2958.944352,2986.085252,3049.468366
2690.802280,2776.010313,2809.290321,2846.287266,2861.454495,2958.946481,2986.087908,3049.472095
2690.777907,2775.999243,2809.284222,2846.286540,2861.455555,2958.960540,2986.105439,3049.496701
2690.740959,2775.982477,2809.274969,2846.285653,2861.457284,2958.981858,2986.132010,3049.533992
2690.713469,2775.970007,2809.268080,2846.284779,2861.458504,2958.997741,2986.151757,3049.561763
2690.683056,2775.953464,2809.263842,2846.077243,2861.338144,2959.014523,2986.173232,3049.592610
2690.676751,2775.952575,2809.260886,2846.088797,2861.351015,2959.019467,2986.174359,3049.600111
2690.669598,2775.950069,2809.257115,2846.283424,2861.460412,2959.023051,2986.183348,3049.606050
2690.646476,2775.939576,2809.251328,2846.282832,2861.461542,2959.036409,2986.199985,3049.629393
2690.645731,2775.939235,2809.251142,2846.282655,2861.461419,2959.036834,2986.200529,3049.630138
2690.636340,2775.934964,2809.248796,2846.282558,2861.461938,2959.042242,2986.207293,3049.639616
2690.632012,2775.932998,2809.247715,2846.282178,2861.461946,2959.044743,2986.210415,3049.643982
2690.578198,2775.946862,2808.940321,2854.288245,2875.285714,2959.042010,2986.157528,3049.628008
2690.535010,2775.930873,2808.941654,2854.236763,2875.285714,2959.069692,2986.190550,3049.673605
2690.467184,2775.898168,2808.918907,2854.292931,2875.428571,2959.106752,2986.237555,3049.740577
2690.434639,2775.885315,2808.923715,2854.244622,2875.428571,2959.128032,2986.262025,3049.774267
2690.411388,2775.876802,2808.903353,2854.297066,2875.428571,2959.137922,2986.277483,3049.796132
2690.403567,2775.868177,2808.896574,2854.322356,2875.428571,2959.142319,2986.282892,3049.804288
2690.380415,2775.858330,2808.897123,2854.293595,2875.428571,2959.156956,2986.299650,3049.828377
2690.371332,2775.855836,2808.928926,2854.165779,2875.425588,2959.170043,2986.310576,3049.843221
2690.328668,2775.831343,2808.878237,2854.322501,2875.428571,2959.185351,2986.336434,3049.879754
2690.260016,2775.807812,2808.870500,2854.280373,2875.428571,2959.226213,2986.387187,3049.949919
2690.258294,2775.801887,2808.860310,2854.322890,2875.428571,2959.226349,2986.387094,3049.951242
2690.241301,2775.755648,2809.150017,2846.270804,2861.479002,2959.270247,2986.491570,3050.038431
2690.233004,2775.751885,2809.147943,2846.270459,2861.479349,2959.275043,2986.497523,3050.046825
2690.206505,2775.739841,2809.141330,2846.270250,2861.480820,2959.290316,2986.516636,3050.073556
2690.111657,2775.694855,2809.119261,2846.167785,2861.432722,2959.344730,2986.584574,3050.169012
2690.078822,2775.681907,2809.109432,2846.266291,2861.486277,2959.364043,2986.608527,3050.202482
2690.056744,2775.675430,2809.099660,2846.499194,2861.620979,2959.375261,2986.622321,3050.224787
2689.994204,2775.643510,2809.088301,2846.263665,2861.489825,2959.412904,2986.669462,3050.287908
2689.983193,2775.634524,2809.087033,2846.193041,2861.458976,2959.415255,2986.676964,3050.298016
2689.975038,2775.634842,2809.083496,2846.263143,2861.490637,2959.423982,2986.683222,3050.307259
2689.965574,2775.630518,2809.081153,2846.262806,2861.491022,2959.429429,2986.690079,3050.316810
2689.957389,2775.626811,2809.079106,2846.262692,2861.491480,2959.434151,2986.695944,3050.325088
2689.952491,2775.626513,2809.076053,2846.250169,2861.464381,2959.435187,2986.698684,3050.328991
2689.920272,2775.608357,2809.072172,2846.020850,2861.356618,2959.454678,2986.719153,3050.362323
2689.910167,2775.605382,2809.067319,2846.261340,2861.493536,2959.461421,2986.729962,3050.372756
2689.864741,2775.584776,2809.055978,2846.260081,2861.495520,2959.487644,2986.762657,3050.418626
2689.835330,2775.610517,2808.754443,2854.326350,2875.428571,2959.471198,2986.690852,3050.379183
2689.823685,2775.567103,2809.045349,2846.233420,2861.488284,2959.512059,2986.789209,3050.461038
2689.808332,2775.557649,2809.044185,2846.031304,2861.364094,2959.520075,2986.800589,3050.475908
2689.769790,2775.579106,2808.736853,2854.331467,2875.428571,2959.509258,2986.737219,3050.445636
2689.761545,2775.575005,2808.734687,2854.335649,2875.428571,2959.514142,2986.743773,3050.454315
2689.754363,2775.572045,2808.734666,2854.324867,2875.428571,2959.517973,2986.748667,3050.461015
2689.753021,2775.571567,2808.753421,2854.255873,2875.428571,2959.522632,2986.752033,3050.464370
2689.749075,2775.569649,2808.733355,2854.324862,2875.428571,2959.521032,2986.752468,3050.466363
2689.753437,2775.534289,2809.028195,2846.257040,2861.500456,2959.551925,2986.842805,3050.531006
2689.751869,2775.533579,2809.027801,2846.256845,2861.500418,2959.552833,2986.843922,3050.532597
2689.742651,2775.529396,2809.025505,2846.256772,2861.501001,2959.558161,2986.850572,3050.541901
2689.739209,2775.525413,2809.027814,2845.993613,2861.351832,2959.560247,2986.851191,3050.545447
2689.724381,2775.521107,2809.020947,2846.256260,2861.501787,2959.568708,2986.863731,3050.560346
2689.685203,2775.541106,2808.715524,2854.335331,2875.428571,2959.557750,2986.798664,3050.530799
2689.680002,2775.538103,2808.716104,2854.325418,2875.428571,2959.561033,2986.802049,3050.536262
2689.637462,2775.483248,2808.998627,2846.182424,2861.471170,2959.618147,2986.920032,3050.649029
2689.627379,2775.477119,2808.996755,2846.253356,2861.506007,2959.624752,2986.933590,3050.658274
2689.593288,2775.461675,2808.988253,2846.252536,2861.507754,2959.644463,2986.958105,3050.692707
2689.591034,2775.460649,2808.987694,2846.252405,2861.507772,2959.645756,2986.959735,3050.694977
2689.575568,2775.454800,2808.983533,2846.193784,2861.478737,2959.654469,2986.966618,3050.711372
2689.531865,2775.433822,2808.972951,2846.250502,2861.510340,2959.679963,2987.002373,3050.754692
2689.525821,2775.431082,2808.971446,2846.250359,2861.510647,2959.683456,2987.006724,3050.760795
2689.515083,2775.428360,2808.965755,2846.475105,2861.638195,2959.685892,2987.012826,3050.771529
2689.453151,2775.398159,2808.953332,2846.248536,2861.514305,2959.725486,2987.059026,3050.834173
2689.423000,2775.381532,2808.949819,2845.908711,2861.320951,2959.742673,2987.078291,3050.864571
2689.386531,2775.370352,2808.934753,2846.147256,2861.422181,2959.764025,2987.107006,3050.901495
2689.360909,2775.356361,2808.930347,2846.245657,2861.518249,2959.778801,2987.125456,3050.927280
2689.356440,2775.349040,2808.935636,2845.868345,2861.300322,2959.779489,2987.128776,3050.931686
2689.342014,2775.350187,2808.923661,2846.145433,2861.423755,2959.789751,2987.139050,3050.946441
2689.332691,2775.343551,2808.923328,2846.245195,2861.519893,2959.795099,2987.145796,3050.955767
2689.238672,2775.300950,2808.899920,2846.242133,2861.523912,2959.849472,2987.213524,3051.050688
2689.219401,2775.295045,2808.890766,2846.426395,2861.630637,2959.858316,2987.225373,3051.071578
2689.207525,2775.286837,2808.892166,2846.241222,2861.525333,2959.867483,2987.235961,3051.082132
2689.132011,2775.253832,2808.872819,2846.223570,2861.524684,2959.911881,2987.287461,3051.159296
2689.108585,2775.242014,2808.867537,2846.238603,2861.530107,2959.924707,2987.307223,3051.182029
2689.068552,2775.226388,2808.854319,2846.437326,2861.649454,2959.942027,2987.328439,3051.224225
2689.065115,2775.225044,2808.853583,2846.304678,2861.558896,2959.948610,2987.336274,3051.225302
2689.048348,2775.216861,2808.850051,2846.372435,2861.604870,2959.958128,2987.350128,3051.242435
2689.024395,2775.203867,2808.846586,2846.235957,2861.533706,2959.973386,2987.367894,3051.267015
2689.016609,2775.200341,2808.844645,2846.235569,2861.533879,2959.977878,2987.373489,3051.274880
2689.011567,2775.198078,2808.843376,2846.235456,2861.534098,2959.980809,2987.377109,3051.279959
2688.973401,2775.180768,2808.833898,2846.234583,2861.536057,2960.002862,2987.404617,3051.318503
2688.938507,2775.164969,2808.825210,2846.233514,2861.537577,2960.023048,2987.429747,3051.353733
2688.919127,2775.156183,2808.820395,2846.233259,2861.538745,2960.034262,2987.443724,3051.373304
2688.886696,2775.143893,2808.809963,2846.322048,2861.592409,2960.053438,2987.464853,3051.406450
2688.858098,2775.128545,2808.805211,2846.231572,2861.541574,2960.069564,2987.487691,3051.434919
2688.843014,2775.121717,2808.801458,2846.231020,2861.542180,2960.078288,2987.498543,3051.450159
2688.802611,2775.103426,2808.791406,2846.229881,2861.544045,2960.101675,2987.527664,3051.490943
2688.757250,2775.082880,2808.780124,2846.228524,2861.545991,2960.127899,2987.560345,3051.536742
2688.745751,2775.080694,2808.773774,2846.421747,2861.659465,2960.134247,2987.568338,3051.548042
2688.735136,2775.068684,2808.779080,2845.972947,2861.398044,2960.137720,2987.576432,3051.558408
2688.724685,2775.070976,2808.769090,2846.360045,2861.623228,2960.145961,2987.581447,3051.569985
2688.710031,2775.063395,2808.767625,2846.159347,2861.493358,2960.154860,2987.592385,3051.584660
2688.707552,2775.058264,2808.770140,2846.007635,2861.421396,2960.155556,2987.594315,3051.586400
2688.701040,2775.057410,2808.766162,2846.227009,2861.548610,2960.160401,2987.600874,3051.593491
2688.654168,2775.036185,2808.754511,2846.225712,2861.550801,2960.187531,2987.634669,3051.640810
2688.640206,2775.029867,2808.751037,2846.225392,2861.551453,2960.195599,2987.644715,3051.654910
2688.598881,2775.013516,2808.738809,2846.123332,2861.457501,2960.219557,2987.674482,3051.696720
2688.597820,2775.013036,2808.738544,2846.123371,2861.457580,2960.220160,2987.675239,3051.697791
2688.540703,2774.984825,2808.726303,2846.223140,2861.556512,2960.253186,2987.716402,3051.755398
2688.477441,2774.958270,2808.708223,2846.308693,2861.607444,2960.289840,2987.760402,3051.819356
2688.455315,2774.946173,2808.705084,2846.221221,2861.560545,2960.302572,2987.777961,3051.841605
2688.452159,2774.947225,2808.701386,2846.376972,2861.651803,2960.304438,2987.778971,3051.844941
2688.424486,2774.932196,2808.697435,2846.219591,2861.561478,2960.320411,2987.800201,3051.872728
2688.397294,2774.922115,2808.689446,2846.187254,2861.553630,2960.334590,2987.812946,3051.900717
2688.367392,2774.908057,2808.680976,2846.203780,2861.513066,2960.350170,2987.844132,3051.928075
2688.366039,2774.908106,2808.680951,2846.116340,2861.467709,2960.354279,2987.842308,3051.931804
2688.342707,2774.892706,2808.678944,2846.047797,2861.458741,2960.363537,2987.857494,3051.954907
2688.342575,2774.897479,2808.675130,2846.115816,2861.468964,2960.367861,2987.859220,3051.955508
2688.276929,2774.867294,2808.658508,2846.348474,2861.643201,2960.405518,2987.905673,3052.021916
2688.272890,2774.863578,2808.659783,2846.215615,2861.568546,2960.408131,2987.909471,3052.025803
2688.250428,2774.853412,2808.654207,2846.215177,2861.569786,2960.421146,2987.925668,3052.048489
2688.237641,2774.849322,2808.649527,2846.279852,2861.601126,2960.428570,2987.934411,3052.061655
2688.222226,2774.840647,2808.647200,2846.214421,2861.571053,2960.437456,2987.945996,3052.076961
2688.221151,2774.840172,2808.646932,2846.214621,2861.571327,2960.438094,2987.946747,3052.078064
2688.217295,2774.840751,2808.643495,2846.332154,2861.640590,2960.440089,2987.947607,3052.082216
2688.191854,2774.826896,2808.639668,2846.213591,2861.572424,2960.455029,2987.967899,3052.107634
2688.077174,2774.775009,2808.611201,2846.211035,2861.578214,2960.521418,2988.050553,3052.223457
2688.072308,2774.772793,2808.609997,2846.210496,2861.578008,2960.524225,2988.054109,3052.228345
2688.070793,2774.772108,2808.609621,2846.210460,2861.578091,2960.525105,2988.055200,3052.229875
2688.050063,2774.762741,2808.604469,2846.210399,2861.579489,2960.537110,2988.070110,3052.250824
2688.013246,2774.746069,2808.595341,2846.209034,2861.580829,2960.558415,2988.096693,3052.287989
2688.005154,2774.742405,2808.593333,2846.208728,2861.581129,2960.563103,2988.102538,3052.296156
2687.998773,2774.739518,2808.591751,2846.208627,2861.581459,2960.566790,2988.107135,3052.302601
2687.980333,2774.731181,2808.587173,2846.208538,2861.582584,2960.577452,2988.120413,3052.321223
2687.971831,2774.727331,2808.585064,2846.208107,2861.582862,2960.582389,2988.126554,3052.329814
2687.963699,2774.726010,2808.580804,2846.305157,2861.631122,2960.586943,2988.131717,3052.338179
2687.962247,2774.722992,2808.582688,2846.207668,2861.583169,2960.587940,2988.133477,3052.339485
2687.929759,2774.708308,2808.574622,2846.207274,2861.585100,2960.606754,2988.156859,3052.372316
2687.899916,2774.694790,2808.567226,2846.206135,2861.586121,2960.624021,2988.178424,3052.402430
2687.877555,2774.682311,2808.563754,2846.061794,2861.515432,2960.635533,2988.193961,3052.424327
2687.855127,2774.674526,2808.556116,2846.205144,2861.588283,2960.649941,2988.210722,3052.447659
2687.823882,2774.660408,2808.548368,2846.204362,2861.589896,2960.668052,2988.233233,3052.479212
2687.796674,2774.648093,2808.541634,2846.203432,2861.591045,2960.683809,2988.252876,3052.506674
2687.795599,2774.647606,2808.541368,2846.203330,2861.591053,2960.684438,2988.253659,3052.507757
2687.784530,2774.642603,2808.538625,2846.203137,2861.591689,2960.690851,2988.261633,3052.518938
2687.750041,2774.624049,2808.532720,2846.104200,2861.543553,2960.708605,2988.288278,3052.552193
2687.744932,2774.624697,2808.528813,2846.202252,2861.593714,2960.713786,2988.290190,3052.558913
2687.742945,2774.623801,2808.528322,2846.201974,2861.593642,2960.714934,2988.291610,3052.560926
2687.730619,2774.618225,2808.525269,2846.201766,2861.594337,2960.722075,2988.300501,3052.573370
2687.706310,2774.607241,2808.519251,2846.201385,2861.595879,2960.736185,2988.318026,3052.597926
2687.703418,2774.604727,2808.518963,2846.197768,2861.605192,2960.737563,2988.320043,3052.600432
2687.700224,2774.604501,2808.517731,2846.201144,2861.596053,2960.739713,2988.322396,3052.604072
2687.694386,2774.601852,2808.516294,2846.201122,2861.596401,2960.743073,2988.326613,3052.609961
2687.691459,2774.598203,2808.516146,2846.131499,2861.548560,2960.740540,2988.332225,3052.609012
2687.671736,2774.593012,2808.509877,2846.206620,2861.605831,2960.756876,2988.340129,3052.633768
2687.664375,2774.590283,2808.507318,2846.200774,2861.600410,2960.759143,2988.343222,3052.640615
2687.657779,2774.587620,2808.505294,2846.096852,2861.500896,2960.764337,2988.353009,3052.646982
2687.577852,2774.549172,2808.487427,2846.197782,2861.601908,2960.810619,2988.410661,3052.727623
2687.543355,2774.533568,2808.478892,2846.196683,2861.603434,2960.830604,2988.435567,3052.762443
2687.527009,2774.528750,2808.472338,2846.301905,2861.664044,2960.840381,2988.445711,3052.779378
2687.493770,2774.512403,2808.465977,2846.190389,2861.607442,2960.859967,2988.468510,3052.813460
2687.488983,2774.510707,2808.464051,2846.229170,2861.629018,2960.862736,2988.472461,3052.817861
2687.463856,2774.497643,2808.459205,2846.194625,2861.607351,2960.876680,2988.492891,3052.842716
2687.437688,2774.485806,2808.452733,2846.193699,2861.608425,2960.891851,2988.511798,3052.869128
2687.428099,2774.481472,2808.450361,2846.193695,2861.609098,2960.897399,2988.518701,3052.878816
2687.423474,2774.479382,2808.449216,2846.193442,2861.609208,2960.900079,2988.522039,3052.883484
2687.404845,2774.469363,2808.446252,2846.071102,2861.539462,2960.910601,2988.535422,3052.902014
2687.397938,2774.467860,2808.442885,2846.192964,2861.610650,2960.914893,2988.540417,3052.909284
2687.381843,2774.460562,2808.438916,2846.192395,2861.611261,2960.924205,2988.552071,3052.925523
2687.363241,2774.454433,2808.431712,2846.322844,2861.675417,2960.933932,2988.565924,3052.943531
2687.318555,2774.437106,2808.419038,2846.120568,2861.589132,2960.953547,2988.581824,3052.985350
2687.322354,2774.433682,2808.424192,2846.190808,2861.614211,2960.958707,2988.594992,3052.985589
2687.309431,2774.427836,2808.420996,2846.190413,2861.614734,2960.966185,2988.604318,3052.998637
2687.305468,2774.426064,2808.419999,2846.190254,2861.614814,2960.968489,2988.607159,3053.002629
2687.289295,2774.418742,2808.416013,2846.190021,2861.615841,2960.977856,2988.618828,3053.018974
2687.286074,2774.419024,2808.412833,2846.344653,2861.700623,2960.977680,2988.620634,3053.021865
2687.269998,2774.410033,2808.411228,2846.189388,2861.616641,2960.989049,2988.632741,3053.038453
2687.253827,2774.402713,2808.407239,2846.189068,2861.617578,2960.998426,2988.644429,3053.054784
2687.248398,2774.400257,2808.405897,2846.188835,2861.617774,2961.001577,2988.648356,3053.060262
2687.241052,2774.394999,2808.406632,2845.978314,2861.496783,2961.004734,2988.650994,3053.068137
2687.149519,2774.355577,2808.381438,2846.186469,2861.622714,2961.058892,2988.719686,3053.160113
2687.143181,2774.352712,2808.379873,2846.186203,2861.622934,2961.062556,2988.724260,3053.166509
2687.139023,2774.350824,2808.378848,2846.186007,2861.623042,2961.064965,2988.727276,3053.170706
2687.125339,2774.344647,2808.375463,2846.185647,2861.623756,2961.072912,2988.737155,3053.184518
2687.093690,2774.330355,2808.367629,2846.184794,2861.625226,2961.091258,2988.759979,3053.216476
2687.066114,2774.317895,2808.360815,2846.184194,2861.626716,2961.107252,2988.779879,3053.244326
2687.051166,2774.311147,2808.357110,2846.183895,2861.627414,2961.115912,2988.790653,3053.259418
2687.044819,2774.308284,2808.355540,2846.183593,2861.627637,2961.119588,2988.795220,3053.265830
2687.035456,2774.304055,2808.353219,2846.183280,2861.627990,2961.125019,2988.801989,3053.275272
2686.924908,2774.254103,2808.325908,2846.180599,2861.633612,2961.189128,2988.881784,3053.386913
2686.924700,2774.254007,2808.325858,2846.180651,2861.633643,2961.189235,2988.881919,3053.387131
2686.907302,2774.246160,2808.321544,2846.180164,2861.634384,2961.199332,2988.894467,3053.404693
2686.887914,2774.237399,2808.316756,2846.179737,2861.635382,2961.210572,2988.908466,3053.424270
2686.866100,2774.227546,2808.311376,2846.179519,2861.636870,2961.223232,2988.924201,3053.446315
2686.853446,2774.221820,2808.308249,2846.178832,2861.637095,2961.230552,2988.933349,3053.459082
2686.804230,2774.199590,2808.296090,2846.177600,2861.639558,2961.259110,2988.968889,3053.508776
2686.799759,2774.199318,2808.292908,2846.293128,2861.699224,2961.260515,2988.972221,3053.512682
2686.787363,2774.191972,2808.291924,2846.177149,2861.640299,2961.268879,2988.981059,3053.525808
2686.762668,2774.183082,2808.283938,2846.072218,2861.544078,2961.283249,2988.998865,3053.550825
2686.749966,2774.177335,2808.280801,2846.072714,2861.545299,2961.290600,2989.008026,3053.563651
2686.745597,2774.175367,2808.279722,2846.072263,2861.545249,2961.293137,2989.011181,3053.568065
2686.744212,2774.169342,2808.283407,2846.099302,2861.624198,2961.292193,2989.012492,3053.568303
2686.701437,2774.155161,2808.268019,2846.330205,2861.725647,2961.317390,2989.043129,3053.611870
2686.659709,2774.136593,2808.258496,2846.069640,2861.549108,2961.342960,2989.073149,3053.654802
2686.657724,2774.135694,2808.258008,2846.069438,2861.549089,2961.344103,2989.074584,3053.656807
2686.644342,2774.129653,2808.254696,2846.068842,2861.549355,2961.351851,2989.084263,3053.670293
2686.642734,2774.126660,2808.256201,2846.173974,2861.647826,2961.352772,2989.085442,3053.671875
2686.638019,2774.124543,2808.255023,2846.173597,2861.647789,2961.355512,2989.088836,3053.676628
2686.597340,2774.107249,2808.244534,2846.158327,2861.646300,2961.379725,2989.115617,3053.718528
2686.590065,2774.103965,2808.242738,2846.157974,2861.646567,2961.383961,2989.120886,3053.725869
2686.578648,2774.097716,2808.240375,2846.172206,2861.650732,2961.389929,2989.131708,3053.736590
2686.561437,2774.089959,2808.236109,2846.171763,2861.651517,2961.399926,2989.144115,3053.753971
2686.556704,2774.087804,2808.234957,2846.171820,2861.651902,2961.402661,2989.147562,3053.758747
2686.543312,2774.081753,2808.231653,2846.171273,2861.652385,2961.410426,2989.157244,3053.772263
2686.536898,2774.078875,2808.230053,2846.171013,2861.652564,2961.414153,2989.161848,3053.778739
2686.518263,2774.070449,2808.225463,2846.170790,2861.653713,2961.424963,2989.175308,3053.797572
2686.517293,2774.070016,2808.225225,2846.170757,2861.653789,2961.425521,2989.175996,3053.798554
2686.505999,2774.064917,2808.222438,2846.170608,2861.654481,2961.432081,2989.184157,3053.809957
2686.496156,2774.060970,2808.220336,2846.119983,2861.633183,2961.436013,2989.187310,3053.820087
2686.455139,2774.041946,2808.209885,2846.169208,2861.656771,2961.461576,2989.220896,3053.861312
2686.444929,2774.037342,2808.207364,2846.169069,2861.657402,2961.467499,2989.228245,3053.871634
2686.420747,2774.026413,2808.201400,2846.168230,2861.658351,2961.481530,2989.245749,3053.896036
2686.409373,2774.021282,2808.198591,2846.168076,2861.658994,2961.488124,2989.253945,3053.907529
2686.357009,2773.995550,2808.187453,2846.022374,2861.573573,2961.516695,2989.291804,3053.959302
2686.348829,2773.993955,2808.183647,2846.166637,2861.661989,2961.523247,2989.297649,3053.968676
2686.314922,2773.978643,2808.175284,2846.165819,2861.663667,2961.542926,2989.322149,3054.002916
2686.311653,2773.977180,2808.174473,2846.166135,2861.664171,2961.544820,2989.324468,3054.006234
2686.288402,2773.965873,2808.169914,2846.051365,2861.599999,2961.558401,2989.339995,3054.029941
2686.280123,2773.961573,2808.168463,2845.985632,2861.564531,2961.562001,2989.343708,3054.038557
2686.250990,2773.951627,2808.157162,2846.296620,2861.742310,2961.579803,2989.367717,3054.067305
2686.237337,2773.943626,2808.156142,2846.164051,2861.667573,2961.587947,2989.378169,3054.081277
2686.231743,2773.941101,2808.154764,2846.163911,2861.667835,2961.591189,2989.382199,3054.086934
2686.224934,2773.938034,2808.153083,2846.164050,2861.668476,2961.595147,2989.387103,3054.093815
2686.191954,2773.923145,2808.144952,2846.163279,2861.670131,2961.614288,2989.410930,3054.127123
2686.169914,2773.913187,2808.139521,2846.162990,2861.671252,2961.627055,2989.426873,3054.149364
2686.148467,2773.903512,2808.134227,2846.162189,2861.672128,2961.639501,2989.442335,3054.171042
2686.131137,2773.895669,2808.129973,2846.162204,2861.673318,2961.649543,2989.454890,3054.188535
2686.113367,2773.887670,2808.125573,2846.161534,2861.673992,2961.659861,2989.467687,3054.206482
2686.095170,2773.879457,2808.121085,2846.160938,2861.674774,2961.670438,2989.480841,3054.224866
2686.092833,2773.878381,2808.120530,2846.161382,2861.675253,2961.671769,2989.482558,3054.227219
2686.091747,2773.877924,2808.120237,2846.161037,2861.675119,2961.672429,2989.483287,3054.228332
2686.091282,2773.877709,2808.120130,2846.161113,2861.675279,2961.672700,2989.483621,3054.228814
2686.004413,2773.838511,2808.098715,2846.158611,2861.679186,2961.723123,2989.546382,3054.316520
2685.961581,2773.817418,2808.089497,2846.007252,2861.601275,2961.747048,2989.575072,3054.359436
2685.947709,2773.812957,2808.084736,2846.157210,2861.682111,2961.756068,2989.587303,3054.373781
2685.932472,2773.804484,2808.081820,2846.066142,2861.641865,2961.762232,2989.594792,3054.388782
2685.918823,2773.799904,2808.077636,2846.156251,2861.683330,2961.772829,2989.608209,3054.402940
2685.905515,2773.793898,2808.074364,2846.156081,2861.684164,2961.780559,2989.617833,3054.416374
2685.865263,2773.775745,2808.064455,2846.155012,2861.686202,2961.803949,2989.646913,3054.457018
2685.842737,2773.765592,2808.058903,2846.154617,2861.687470,2961.817026,2989.663154,3054.479778
2685.797717,2773.745291,2808.047819,2846.153336,2861.689607,2961.843174,2989.695676,3054.525234
2685.795490,2773.744286,2808.047274,2846.153309,2861.689816,2961.844485,2989.697300,3054.527480
2685.793260,2773.743306,2808.046707,2846.153307,2861.689957,2961.845779,2989.698855,3054.529741
2685.732915,2773.716257,2808.032078,2846.075059,2861.649046,2961.881247,2989.740911,3054.590758
2685.720888,2773.708648,2808.031870,2845.850855,2861.526800,2961.885274,2989.745618,3054.602753
2685.698347,2773.700507,2808.023343,2846.150894,2861.694642,2961.900913,2989.767444,3054.625563
2685.675888,2773.690349,2808.017845,2846.150572,2861.696044,2961.913946,2989.783696,3054.648259
2685.589591,2773.651461,2807.996604,2846.148574,2861.700662,2961.964104,2989.846000,3054.735426
2685.588313,2773.650866,2807.996295,2846.148533,2861.700612,2961.964832,2989.846964,3054.736697
2685.576942,2773.645750,2807.993493,2846.148284,2861.701251,2961.971444,2989.855156,3054.748190
2685.527247,2773.623339,2807.981277,2846.146966,2861.703693,2962.000311,2989.891079,3054.798368
2685.520877,2773.622578,2807.977947,2846.210402,2861.734686,2962.004470,2989.894685,3054.805152
2685.514941,2773.617802,2807.978247,2846.146730,2861.704483,2962.007488,2989.899962,3054.810803
2685.503256,2773.613847,2807.974294,2846.163378,2861.714830,2962.014621,2989.906329,3054.823103
2685.493377,2773.609264,2807.972072,2846.245170,2861.769442,2962.017727,2989.914715,3054.832563
2685.478996,2773.601592,2807.969407,2846.145849,2861.706211,2962.028353,2989.925936,3054.847099
2685.472788,2773.597368,2807.969651,2845.996554,2861.619900,2962.031615,2989.929135,3054.853575
2685.395546,2773.563970,2807.948890,2846.143738,2861.710394,2962.076845,2989.986247,3054.931371
2685.377016,2773.555614,2807.944336,2846.143212,2861.711298,2962.087623,2989.999661,3054.950076
2685.340661,2773.539222,2807.935408,2846.142740,2861.713526,2962.108745,2990.025939,3054.986788
2685.332450,2773.535530,2807.933378,2846.142364,2861.713739,2962.113522,2990.031858,3054.995087
2685.262322,2773.503954,2807.916113,2846.140476,2861.717073,2962.154281,2990.082490,3055.065906
2685.248156,2773.497545,2807.912655,2846.140242,2861.717978,2962.162510,2990.092758,3055.080223
2685.245993,2773.496569,2807.912127,2846.140246,2861.718153,2962.163772,2990.094331,3055.082405
2685.241696,2773.494641,2807.911064,2846.140271,2861.718459,2962.166271,2990.097416,3055.086751
2685.238383,2773.493146,2807.910247,2846.139834,2861.718315,2962.168199,2990.099831,3055.090081
2685.208859,2773.479841,2807.903002,2846.139684,2861.720368,2962.185355,2990.121140,3055.119924
2685.202234,2773.475309,2807.902865,2845.989365,2861.645133,2962.189218,2990.125021,3055.126121
2685.084262,2773.422974,2807.873582,2845.998376,2861.646459,2962.256820,2990.208204,3055.246199
2685.071260,2773.417812,2807.869206,2846.136999,2861.727727,2962.265320,2990.220653,3055.258871
2685.047866,2773.407301,2807.863441,2846.136072,2861.728637,2962.278930,2990.237513,3055.282506
2685.039652,2773.405764,2807.859610,2846.027797,2861.629687,2962.283751,2990.243452,3055.290865
2685.023452,2773.398459,2807.855640,2846.027665,2861.630772,2962.293164,2990.255156,3055.307239
2685.001969,2773.387624,2807.851777,2846.121197,2861.727656,2962.306196,2990.268310,3055.329609
2684.935156,2773.356509,2807.835781,2846.133478,2861.734482,2962.344439,2990.318998,3055.396347
2684.925729,2773.356334,2807.829816,2846.098061,2861.678260,2962.349927,2990.324255,3055.406136
2684.914135,2773.344092,2807.834178,2845.821419,2861.557235,2962.356580,2990.333128,3055.417517
2684.905158,2773.342997,2807.828411,2846.132969,2861.736130,2962.361885,2990.340688,3055.426646
2684.895953,2773.338850,2807.826139,2846.132429,2861.736344,2962.367248,2990.347354,3055.435931
2684.885330,2773.332875,2807.824968,2846.017105,2861.669975,2962.373184,2990.354525,3055.446594
2684.865895,2773.324469,2807.819496,2846.055844,2861.705733,2962.383051,2990.365508,3055.466584
2684.864611,2773.328301,2807.814376,2846.329684,2861.854229,2962.383731,2990.367281,3055.467315
2684.856378,2773.320230,2807.817499,2846.010578,2861.674935,2962.390511,2990.374872,3055.475812
2684.823121,2773.304333,2807.810404,2845.955969,2861.642888,2962.407897,2990.396757,3055.510026
2684.823103,2773.304328,2807.810397,2845.956160,2861.642993,2962.407906,2990.396769,3055.510044
2684.785459,2773.287562,2807.801332,2845.945556,2861.637539,2962.431544,2990.425474,3055.548252
2684.768218,2773.281316,2807.794785,2846.129467,2861.742898,2962.441516,2990.439688,3055.564955
2684.721803,2773.257872,2807.786494,2845.862508,2861.608279,2962.465480,2990.468067,3055.611688
2684.720439,2773.260623,2807.782886,2846.100063,2861.733687,2962.469873,2990.471893,3055.613934
2684.700925,2773.247832,2807.782173,2845.817889,2861.593253,2962.478952,2990.483848,3055.632814
2684.699832,2773.247348,2807.781882,2845.820039,2861.594649,2962.479585,2990.484642,3055.633919
2684.640088,2773.223606,2807.763335,2846.126643,2861.749495,2962.516021,2990.532343,3055.694362
2684.622582,2773.215719,2807.759051,2846.126326,2861.750445,2962.526197,2990.545009,3055.712046
2684.587817,2773.199984,2807.750038,2846.205434,2861.786545,2962.542884,2990.572014,3055.745421
2684.560841,2773.187907,2807.743909,2846.124822,2861.753492,2962.562099,2990.589674,3055.774405
2684.560742,2773.187863,2807.743885,2846.124822,2861.753500,2962.562157,2990.589746,3055.774505
2684.518968,2773.169051,2807.733637,2846.123727,2861.755498,2962.586453,2990.619965,3055.816694
2684.481867,2773.152343,2807.724541,2846.123226,2861.757674,2962.608039,2990.646804,3055.854172
2684.470964,2773.148153,2807.721313,2846.093528,2861.730619,2962.613410,2990.654148,3055.864755
2684.456863,2773.141074,2807.718430,2846.123289,2861.759523,2962.622574,2990.664900,3055.879431
2684.455172,2773.140339,2807.717985,2846.122941,2861.759339,2962.623561,2990.666062,3055.881147
2684.446757,2773.136550,2807.715931,2846.122673,2861.759816,2962.628479,2990.672167,3055.889652
2684.441222,2773.134067,2807.714562,2846.122560,2861.760045,2962.631688,2990.676146,3055.895241
2684.438275,2773.132715,2807.713862,2846.123204,2861.760583,2962.633380,2990.678339,3055.898207
2684.416296,2773.122840,2807.708457,2846.122065,2861.761395,2962.646190,2990.694179,3055.920426
2684.383892,2773.108249,2807.700501,2846.120887,2861.762550,2962.665035,2990.717646,3055.953128
2684.379415,2773.106216,2807.699415,2846.120931,2861.762874,2962.667622,2990.720893,3055.957659
2684.377568,2773.100641,2807.704437,2845.839811,2861.600965,2962.666083,2990.724593,3055.958237
2684.346372,2773.090059,2807.693215,2845.958208,2861.676912,2962.685984,2990.741806,3055.991600
2684.337913,2773.087539,2807.689240,2846.120330,2861.765301,2962.691775,2990.750899,3055.999590
2684.333541,2773.087339,2807.685926,2846.211461,2861.815546,2962.693833,2990.753696,3056.003464
2684.286753,2773.064501,2807.676705,2846.119080,2861.767803,2962.721523,2990.787915,3056.051262
2684.251848,2773.045659,2807.671296,2845.900029,2861.648454,2962.741199,2990.813352,3056.085993
2684.215119,2773.032275,2807.659149,2846.117399,2861.771563,2962.763234,2990.839725,3056.123611
2684.210095,2773.030016,2807.657926,2846.117789,2861.772307,2962.766155,2990.843336,3056.128704
2684.190662,2773.021256,2807.653173,2846.116834,2861.772871,2962.777469,2990.857445,3056.148307
2684.166116,2773.012548,2807.644423,2846.259111,2861.857009,2962.791911,2990.874564,3056.172965
2684.164479,2773.009478,2807.646763,2846.116313,2861.774345,2962.792711,2990.876374,3056.174754
2684.157389,2773.006287,2807.645028,2846.116166,2861.774739,2962.796839,2990.881504,3056.181916
2684.144921,2773.000693,2807.641973,2846.116066,2861.775674,2962.804115,2990.890494,3056.194520
2684.137398,2772.998287,2807.639752,2846.102511,2861.772871,2962.809048,2990.893632,3056.202825
2684.098502,2772.981372,2807.629582,2846.135217,2861.790857,2962.831601,2990.921765,3056.242125
2684.074905,2772.969528,2807.624883,2846.049774,2861.743989,2962.845244,2990.939674,3056.265112
2684.066663,2772.965269,2807.623344,2845.967903,2861.697815,2962.846978,2990.941492,3056.273459
2684.065004,2772.966179,2807.621099,2846.153700,2861.800081,2962.849772,2990.944439,3056.276473
2684.044413,2772.956646,2807.616440,2846.091614,2861.767787,2962.860889,2990.958825,3056.296181
2683.997913,2772.932837,2807.608108,2845.947216,2861.688207,2962.889515,2990.996417,3056.342903
2683.989195,2772.930630,2807.603863,2846.112216,2861.783672,2962.894778,2991.003161,3056.351791
2683.985230,2772.925884,2807.605869,2845.940649,2861.693857,2962.896225,2991.006721,3056.355121
2683.967713,2772.920947,2807.598630,2846.112457,2861.785415,2962.907270,2991.018735,3056.373482
2683.917806,2772.898512,2807.586401,2846.110637,2861.787480,2962.936340,2991.054822,3056.423884
2683.898050,2772.886081,2807.583844,2845.975202,2861.724011,2962.944766,2991.068783,3056.442479
2683.878744,2772.880948,2807.576845,2846.109930,2861.789768,2962.959094,2991.083070,3056.463344
2683.847122,2772.866728,2807.569105,2846.109026,2861.791236,2962.977509,2991.105957,3056.495273
2683.819865,2772.854460,2807.562448,2846.108451,2861.792752,2962.993382,2991.125693,3056.522805
2683.803076,2772.846908,2807.558352,2846.108654,2861.794149,2963.003154,2991.137843,3056.539761
2683.798223,2772.844722,2807.557172,2846.108790,2861.794663,2963.005997,2991.141364,3056.544671
2683.724485,2772.812763,2807.538973,2845.989378,2861.741641,2963.045928,2991.187380,3056.618806
2683.689160,2772.796547,2807.528934,2846.179884,2861.833570,2963.067873,2991.220731,3056.653764
2683.658923,2772.782071,2807.523122,2846.105519,2861.801996,2963.087125,2991.242183,3056.685359
2683.638728,2772.773035,2807.518146,2846.104622,2861.802737,2963.098921,2991.256719,3056.705779
2683.581588,2772.746093,2807.505767,2845.930948,2861.707147,2963.131355,2991.295294,3056.763747
2683.573583,2772.743755,2807.502208,2846.103165,2861.806086,2963.136863,2991.303862,3056.771558
2683.551529,2772.733269,2807.497749,2845.982714,2861.737707,2963.148438,2991.316681,3056.794234
2683.514835,2772.718251,2807.487529,2846.089731,2861.806873,2963.171608,2991.344223,3056.831580
2683.514594,2772.717210,2807.487816,2846.101845,2861.809244,2963.171220,2991.346615,3056.831124
2683.497343,2772.711832,2807.480867,2846.249507,2861.895878,2963.180711,2991.356982,3056.848995
2683.481524,2772.702338,2807.479746,2846.101023,2861.811046,2963.190495,2991.370534,3056.864556
2683.466384,2772.695525,2807.476052,2846.100934,2861.811999,2963.199310,2991.381511,3056.879841
2683.462927,2772.693972,2807.475204,2846.100824,2861.812155,2963.201320,2991.384010,3056.883330
2683.443637,2772.685293,2807.470499,2846.101675,2861.814066,2963.212553,2991.397996,3056.902809
2683.415400,2772.672618,2807.463588,2846.099704,2861.814648,2963.229015,2991.418389,3056.931343
2683.391973,2772.663011,2807.457521,2846.087156,2861.813490,2963.243195,2991.433176,3056.955684
2683.256310,2772.601094,2807.424747,2846.096357,2861.823207,2963.321710,2991.533589,3057.092035
2683.166368,2772.561056,2807.403059,2846.036652,2861.798915,2963.374641,2991.596618,3057.183529
2683.163330,2772.559311,2807.402049,2846.094372,2861.828278,2963.375917,2991.600916,3057.185956
2683.145426,2772.551286,2807.397673,2846.094263,2861.829544,2963.386357,2991.613825,3057.204065
2683.130094,2772.544390,2807.393934,2846.094041,2861.830418,2963.395283,2991.624931,3057.219550
2683.129760,2772.544211,2807.393872,2846.094323,2861.830560,2963.395467,2991.625249,3057.219862
2683.003286,2772.487397,2807.362991,2846.091633,2861.837299,2963.469193,2991.716795,3057.347632
2682.980034,2772.476946,2807.357320,2846.090954,2861.838400,2963.482738,2991.733634,3057.371115
2682.962281,2772.468974,2807.352986,2846.090366,2861.839191,2963.493085,2991.746475,3057.389056
2682.955416,2772.465886,2807.351311,2846.090324,2861.839604,2963.497080,2991.751453,3057.395985
2682.871424,2772.430600,2807.328864,2846.022806,2861.791927,2963.545636,2991.809392,3057.480488
2682.862636,2772.423148,2807.329799,2845.981385,2861.792525,2963.550788,2991.817304,3057.489663
2682.847630,2772.415586,2807.327256,2845.907296,2861.740735,2963.559093,2991.828450,3057.504803
2682.803727,2772.397737,2807.314320,2846.087287,2861.847826,2963.585516,2991.861327,3057.549221
2682.797297,2772.394849,2807.312751,2846.087104,2861.848139,2963.589267,2991.865987,3057.555714
2682.787721,2772.390550,2807.310413,2846.087126,2861.848807,2963.594848,2991.872914,3057.565391
2682.741602,2772.371497,2807.296258,2846.266830,2861.950242,2963.618978,2991.907390,3057.610341
2682.733906,2772.366382,2807.297288,2846.086021,2861.851703,2963.626230,2991.911880,3057.619765
2682.707361,2772.354519,2807.291283,2845.936292,2861.774221,2963.638090,2991.923823,3057.646504
2682.705053,2772.351354,2807.293069,2845.832091,2861.711206,2963.642032,2991.929921,3057.649167
2682.690204,2772.348497,2807.285143,2845.955812,2861.796574,2963.645067,2991.931408,3057.662087
2682.624132,2772.317076,2807.270536,2846.083646,2861.857561,2963.690246,2991.991416,3057.730656
2682.594971,2772.303978,2807.263419,2846.084412,2861.859959,2963.707235,2992.012533,3057.760119
2682.583483,2772.298816,2807.260628,2846.083192,2861.859936,2963.713937,2992.020863,3057.771721
2682.540245,2772.279387,2807.250109,2846.082698,2861.862583,2963.739146,2992.052200,3057.815408
2682.538822,2772.278770,2807.249747,2846.082364,2861.862491,2963.739989,2992.053193,3057.816854
2682.531139,2772.275317,2807.247875,2846.082176,2861.862837,2963.744458,2992.058756,3057.824615
2682.524638,2772.272403,2807.246291,2846.081951,2861.863211,2963.748269,2992.063472,3057.831181
2682.518644,2772.269683,2807.244853,2846.082540,2861.863981,2963.751735,2992.067852,3057.837233
2682.517272,2772.269080,2807.244509,2846.082145,2861.863813,2963.752543,2992.068819,3057.838625
2682.347034,2772.191356,2807.203848,2845.988569,2861.840998,2963.848812,2992.186625,3058.010458
2682.277781,2772.163498,2807.185175,2846.136003,2861.915488,2963.892414,2992.238081,3058.082694
2682.276117,2772.160847,2807.185803,2846.076796,2861.876889,2963.893288,2992.243537,3058.082218
2682.238977,2772.144162,2807.176794,2846.076547,2861.879391,2963.914948,2992.270476,3058.119730
2682.194059,2772.124004,2807.165874,2846.075550,2861.881899,2963.941183,2992.303042,3058.165100
2682.189907,2772.122177,2807.164838,2846.074858,2861.881777,2963.943626,2992.305965,3058.169323
2682.186490,2772.120609,2807.164024,2846.074978,2861.881972,2963.945606,2992.308526,3058.172744
2682.178018,2772.116835,2807.161945,2846.075902,2861.883285,2963.950555,2992.314599,3058.181323
2682.036987,2772.053563,2807.127663,2846.071842,2861.890467,2964.032916,2992.416814,3058.323783
2682.033784,2772.053556,2807.125037,2846.163029,2861.937251,2964.034209,2992.418509,3058.326846
2682.017430,2772.044784,2807.122903,2846.071698,2861.891572,2964.044308,2992.430982,3058.343535
2682.010203,2772.041569,2807.121134,2846.071362,2861.891978,2964.048549,2992.436168,3058.350852
2682.004848,2772.039129,2807.119854,2846.071036,2861.892022,2964.051668,2992.440139,3058.356235
2682.003121,2772.038352,2807.119432,2846.071152,2861.892106,2964.052656,2992.441386,3058.357976
2682.000673,2772.037255,2807.118838,2846.070978,2861.892223,2964.054098,2992.443164,3058.360450
2681.996127,2772.035208,2807.118201,2845.993155,2861.849029,2964.056814,2992.444576,3058.365393
2681.935848,2772.008209,2807.103048,2846.069797,2861.895815,2964.091951,2992.490099,3058.425924
2681.934874,2772.007743,2807.102849,2846.070395,2861.896425,2964.092509,2992.490845,3058.426920
2681.858782,2771.973614,2807.084356,2846.068238,2861.900277,2964.136943,2992.545984,3058.503791
2681.849492,2771.966931,2807.083246,2846.006387,2861.878546,2964.140000,2992.551927,3058.511989
2681.776481,2771.936714,2807.064359,2846.067407,2861.905578,2964.185026,2992.605619,3058.586951
2681.687699,2771.899867,2807.038497,2846.360859,2862.076553,2964.235375,2992.670512,3058.675688
2681.639755,2771.875403,2807.031161,2846.064216,2861.912986,2964.264893,2992.704738,3058.725080
2681.612080,2771.862982,2807.024440,2846.063346,2861.914141,2964.281041,2992.724826,3058.753023
2681.602234,2771.857007,2807.021814,2846.134325,2861.986213,2964.285539,2992.731412,3058.761929
2681.595836,2771.855694,2807.020492,2846.062913,2861.914892,2964.290531,2992.736626,3058.769420
2681.503777,2771.814435,2806.998145,2846.061302,2861.920331,2964.344315,2992.803328,3058.862445
2681.491852,2771.809075,2806.995258,2846.060932,2861.920889,2964.351288,2992.812016,3058.874482
2681.464515,2771.799284,2806.986136,2846.144748,2861.966336,2964.367775,2992.830510,3058.902171
2681.408295,2771.773004,2806.973709,2846.047057,2861.921109,2964.397311,2992.866831,3058.958864
2681.394837,2771.766748,2806.970723,2846.045697,2861.919883,2964.405791,2992.877261,3058.972872
2681.377586,2771.757976,2806.967928,2845.986133,2861.889198,2964.418461,2992.893541,3058.989989
2681.336176,2771.740911,2806.954701,2846.272382,2862.045520,2964.439699,2992.924704,3059.031177
2681.320041,2771.733168,2806.952827,2846.056521,2861.931709,2964.450822,2992.932129,3059.049411
2681.305633,2771.726419,2806.949784,2846.046445,2861.929212,2964.460528,2992.945125,3059.063203
2681.282405,2771.714339,2806.945885,2845.882704,2861.837151,2964.471971,2992.959918,3059.086207
2681.275127,2771.715644,2806.939000,2846.200357,2862.024711,2964.473930,2992.961576,3059.093086
2681.240806,2771.698431,2806.933213,2846.033967,2861.931844,2964.494887,2992.986434,3059.128646
2681.239950,2771.696172,2806.934139,2846.056829,2861.935633,2964.498467,2992.994654,3059.128995
2681.239176,2771.695791,2806.933979,2846.056846,2861.935642,2964.498908,2992.995291,3059.129759
2681.217393,2771.686044,2806.928679,2846.056462,2861.936857,2964.511639,2993.011053,3059.151773
2681.163999,2771.660095,2806.918139,2845.861483,2861.838417,2964.542463,2993.048279,3059.205669
2681.153107,2771.658773,2806.910578,2846.210019,2862.018052,2964.546323,2993.057685,3059.215839
2681.139049,2771.650927,2806.909681,2846.054273,2861.940702,2964.557430,2993.067901,3059.230918
2681.104183,2771.631616,2806.903974,2845.893027,2861.850930,2964.573684,2993.093295,3059.264783
2681.094962,2771.632311,2806.897541,2846.060481,2861.931586,2964.582005,2993.099433,3059.274833
2681.060679,2771.617560,2806.888633,2846.124256,2861.987534,2964.602785,2993.121713,3059.310545
2681.059970,2771.615981,2806.890161,2846.051413,2861.949225,2964.603907,2993.123513,3059.311248
2681.018751,2771.599689,2806.878967,2846.015920,2861.942434,2964.622539,2993.144061,3059.352253
2681.016188,2771.597739,2806.878191,2846.054335,2861.956151,2964.627075,2993.151673,3059.354716
2680.972659,2771.577871,2806.868101,2846.032514,2861.944022,2964.651723,2993.182413,3059.398943
2680.947447,2771.565089,2806.863228,2846.051104,2861.951768,2964.669412,2993.206839,3059.424527
2680.915930,2771.551823,2806.854618,2845.990619,2861.908671,2964.683919,2993.227804,3059.455300
2680.862072,2771.526822,2806.842559,2846.049988,2861.956781,2964.719296,2993.268822,3059.510775
2680.857308,2771.525746,2806.839929,2846.056875,2861.956334,2964.721343,2993.271061,3059.515162
2680.854456,2771.524820,2806.839028,2846.093155,2861.980460,2964.723524,2993.273513,3059.518109
2680.853443,2771.522066,2806.841520,2845.920692,2861.885416,2964.724447,2993.274079,3059.519273
2680.846420,2771.519829,2806.838748,2846.049819,2861.957667,2964.728464,2993.280171,3059.526591
2680.835601,2771.514976,2806.836131,2846.048941,2861.957940,2964.734793,2993.288008,3059.537525
2680.809944,2771.501797,2806.831823,2845.871700,2861.860096,2964.749331,2993.305378,3059.563337
2680.802451,2771.500164,2806.828074,2846.048285,2861.959830,2964.754183,2993.311974,3059.571041
2680.798793,2771.498495,2806.827219,2846.048638,2861.960378,2964.756306,2993.314676,3059.574737
2680.772008,2771.487843,2806.819069,2846.133367,2862.007253,2964.771867,2993.333709,3059.601686
2680.757569,2771.480021,2806.817231,2846.048396,2861.962839,2964.780388,2993.344618,3059.616373
2680.728406,2771.464821,2806.811582,2845.940463,2861.906313,2964.795211,2993.365221,3059.644887
2680.725285,2771.466009,2806.809240,2846.013399,2861.946275,2964.799571,2993.366805,3059.649054
2680.717075,2771.463639,2806.805167,2846.119271,2862.002139,2964.803699,2993.373210,3059.656751
2680.621003,2771.422272,2806.635959,2855.036443,2862.358987,2964.859212,2993.339669,3059.713796
2680.622938,2771.441309,2806.578679,2855.282978,2866.852451,2964.860589,2993.340303,3059.716402
2680.605586,2771.434490,2806.511442,2854.064171,2874.142857,2964.851775,2993.342348,3059.720281
2680.587335,2771.402419,2806.646759,2854.965040,2861.415436,2964.878267,2993.358068,3059.746261
2680.589924,2771.426159,2806.501793,2854.069500,2874.142857,2964.859971,2993.354099,3059.735423
2680.587120,2771.443983,2806.532472,2855.215218,2871.384129,2964.874851,2993.357485,3059.747097
2680.583479,2771.423418,2806.501700,2854.066302,2874.142857,2964.863765,2993.358872,3059.741957
2680.582830,2771.423695,2806.500633,2854.068852,2874.142857,2964.864103,2993.359695,3059.742597
2680.558571,2771.413201,2806.498555,2854.065327,2874.142857,2964.879103,2993.376623,3059.767752
2680.531560,2771.400327,2806.491661,2854.064734,2874.142857,2964.894552,2993.395948,3059.794716
2680.515207,2771.393195,2806.485037,2854.068382,2874.142857,2964.903845,2993.408288,3059.811104
2680.528260,2771.377337,2806.761755,2846.043398,2861.975618,2964.914546,2993.511036,3059.848046
2680.519918,2771.373620,2806.759728,2846.043183,2861.976115,2964.919429,2993.517045,3059.856485
2680.490938,2771.359011,2806.754617,2845.866957,2861.878870,2964.935890,2993.537118,3059.885440
2680.480532,2771.353712,2806.751916,2845.991413,2861.955426,2964.941241,2993.547621,3059.895109
2680.464566,2771.348844,2806.746356,2846.042333,2861.979597,2964.951827,2993.557212,3059.912416
2680.444595,2771.339898,2806.741534,2846.042022,2861.980825,2964.963520,2993.571723,3059.932592
2680.418209,2771.328075,2806.735154,2846.041202,2861.982007,2964.978957,2993.590913,3059.959228
2680.389830,2771.315397,2806.728281,2846.040770,2861.983754,2964.995569,2993.611463,3059.987908
2680.362896,2771.304105,2806.721516,2846.030132,2861.983537,2965.011744,2993.629222,3060.015666
2680.305293,2771.277526,2806.707886,2846.039858,2861.989173,2965.045032,2993.672887,3060.073313
2680.284941,2771.267096,2806.704138,2845.961153,2861.951521,2965.056851,2993.687599,3060.093612
2680.270192,2771.262455,2806.698655,2846.013551,2861.974545,2965.064800,2993.696368,3060.108425
2680.265085,2771.257276,2806.700342,2845.881575,2861.904355,2965.067640,2993.701863,3060.113484
2680.235950,2771.269427,2806.412860,2854.154542,2874.428571,2965.067030,2993.610457,3060.093841
2680.244228,2771.250218,2806.693109,2846.037998,2861.992187,2965.080783,2993.717171,3060.135014
2680.240220,2771.248416,2806.692140,2846.038029,2861.992420,2965.083128,2993.720110,3060.139049
2680.238766,2771.247767,2806.691791,2846.038024,2861.992559,2965.083980,2993.721158,3060.140524
2680.236962,2771.246952,2806.691377,2846.038258,2861.993032,2965.085049,2993.722491,3060.142352
2680.194304,2771.227882,2806.681046,2846.036898,2861.995003,2965.110018,2993.753409,3060.185458
2680.190794,2771.228309,2806.677481,2846.200197,2862.087062,2965.111532,2993.755583,3060.188649
2680.136520,2771.205089,2806.663291,2846.269803,2862.131398,2965.143259,2993.793892,3060.243952
2680.123897,2771.196374,2806.664043,2846.035715,2861.999144,2965.151224,2993.804529,3060.256589
2680.115522,2771.192622,2806.662001,2846.037093,2862.000569,2965.156120,2993.810627,3060.265034
2680.064866,2771.169970,2806.649784,2846.034463,2862.002545,2965.185805,2993.847390,3060.316228
2680.053770,2771.165006,2806.647101,2846.034334,2862.003189,2965.192291,2993.855430,3060.327446
2680.053082,2771.164704,2806.646930,2846.034274,2862.003194,2965.192696,2993.855921,3060.328141
2680.051045,2771.163798,2806.646444,2846.035012,2862.004000,2965.193896,2993.857390,3060.330208
2680.050516,2771.163571,2806.646285,2846.036322,2862.004614,2965.194192,2993.857780,3060.330721
2680.048960,2771.162858,2806.645932,2846.034288,2862.003438,2965.195108,2993.858924,3060.332300
2680.036300,2771.157181,2806.642895,2846.034036,2862.004268,2965.202525,2993.868144,3060.345090
2680.007491,2771.143243,2806.636617,2845.981044,2861.984196,2965.219238,2993.888691,3060.373956
2679.989349,2771.136194,2806.631558,2846.033593,2862.007447,2965.230019,2993.902184,3060.392551
2679.974643,2771.129613,2806.627999,2846.032969,2862.007933,2965.238628,2993.912869,3060.407404
2679.960160,2771.123123,2806.624507,2846.032778,2862.008752,2965.247100,2993.923415,3060.422024
2679.949687,2771.118431,2806.621985,2846.032638,2862.009385,2965.253228,2993.931030,3060.432606
2679.901944,2771.098844,2806.608021,2846.174111,2862.089840,2965.279979,2993.964235,3060.480927
2679.892258,2771.092312,2806.608613,2845.934585,2861.963470,2965.285993,2993.970012,3060.490740
2679.888724,2771.090648,2806.607590,2845.994429,2861.993959,2965.283965,2993.972358,3060.492419
2679.885081,2771.089530,2806.606391,2846.031441,2862.013099,2965.291051,2993.977940,3060.497883
2679.853557,2771.075453,2806.598771,2846.030669,2862.014932,2965.309538,2994.000802,3060.529740
2679.850983,2771.071125,2806.600634,2845.873877,2861.928070,2965.308818,2994.004001,3060.530666
2679.814398,2771.060829,2806.585612,2846.197260,2862.117437,2965.331728,2994.027177,3060.568490
2679.800680,2771.051788,2806.586022,2846.029980,2862.018117,2965.340482,2994.039212,3060.583171
2679.773723,2771.041223,2806.578623,2846.080458,2862.045507,2965.356709,2994.058220,3060.610960
2679.729446,2771.020935,2806.568002,2846.052392,2862.036434,2965.382293,2994.088885,3060.655859
2679.688323,2770.998309,2806.563183,2845.679217,2861.839714,2965.406024,2994.119294,3060.696219
2679.674694,2770.995447,2806.555626,2846.027564,2862.025352,2965.414274,2994.130701,3060.710478
2679.664333,2770.990824,2806.553106,2846.027388,2862.025788,2965.420332,2994.138221,3060.720926
2679.660979,2770.987735,2806.554285,2845.798945,2861.903105,2965.420528,2994.136432,3060.724403
2679.638803,2770.977032,2806.549952,2845.756505,2861.880621,2965.433200,2994.153069,3060.746749
2679.640282,2770.980060,2806.547330,2846.026988,2862.027450,2965.434444,2994.155713,3060.745243
2679.624654,2770.973219,2806.543853,2845.965175,2861.996251,2965.443949,2994.165963,3060.761027
2679.619131,2770.970617,2806.542216,2846.027153,2862.029060,2965.446830,2994.171030,3060.766630
2679.583610,2770.954903,2806.533710,2845.975842,2862.002933,2965.468004,2994.196143,3060.802368
2679.579206,2770.952745,2806.532603,2846.025927,2862.030991,2965.470217,2994.200086,3060.806955
2679.548910,2770.941722,2806.522553,2845.940895,2862.005170,2965.481001,2994.209133,3060.835102
2679.501976,2770.918260,2806.513947,2846.024820,2862.035713,2965.515461,2994.256081,3060.885014
2679.491362,2770.913476,2806.511428,2846.024969,2862.036571,2965.521649,2994.263843,3060.895738
2679.477001,2770.913260,2806.478069,2851.269156,2924.851605,2965.427297,2994.487386,3060.807526
2679.475570,2770.912724,2806.477653,2851.270023,2924.856825,2965.427629,2994.488687,3060.808904
2679.465780,2770.909031,2806.474823,2851.275753,2924.894218,2965.429939,2994.497432,3060.818388
2679.436941,2770.895844,2806.466018,2851.301735,2925.024169,2965.437447,2994.522262,3060.847035
2679.404236,2770.884904,2806.457926,2851.304395,2925.189294,2965.444387,2994.545974,3060.878619
2679.365462,2770.716709,2806.408045,2851.869118,2925.562941,2965.451190,2994.576064,3060.917117
2679.298053,2770.677692,2806.386937,2851.962349,2925.997970,2965.464508,2994.620442,3060.984242
2679.265304,2770.826082,2806.420903,2851.353087,2925.977820,2965.482267,2994.633021,3061.018274
2679.239610,2770.814381,2806.415160,2851.353161,2926.072618,2965.492362,2994.644828,3061.043011
2679.212291,2770.802094,2806.409262,2851.351883,2926.182113,2965.505261,2994.658171,3061.070696
2679.104235,2770.753193,2806.384587,2851.348590,2926.493730,2965.562745,2994.719941,3061.180804
2679.072175,2770.600238,2806.341635,2851.840004,2926.596864,2965.578832,2994.745643,3061.212124
2679.021917,2770.577814,2806.329587,2851.841045,2926.616100,2965.608225,2994.781997,3061.262939
2679.011840,2770.712139,2806.362339,2851.350780,2926.522075,2965.613484,2994.786045,3061.271762
2678.981917,2770.700024,2806.355707,2851.343892,2926.531232,2965.632649,2994.807685,3061.303319
2678.972461,2770.695807,2806.353437,2851.344056,2926.534769,2965.638174,2994.814529,3061.312872
2678.921825,2770.673213,2806.341294,2851.344877,2926.554075,2965.667821,2994.851176,3061.364086
2678.906260,2770.666317,2806.337788,2851.345499,2926.559818,2965.676903,2994.862081,3061.379809
2678.898615,2770.662857,2806.335728,2851.345256,2926.562908,2965.681403,2994.867977,3061.387554
2678.843811,2770.638457,2806.322811,2851.346529,2926.583603,2965.713454,2994.907280,3061.442955
2678.811304,2770.623956,2806.315020,2851.347068,2926.595882,2965.732473,2994.930813,3061.475818
2678.798244,2770.618131,2806.311889,2851.347284,2926.600852,2965.740117,2994.940266,3061.489024
2678.764113,2770.602855,2806.303482,2851.347470,2926.614031,2965.760109,2994.965317,3061.523549
2678.687575,2770.568767,2806.285364,2851.349120,2926.643005,2965.804899,2995.020381,3061.600926
2678.625909,2770.541214,2806.270362,2851.349774,2926.666708,2965.841036,2995.065395,3061.663302
2678.586657,2770.523709,2806.260957,2851.350431,2926.681703,2965.864017,2995.093813,3061.702991
2678.579701,2770.520651,2806.259249,2851.350592,2926.684144,2965.867511,2995.098539,3061.709657
2678.531070,2770.358269,2806.212140,2851.854782,2926.804361,2965.895474,2995.137001,3061.759247
2678.526613,2770.494850,2806.246179,2851.362565,2926.709944,2965.899521,2995.137317,3061.763961
2678.522424,2770.493383,2806.245231,2851.360379,2926.712730,2965.901922,2995.140441,3061.768167
2678.456442,2770.325004,2806.194283,2851.856343,2926.832930,2965.939168,2995.191036,3061.834706
2678.449107,2770.461251,2806.227753,2851.359387,2926.738836,2965.943774,2995.193268,3061.841474
2678.431017,2770.313675,2806.188203,2851.856850,2926.842606,2965.954057,2995.209443,3061.860417
2678.399557,2770.438751,2806.215840,2851.362095,2926.758305,2965.973747,2995.229313,3061.892293
2678.387495,2770.434906,2806.213264,2851.353791,2926.757635,2965.980643,2995.238032,3061.904374
2678.368311,2770.426401,2806.208899,2851.354483,2926.764810,2965.991863,2995.251565,3061.923765
2678.338450,2770.413041,2806.201524,2851.354627,2926.776358,2966.009368,2995.273552,3061.953966
2678.314023,2770.400565,2806.195320,2851.364431,2926.793306,2966.023798,2995.291701,3061.978560
2678.197201,2770.347468,2806.167217,2851.371356,2926.831841,2966.091049,2995.375405,3062.095998
2678.159267,2770.333223,2806.158877,2851.358068,2926.844530,2966.114318,2995.402974,3062.135142
2678.118669,2770.314063,2806.148506,2851.363549,2926.873299,2966.139482,2995.434075,3062.176910
2678.104232,2770.306986,2806.145094,2851.366960,2926.873289,2966.146906,2995.443475,3062.191056
2678.103911,2770.306726,2806.145003,2851.367619,2926.873357,2966.147115,2995.443704,3062.191392
2678.101635,2770.304672,2806.144361,2851.372468,2926.874023,2966.149077,2995.445282,3062.194134
2678.090957,2770.301589,2806.141862,2851.364596,2926.878715,2966.154896,2995.453433,3062.204542
2678.058178,2770.287008,2806.133921,2851.366052,2926.897781,2966.174993,2995.478622,3062.237827
2678.031041,2770.275010,2806.127577,2851.364658,2926.893766,2966.188843,2995.495843,3062.264565
2678.012069,2770.265510,2806.122970,2851.371151,2926.912393,2966.201683,2995.510730,3062.284618
2678.007130,2770.263350,2806.121640,2851.370821,2926.908770,2966.203890,2995.513904,3062.289270
2677.983666,2770.253806,2806.116196,2851.366619,2926.919009,2966.217243,2995.531072,3062.312640
2677.978351,2770.250814,2806.114821,2851.369857,2926.918999,2966.220633,2995.534727,3062.318301
2677.955458,2770.102416,2806.074424,2851.863532,2927.024163,2966.232687,2995.554220,3062.341318
2677.933967,2770.092852,2806.069293,2851.863957,2927.032401,2966.245280,2995.569796,3062.363046
2677.909146,2770.221243,2806.098617,2851.363731,2926.946671,2966.260769,2995.584864,3062.387944
2677.888960,2770.212729,2806.094018,2851.362391,2926.948133,2966.272748,2995.599159,3062.408493
2677.863403,2770.200877,2806.087690,2851.364454,2926.964183,2966.287582,2995.618011,3062.434199
2677.812447,2770.178644,2806.075733,2851.363734,2926.977410,2966.317601,2995.654598,3062.485867
2677.802444,2770.174188,2806.073341,2851.363915,2926.981276,2966.323468,2995.661854,3062.495980
2677.771009,2770.160185,2806.065834,2851.364460,2926.993318,2966.341906,2995.684632,3062.527778
2677.747875,2770.149881,2806.060307,2851.364868,2927.002117,2966.355453,2995.701382,3062.551164
2677.743121,2770.147763,2806.059171,2851.364951,2927.004063,2966.358257,2995.704844,3062.555980
2677.737348,2770.145192,2806.057792,2851.365056,2927.006155,2966.361627,2995.709014,3062.561809
2677.714282,2770.134919,2806.052282,2851.365465,2927.015066,2966.375160,2995.725744,3062.585137
2677.686178,2770.122402,2806.045570,2851.365966,2927.025823,2966.391636,2995.746111,3062.613555
2677.602880,2770.085305,2806.025678,2851.367447,2927.057752,2966.440481,2995.806481,3062.697790
2677.597323,2770.082850,2806.024318,2851.367361,2927.062980,2966.444308,2995.810590,3062.703828
2677.547005,2770.060425,2806.012338,2851.368446,2927.079161,2966.473250,2995.846979,3062.754293
2677.546874,2770.060367,2806.012307,2851.368449,2927.079202,2966.473327,2995.847074,3062.754426
2677.533245,2770.054346,2806.009282,2851.369068,2927.084156,2966.481300,2995.856598,3062.768195
2677.527936,2770.051982,2806.008015,2851.369161,2927.086153,2966.484410,2995.860440,3062.773563
2677.479917,2770.030601,2805.996553,2851.370025,2927.104606,2966.512578,2995.895253,3062.822124
2677.458181,2770.020923,2805.991366,2851.370410,2927.112977,2966.525337,2995.911010,3062.844111
2677.442455,2770.013921,2805.987614,2851.370693,2927.118920,2966.534547,2995.922398,3062.860008
2677.431063,2770.008850,2805.984895,2851.370900,2927.123359,2966.541236,2995.930670,3062.871528
2677.364241,2769.979101,2805.968951,2851.372108,2927.149001,2966.580434,2995.979111,3062.939103
2677.333737,2769.965522,2805.961674,2851.372657,2927.160637,2966.598326,2996.001214,3062.969951
2677.242834,2769.925060,2805.939993,2851.374312,2927.195565,2966.651666,2996.067131,3063.061879
2677.220437,2769.914879,2805.934635,2851.373734,2927.214826,2966.666883,2996.084103,3063.086014
2677.204577,2769.908031,2805.930870,2851.375002,2927.210359,2966.674128,2996.094876,3063.100577
2677.200778,2769.906341,2805.929964,2851.375075,2927.211765,2966.676357,2996.097632,3063.104418
2677.157053,2769.886587,2805.919583,2851.374453,2927.222731,2966.700129,2996.126931,3063.148260
2677.146126,2769.882019,2805.916934,2851.376074,2927.232674,2966.708414,2996.137245,3063.159680
2677.126684,2769.873367,2805.912299,2851.376434,2927.240184,2966.719828,2996.151353,3063.179341
2677.117498,2769.869279,2805.910109,2851.376598,2927.243672,2966.725215,2996.158004,3063.188631
2677.076640,2769.851097,2805.900370,2851.377349,2927.259372,2966.749196,2996.187634,3063.229952
2677.050373,2769.839410,2805.894110,2851.377836,2927.269554,2966.764621,2996.206693,3063.256518
2677.049632,2769.839080,2805.893933,2851.377849,2927.269766,2966.765051,2996.207226,3063.257264
2677.041714,2769.835556,2805.892046,2851.377997,2927.272873,2966.769701,2996.212974,3063.265273
2677.024856,2769.828008,2805.887799,2851.377925,2927.279571,2966.779611,2996.225541,3063.282335
2677.001846,2769.817771,2805.882316,2851.378357,2927.288481,2966.793129,2996.242246,3063.305607
2676.995275,2769.814846,2805.880750,2851.378473,2927.290952,2966.796976,2996.246998,3063.312251
2676.957447,2769.796891,2805.871524,2851.385032,2927.311919,2966.819776,2996.274532,3063.350943
2676.949501,2769.653964,2805.834666,2851.889476,2927.411919,2966.822663,2996.283109,3063.358598
2676.912597,2769.778062,2805.861052,2851.380002,2927.322737,2966.845512,2996.306960,3063.395864
2676.885244,2769.765894,2805.854536,2851.380517,2927.333323,2966.861580,2996.326815,3063.423528
2676.878164,2769.762745,2805.852850,2851.380647,2927.336066,2966.865733,2996.331948,3063.430687
2676.812926,2769.730624,2805.841842,2851.351897,2927.029277,2966.854145,2996.368490,3063.443732
2676.807907,2769.731539,2805.836348,2851.382335,2927.362783,2966.906968,2996.382560,3063.501726
2676.759949,2769.708094,2805.824301,2851.393894,2927.387511,2966.935584,2996.417800,3063.550541
2676.736115,2769.699607,2805.819255,2851.383676,2927.390350,2966.949123,2996.434631,3063.574331
2676.730867,2769.695533,2805.817443,2851.392673,2927.398388,2966.952392,2996.438831,3063.579770
2676.722168,2769.691766,2805.815384,2851.392213,2927.402609,2966.957678,2996.445244,3063.588678
2676.698477,2769.682867,2805.810295,2851.384385,2927.404869,2966.971230,2996.461944,3063.612395
2676.668035,2769.669282,2805.802818,2851.384579,2927.416912,2966.989128,2996.484380,3063.643197
2676.645143,2769.658618,2805.797139,2851.386744,2927.431942,2967.002421,2996.501307,3063.666213
2676.632046,2769.653278,2805.794253,2851.385257,2927.430771,2967.010266,2996.510491,3063.679594
2676.623866,2769.649179,2805.792086,2851.386994,2927.440169,2967.014920,2996.516740,3063.687733
2676.603669,2769.640658,2805.787500,2851.385787,2927.441646,2967.026929,2996.531069,3063.708293
2676.595985,2769.637241,2805.785671,2851.385933,2927.444607,2967.031443,2996.536645,3063.716065
2676.592383,2769.635640,2805.784814,2851.386003,2927.446002,2967.033560,2996.539261,3063.719707
2676.573503,2769.627292,2805.780552,2851.386742,2927.452979,2967.044636,2996.552616,3063.738787
2676.538291,2769.611587,2805.771944,2851.387029,2927.466930,2967.065340,2996.578518,3063.774414
2676.504639,2769.596671,2805.764169,2851.388043,2927.479488,2967.085088,2996.602578,3063.808434
2676.502060,2769.595525,2805.763556,2851.388094,2927.480561,2967.086609,2996.604463,3063.811042
2676.480347,2769.585871,2805.758390,2851.388505,2927.488847,2967.099359,2996.620205,3063.833001
2676.442190,2769.429063,2805.713904,2851.897512,2927.607106,2967.120607,2996.651445,3063.871676
2676.392118,2769.543752,2805.736514,2851.403620,2927.521947,2967.150948,2996.684281,3063.922182
2676.392132,2769.406825,2805.702013,2851.898616,2927.626457,2967.150008,2996.687774,3063.922296
2676.377873,2769.399793,2805.698722,2851.902645,2927.632570,2967.158353,2996.697807,3063.936705
2676.368887,2769.536320,2805.731883,2851.390636,2927.531902,2967.164854,2996.701102,3063.945728
2676.361677,2769.392596,2805.694875,2851.903016,2927.638844,2967.167870,2996.709562,3063.953085
2676.339651,2769.383498,2805.689543,2851.899854,2927.646740,2967.180844,2996.725860,3063.975374
2676.330314,2769.519173,2805.722712,2851.391370,2927.546776,2967.187536,2996.729098,3063.984750
2676.272466,2769.493460,2805.708960,2851.392482,2927.568990,2967.221515,2996.771074,3064.043246
2676.211629,2769.466376,2805.694270,2851.393274,2927.592910,2967.257303,2996.815586,3064.104799
2676.190423,2769.456997,2805.689461,2851.394066,2927.600751,2967.269750,2996.830635,3064.126230
2676.169148,2769.447542,2805.684406,2851.394477,2927.608854,2967.282244,2996.846070,3064.147740
2676.149215,2769.438684,2805.679669,2851.394866,2927.616621,2967.293964,2996.860550,3064.167899
2676.143971,2769.436308,2805.678193,2851.394582,2927.619028,2967.297075,2996.864702,3064.173228
2676.140167,2769.434663,2805.677520,2851.395037,2927.620032,2967.299279,2996.867107,3064.177052
2676.117732,2769.424694,2805.672190,2851.395474,2927.628698,2967.312469,2996.883395,3064.199742
2676.100810,2769.277361,2805.632825,2851.905511,2927.739126,2967.321212,2996.899220,3064.216934
2676.071343,2769.263590,2805.625934,2851.909798,2927.751173,2967.338504,2996.920301,3064.246726
2676.041429,2769.250982,2805.618733,2851.906887,2927.762051,2967.356113,2996.942322,3064.276990
2676.015397,2769.239421,2805.612557,2851.907485,2927.772271,2967.371417,2996.961219,3064.303321
2675.988122,2769.226622,2805.606186,2851.911757,2927.783550,2967.387438,2996.980716,3064.330906
2675.983178,2769.225103,2805.604911,2851.908271,2927.784707,2967.390362,2996.984600,3064.335914
2675.943484,2769.347228,2805.630574,2851.398496,2927.696546,2967.414932,2997.010252,3064.375992
2675.939957,2769.345661,2805.629736,2851.398567,2927.697952,2967.417002,2997.012808,3064.379557
2675.932624,2769.342404,2805.627995,2851.398712,2927.700724,2967.421315,2997.018133,3064.386974
2675.931303,2769.341817,2805.627681,2851.398739,2927.701230,2967.422091,2997.019092,3064.388311
2675.929537,2769.341032,2805.627262,2851.398769,2927.701868,2967.423126,2997.020364,3064.390097
2675.924661,2769.338866,2805.626104,2851.398864,2927.703757,2967.425992,2997.023904,3064.395028
2675.828645,2769.156479,2805.568251,2851.911938,2927.844872,2967.481208,2997.096802,3064.492200
2675.818937,2769.289202,2805.600342,2851.413795,2927.737486,2967.487602,2997.099724,3064.501904
2675.758388,2769.265011,2805.586638,2851.402152,2927.768306,2967.523772,2997.144637,3064.563199
2675.747169,2769.257858,2805.583294,2851.414395,2927.773551,2967.528804,2997.152611,3064.573397
2675.746726,2769.257697,2805.583189,2851.414314,2927.773516,2967.528900,2997.152902,3064.573718
2675.706636,2769.239272,2805.573685,2851.416746,2927.787375,2967.553946,2997.181983,3064.615468
2675.700019,2769.098665,2805.537857,2851.918683,2927.895603,2967.556830,2997.189901,3064.622290
2675.685902,2769.232819,2805.569440,2851.403592,2927.796449,2967.566405,2997.197274,3064.636514
2675.606223,2769.197437,2805.550540,2851.405186,2927.827444,2967.613278,2997.255147,3064.717104
2675.589425,2769.189978,2805.546556,2851.405523,2927.834034,2967.623160,2997.267347,3064.734094
2675.571167,2769.181871,2805.542227,2851.405883,2927.841022,2967.633898,2997.280599,3064.752562
2675.562107,2769.177848,2805.540078,2851.406065,2927.844543,2967.639228,2997.287179,3064.761725
2675.559115,2769.173879,2805.538637,2851.420704,2927.859355,2967.641528,2997.290996,3064.764653
2675.540533,2769.167806,2805.534739,2851.408098,2927.859305,2967.651775,2997.303156,3064.783419
2675.504831,2769.152419,2805.526497,2851.407220,2927.866832,2967.672929,2997.328787,3064.819656
2675.494295,2769.147276,2805.523775,2851.409041,2927.877200,2967.678971,2997.336739,3064.830179
2675.488248,2769.143392,2805.522008,2851.416207,2927.878902,2967.682975,2997.341212,3064.836623
2675.443235,2769.125073,2805.511895,2851.408459,2927.890772,2967.709171,2997.373526,3064.881958
2675.381376,2769.097614,2805.497234,2851.409710,2927.914941,2967.745577,2997.418467,3064.944527
2675.362939,2769.089430,2805.492865,2851.410085,2927.922040,2967.756426,2997.431861,3064.963174
2675.337973,2769.078393,2805.487181,2851.410970,2927.931357,2967.771103,2997.449649,3064.988413
2675.324240,2769.069487,2805.483255,2851.424821,2927.936865,2967.778880,2997.459339,3065.002233
2675.308237,2769.062303,2805.479233,2851.424949,2927.940604,2967.788337,2997.471241,3065.018444
2675.298198,2768.920992,2805.442572,2851.924758,2928.051593,2967.793251,2997.482060,3065.028723
2675.292187,2769.055327,2805.475418,2851.425332,2927.954265,2967.798068,2997.483663,3065.034650
2675.287377,2769.052948,2805.474295,2851.425805,2927.953497,2967.801324,2997.486983,3065.039892
2675.286357,2769.052678,2805.474014,2851.426237,2927.961324,2967.801776,2997.488604,3065.040517
2675.248565,2769.037355,2805.465191,2851.420591,2927.983730,2967.824404,2997.516783,3065.078846
2675.236492,2769.031869,2805.462364,2851.419753,2927.964877,2967.829485,2997.522733,3065.090401
2675.223391,2769.024726,2805.459137,2851.426491,2927.976367,2967.838271,2997.532935,3065.104259
2675.206700,2769.020131,2805.456083,2851.413644,2927.982455,2967.848371,2997.545025,3065.121191
2675.189646,2769.012519,2805.451812,2851.413609,2927.989452,2967.858423,2997.557757,3065.138454
2675.187066,2769.008911,2805.450733,2851.427202,2928.001518,2967.860117,2997.560348,3065.140951
2675.178723,2769.007716,2805.449457,2851.414216,2927.993348,2967.864841,2997.565354,3065.149489
2675.155116,2768.994242,2805.443164,2851.428935,2928.006430,2967.878646,2997.582805,3065.173288
2675.151577,2768.992833,2805.442314,2851.429275,2928.011577,2967.881019,2997.586069,3065.176829
2675.149246,2768.992121,2805.441820,2851.427198,2928.005553,2967.881855,2997.586544,3065.179206
2675.147749,2768.991269,2805.441375,2851.426998,2928.001112,2967.882565,2997.587338,3065.180770
2675.141290,2768.991105,2805.440593,2851.414980,2928.007907,2967.886877,2997.592550,3065.187353
2675.140496,2768.990753,2805.440405,2851.414997,2928.008221,2967.887344,2997.593128,3065.188155
2675.042427,2768.946722,2805.416725,2851.418294,2928.053131,2967.944944,2997.665033,3065.287234
2675.023318,2768.938717,2805.412431,2851.417024,2928.054241,2967.956350,2997.678621,3065.306694
2675.012457,2768.933942,2805.410093,2851.417629,2928.058089,2967.962732,2997.686170,3065.317666
2674.995973,2768.926585,2805.405959,2851.417590,2928.064937,2967.972455,2997.698500,3065.334352
2674.984790,2768.921134,2805.403074,2851.419593,2928.075490,2967.978877,2997.706916,3065.345531
2674.973414,2768.916096,2805.400385,2851.419774,2928.079987,2967.985585,2997.715182,3065.357046
2674.942934,2768.902573,2805.393172,2851.420417,2928.091764,2968.003524,2997.737329,3065.387867
2674.929675,2768.894930,2805.389633,2851.429571,2928.080500,2968.010761,2997.745425,3065.401346
2674.907630,2768.887395,2805.385053,2851.419418,2928.099341,2968.024480,2997.762702,3065.423712
2674.887000,2768.738578,2805.345301,2851.934829,2928.212159,2968.035334,2997.780842,3065.444657
2674.865043,2768.865572,2805.374306,2851.434353,2928.113624,2968.049284,2997.793296,3065.466729
2674.820032,2768.708873,2805.329471,2851.936534,2928.238299,2968.074766,2997.829524,3065.512388
2674.776651,2768.689648,2805.319223,2851.937541,2928.255191,2968.100313,2997.861047,3065.556269
2674.752129,2768.678768,2805.313426,2851.938190,2928.264861,2968.114770,2997.878877,3065.581081
2674.752114,2768.678771,2805.313426,2851.938137,2928.264834,2968.114770,2997.878890,3065.581089
2674.732402,2768.670032,2805.308769,2851.938617,2928.272501,2968.126378,2997.893213,3065.601028
2674.732249,2768.669949,2805.308727,2851.938714,2928.272626,2968.126475,2997.893331,3065.601184
2674.731184,2768.806526,2805.342658,2851.435975,2928.167339,2968.128067,2997.890586,3065.602108
2674.717929,2768.663612,2805.305349,2851.938990,2928.278220,2968.134902,2997.903723,3065.615669
2674.712880,2768.798451,2805.338285,2851.437576,2928.187926,2968.139536,2997.905618,3065.620573
2674.690954,2768.790181,2805.333344,2851.429045,2928.179368,2968.151161,2997.919467,3065.642460
2674.684613,2768.648850,2805.297481,2851.939782,2928.291295,2968.154533,2997.927959,3065.649368
2674.679656,2768.783510,2805.330468,2851.437655,2928.187370,2968.158409,2997.927937,3065.654252
2674.672227,2768.780509,2805.328740,2851.436035,2928.184338,2968.162203,2997.932300,3065.661713
2674.649706,2768.771281,2805.323431,2851.435063,2928.215367,2968.176837,2997.951705,3065.684521
2674.635641,2768.763864,2805.320052,2851.439300,2928.205550,2968.184568,2997.960409,3065.698765
2674.605233,2768.750961,2805.312896,2851.436839,2928.208442,2968.202007,2997.981506,3065.729523
2674.592650,2768.745284,2805.309910,2851.437321,2928.210267,2968.209251,2997.990246,3065.742270
2674.578170,2768.601640,2805.272332,2851.942557,2928.332665,2968.217250,2998.005356,3065.757038
2674.563863,2768.733224,2805.303192,2851.435485,2928.238318,2968.227282,2998.012910,3065.771648
2674.522000,2768.714541,2805.293250,2851.436500,2928.243623,2968.251134,2998.042354,3065.813656
2674.512891,2768.709425,2805.291028,2851.442364,2928.257431,2968.257123,2998.050235,3065.822906
2674.504913,2768.708325,2805.289602,2851.429559,2928.262702,2968.261574,2998.055747,3065.830939
2674.448175,2768.680803,2805.275744,2851.443508,2928.284686,2968.295209,2998.097199,3065.888373
2674.445651,2768.542904,2805.241040,2851.945899,2928.384674,2968.295335,2998.101698,3065.891085
2674.422683,2768.670226,2805.269726,2851.441611,2928.291806,2968.308639,2998.115262,3065.913055
2674.416593,2768.668393,2805.268472,2851.435600,2928.282598,2968.312384,2998.118533,3065.919757
2674.415728,2768.666493,2805.268092,2851.443075,2928.286301,2968.313925,2998.119727,3065.921230
2674.408772,2768.664563,2805.266777,2851.437988,2928.299507,2968.318804,2998.125396,3065.928677
2674.396010,2768.657996,2805.263654,2851.442993,2928.298281,2968.325576,2998.134100,3065.941136
2674.391167,2768.655552,2805.262491,2851.443636,2928.290352,2968.328086,2998.136680,3065.946062
2674.373207,2768.510815,2805.223957,2851.947588,2928.413037,2968.338030,2998.154370,3065.964371
2674.360312,2768.643148,2805.255137,2851.438880,2928.317522,2968.347223,2998.160878,3065.977548
2674.357432,2768.640954,2805.254336,2851.442816,2928.305502,2968.348098,2998.161758,3065.980188
2674.296413,2768.614177,2805.239957,2851.443017,2928.331343,2968.384137,2998.206338,3066.041904
2674.280228,2768.609215,2805.236767,2851.432628,2928.344233,2968.394178,2998.218851,3066.058353
2674.278079,2768.605818,2805.235601,2851.444357,2928.336493,2968.394882,2998.219476,3066.060460
2674.256415,2768.596943,2805.230578,2851.441892,2928.357294,2968.408480,2998.236368,3066.082671
2674.241785,2768.592221,2805.227925,2851.433838,2928.359003,2968.416837,2998.246483,3066.097227
2674.207949,2768.575593,2805.219063,2851.443978,2928.392484,2968.438384,2998.273775,3066.132002
2674.181458,2768.562679,2805.212977,2851.449470,2928.391060,2968.452523,2998.291166,3066.158142
2674.158348,2768.555204,2805.207998,2851.435243,2928.391884,2968.466042,2998.307501,3066.181644
2674.148745,2768.550949,2805.205731,2851.435453,2928.395752,2968.471708,2998.314494,3066.191358
2674.008710,2768.348617,2805.138095,2851.960556,2928.556410,2968.552912,2998.419188,3066.333079
2674.000263,2768.485207,2805.170935,2851.439041,2928.453307,2968.559266,2998.422165,3066.341548
2673.981975,2768.336782,2805.131796,2851.961210,2928.566923,2968.568683,2998.438644,3066.360124
2673.953952,2768.463084,2805.159173,2851.449187,2928.489305,2968.587131,2998.457856,3066.388384
2673.949328,2768.462644,2805.158922,2851.440151,2928.473292,2968.589314,2998.459229,3066.393073
2673.922272,2768.450658,2805.152542,2851.440732,2928.483840,2968.605270,2998.478904,3066.420444
2673.920409,2768.447449,2805.151446,2851.451943,2928.474143,2968.605729,2998.479153,3066.422271
2673.901395,2768.441411,2805.147619,2851.441187,2928.492006,2968.617586,2998.494094,3066.441562
2673.890027,2768.296057,2805.110130,2851.963573,2928.602932,2968.622915,2998.505533,3066.453140
2673.869490,2768.427280,2805.140097,2851.441886,2928.504491,2968.636411,2998.517314,3066.473837
2673.868169,2768.426695,2805.139785,2851.441918,2928.505031,2968.637192,2998.518281,3066.475173
2673.829510,2768.409572,2805.130672,2851.442755,2928.520141,2968.659997,2998.546400,3066.514282
2673.824396,2768.407307,2805.129466,2851.442868,2928.522139,2968.663015,2998.550122,3066.519456
2673.813064,2768.402288,2805.126795,2851.443116,2928.526564,2968.669701,2998.558370,3066.530919
2673.778005,2768.386762,2805.118532,2851.443883,2928.540293,2968.690387,2998.583882,3066.566385
2673.763307,2768.377974,2805.113537,2851.456566,2928.660037,2968.694279,2998.587320,3066.581067
2673.759175,2768.378423,2805.114094,2851.444302,2928.547760,2968.701501,2998.597592,3066.585434
2673.730868,2768.363487,2805.106755,2851.455933,2928.549198,2968.717572,2998.617173,3066.614014
2673.726766,2768.364028,2805.106221,2851.444621,2928.560775,2968.720632,2998.621505,3066.618234
2673.725299,2768.360801,2805.105432,2851.457686,2928.559237,2968.721132,2998.621905,3066.619615
2673.645640,2768.328125,2805.087342,2851.446617,2928.592738,2968.767322,2998.679728,3066.699554
2673.623783,2768.318470,2805.082193,2851.447277,2928.600807,2968.781403,2998.696126,3066.722400
2673.620584,2768.317010,2805.081204,2851.446958,2928.602456,2968.783300,2998.698791,3066.725650
2673.611393,2768.313024,2805.079087,2851.447662,2928.619566,2968.789007,2998.706478,3066.734918
2673.583051,2768.160874,2805.037756,2851.967667,2928.722796,2968.804069,2998.729218,3066.763698
2673.541558,2768.141796,2805.028090,2851.972446,2928.739721,2968.828535,2998.759120,3066.805663
2673.496053,2768.261878,2805.051876,2851.449712,2928.651165,2968.856805,2998.789424,3066.851632
2673.458579,2768.245333,2805.043289,2851.450931,2928.665427,2968.878920,2998.816368,3066.889528
2673.432790,2768.233874,2805.036982,2851.451116,2928.675975,2968.894153,2998.835473,3066.915632
2673.388511,2768.074797,2804.991996,2851.972592,2928.799219,2968.918903,2998.870821,3066.960507
2673.330091,2768.188419,2805.012810,2851.453411,2928.716286,2968.954796,2998.910250,3067.019527
2673.322957,2768.185261,2805.011131,2851.453567,2928.719116,2968.959008,2998.915444,3067.026744
2673.309573,2768.039141,2804.973528,2851.978416,2928.830662,2968.965487,2998.927985,3067.040354
2673.289491,2768.170493,2805.003492,2851.454705,2928.731789,2968.978764,2998.939476,3067.060587
2673.282392,2768.165660,2805.001160,2851.465246,2928.749503,2968.981756,2998.945517,3067.066638
2673.263411,2768.166144,2804.981704,2851.547574,2928.606547,2968.947014,2998.937477,3067.084765
2673.240121,2768.148641,2804.991825,2851.456282,2928.772510,2969.009599,2998.977486,3067.111253
2673.213652,2768.136890,2804.985414,2851.456018,2928.761974,2969.023561,2998.995028,3067.137325
2673.194318,2768.128335,2804.980867,2851.456452,2928.769565,2969.034980,2999.009106,3067.156885
2673.193013,2768.127758,2804.980560,2851.456484,2928.770055,2969.035751,2999.010056,3067.158205
2673.173676,2768.119202,2804.976012,2851.456916,2928.777584,2969.047170,2999.024129,3067.177769
2673.168890,2768.117084,2804.974886,2851.457023,2928.779455,2969.049996,2999.027612,3067.182610
2673.134213,2768.099154,2804.966057,2851.470236,2928.786164,2969.070057,2999.052178,3067.217630
2673.129730,2768.097830,2804.965082,2851.466978,2928.784541,2969.071799,2999.054505,3067.221818
2673.082374,2768.085483,2804.941692,2851.540163,2929.565905,2969.034923,2999.035242,3067.269803
2673.058012,2768.065381,2804.948156,2851.472204,2928.820415,2969.114950,2999.107440,3067.294753
2672.994460,2768.047926,2804.917535,2851.561208,2928.773132,2969.100625,2999.125151,3067.356836
2672.960810,2768.033510,2804.909499,2851.561810,2928.801370,2969.120130,2999.149792,3067.390806
2672.955432,2768.031633,2804.908344,2851.559486,2928.784184,2969.122638,2999.153212,3067.395491
2672.948124,2768.027514,2804.906579,2851.563102,2928.831370,2969.126843,2999.157444,3067.403608
2672.954775,2768.019824,2804.923867,2851.474131,2928.856777,2969.176036,2999.182824,3067.399176
2672.944490,2768.015008,2804.921440,2851.476516,2928.875888,2969.182600,2999.191605,3067.409536
2672.942029,2768.014440,2804.920866,2851.475014,2928.882727,2969.184278,2999.194077,3067.412007
2672.931421,2768.009225,2804.918369,2851.476830,2928.881107,2969.190324,2999.201131,3067.422757
2672.930563,2768.010587,2804.918411,2851.467328,2928.882082,2969.192098,2999.201953,3067.424568
2672.857011,2767.976172,2804.900885,2851.478764,2928.906836,2969.234234,2999.255082,3067.498053
2672.839779,2767.980245,2804.880319,2851.571070,2928.867903,2969.189355,2999.235044,3067.513183
2672.809465,2767.956002,2804.889772,2851.475422,2928.916985,2969.262207,2999.288963,3067.546318
2672.797984,2767.950037,2804.887016,2851.480129,2928.927308,2969.269132,2999.298059,3067.557773
2672.785003,2767.956481,2804.867261,2851.574902,2928.936270,2969.218645,2999.268687,3067.568616
2672.742707,2767.926924,2804.874161,2851.474852,2928.946035,2969.301708,2999.337833,3067.613829
2672.725582,2767.918809,2804.870030,2851.479445,2928.967159,2969.311952,2999.351485,3067.630889
2672.705555,2767.772779,2804.831583,2851.990310,2929.067792,2969.322342,2999.368174,3067.651454
2672.669929,2767.906120,2804.840717,2851.575936,2929.386945,2969.276846,2999.334072,3067.685768
2672.669372,2767.673757,2804.778695,2852.590294,2929.138446,2969.279431,2999.356364,3067.688125
2672.638408,2767.892522,2804.831555,2851.588947,2929.074047,2969.300579,2999.368386,3067.716836
2672.631420,2767.889693,2804.829795,2851.588849,2929.076011,2969.304584,2999.373473,3067.723868
2672.629863,2767.889275,2804.829665,2851.586047,2929.077491,2969.305038,2999.373155,3067.725340
2672.619213,2767.884710,2804.827251,2851.586815,2929.085126,2969.311362,2999.380325,3067.736261
2672.617603,2767.883748,2804.826685,2851.589329,2929.093258,2969.312497,2999.382432,3067.737942
2672.614373,2767.882346,2804.826067,2851.588457,2929.092945,2969.314054,2999.383480,3067.741191
2672.592338,2767.862126,2804.839656,2851.470573,2929.005788,2969.390689,2999.447234,3067.765900
2672.582263,2767.854907,2804.836523,2851.485379,2929.027685,2969.396967,2999.456172,3067.775977
2672.578012,2767.852744,2804.835373,2851.484987,2929.011518,2969.398996,2999.457880,3067.780361
2672.573193,2767.851234,2804.834242,2851.481898,2929.003352,2969.401612,2999.460527,3067.785334
2672.560697,2767.846710,2804.831441,2851.479172,2929.033330,2969.409333,2999.471628,3067.797666
2672.549755,2767.841098,2804.828775,2851.481458,2929.014137,2969.415493,2999.477736,3067.809033
2672.518929,2767.840656,2804.802928,2851.596088,2929.175505,2969.368137,2999.449689,3067.837669
2672.520025,2767.840110,2804.806963,2851.576628,2929.940642,2969.356653,2999.425004,3067.838616
2672.435444,2767.792240,2804.802358,2851.475627,2929.074617,2969.483279,2999.562145,3067.924520
2672.384464,2767.770199,2804.790643,2851.475027,2929.088476,2969.513595,2999.599026,3067.976229
2672.365184,2767.622376,2804.751777,2851.999315,2929.202650,2969.523543,2999.616155,3067.995825
2672.356266,2767.755081,2804.783309,2851.490232,2929.114519,2969.530554,2999.620858,3068.004647
2672.326090,2767.742053,2804.776273,2851.487406,2929.098770,2969.547414,2999.640325,3068.035191
2672.293162,2767.727138,2804.768543,2851.490018,2929.116050,2969.567163,2999.664792,3068.068554
2672.257409,2767.574758,2804.726523,2852.002237,2929.245234,2969.587276,2999.694697,3068.104868
2672.250073,2767.707974,2804.758438,2851.492512,2929.147181,2969.593031,2999.697306,3068.112113
2672.229435,2767.699893,2804.753674,2851.486851,2929.135778,2969.604458,2999.710661,3068.132932
2672.209505,2767.553602,2804.715305,2852.003487,2929.264254,2969.615614,2999.729602,3068.153345
2672.159293,2767.668153,2804.737118,2851.493356,2929.186671,2969.647766,2999.763780,3068.204668
2672.113909,2767.647649,2804.726520,2851.495979,2929.196006,2969.673519,2999.796275,3068.249901
2672.097212,2767.640290,2804.722607,2851.496328,2929.202661,2969.683395,2999.808448,3068.266794
2672.086617,2767.635831,2804.720127,2851.494996,2929.195771,2969.689347,2999.815271,3068.277554
2672.082342,2767.634243,2804.719112,2851.493575,2929.194751,2969.691838,2999.818031,3068.281975
2672.073870,2767.493702,2804.683543,2852.007137,2929.318080,2969.695838,2999.828466,3068.290572
2672.070002,2767.491992,2804.682639,2852.007245,2929.319531,2969.698125,2999.831282,3068.294486
2672.060457,2767.487786,2804.680407,2852.007456,2929.323328,2969.703773,2999.838245,3068.304143
2672.004887,2767.602529,2804.701905,2851.484373,2929.238389,2969.738118,2999.875362,3068.360262
2671.974024,2767.588896,2804.694676,2851.485106,2929.250623,2969.756380,2999.897863,3068.391488
2671.959778,2767.582604,2804.691340,2851.485440,2929.256202,2969.764809,2999.908238,3068.405904
2671.943650,2767.436211,2804.653069,2852.010607,2929.369702,2969.772883,2999.923393,3068.422331
2671.927343,2767.429012,2804.649254,2852.011026,2929.376093,2969.782527,2999.935272,3068.438829
2671.867607,2767.538861,2804.668997,2851.500983,2929.283475,2969.818914,2999.974762,3068.499145
2671.846859,2767.529633,2804.664164,2851.502161,2929.298343,2969.831355,2999.990329,3068.520116
2671.844074,2767.528781,2804.663467,2851.500032,2929.290865,2969.832724,2999.991756,3068.522952
2671.840803,2767.390079,2804.629105,2852.017118,2929.410987,2969.833728,2999.998087,3068.526382
2671.808637,2767.528497,2804.634321,2851.636747,2929.772330,2969.775536,2999.938897,3068.556410
2671.795751,2767.523096,2804.631269,2851.636446,2929.772465,2969.783119,2999.948319,3068.569398
2671.794873,2767.522618,2804.630946,2851.637418,2929.760476,2969.783863,2999.949172,3068.570415
2671.781268,2767.516786,2804.627895,2851.636460,2929.784847,2969.791484,2999.958153,3068.584082
2671.776398,2767.514616,2804.626763,2851.636659,2929.790123,2969.794227,2999.961418,3068.588986
2671.746379,2767.501195,2804.619719,2851.639276,2929.824566,2969.811863,2999.982631,3068.619594
2671.740067,2767.265114,2804.559247,2852.649393,2930.055500,2969.809619,2999.990211,3068.628401
2671.735909,2767.496898,2804.617118,2851.639452,2929.806343,2969.818354,2999.990886,3068.630232
2671.720464,2767.490062,2804.613563,2851.639353,2929.833048,2969.826881,3000.001028,3068.645665
2671.661435,2767.230581,2804.540811,2852.652669,2930.115871,2969.855330,3000.045192,3068.707978
2671.607050,2767.440277,2804.586648,2851.644911,2929.885317,2969.893162,3000.081583,3068.760312
2671.605293,2767.205913,2804.527644,2852.655110,2930.157914,2969.888010,3000.084567,3068.764795
2671.546860,2767.413625,2804.572334,2851.649023,2929.919761,2969.928514,3000.124534,3068.821426
2671.549589,2767.181464,2804.514601,2852.657158,2930.198735,2969.920470,3000.123688,3068.821169
2671.543641,2767.178828,2804.513202,2852.657546,2930.202943,2969.923942,3000.127878,3068.827190
2671.525378,2767.170826,2804.508931,2852.658152,2930.216053,2969.934595,3000.140714,3068.845672
2671.522809,2767.169688,2804.508321,2852.658355,2930.217942,2969.936092,3000.142540,3068.848271
2671.500980,2767.393277,2804.561888,2851.649048,2929.997292,2969.954442,3000.154818,3068.867677
2671.486777,2767.372859,2804.556027,2851.714304,2929.998813,2969.962445,3000.165092,3068.882108
2671.471831,2767.147299,2804.496386,2852.660316,2930.254090,2969.965845,3000.178446,3068.899863
2671.470291,2767.146633,2804.496029,2852.660300,2930.255238,2969.966742,3000.179530,3068.901422
2671.437429,2767.365382,2804.546820,2851.652221,2930.024843,2969.991872,3000.200580,3068.932114
2671.440219,2767.133427,2804.488991,2852.661457,2930.276172,2969.984309,3000.200731,3068.931857
2671.415289,2767.339989,2804.563042,2851.508603,2929.465669,2970.086990,3000.305015,3068.956955
2671.395808,2767.347300,2804.537127,2851.653332,2930.033424,2970.016463,3000.230472,3068.974211
2671.392737,2767.344957,2804.537229,2851.651291,2930.176108,2970.016169,3000.227136,3068.977147
2671.349048,2767.228172,2804.504511,2852.069865,2930.123575,2970.042204,3000.265214,3069.022378
2671.345637,2767.154204,2804.484561,2852.357808,2930.240290,2970.041435,3000.263993,3069.025960
2671.341772,2767.090185,2804.465962,2852.665057,2930.343294,2970.041866,3000.270296,3069.031491
2671.335543,2767.087458,2804.464493,2852.665559,2930.351956,2970.045401,3000.274320,3069.037799
2671.331531,2767.302670,2804.543252,2851.515053,2929.526233,2970.137381,3000.368837,3069.041359
2671.309856,2767.156565,2804.504944,2852.027622,2929.621350,2970.148108,3000.385601,3069.063633
2671.307078,2767.291729,2804.537670,2851.515832,2929.534178,2970.151614,3000.386172,3069.066204
2671.290549,2767.148048,2804.500436,2852.028165,2929.629010,2970.159547,3000.399690,3069.083170
2671.217008,2767.035705,2804.436393,2852.677488,2930.550428,2970.112085,3000.348336,3069.157825
2671.207159,2767.031407,2804.434057,2852.678512,2930.566770,2970.117652,3000.354511,3069.167798
2671.170454,2767.248149,2804.484030,2851.668867,2930.436837,2970.143441,3000.374416,3069.202296
2671.141896,2767.002930,2804.418620,2852.684698,2930.673666,2970.154669,3000.395396,3069.233893
2671.104113,2767.167613,2804.456678,2851.885338,2930.436952,2970.182181,3000.421136,3069.270021
2671.089624,2766.980104,2804.406258,2852.689707,2930.758230,2970.184448,3000.428223,3069.286838
2671.078355,2766.975195,2804.403597,2852.690710,2930.776588,2970.190872,3000.435298,3069.298251
2671.061013,2767.147706,2804.446222,2851.892711,2930.513788,2970.207177,3000.449007,3069.314180
2671.058404,2766.966498,2804.398888,2852.692378,2930.807499,2970.202290,3000.447952,3069.318456
2671.022142,2766.950679,2804.390329,2852.695522,2930.863072,2970.223081,3000.471004,3069.355185
2670.934354,2766.912387,2804.369642,2852.702622,2930.993693,2970.273626,3000.527091,3069.444104
2670.922092,2766.907036,2804.366756,2852.703596,2931.011343,2970.280712,3000.534961,3069.456522
2670.913669,2766.903361,2804.364776,2852.704206,2931.023376,2970.285585,3000.540375,3069.465055
2670.906697,2766.900321,2804.363139,2852.704780,2931.033261,2970.289623,3000.544837,3069.472120
2670.892330,2766.894052,2804.359756,2852.705854,2931.053985,2970.297929,3000.554087,3069.486671
2670.833145,2766.868228,2804.345835,2852.710355,2931.137272,2970.332241,3000.592275,3069.546621
2670.799142,2766.853405,2804.337841,2852.712831,2931.184579,2970.351985,3000.614277,3069.581062
2670.783176,2766.846439,2804.334092,2852.713943,2931.206315,2970.361275,3000.624639,3069.597236
2670.772202,2766.841410,2804.331066,2852.720701,2931.227955,2970.367628,3000.632421,3069.608418
2670.759598,2766.836156,2804.328560,2852.715549,2931.238064,2970.375006,3000.639952,3069.621120
2670.748707,2766.831414,2804.326003,2852.716277,2931.252853,2970.381347,3000.647036,3069.632150
2670.723809,2766.940191,2804.352907,2852.180391,2931.076590,2970.399423,3000.665365,3069.655539
2670.711060,2767.047975,2804.374300,2851.706959,2930.956520,2970.409334,3000.676430,3069.667644
2670.706723,2766.962737,2804.355707,2852.080057,2931.080470,2970.409352,3000.677731,3069.672629
2670.702993,2766.811464,2804.315273,2852.719437,2931.313583,2970.408012,3000.676831,3069.678459
2670.702936,2766.811454,2804.315262,2852.719356,2931.313784,2970.408040,3000.676860,3069.678514
2670.701475,2766.810816,2804.314918,2852.719462,2931.315626,2970.408896,3000.677828,3069.679994
2670.696855,2766.808793,2804.313831,2852.719813,2931.321722,2970.411593,3000.680848,3069.684675
2670.692268,2766.806796,2804.312753,2852.720131,2931.328078,2970.414261,3000.683830,3069.689321
2670.683030,2766.802776,2804.310593,2852.720660,2931.339920,2970.419663,3000.689865,3069.698677
2670.668211,2766.796304,2804.307116,2852.721689,2931.359147,2970.428325,3000.699558,3069.713689
2670.659413,2766.792464,2804.305049,2852.722300,2931.370763,2970.433462,3000.705322,3069.722601
2670.659202,2766.792363,2804.304998,2852.722369,2931.370915,2970.433589,3000.705475,3069.722815
2670.631612,2766.780341,2804.298531,2852.724088,2931.406386,2970.449730,3000.723554,3069.750763
2670.612695,2766.772095,2804.294104,2852.725249,2931.430293,2970.460810,3000.735961,3069.769925
2670.608580,2766.770293,2804.293135,2852.725522,2931.435434,2970.463221,3000.738687,3069.774092
2670.607826,2766.769965,2804.292960,2852.725544,2931.436640,2970.463656,3000.739171,3069.774857
2670.607537,2766.769840,2804.292888,2852.725620,2931.436948,2970.463827,3000.739369,3069.775150
2670.576920,2766.912946,2804.326847,2852.031596,2931.201354,2970.486313,3000.763588,3069.804032
2670.569851,2766.753405,2804.284058,2852.727960,2931.484311,2970.485911,3000.764165,3069.813320
2670.548740,2766.898030,2804.319716,2852.042485,2931.238112,2970.502855,3000.782125,3069.832605
2670.540945,2766.740796,2804.277295,2852.729686,2931.519877,2970.502878,3000.783231,3069.842602
2670.536470,2766.738825,2804.276244,2852.730015,2931.525249,2970.505510,3000.786204,3069.847138
2670.535571,2766.738457,2804.276033,2852.730012,2931.526729,2970.506025,3000.786781,3069.848046
2670.525942,2766.734259,2804.273779,2852.730578,2931.538511,2970.511679,3000.793146,3069.857799
2670.468940,2766.709393,2804.260442,2852.733949,2931.607339,2970.545181,3000.830870,3069.915538
2670.427705,2766.691412,2804.250802,2852.736278,2931.655936,2970.569452,3000.858259,3069.957306
2670.408365,2766.875190,2804.295132,2851.887121,2931.353435,2970.585948,3000.876614,3069.974486
2670.356028,2766.660145,2804.234049,2852.740218,2931.739054,2970.611683,3000.906002,3070.029908
2670.343742,2766.654781,2804.231178,2852.740911,2931.752951,2970.618933,3000.914214,3070.042354
2670.326477,2766.647250,2804.227142,2852.741826,2931.772622,2970.629117,3000.925771,3070.059843
2670.325001,2766.646605,2804.226799,2852.741901,2931.774213,2970.629990,3000.926756,3070.061338
2670.313346,2766.641530,2804.224078,2852.742473,2931.787505,2970.636861,3000.934538,3070.073140
2670.287847,2766.772567,2804.255863,2852.127597,2931.577536,2970.655243,3000.956011,3070.096854
2670.247225,2766.612682,2804.208635,2852.745995,2931.860990,2970.675912,3000.978877,3070.140117
2670.225767,2766.790258,2804.251191,2851.918998,2931.554027,2970.693606,3000.999961,3070.159571
2670.194092,2766.690747,2804.224152,2852.303098,2931.736612,2970.709816,3001.018355,3070.192311
2670.195893,2766.590294,2804.196657,2852.748556,2931.916770,2970.706257,3001.013398,3070.192108
2670.183662,2766.729027,2804.232257,2852.112159,2931.674778,2970.717174,3001.026485,3070.202519
2670.149381,2766.767499,2804.235282,2851.874067,2931.617209,2970.738986,3001.052047,3070.236885
2670.094213,2766.545940,2804.172946,2852.753451,2932.024349,2970.766438,3001.082034,3070.295095
2670.058030,2766.530142,2804.164519,2852.755180,2932.061051,2970.787893,3001.106559,3070.331744
2670.029989,2766.517905,2804.157986,2852.756491,2932.089728,2970.804514,3001.125571,3070.360147
2669.974605,2766.493747,2804.145084,2852.759030,2932.145493,2970.837356,3001.163205,3070.416240
2669.963624,2766.488955,2804.142528,2852.759527,2932.156590,2970.843867,3001.170661,3070.427362
2669.890155,2766.456910,2804.125427,2852.762734,2932.228765,2970.887473,3001.220723,3070.501773
2669.889919,2766.456788,2804.125372,2852.762827,2932.228587,2970.887624,3001.220915,3070.502012
2669.871016,2766.448538,2804.120975,2852.763606,2932.246890,2970.898853,3001.233820,3070.521162
2669.866970,2766.446794,2804.120030,2852.763706,2932.251378,2970.901234,3001.236559,3070.525251
2669.833537,2766.432154,2804.112277,2852.764700,2932.272175,2970.921092,3001.260341,3070.559102
2669.806521,2766.420324,2804.106008,2852.765372,2932.287593,2970.937117,3001.279733,3070.586453
2669.756459,2766.398491,2804.094358,2852.767732,2932.339451,2970.966876,3001.313612,3070.637162
2669.749261,2766.480666,2804.116333,2852.396452,2932.197036,2970.972893,3001.321993,3070.643006
2669.745882,2766.393892,2804.091886,2852.768529,2932.356149,2970.973185,3001.320281,3070.647881
2669.745195,2766.393614,2804.091731,2852.768456,2932.357449,2970.973586,3001.320676,3070.648575
2669.736948,2766.390038,2804.089798,2852.769071,2932.371012,2970.978499,3001.325872,3070.656939
2669.726459,2766.385476,2804.087351,2852.769859,2932.387246,2970.984768,3001.332487,3070.667573
2669.726438,2766.385473,2804.087347,2852.769839,2932.387214,2970.984777,3001.332501,3070.667589
2669.717421,2766.381561,2804.085239,2852.770482,2932.401452,2970.990159,3001.338183,3070.676731
2669.697154,2766.547163,2804.124714,2851.986807,2932.106645,2971.006435,3001.358843,3070.694917
2669.680808,2766.365683,2804.076685,2852.773093,2932.459322,2971.012023,3001.361279,3070.713845
2669.679160,2766.364972,2804.076301,2852.773161,2932.462009,2971.013003,3001.362315,3070.715513
2669.677337,2766.364193,2804.075878,2852.773182,2932.465084,2971.014085,3001.363455,3070.717358
2669.667913,2766.360107,2804.073670,2852.773913,2932.479937,2971.019714,3001.369411,3070.726911
2669.665669,2766.359131,2804.073156,2852.774065,2932.482968,2971.021068,3001.370838,3070.729186
2669.654272,2766.354185,2804.070487,2852.774856,2932.501128,2971.027878,3001.378051,3070.740743
2669.635538,2766.346054,2804.066119,2852.776133,2932.529652,2971.039094,3001.389923,3070.759729
2669.629536,2766.343455,2804.064715,2852.776500,2932.539142,2971.042680,3001.393733,3070.765812
2669.614058,2766.336737,2804.061105,2852.777598,2932.562897,2971.051951,3001.403537,3070.781502
2669.559171,2766.312940,2804.048299,2852.781240,2932.646609,2971.084844,3001.438416,3070.837137
2669.518806,2766.295435,2804.038889,2852.783759,2932.707306,2971.109067,3001.464156,3070.878049
2669.507497,2766.290535,2804.036251,2852.784498,2932.724228,2971.115858,3001.471374,3070.889512
2669.505879,2766.289827,2804.035875,2852.784638,2932.726640,2971.116834,3001.472398,3070.891154
2669.447080,2766.264334,2804.022177,2852.788295,2932.813311,2971.152178,3001.510021,3070.950751
2669.431382,2766.257524,2804.018518,2852.789270,2932.836343,2971.161623,3001.520085,3070.966664
2669.423900,2766.254277,2804.016775,2852.789721,2932.847247,2971.166124,3001.524887,3070.974246
2669.405078,2766.324810,2804.034286,2852.449633,2932.740625,2971.178653,3001.540875,3070.992152
2669.373096,2766.232246,2804.004953,2852.792749,2932.920117,2971.196726,3001.557552,3071.025737
2669.362402,2766.227617,2804.002459,2852.793346,2932.935759,2971.203160,3001.564426,3071.036574
2669.315170,2766.207114,2803.991472,2852.796138,2933.002844,2971.231644,3001.594864,3071.084450
2669.289214,2766.195854,2803.985437,2852.797660,2933.039100,2971.247307,3001.611642,3071.110755
2669.287744,2766.195223,2803.985091,2852.797741,2933.041260,2971.248190,3001.612583,3071.112243
2669.261322,2766.183766,2803.978952,2852.799237,2933.077892,2971.264150,3001.629683,3071.139027
2669.241887,2766.175340,2803.974425,2852.800308,2933.105426,2971.275869,3001.642260,3071.158720
2669.216552,2766.164338,2803.968541,2852.801725,2933.140111,2971.291182,3001.658690,3071.184400
2669.189525,2766.297837,2804.000124,2852.164785,2932.894736,2971.309998,3001.686037,3071.209699
2669.185637,2766.256463,2803.989597,2852.342903,2932.981564,2971.311624,3001.685541,3071.214051
2669.135215,2766.129023,2803.949643,2852.806269,2933.248202,2971.340338,3001.711759,3071.266830
2669.131245,2766.127321,2803.948726,2852.806328,2933.253421,2971.342738,3001.714361,3071.270856
2669.114389,2766.120010,2803.944813,2852.807191,2933.274795,2971.352923,3001.725443,3071.287931
2669.101180,2766.114277,2803.941747,2852.807876,2933.291894,2971.360910,3001.734125,3071.301333
2669.082142,2766.106009,2803.937327,2852.808846,2933.315512,2971.372411,3001.746674,3071.320611
2669.068083,2766.099906,2803.934064,2852.809463,2933.333151,2971.380898,3001.755945,3071.334851
2669.063240,2766.097790,2803.932940,2852.809810,2933.338951,2971.383833,3001.759149,3071.339763
2669.026469,2766.081827,2803.924406,2852.811625,2933.384314,2971.406053,3001.783464,3071.377023
2668.969040,2766.056848,2803.911105,2852.813882,2933.443407,2971.440626,3001.822423,3071.435200
2668.953628,2766.050135,2803.907541,2852.814453,2933.457305,2971.449896,3001.833030,3071.450808
2668.950101,2766.048591,2803.906722,2852.814600,2933.460661,2971.452013,3001.835453,3071.454381
2668.935377,2766.042183,2803.903309,2852.815190,2933.474490,2971.460856,3001.845566,3071.469291
2668.919682,2766.035348,2803.899682,2852.815677,2933.488751,2971.470292,3001.856368,3071.485191
2668.859065,2766.009055,2803.885729,2852.817174,2933.539317,2971.506752,3001.898450,3071.546516
2668.852457,2766.006404,2803.884423,2852.812243,2933.541024,2971.510825,3001.903000,3071.553252
2668.827118,2766.105887,2803.907486,2852.338419,2933.352941,2971.527259,3001.928829,3071.576740
2668.818830,2765.991804,2803.876573,2852.818516,2933.564254,2971.530948,3001.927237,3071.586946
2668.810349,2765.988214,2803.874725,2852.816241,2933.567377,2971.536121,3001.933241,3071.595558
2668.778743,2765.974695,2803.867579,2852.815656,2933.585526,2971.555160,3001.955840,3071.627381
2668.763632,2765.968212,2803.864163,2852.815430,2933.593913,2971.564272,3001.966644,3071.642609
2668.741214,2766.135102,2803.902594,2852.048389,2933.307724,2971.579867,3001.992718,3071.663613
2668.737022,2765.956793,2803.858140,2852.815117,2933.608781,2971.580292,3001.985704,3071.669411
2668.725655,2765.951918,2803.855566,2852.814971,2933.615111,2971.587139,3001.993840,3071.680866
2668.717645,2765.948490,2803.853754,2852.814777,2933.619597,2971.591955,3001.999587,3071.688931
2668.714788,2765.947275,2803.853109,2852.814663,2933.621252,2971.593672,3002.001638,3071.691807
2668.678116,2765.931542,2803.844800,2852.814222,2933.641428,2971.615743,3002.027931,3071.728764
2668.662266,2765.924699,2803.841212,2852.814173,2933.649846,2971.625287,3002.039320,3071.744755
2668.644538,2765.917108,2803.837187,2852.813871,2933.659549,2971.635939,3002.052041,3071.762609
2668.642975,2765.916438,2803.836833,2852.813797,2933.660377,2971.636875,3002.053171,3071.764182
2668.633040,2765.912173,2803.834581,2852.813699,2933.665802,2971.642850,3002.060300,3071.774197
2668.587072,2765.892389,2803.824150,2852.813305,2933.690210,2971.670481,3002.093362,3071.820549
2668.578870,2766.009294,2803.853429,2852.300800,2933.540583,2971.676514,3002.102933,3071.829243
2668.561043,2765.881216,2803.818238,2852.812926,2933.704122,2971.686101,3002.112116,3071.846784
2668.511989,2765.860058,2803.807090,2852.812721,2933.729365,2971.715570,3002.147455,3071.896276
2668.505836,2765.857446,2803.805695,2852.812524,2933.732805,2971.719265,3002.151871,3071.902479
2668.452598,2765.834456,2803.793570,2852.812371,2933.759512,2971.751196,3002.190373,3071.956202
2668.449987,2765.833333,2803.792986,2852.812338,2933.760934,2971.752778,3002.192204,3071.958837
2668.432071,2765.825590,2803.788902,2852.812362,2933.769819,2971.763523,3002.205164,3071.976922
2668.351530,2765.790689,2803.770505,2852.812712,2933.807882,2971.811818,3002.263685,3072.058291
2668.297638,2765.767116,2803.758096,2852.813742,2933.829804,2971.844233,3002.303459,3072.112903
2668.294927,2765.765862,2803.757444,2852.814070,2933.830147,2971.845905,3002.305619,3072.115691
2668.288339,2765.763075,2803.755964,2852.813742,2933.833984,2971.849822,3002.310289,3072.122313
2668.253522,2765.747916,2803.747984,2852.814095,2933.849694,2971.870745,3002.335765,3072.157540
2668.239986,2765.747123,2803.748478,2852.776117,2933.689404,2971.879995,3002.360291,3072.168453
2668.236378,2765.740472,2803.744064,2852.814251,2933.857744,2971.881019,3002.348250,3072.174863
2668.190818,2765.720777,2803.733690,2852.814159,2933.880639,2971.908437,3002.381299,3072.220869
2668.188716,2765.719921,2803.733233,2852.813978,2933.882674,2971.909751,3002.382769,3072.222966
2668.127154,2765.694634,2803.719847,2852.808881,2933.938221,2971.948332,3002.425368,3072.284498
2668.117235,2765.691732,2803.718018,2852.801228,2933.953130,2971.953958,3002.430607,3072.293950
2668.058194,2765.667837,2803.705190,2852.797963,2934.013510,2971.990531,3002.470493,3072.352582
2668.006681,2765.645186,2803.693688,2852.798099,2934.043566,2972.023602,3002.509195,3072.404981
2667.990839,2765.638667,2803.690226,2852.796692,2934.056541,2972.033475,3002.520372,3072.420830
2667.976821,2765.632886,2803.687175,2852.795407,2934.067925,2972.042215,3002.530279,3072.434869
2667.953936,2765.625201,2803.682543,2852.784604,2934.074741,2972.056095,3002.547807,3072.457787
2667.941849,2765.784866,2803.718198,2852.080334,2933.950328,2972.063648,3002.551192,3072.470476
2667.926628,2765.612206,2803.676388,2852.782818,2934.091566,2972.073523,3002.567825,3072.485623
2667.926499,2765.612149,2803.676360,2852.782814,2934.091676,2972.073605,3002.567915,3072.485754
2667.911374,2765.605842,2803.672908,2852.789812,2934.120043,2972.083009,3002.576611,3072.500465
2667.841944,2765.577179,2803.657762,2852.783583,2934.174513,2972.126211,3002.625872,3072.570078
2667.826566,2765.592258,2803.659935,2852.691478,2934.155211,2972.135458,3002.638456,3072.585499
2667.722456,2765.527767,2803.631673,2852.772978,2934.265800,2972.200419,3002.710919,3072.689977
2667.599650,2765.475122,2803.603967,2852.770657,2934.331304,2972.274652,3002.799989,3072.813889
2667.599444,2765.475041,2803.603921,2852.770599,2934.331431,2972.274768,3002.800142,3072.814093
2667.598769,2765.474734,2803.603765,2852.770686,2934.331733,2972.275175,3002.800632,3072.814786
2667.593515,2765.472448,2803.602557,2852.770694,2934.333836,2972.278288,3002.804490,3072.820094
2667.580720,2765.675586,2803.645102,2851.883301,2934.164414,2972.287551,3002.812360,3072.833555
2667.566719,2765.460739,2803.596399,2852.771183,2934.344673,2972.294223,3002.824124,3072.847216
2667.560180,2765.457880,2803.594900,2852.771374,2934.347261,2972.298130,3002.828911,3072.853847
2667.524052,2765.442097,2803.586597,2852.772040,2934.361989,2972.319611,3002.855384,3072.890403
2667.521304,2765.440898,2803.585963,2852.772064,2934.363039,2972.321242,3002.857406,3072.893187
2667.511868,2765.436763,2803.583801,2852.772357,2934.366887,2972.326878,3002.864303,3072.902740
2667.463779,2765.413367,2803.570739,2852.786591,2934.314030,2972.347349,3002.900160,3072.952531
2667.456824,2765.413459,2803.571182,2852.771967,2934.396329,2972.359857,3002.905455,3072.957951
2667.450874,2765.410105,2803.569792,2852.773597,2934.391619,2972.363183,3002.908991,3072.964479
2667.434158,2765.403367,2803.566262,2852.767339,2934.396889,2972.373435,3002.921149,3072.981478
2667.426622,2765.399518,2803.564220,2852.773990,2934.401487,2972.377589,3002.926771,3072.989020
2667.412859,2765.393498,2803.561061,2852.774302,2934.407037,2972.385792,3002.936851,3073.002954
2667.382681,2765.550476,2803.593411,2852.048643,2934.346420,2972.410640,3002.954166,3073.032553
2667.382331,2765.380168,2803.554052,2852.774878,2934.419374,2972.403966,3002.959221,3073.033857
2667.356833,2765.369034,2803.548206,2852.775354,2934.429739,2972.419159,3002.977897,3073.059667
2667.354812,2765.368150,2803.547737,2852.775390,2934.430504,2972.420345,3002.979388,3073.061718
2667.291599,2765.340522,2803.533232,2852.776671,2934.456147,2972.457992,3003.025701,3073.125704
2667.288834,2765.339323,2803.532592,2852.776713,2934.457279,2972.459625,3003.027734,3073.128497
2667.258176,2765.325925,2803.525557,2852.777371,2934.469761,2972.477877,3003.050199,3073.159528
2667.236388,2765.316413,2803.520563,2852.777722,2934.478594,2972.490856,3003.066161,3073.181586
2667.191490,2765.296805,2803.510261,2852.778634,2934.496827,2972.517593,3003.099063,3073.227030
2667.174636,2765.485856,2803.550982,2851.941430,2934.465523,2972.538585,3003.103864,3073.242141
2667.172541,2765.288528,2803.505912,2852.779011,2934.504485,2972.528863,3003.112959,3073.246213
2667.129182,2765.269601,2803.495966,2852.779804,2934.522071,2972.554671,3003.144744,3073.290100
2667.124367,2765.267485,2803.494862,2852.780013,2934.524026,2972.557554,3003.148264,3073.294976
2667.072101,2765.244663,2803.482875,2852.781012,2934.545219,2972.588670,3003.186578,3073.347883
2666.942249,2765.187991,2803.453112,2852.783491,2934.597853,2972.666016,3003.281766,3073.479334
2666.886904,2765.163817,2803.440426,2852.784627,2934.620361,2972.698987,3003.322335,3073.535350
2666.854130,2765.146106,2803.430697,2852.801665,2934.560910,2972.710543,3003.347080,3073.569728
2666.853190,2765.149106,2803.432700,2852.785349,2934.634034,2972.719069,3003.347056,3073.569479
2666.848842,2765.147199,2803.431702,2852.785448,2934.635855,2972.721653,3003.350243,3073.573877
2666.804030,2765.127640,2803.421438,2852.786369,2934.654032,2972.748363,3003.383094,3073.619242
2666.777331,2765.115989,2803.415320,2852.786859,2934.664866,2972.764259,3003.402675,3073.646269
2666.772371,2765.113827,2803.414190,2852.786973,2934.666878,2972.767235,3003.406303,3073.651291
2666.769109,2765.187313,2803.429595,2852.497320,2934.583051,2972.762101,3003.406634,3073.654374
2666.764361,2765.110331,2803.412348,2852.787089,2934.670144,2972.771979,3003.412188,3073.659396
2666.665371,2765.067137,2803.389683,2852.789096,2934.710364,2972.830981,3003.484767,3073.759603
2666.652394,2765.061457,2803.386710,2852.789482,2934.715596,2972.838727,3003.494278,3073.772743
2666.625572,2765.049773,2803.380570,2852.789871,2934.726531,2972.854695,3003.513956,3073.799891
2666.587019,2765.032949,2803.371744,2852.790648,2934.742193,2972.877666,3003.542230,3073.838918
2666.557762,2765.226691,2803.410558,2851.917751,2934.657842,2972.900377,3003.556791,3073.866720
2666.499469,2764.997168,2803.352327,2852.781747,2934.777234,2972.929963,3003.606416,3073.927476
2666.467587,2764.980839,2803.344414,2852.793130,2934.790713,2972.948869,3003.629816,3073.959821
2666.407918,2764.954811,2803.330766,2852.794351,2934.814987,2972.984450,3003.673578,3074.020228
2666.369955,2764.948411,2803.324757,2852.751877,2934.830478,2973.007504,3003.700920,3074.058487
2666.363054,2764.935243,2803.320504,2852.795270,2934.833220,2973.011199,3003.706486,3074.065643
2666.335227,2764.923108,2803.314140,2852.795844,2934.844521,2973.027790,3003.726900,3074.093812
2666.321195,2764.916997,2803.310932,2852.796063,2934.850220,2973.036154,3003.737195,3074.108017
2666.275345,2764.897008,2803.300447,2852.796934,2934.868894,2973.063477,3003.770838,3074.154431
2666.248378,2764.885242,2803.294282,2852.797543,2934.879839,2973.079564,3003.790618,3074.181732
2666.220673,2764.873162,2803.287955,2852.798128,2934.891092,2973.096108,3003.810935,3074.209782
2666.175987,2764.853679,2803.277738,2852.799039,2934.909270,2973.122755,3003.843720,3074.255017
2666.152851,2764.843606,2803.272453,2852.799356,2934.918704,2973.136540,3003.860703,3074.278436
2666.127539,2764.832557,2803.266665,2852.800063,2934.928954,2973.151654,3003.879269,3074.304065
2666.115899,2764.932043,2803.290110,2852.356399,2934.928151,2973.165268,3003.883018,3074.314234
2666.110583,2764.825170,2803.262796,2852.800365,2934.935875,2973.161770,3003.891706,3074.321232
2666.094492,2764.818163,2803.259118,2852.800641,2934.942372,2973.171358,3003.903519,3074.337525
2666.088334,2764.815453,2803.257709,2852.800950,2934.944919,2973.175052,3003.908026,3074.343756
2666.083955,2764.813540,2803.256707,2852.800996,2934.946675,2973.177648,3003.911245,3074.348193
2666.081660,2764.812557,2803.256182,2852.800954,2934.947676,2973.179004,3003.912936,3074.350507
2666.040965,2764.794822,2803.246884,2852.801738,2934.964214,2973.203268,3003.942802,3074.391706
2666.014516,2764.873351,2803.263653,2852.421614,2934.969832,2973.224503,3003.957771,3074.417074
2666.007082,2764.790755,2803.242138,2852.756347,2934.977265,2973.224535,3003.968146,3074.425669
2666.005602,2764.779413,2803.238806,2852.802438,2934.978611,2973.224361,3003.968754,3074.427504
2665.988625,2764.772003,2803.234930,2852.802855,2934.985517,2973.234503,3003.981206,3074.444694
2665.987203,2764.771387,2803.234609,2852.802891,2934.986086,2973.235366,3003.982241,3074.446133
2665.972707,2764.765068,2803.231301,2852.803214,2934.991979,2973.244024,3003.992875,3074.460813
2665.949859,2764.755100,2803.226083,2852.803732,2935.001262,2973.257669,3004.009636,3074.483943
2665.936540,2764.749286,2803.223039,2852.804112,2935.006692,2973.265622,3004.019408,3074.497428
2665.917308,2764.740910,2803.218651,2852.804400,2935.014488,2973.277087,3004.033527,3074.516901
2665.870423,2764.720478,2803.207942,2852.805422,2935.033600,2973.305056,3004.067939,3074.564360
2665.869601,2764.720124,2803.207753,2852.805405,2935.033954,2973.305539,3004.068545,3074.565190
2665.865085,2764.718154,2803.206722,2852.805509,2935.035780,2973.308234,3004.071859,3074.569763
2665.820381,2764.698675,2803.196520,2852.806446,2935.054000,2973.334915,3004.104667,3074.615020
2665.806870,2764.897801,2803.239022,2851.936924,2935.065681,2973.353926,3004.103974,3074.625874
2665.773131,2764.678087,2803.185737,2852.807429,2935.073232,2973.363120,3004.139345,3074.662857
2665.756550,2764.670865,2803.181957,2852.807729,2935.079967,2973.373024,3004.151512,3074.679645
2665.740725,2764.663972,2803.178341,2852.808062,2935.086434,2973.382451,3004.163136,3074.695662
2665.728294,2764.658554,2803.175511,2852.808309,2935.091451,2973.389890,3004.172253,3074.708257
2665.727752,2764.658322,2803.175385,2852.808290,2935.091703,2973.390205,3004.172653,3074.708799
2665.726545,2764.658336,2803.175424,2852.805206,2935.094524,2973.391275,3004.174132,3074.709847
2665.713119,2764.648164,2803.169805,2852.829403,2935.023915,2973.390631,3004.184350,3074.724657
2665.687432,2764.640853,2803.165937,2852.812823,2935.114530,2973.414131,3004.203045,3074.749159
2665.677173,2764.636279,2803.163845,2852.809450,2935.112317,2973.420406,3004.209774,3074.760006
2665.619426,2764.611129,2803.150672,2852.810616,2935.135858,2973.454862,3004.252170,3074.818467
2665.613494,2764.608542,2803.149321,2852.810767,2935.138260,2973.458419,3004.256520,3074.824474
2665.554501,2764.582851,2803.135866,2852.811957,2935.162283,2973.493624,3004.299837,3074.884198
2665.547455,2764.579785,2803.134259,2852.812082,2935.165160,2973.497825,3004.305013,3074.891330
2665.512764,2764.564675,2803.126350,2852.812821,2935.179293,2973.518542,3004.330480,3074.926453
2665.500177,2764.559195,2803.123482,2852.813089,2935.184436,2973.526063,3004.339719,3074.939196
2665.460530,2764.541930,2803.114450,2852.813885,2935.200553,2973.549749,3004.368824,3074.979343
2665.450509,2764.537566,2803.112162,2852.814120,2935.204667,2973.555729,3004.376184,3074.989484
2665.431182,2764.529150,2803.107755,2852.814524,2935.212544,2973.567259,3004.390378,3075.009048
2665.429214,2764.528290,2803.107308,2852.814582,2935.213346,2973.568444,3004.391819,3075.011045
2665.423736,2764.525914,2803.106063,2852.814625,2935.215573,2973.571717,3004.395841,3075.016590
2665.360350,2764.498312,2803.091618,2852.815949,2935.241423,2973.609566,3004.442387,3075.080762
2665.339731,2764.489335,2803.086917,2852.816430,2935.249842,2973.621874,3004.457529,3075.101635
2665.312994,2764.477701,2803.080830,2852.816932,2935.260727,2973.637853,3004.477161,3075.128709
2665.302527,2764.473134,2803.078443,2852.817244,2935.265013,2973.644102,3004.484848,3075.139304
2665.291470,2764.468324,2803.075923,2852.817447,2935.269517,2973.650703,3004.492969,3075.150497
2665.286346,2764.466089,2803.074756,2852.817573,2935.271588,2973.653765,3004.496732,3075.155689
2665.264286,2764.456496,2803.069735,2852.817950,2935.280599,2973.666943,3004.512931,3075.178021
2665.189293,2764.423855,2803.052657,2852.819522,2935.311178,2973.711743,3004.568007,3075.253949
2665.185989,2764.422410,2803.051902,2852.819666,2935.312568,2973.713714,3004.570433,3075.257291
2665.169937,2764.415423,2803.048246,2852.820001,2935.319090,2973.723300,3004.582225,3075.273543
2665.152554,2764.408841,2803.044821,2852.811867,2935.327386,2973.734442,3004.595378,3075.291098
2665.152489,2764.407829,2803.044276,2852.820324,2935.326204,2973.733726,3004.595038,3075.291209
2665.127927,2764.397139,2803.038683,2852.820885,2935.336245,2973.748401,3004.613077,3075.316076
2665.124584,2764.395695,2803.037925,2852.820860,2935.337590,2973.750399,3004.615534,3075.319462
2665.112962,2764.390638,2803.035278,2852.821080,2935.342296,2973.757342,3004.624074,3075.331231
2665.047928,2764.362328,2803.020473,2852.822580,2935.368879,2973.796198,3004.671841,3075.397072
2665.041403,2764.359488,2803.018989,2852.822718,2935.371547,2973.800097,3004.676634,3075.403678
2665.009272,2764.345511,2803.011677,2852.823369,2935.384656,2973.819295,3004.700238,3075.436209
2665.003386,2764.342944,2803.010341,2852.823462,2935.387019,2973.822818,3004.704558,3075.442175
2664.935898,2764.313583,2802.994984,2852.824932,2935.414593,2973.863151,3004.754137,3075.510501
2664.916285,2764.305053,2802.990525,2852.825289,2935.422599,2973.874871,3004.768546,3075.530358
2664.856461,2764.279028,2802.976916,2852.826604,2935.447034,2973.910621,3004.812499,3075.590926
2664.825653,2764.265626,2802.969910,2852.827261,2935.459620,2973.929038,3004.835135,3075.622120
2664.808913,2764.258346,2802.966104,2852.827615,2935.466450,2973.939044,3004.847434,3075.639069
2664.806721,2764.257389,2802.965606,2852.827671,2935.467354,2973.940361,3004.849041,3075.641290
2664.793362,2764.251579,2802.962568,2852.827957,2935.472817,2973.948344,3004.858857,3075.654814
2664.770258,2764.241532,2802.957316,2852.828446,2935.482234,2973.962154,3004.875835,3075.678207
2664.755591,2764.235148,2802.953982,2852.828852,2935.488210,2973.970939,3004.886605,3075.693060
2664.752736,2764.233687,2802.953244,2852.829310,2935.466344,2973.971100,3004.890060,3075.696126
2664.745830,2764.230907,2802.951760,2852.828960,2935.492221,2973.976749,3004.893788,3075.702939
2664.698651,2764.412437,2802.985499,2851.977187,2935.494122,2974.015564,3004.919027,3075.748113
2664.699189,2764.210625,2802.941161,2852.829958,2935.511278,2974.004638,3004.928054,3075.750164
2664.695580,2764.368628,2802.976091,2852.156975,2935.409149,2974.005610,3004.922040,3075.753421
2664.675107,2764.196378,2802.933715,2852.847014,2935.448754,2974.011319,3004.946512,3075.775769
2664.673175,2764.194871,2802.932918,2852.855367,2935.451481,2974.012036,3004.948265,3075.777596
2664.638908,2764.180831,2802.925585,2852.845655,2935.460376,2974.033283,3004.973393,3075.812497
2664.610417,2764.172026,2802.920993,2852.831766,2935.547503,2974.057722,3004.993292,3075.840052
2664.607696,2764.170836,2802.920374,2852.831857,2935.548613,2974.059351,3004.995292,3075.842808
2664.554890,2764.144341,2802.906250,2852.849626,2935.495961,2974.083234,3005.035434,3075.897427
2664.545563,2764.143831,2802.906259,2852.833164,2935.574021,2974.096508,3005.040953,3075.905715
2664.542459,2764.142472,2802.905550,2852.833317,2935.575309,2974.098359,3005.043236,3075.908855
2664.510171,2764.128445,2802.898221,2852.833924,2935.588485,2974.117677,3005.066964,3075.941551
2664.497108,2764.122757,2802.895250,2852.834287,2935.593845,2974.125482,3005.076567,3075.954774
2664.473187,2764.112368,2802.889821,2852.834709,2935.603603,2974.139794,3005.094148,3075.978998
2664.443048,2764.099266,2802.882977,2852.835367,2935.615937,2974.157821,3005.116299,3076.009512
2664.413642,2764.086485,2802.876301,2852.835984,2935.627945,2974.175411,3005.137914,3076.039289
2664.399129,2764.080169,2802.873002,2852.836364,2935.633911,2974.184080,3005.148587,3076.053980
2664.393909,2764.077900,2802.871817,2852.836483,2935.636018,2974.187206,3005.152421,3076.059265
2664.364684,2764.065191,2802.865181,2852.837168,2935.647983,2974.204691,3005.173903,3076.088857
2664.357213,2764.061952,2802.863488,2852.837264,2935.651054,2974.209161,3005.179393,3076.096421
2664.350217,2764.058911,2802.861899,2852.837409,2935.653911,2974.213336,3005.184541,3076.103504
2664.341143,2764.054972,2802.859842,2852.837526,2935.657605,2974.218769,3005.191210,3076.112693
2664.306211,2764.039789,2802.851915,2852.838300,2935.671885,2974.239673,3005.216887,3076.148063
2664.302401,2764.038136,2802.851050,2852.838375,2935.673443,2974.241952,3005.219688,3076.151922
2664.287602,2764.031697,2802.847687,2852.838769,2935.679486,2974.250797,3005.230571,3076.166906
2664.266996,2764.022746,2802.843015,2852.839169,2935.687928,2974.263135,3005.245715,3076.187772
2664.216212,2764.000681,2802.831493,2852.840227,2935.708698,2974.293516,3005.283053,3076.239192
2664.200228,2763.993732,2802.827865,2852.840659,2935.715251,2974.303083,3005.294804,3076.255377
2664.160672,2763.972745,2802.816937,2852.858845,2935.658686,2974.319290,3005.324857,3076.296612
2664.149758,2763.971803,2802.816417,2852.841738,2935.735902,2974.333285,3005.331909,3076.306480
2664.118256,2763.958124,2802.808976,2852.847613,2935.742316,2974.351455,3005.356705,3076.338099
2664.090792,2763.946185,2802.803043,2852.843025,2935.760018,2974.368566,3005.375269,3076.366185
2664.086513,2763.944328,2802.802074,2852.843105,2935.761768,2974.371131,3005.378414,3076.370520
2664.083547,2763.943038,2802.801402,2852.843185,2935.762988,2974.372907,3005.380594,3076.373523
2664.061287,2763.933370,2802.796357,2852.843622,2935.772095,2974.386233,3005.396960,3076.396064
2664.035004,2763.921950,2802.790395,2852.844239,2935.782854,2974.401958,3005.416290,3076.422675
2664.029454,2763.919544,2802.789136,2852.844327,2935.785123,2974.405278,3005.420372,3076.428294
2664.015232,2763.913365,2802.785911,2852.844642,2935.790948,2974.413787,3005.430833,3076.442695
2663.958786,2763.888850,2802.773118,2852.845864,2935.814052,2974.447577,3005.472340,3076.499851
2663.941704,2763.881431,2802.769247,2852.846221,2935.821010,2974.457803,3005.484904,3076.517153
2663.926519,2763.874835,2802.765806,2852.846576,2935.827270,2974.466896,3005.496070,3076.532525
2663.908508,2763.867020,2802.761729,2852.846900,2935.834614,2974.477689,3005.509311,3076.550767
2663.873052,2763.851613,2802.753696,2852.847753,2935.849159,2974.498916,3005.535370,3076.586669
2663.861740,2763.846702,2802.751127,2852.847988,2935.853792,2974.505675,3005.543711,3076.598119
2663.849403,2763.842548,2802.748976,2852.836338,2935.847304,2974.513529,3005.553821,3076.610732
2663.841451,2763.837890,2802.746531,2852.848444,2935.862092,2974.517825,3005.558632,3076.618664
2663.776098,2763.809518,2802.731732,2852.849781,2935.888819,2974.556958,3005.606701,3076.684847
2663.718335,2763.784435,2802.718644,2852.851130,2935.912507,2974.591539,3005.649193,3076.743331
2663.703881,2763.774644,2802.713495,2852.866499,2935.844234,2974.592838,3005.661087,3076.759193
2663.679271,2763.763860,2802.707837,2852.868449,2935.855020,2974.607487,3005.679213,3076.784041
2663.678982,2763.767358,2802.709736,2852.851949,2935.928657,2974.615107,3005.678141,3076.783179
2663.674473,2763.765397,2802.708714,2852.852080,2935.930487,2974.617809,3005.681456,3076.787745
2663.649934,2763.754738,2802.703163,2852.852658,2935.940507,2974.632529,3005.699496,3076.812598
2663.629237,2763.745759,2802.698474,2852.853088,2935.949026,2974.644906,3005.714733,3076.833553
2663.619775,2763.741658,2802.696336,2852.853198,2935.952899,2974.650572,3005.721693,3076.843134
2663.550967,2763.711790,2802.680759,2852.854777,2935.981099,2974.691782,3005.772316,3076.912809
2663.550707,2763.711675,2802.680700,2852.854800,2935.981204,2974.691939,3005.772507,3076.913073
2663.527003,2763.701383,2802.675334,2852.855329,2935.990899,2974.706135,3005.789949,3076.937077
2663.516095,2763.693039,2802.670909,2852.872051,2935.921539,2974.705279,3005.799351,3076.949283
2663.501298,2763.690226,2802.669519,2852.855917,2936.001438,2974.721539,3005.808860,3076.963108
2663.430255,2763.659401,2802.653450,2852.857448,2936.030578,2974.764107,3005.861128,3077.035048
2663.425982,2763.657556,2802.652486,2852.857486,2936.032326,2974.766667,3005.864274,3077.039376
2663.393677,2763.643532,2802.645176,2852.858268,2936.045570,2974.786018,3005.888045,3077.072087
2663.386903,2763.640592,2802.643646,2852.858392,2936.048348,2974.790080,3005.893028,3077.078947
2663.376890,2763.636243,2802.641386,2852.858666,2936.052439,2974.796103,3005.900383,3077.089090
2663.361412,2763.625302,2802.635626,2852.883504,2935.985093,2974.797745,3005.913415,3077.105873
2663.308796,2763.606709,2802.625986,2852.860068,2936.080372,2974.836884,3005.950506,3077.158043
2663.300049,2763.602905,2802.624002,2852.860360,2936.083979,2974.842116,3005.956946,3077.166898
2663.283287,2763.595639,2802.620217,2852.860696,2936.090851,2974.852166,3005.969280,3077.183874
2663.260305,2763.585672,2802.615020,2852.861154,2936.100291,2974.865926,3005.986199,3077.207145
2663.250090,2763.581242,2802.612709,2852.861379,2936.104475,2974.872045,3005.993718,3077.217487
2663.234048,2763.574281,2802.609085,2852.861753,2936.111055,2974.881664,3006.005522,3077.233734
2663.211848,2763.564656,2802.604067,2852.862204,2936.120165,2974.894963,3006.021864,3077.256213
2663.211513,2763.564508,2802.603990,2852.862242,2936.120286,2974.895166,3006.022109,3077.256553
2663.191756,2763.555936,2802.599527,2852.862698,2936.128401,2974.907015,3006.036647,3077.276562
2663.181225,2763.551373,2802.597151,2852.862853,2936.132696,2974.913329,3006.044397,3077.287228
2663.165613,2763.544598,2802.593620,2852.863265,2936.139095,2974.922686,3006.055889,3077.303039
2663.152376,2763.538853,2802.590629,2852.863580,2936.144534,2974.930621,3006.065632,3077.316444
2663.129209,2763.528808,2802.585395,2852.864086,2936.154062,2974.944507,3006.082682,3077.339901
2663.125145,2763.527045,2802.584475,2852.864188,2936.155724,2974.946942,3006.085674,3077.344016
2663.122666,2763.525971,2802.583916,2852.864229,2936.156750,2974.948428,3006.087499,3077.346528
2663.067757,2763.502171,2802.571522,2852.865358,2936.179308,2974.981345,3006.127903,3077.402132
2663.065442,2763.501152,2802.570989,2852.865527,2936.180257,2974.982729,3006.129603,3077.404477
2663.060628,2763.499068,2802.569902,2852.865608,2936.182204,2974.985619,3006.133159,3077.409351
2663.030948,2763.486207,2802.563203,2852.866182,2936.194407,2975.003404,3006.155005,3077.439408
2663.022934,2763.482726,2802.561391,2852.866391,2936.197667,2975.008223,3006.160906,3077.447525
2662.960199,2763.455523,2802.547222,2852.867830,2936.223434,2975.045824,3006.207095,3077.511053
2662.954075,2763.452867,2802.545839,2852.867984,2936.225944,2975.049501,3006.211602,3077.517255
2662.920125,2763.438154,2802.538178,2852.868666,2936.239868,2975.069865,3006.236592,3077.551637
2662.883104,2763.422101,2802.529821,2852.869545,2936.255078,2975.092068,3006.263852,3077.589127
2662.762850,2763.369981,2802.502683,2852.872193,2936.304447,2975.164187,3006.352391,3077.710913
2662.762036,2763.369621,2802.502502,2852.872229,2936.304751,2975.164677,3006.352990,3077.711742
2662.748098,2763.363588,2802.499354,2852.872478,2936.310528,2975.173021,3006.363257,3077.725847
2662.724724,2763.353457,2802.494081,2852.873073,2936.320122,2975.187055,3006.380465,3077.749522
2662.709518,2763.346865,2802.490651,2852.873387,2936.326366,2975.196171,3006.391662,3077.764919
2662.679176,2763.333715,2802.483807,2852.874073,2936.338832,2975.214373,3006.414006,3077.795648
2662.596497,2763.297891,2802.465162,2852.875903,2936.372812,2975.263966,3006.474895,3077.879376
2662.574399,2763.288314,2802.460180,2852.876432,2936.381869,2975.277233,3006.491168,3077.901760
2662.545632,2763.275853,2802.453695,2852.877057,2936.393721,2975.294486,3006.512356,3077.930889
2662.541465,2763.274043,2802.452752,2852.877216,2936.395433,2975.296984,3006.515426,3077.935109
2662.502475,2763.257151,2802.443966,2852.878054,2936.411454,2975.320383,3006.544142,3077.974597
2662.477845,2763.246489,2802.438416,2852.878586,2936.421565,2975.335167,3006.562282,3077.999543
2662.441687,2763.230825,2802.430268,2852.879415,2936.436428,2975.356867,3006.588914,3078.036162
2662.441272,2763.230645,2802.430174,2852.879425,2936.436600,2975.357116,3006.589220,3078.036582
2662.408271,2763.216345,2802.422737,2852.880179,2936.450182,2975.376912,3006.613530,3078.070000
2662.395657,2763.210881,2802.419892,2852.880508,2936.455375,2975.384480,3006.622822,3078.082773
2662.388158,2763.207641,2802.418206,2852.880594,2936.458456,2975.388982,3006.628347,3078.090369
2662.351762,2763.191869,2802.410003,2852.881508,2936.473422,2975.410826,3006.655156,3078.127228
2662.336412,2763.185223,2802.406549,2852.881808,2936.479735,2975.420044,3006.666463,3078.142776
2662.312433,2763.174840,2802.401149,2852.882307,2936.489567,2975.434432,3006.684132,3078.167066
2662.301081,2763.169922,2802.398591,2852.882605,2936.494268,2975.441250,3006.692491,3078.178557
2662.272656,2763.157612,2802.392191,2852.883235,2936.505926,2975.458312,3006.713433,3078.207349
2662.222350,2763.132397,2802.379024,2852.899635,2936.452825,2975.481276,3006.751971,3078.259425
2662.208317,2763.129753,2802.377702,2852.884694,2936.532423,2975.496931,3006.760835,3078.272505
2662.205141,2763.128382,2802.376986,2852.884726,2936.533736,2975.498831,3006.763178,3078.275720
2662.202149,2763.127088,2802.376314,2852.884824,2936.534965,2975.500639,3006.765377,3078.278752
2662.178698,2763.116927,2802.371034,2852.885397,2936.544609,2975.514718,3006.782655,3078.302503
2662.178352,2763.116783,2802.370955,2852.885337,2936.544757,2975.514914,3006.782915,3078.302850
2662.152549,2763.105610,2802.365150,2852.885944,2936.555340,2975.530415,3006.801925,3078.328991
2662.113317,2763.088629,2802.356317,2852.886802,2936.571521,2975.553959,3006.830835,3078.368716
2662.096333,2763.081271,2802.352498,2852.887248,2936.578463,2975.564172,3006.843344,3078.385926
2662.073745,2763.071492,2802.347412,2852.887765,2936.587802,2975.577730,3006.859989,3078.408796
2662.063549,2763.067085,2802.345117,2852.887946,2936.591994,2975.583847,3006.867506,3078.419122
2662.047312,2763.060058,2802.341465,2852.888319,2936.598681,2975.593599,3006.879469,3078.435566
2662.040762,2763.057214,2802.339988,2852.888570,2936.601379,2975.597537,3006.884294,3078.442200
2662.036519,2763.055377,2802.339033,2852.888655,2936.603129,2975.600080,3006.887422,3078.446496
2662.015231,2763.046162,2802.334247,2852.889104,2936.611878,2975.612868,3006.903107,3078.468058
2662.005324,2763.041878,2802.332019,2852.889290,2936.615934,2975.618814,3006.910412,3078.478096
2662.003448,2763.041066,2802.331595,2852.889340,2936.616733,2975.619939,3006.911793,3078.479991
2661.948400,2763.017239,2802.319213,2852.890606,2936.639378,2975.653001,3006.952361,3078.535745
2661.947701,2763.016936,2802.319056,2852.890632,2936.639683,2975.653422,3006.952874,3078.536451
2661.920892,2763.001503,2802.310971,2852.911057,2936.575449,2975.661781,3006.974383,3078.564710
2661.888954,2762.991509,2802.305841,2852.892028,2936.663885,2975.688700,3006.996174,3078.595950
2661.863161,2762.980355,2802.300045,2852.892564,2936.674475,2975.704206,3007.015180,3078.622077
2661.854225,2762.973200,2802.296201,2852.907623,2936.604071,2975.702358,3007.023393,3078.632246
2661.839343,2762.966555,2802.292820,2852.909696,2936.621227,2975.710877,3007.033563,3078.647212
2661.824997,2762.963840,2802.291464,2852.893407,2936.690213,2975.727119,3007.043312,3078.660725
2661.819717,2762.961548,2802.290278,2852.893579,2936.692352,2975.730300,3007.047201,3078.666078
2661.774657,2762.942059,2802.280144,2852.894607,2936.710951,2975.757354,3007.080421,3078.711710
2661.728639,2762.922144,2802.269804,2852.895700,2936.729927,2975.785007,3007.114326,3078.758317
2661.694451,2762.907357,2802.262126,2852.896425,2936.743985,2975.805550,3007.139520,3078.792950
2661.686505,2762.903918,2802.260334,2852.896661,2936.747270,2975.810319,3007.145399,3078.800990
2661.680761,2762.901431,2802.259044,2852.896801,2936.749638,2975.813771,3007.149633,3078.806809
2661.680525,2762.901332,2802.258990,2852.896794,2936.749734,2975.813912,3007.149808,3078.807047
2661.678263,2762.900355,2802.258481,2852.896822,2936.750674,2975.815264,3007.151478,3078.809337
2661.632429,2762.880524,2802.248186,2852.897927,2936.769548,2975.842817,3007.185261,3078.855761
2661.626706,2763.008501,2802.277533,2852.349764,2936.771236,2975.853667,3007.182607,3078.859741
2661.611392,2762.868335,2802.241605,2852.912012,2936.704569,2975.848249,3007.202367,3078.878154
2661.611144,2762.871320,2802.243407,2852.898360,2936.778305,2975.855613,3007.200951,3078.877321
2661.568348,2762.852816,2802.233794,2852.899289,2936.795957,2975.881319,3007.232507,3078.920663
2661.565190,2762.851450,2802.233085,2852.899359,2936.797260,2975.883217,3007.234836,3078.923862
2661.522460,2762.832971,2802.223489,2852.900343,2936.814873,2975.908898,3007.266340,3078.967140
2661.504282,2762.825105,2802.219408,2852.900813,2936.822352,2975.919832,3007.279739,3078.985554
2661.482325,2762.812358,2802.212381,2852.918939,2936.758077,2975.925625,3007.297770,3079.008827
2661.480081,2762.811276,2802.211826,2852.920292,2936.759460,2975.926888,3007.299489,3079.011076
2661.461266,2762.806502,2802.209750,2852.901813,2936.840094,2975.945686,3007.311456,3079.029122
2661.421540,2762.789320,2802.200830,2852.902791,2936.856482,2975.969564,3007.340749,3079.069358
2661.374347,2762.768923,2802.190241,2852.903811,2936.875925,2975.997937,3007.375548,3079.117159
2661.368473,2762.766385,2802.188921,2852.903910,2936.878358,2976.001458,3007.379884,3079.123106
2661.352222,2762.759352,2802.185273,2852.904388,2936.885069,2976.011235,3007.391864,3079.139567
2661.324545,2762.747397,2802.179065,2852.904919,2936.896432,2976.027878,3007.412277,3079.167606
2661.262754,2762.720679,2802.165198,2852.906420,2936.921954,2976.065013,3007.457852,3079.230186
2661.260353,2762.719637,2802.164661,2852.906509,2936.922935,2976.066469,3007.459615,3079.232619
2661.253340,2762.716606,2802.163086,2852.906660,2936.925858,2976.070673,3007.464794,3079.239720
2661.245226,2762.713097,2802.161267,2852.906871,2936.929188,2976.075564,3007.470773,3079.247939
2661.221986,2762.703054,2802.156055,2852.907402,2936.938792,2976.089532,3007.487912,3079.271478
2661.210964,2762.694913,2802.151855,2852.922955,2936.868054,2976.089207,3007.497588,3079.283836
2661.184597,2762.683695,2802.145614,2852.925431,2936.880915,2976.104670,3007.517357,3079.310378
2661.175325,2762.682890,2802.145592,2852.908410,2936.958025,2976.117592,3007.522330,3079.318740
2661.052884,2762.629974,2802.118141,2852.911286,2937.008548,2976.191234,3007.612643,3079.442759
2661.037123,2762.623163,2802.114609,2852.911649,2937.015029,2976.200714,3007.624271,3079.458728
2661.000380,2762.607288,2802.106373,2852.912549,2937.030230,2976.222819,3007.651378,3079.495938
2660.974686,2762.596187,2802.100616,2852.913116,2937.040826,2976.238273,3007.670327,3079.521965
2660.960521,2762.586687,2802.095702,2852.928686,2936.972075,2976.239812,3007.682417,3079.537457
2660.941610,2762.578670,2802.091512,2852.926692,2936.976464,2976.250981,3007.696379,3079.556697
2660.869418,2762.736868,2802.116442,2852.137540,2936.972159,2976.301007,3007.739474,3079.627904
2660.811465,2762.525673,2802.064050,2852.917009,2937.108232,2976.336469,3007.790754,3079.687294
2660.803568,2762.519352,2802.060757,2852.926277,2937.032726,2976.334285,3007.798105,3079.696571
2660.800993,2762.518025,2802.060124,2852.929476,2937.036755,2976.335933,3007.800073,3079.699138
2660.760265,2762.503566,2802.052588,2852.918135,2937.129374,2976.367279,3007.828532,3079.739154
2660.731550,2762.491164,2802.046160,2852.918780,2937.141217,2976.384553,3007.849726,3079.768244
2660.728290,2762.489752,2802.045426,2852.918956,2937.142588,2976.386518,3007.852128,3079.771541
2660.722406,2762.487210,2802.044109,2852.919096,2937.145011,2976.390060,3007.856470,3079.777505
2660.689697,2762.473089,2802.036790,2852.919797,2937.158527,2976.409745,3007.880607,3079.810635
2660.681712,2762.469646,2802.035003,2852.919961,2937.161830,2976.414550,3007.886500,3079.818722
2660.652195,2762.456893,2802.028396,2852.920686,2937.174011,2976.432315,3007.908283,3079.848622
2660.643175,2762.453004,2802.026378,2852.920858,2937.177758,2976.437739,3007.914941,3079.857757
2660.636112,2762.449949,2802.024798,2852.921053,2937.180644,2976.441995,3007.920152,3079.864916
2660.625869,2762.445172,2802.022325,2852.924771,2937.188342,2976.447639,3007.927424,3079.875207
2660.613089,2762.436316,2802.017784,2852.939883,2937.116035,2976.448331,3007.938645,3079.889347
2660.608827,2762.438163,2802.018690,2852.921783,2937.191984,2976.458408,3007.940257,3079.892550
2660.606711,2762.437261,2802.018218,2852.921726,2937.192823,2976.459690,3007.941851,3079.894693
2660.569182,2762.421058,2802.009821,2852.922589,2937.208339,2976.482275,3007.969551,3079.932707
2660.567348,2762.420257,2802.009409,2852.922744,2937.209073,2976.483391,3007.970899,3079.934568
2660.566845,2762.420048,2802.009298,2852.922647,2937.209304,2976.483681,3007.971275,3079.935074
2660.560160,2762.417156,2802.007800,2852.922916,2937.212065,2976.487715,3007.976205,3079.941847
2660.547240,2762.411573,2802.004907,2852.923244,2937.217384,2976.495486,3007.985745,3079.954936
2660.499782,2762.391090,2801.994294,2852.924328,2937.237030,2976.524061,3008.020769,3080.003007
2660.473148,2762.379582,2801.988340,2852.925065,2937.248057,2976.540099,3008.040378,3080.029990
2660.467114,2762.376987,2801.986989,2852.925124,2937.250519,2976.543732,3008.044874,3080.036100
2660.457768,2762.372952,2801.984898,2852.925319,2937.254375,2976.549348,3008.051786,3080.045567
2660.452559,2762.370711,2801.983731,2852.925394,2937.256553,2976.552478,3008.055633,3080.050840
2660.419549,2762.356455,2801.976352,2852.926237,2937.270193,2976.572367,3008.079991,3080.084280
2660.413891,2762.354011,2801.975086,2852.926388,2937.272532,2976.575771,3008.084170,3080.090010
2660.405063,2762.350212,2801.973116,2852.926509,2937.276158,2976.581095,3008.090684,3080.098957
2660.396320,2762.346433,2801.971157,2852.926756,2937.279809,2976.586341,3008.097144,3080.107807
2660.392252,2762.344678,2801.970247,2852.926846,2937.281497,2976.588789,3008.100148,3080.111928
2660.353771,2762.328068,2801.961644,2852.927781,2937.297395,2976.611968,3008.128552,3080.150908
2660.351861,2762.327251,2801.961222,2852.927756,2937.298166,2976.613127,3008.129959,3080.152847
2660.344488,2762.323879,2801.959499,2852.929621,2937.303279,2976.617253,3008.135104,3080.160271
2660.327016,2762.316524,2801.955663,2852.928386,2937.308476,2976.628067,3008.148307,3080.178008
2660.266381,2762.290357,2801.942112,2852.929845,2937.333551,2976.664588,3008.193070,3080.239431
2660.256438,2762.286069,2801.939889,2852.930063,2937.337662,2976.670576,3008.200411,3080.249502
2660.205056,2762.260586,2801.926740,2852.945739,2937.282457,2976.694402,3008.239872,3080.302732
2660.168989,2762.248338,2801.920356,2852.932117,2937.373816,2976.723262,3008.264970,3080.338090
2660.113659,2762.224471,2801.907996,2852.933398,2937.396724,2976.756582,3008.305829,3080.394137
2660.095637,2762.216687,2801.903970,2852.933947,2937.404178,2976.767444,3008.319134,3080.412394
2660.095306,2762.216555,2801.903899,2852.933860,2937.404300,2976.767647,3008.319378,3080.412732
2660.077845,2762.209013,2801.899997,2852.934350,2937.411524,2976.778165,3008.332271,3080.430420
2660.053493,2762.198514,2801.894561,2852.934876,2937.421615,2976.792836,3008.350253,3080.455086
2660.035381,2762.190701,2801.890517,2852.935297,2937.429112,2976.803743,3008.363630,3080.473432
2660.029027,2762.187964,2801.889098,2852.935438,2937.431754,2976.807571,3008.368321,3080.479867
2659.975424,2762.161743,2801.875475,2852.950049,2937.380593,2976.832871,3008.409545,3080.535245
2659.972490,2762.163580,2801.876478,2852.936782,2937.455147,2976.841638,3008.410073,3080.537141
2659.967575,2762.161461,2801.875380,2852.936903,2937.457180,2976.844600,3008.413704,3080.542121
2659.965832,2762.160703,2801.874988,2852.937015,2937.457919,2976.845642,3008.414993,3080.543884
2659.954459,2762.155801,2801.872448,2852.937253,2937.462634,2976.852488,3008.423396,3080.555404
2659.931878,2762.146061,2801.867409,2852.937798,2937.471989,2976.866094,3008.440074,3080.578280
2659.922278,2762.141922,2801.865266,2852.938030,2937.475960,2976.871880,3008.447163,3080.588004
2659.915893,2762.139170,2801.863841,2852.938181,2937.478603,2976.875727,3008.451879,3080.594471
2659.912446,2762.138621,2801.863459,2852.931120,2937.483196,2976.878443,3008.454937,3080.597824
2659.896765,2762.130919,2801.859573,2852.938660,2937.486498,2976.887261,3008.466005,3080.613852
2659.881502,2762.124338,2801.856167,2852.939004,2937.492845,2976.896451,3008.477279,3080.629310
2659.819885,2762.097770,2801.842420,2852.940483,2937.518360,2976.933588,3008.522790,3080.691731
2659.787065,2762.083617,2801.835098,2852.941302,2937.531933,2976.953372,3008.547031,3080.724979
2659.786698,2762.083462,2801.835017,2852.941269,2937.532109,2976.953587,3008.547305,3080.725349
2659.769963,2762.076249,2801.831283,2852.941667,2937.539021,2976.963676,3008.559667,3080.742304
2659.765563,2762.074351,2801.830303,2852.941797,2937.540861,2976.966333,3008.562912,3080.746760
2659.749766,2762.067543,2801.826783,2852.942114,2937.547386,2976.975859,3008.574579,3080.762764
2659.725387,2762.057032,2801.821346,2852.942709,2937.557488,2976.990555,3008.592589,3080.787459
2659.716881,2762.050241,2801.817806,2852.956828,2937.486549,2976.988811,3008.600649,3080.797196
2659.695753,2762.044251,2801.814739,2852.943499,2937.569744,2977.008434,3008.614472,3080.817484
2659.690693,2762.042068,2801.813605,2852.943642,2937.571850,2977.011465,3008.618219,3080.822607
2659.688379,2762.041074,2801.813091,2852.943669,2937.572822,2977.012861,3008.619927,3080.824951
2659.676246,2762.035845,2801.810386,2852.943949,2937.577823,2977.020173,3008.628893,3080.837244
2659.656286,2762.027248,2801.805938,2852.944347,2937.586118,2977.032207,3008.643636,3080.857462
2659.635628,2762.018334,2801.801332,2852.944959,2937.594690,2977.044663,3008.658888,3080.878390
2659.635115,2762.018122,2801.801220,2852.944895,2937.594871,2977.044981,3008.659271,3080.878913
2659.620823,2762.011958,2801.798035,2852.945244,2937.600773,2977.053597,3008.669833,3080.893394
2659.557799,2761.984793,2801.783982,2852.946816,2937.626934,2977.091584,3008.716399,3080.957233
2659.520697,2761.968803,2801.775715,2852.947725,2937.642291,2977.113961,3008.743811,3080.994822
2659.468550,2761.946340,2801.764096,2852.948920,2937.663930,2977.145397,3008.782346,3081.047648
2659.455090,2761.940537,2801.761097,2852.949266,2937.669519,2977.153513,3008.792291,3081.061282
2659.422647,2761.926560,2801.753870,2852.950040,2937.682974,2977.173075,3008.816266,3081.094148
2659.406982,2761.919810,2801.750381,2852.950408,2937.689429,2977.182522,3008.827843,3081.110022
2659.403007,2761.918096,2801.749497,2852.950525,2937.691114,2977.184923,3008.830777,3081.114046
2659.371104,2761.904355,2801.742396,2852.951252,2937.704324,2977.204179,3008.854346,3081.146368
2659.363137,2761.900918,2801.740618,2852.951502,2937.707617,2977.208981,3008.860235,3081.154440
2659.344227,2761.892776,2801.736410,2852.951903,2937.715467,2977.220387,3008.874208,3081.173596
2659.325238,2761.884595,2801.732182,2852.952382,2937.723332,2977.231845,3008.888241,3081.192835
2659.296137,2761.872061,2801.725702,2852.953055,2937.735418,2977.249389,3008.909750,3081.222314
2659.293475,2761.870913,2801.725109,2852.953128,2937.736520,2977.250997,3008.911718,3081.225012
2659.288211,2761.868641,2801.723936,2852.953324,2937.738712,2977.254175,3008.915606,3081.230344
2659.255409,2761.854519,2801.716636,2852.954034,2937.752305,2977.273958,3008.939851,3081.263576
2659.254970,2761.854328,2801.716538,2852.954058,2937.752493,2977.274223,3008.940175,3081.264020
2659.249075,2761.851788,2801.715226,2852.954215,2937.754934,2977.277782,3008.944531,3081.269992
2659.243004,2761.849170,2801.713872,2852.954413,2937.757451,2977.281446,3008.949017,3081.276144
2659.210570,2761.835204,2801.706656,2852.955148,2937.770906,2977.301013,3008.972988,3081.309001
2659.204046,2761.832393,2801.705205,2852.955299,2937.773590,2977.304945,3008.977813,3081.315614
2659.195581,2761.828750,2801.703321,2852.955506,2937.777124,2977.310056,3008.984067,3081.324186
2659.171346,2761.818306,2801.697925,2852.956170,2937.787184,2977.324677,3009.001979,3081.348738
2659.168752,2761.817196,2801.697349,2852.956146,2937.788263,2977.326238,3009.003900,3081.351366
2659.167110,2761.816488,2801.696984,2852.956189,2937.788943,2977.327228,3009.005114,3081.353029
2659.160826,2761.813778,2801.695587,2852.956379,2937.791512,2977.331028,3009.009756,3081.359402
2659.127878,2761.799588,2801.688253,2852.957217,2937.805236,2977.350896,3009.034114,3081.392775
2659.126829,2761.799139,2801.688019,2852.957215,2937.805646,2977.351528,3009.034892,3081.393841
2659.066435,2761.773136,2801.674585,2852.958623,2937.830725,2977.387971,3009.079533,3081.455023
2659.048020,2761.765204,2801.670491,2852.959113,2937.838364,2977.399090,3009.093142,3081.473680
2659.036848,2761.760395,2801.668005,2852.959369,2937.842998,2977.405830,3009.101402,3081.484998
2658.956414,2761.725764,2801.650116,2852.961397,2937.876398,2977.454373,3009.160865,3081.566486
2658.944443,2761.720611,2801.647456,2852.961672,2937.881351,2977.461597,3009.169713,3081.578615
2658.931466,2761.715024,2801.644570,2852.962004,2937.886754,2977.469427,3009.179310,3081.591761
2658.905121,2761.703681,2801.638713,2852.962669,2937.897678,2977.485332,3009.198788,3081.618453
2658.865832,2761.686773,2801.629980,2852.963585,2937.913976,2977.509041,3009.227841,3081.658259
2658.818117,2761.666225,2801.619377,2852.964871,2937.933759,2977.537869,3009.263114,3081.706603
2658.817015,2761.665764,2801.619133,2852.964728,2937.934272,2977.538513,3009.263932,3081.707714
2658.811677,2761.663462,2801.617945,2852.964942,2937.936494,2977.541737,3009.267879,3081.713122
2658.809303,2761.662442,2801.617419,2852.965003,2937.937486,2977.543173,3009.269634,3081.715528
2658.779480,2761.649607,2801.610790,2852.965716,2937.949872,2977.561170,3009.291689,3081.745741
2658.778889,2761.649354,2801.610663,2852.965696,2937.950106,2977.561535,3009.292121,3081.746341
2658.759412,2761.640969,2801.606332,2852.966225,2937.958200,2977.573291,3009.306525,3081.766073
2658.734979,2761.630457,2801.600904,2852.966828,2937.968358,2977.588043,3009.324593,3081.790828
2658.733038,2761.626249,2801.598576,2852.985724,2937.895884,2977.581947,3009.328238,3081.793771
2658.714018,2761.621442,2801.596250,2852.967233,2937.977060,2977.600690,3009.340096,3081.812063
2658.709451,2761.619475,2801.595236,2852.967366,2937.978952,2977.603453,3009.343471,3081.816691
2658.698731,2761.761418,2801.624439,2852.356856,2937.856725,2977.608084,3009.346726,3081.827410
2658.680031,2761.606811,2801.588699,2852.968161,2937.991186,2977.621214,3009.365230,3081.846497
2658.651069,2761.591301,2801.580713,2852.982362,2937.928251,2977.632037,3009.388505,3081.876970
2658.633637,2761.586857,2801.578400,2852.969252,2938.010447,2977.649241,3009.399534,3081.893503
2658.631417,2761.585898,2801.577906,2852.969305,2938.011366,2977.650578,3009.401178,3081.895752
2658.626767,2761.580934,2801.575399,2852.981494,2937.937573,2977.646803,3009.406425,3081.901645
2658.593195,2761.566444,2801.567886,2852.983321,2937.952160,2977.667014,3009.431300,3081.935614
2658.493916,2761.526745,2801.547383,2852.972756,2938.068500,2977.733631,3009.502864,3082.035065
2658.423711,2761.496555,2801.531802,2852.974386,2938.097709,2977.776020,3009.554809,3082.106190
2658.368907,2761.472995,2801.519643,2852.975692,2938.120471,2977.809130,3009.595351,3082.161720
2658.363044,2761.470461,2801.518343,2852.975914,2938.122924,2977.812673,3009.599685,3082.167656
2658.357794,2761.468209,2801.517178,2852.976009,2938.125114,2977.815842,3009.603571,3082.172975
2658.343335,2761.461987,2801.513971,2852.976382,2938.131126,2977.824577,3009.614267,3082.187625
2658.309604,2761.447477,2801.506488,2852.977301,2938.145154,2977.844961,3009.639218,3082.221801
2658.299414,2761.443106,2801.504230,2852.977434,2938.149402,2977.851108,3009.646762,3082.232124
2658.294543,2761.441010,2801.503149,2852.977557,2938.151428,2977.854050,3009.650366,3082.237059
2658.283617,2761.436305,2801.500726,2852.977899,2938.155958,2977.860661,3009.658445,3082.248132
2658.275593,2761.432858,2801.498947,2852.978070,2938.159297,2977.865509,3009.664382,3082.256261
2658.260786,2761.426492,2801.495664,2852.978436,2938.165455,2977.874455,3009.675337,3082.271263
2658.242758,2761.418742,2801.491667,2852.978879,2938.172956,2977.885349,3009.688675,3082.289528
2658.209449,2761.404421,2801.484280,2852.979744,2938.186805,2977.905477,3009.713321,3082.323280
2658.194906,2761.398170,2801.481057,2852.980041,2938.192869,2977.914258,3009.724083,3082.338011
2658.188547,2761.395430,2801.479646,2852.980291,2938.195511,2977.918109,3009.728784,3082.344455
2658.162326,2761.384167,2801.473837,2852.980848,2938.206423,2977.933951,3009.748188,3082.371022
2658.152008,2761.379730,2801.471549,2852.981108,2938.210715,2977.940185,3009.755823,3082.381476
2658.098945,2761.356917,2801.459786,2852.982494,2938.232799,2977.972249,3009.795090,3082.435238
2658.092944,2761.354335,2801.458457,2852.982658,2938.235295,2977.975884,3009.799526,3082.441319
2658.092427,2761.354120,2801.458346,2852.982607,2938.235490,2977.976203,3009.799908,3082.441847
2658.065222,2761.342417,2801.452314,2852.983372,2938.246829,2977.992638,3009.820041,3082.469408
2657.977739,2761.304827,2801.432937,2852.985459,2938.283231,2978.045521,3009.884781,3082.558047
2657.949393,2761.292641,2801.426655,2852.986229,2938.295037,2978.062653,3009.905763,3082.586768
2657.939371,2761.288339,2801.424439,2852.986426,2938.299196,2978.068719,3009.913176,3082.596923
2657.912597,2761.276836,2801.418512,2852.987076,2938.310349,2978.084907,3009.932990,3082.624051
2657.866397,2761.256982,2801.408281,2852.988256,2938.329588,2978.112837,3009.967185,3082.670862
2657.852893,2761.251187,2801.405291,2852.988526,2938.335228,2978.120992,3009.977186,3082.684543
2657.835000,2761.243489,2801.401328,2852.989084,2938.342657,2978.131813,3009.990431,3082.702676
2657.815193,2761.234981,2801.396942,2852.989576,2938.350926,2978.143791,3010.005090,3082.722742
2657.778654,2761.219288,2801.388858,2852.990420,2938.366134,2978.165888,3010.032135,3082.759765
2657.713545,2761.191321,2801.374451,2852.992059,2938.393246,2978.205269,3010.080329,3082.825738
2657.694227,2761.183013,2801.370171,2852.992657,2938.401316,2978.216945,3010.094632,3082.845310
2657.686556,2761.179729,2801.368479,2852.992726,2938.404497,2978.221586,3010.100311,3082.853083
2657.657954,2761.167440,2801.362153,2852.993478,2938.416397,2978.238891,3010.121483,3082.882068
2657.630599,2761.155693,2801.356098,2852.994195,2938.427822,2978.255432,3010.141737,3082.909782
2657.623782,2761.152766,2801.354589,2852.994343,2938.430660,2978.259547,3010.146789,3082.916689
2657.564451,2761.127286,2801.341468,2852.995847,2938.455389,2978.295438,3010.190714,3082.976807
2657.556186,2761.123738,2801.339641,2852.996064,2938.458831,2978.300446,3010.196829,3082.985182
2657.530680,2761.112783,2801.334001,2852.996697,2938.469464,2978.315864,3010.215719,3083.011025
2657.498646,2761.099031,2801.326919,2852.997510,2938.482807,2978.335256,3010.239434,3083.043486
2657.489973,2761.095307,2801.325002,2852.997729,2938.486420,2978.340500,3010.245856,3083.052273
2657.475533,2761.089105,2801.321810,2852.998095,2938.492442,2978.349238,3010.256547,3083.066905
2657.434679,2761.071573,2801.312783,2852.999058,2938.509451,2978.373961,3010.286799,3083.108305
2657.419358,2761.064991,2801.309393,2852.999501,2938.515867,2978.383225,3010.298145,3083.123825
2657.327919,2761.025745,2801.289190,2853.001722,2938.553973,2978.438553,3010.365861,3083.216480
2657.301869,2761.014559,2801.283436,2853.002421,2938.564840,2978.454322,3010.385151,3083.242876
2657.272186,2761.001816,2801.276874,2853.003211,2938.577231,2978.472273,3010.407140,3083.272951
2657.210290,2760.975254,2801.263207,2853.004765,2938.603017,2978.509743,3010.452982,3083.335674
2657.187248,2760.963215,2801.256713,2853.011832,2938.536478,2978.517155,3010.471996,3083.360139
2657.181182,2760.962767,2801.256778,2853.005481,2938.615212,2978.527355,3010.474544,3083.365165
2657.160044,2760.953699,2801.252114,2853.005958,2938.624008,2978.540156,3010.490198,3083.386586
2657.148276,2760.948648,2801.249517,2853.006274,2938.628909,2978.547285,3010.498911,3083.398511
2657.138287,2760.944356,2801.247314,2853.006616,2938.633072,2978.553348,3010.506302,3083.408637
2657.109578,2760.932044,2801.240973,2853.007237,2938.645064,2978.570705,3010.527580,3083.437723
2657.106068,2760.930538,2801.240195,2853.007368,2938.646536,2978.572826,3010.530183,3083.441281
2657.087854,2760.919753,2801.234337,2853.025191,2938.582034,2978.576832,3010.545995,3083.460642
2657.074498,2760.914471,2801.231673,2853.018865,2938.586243,2978.585287,3010.555609,3083.474282
2657.011999,2760.890180,2801.219434,2853.009748,2938.685783,2978.629775,3010.599870,3083.536603
2656.997336,2760.883879,2801.216203,2853.010217,2938.691903,2978.638666,3010.610694,3083.551463
2656.949087,2760.863190,2801.205555,2853.011371,2938.712013,2978.667874,3010.646476,3083.600356
2656.941411,2760.859900,2801.203862,2853.011556,2938.715228,2978.672525,3010.652162,3083.608134
2656.928743,2760.851778,2801.199784,2853.021751,2938.663021,2978.673576,3010.662144,3083.621972
2656.927677,2760.854000,2801.200831,2853.011978,2938.720997,2978.680840,3010.662328,3083.622048
2656.768569,2760.785773,2801.165744,2853.015961,2938.787439,2978.777190,3010.780232,3083.783276
2656.757256,2760.780922,2801.163250,2853.016255,2938.792154,2978.784043,3010.788615,3083.794740
2656.734670,2760.771237,2801.158274,2853.016848,2938.801582,2978.797734,3010.805347,3083.817629
2656.706640,2760.759220,2801.152096,2853.017525,2938.813284,2978.814705,3010.826126,3083.846036
2656.674455,2760.745426,2801.145006,2853.018290,2938.826734,2978.834209,3010.849972,3083.878649
2656.641804,2760.731432,2801.137811,2853.019098,2938.840383,2978.853986,3010.874171,3083.911735
2656.637983,2760.729790,2801.136970,2853.019241,2938.841955,2978.856310,3010.876999,3083.915609
2656.590727,2760.709532,2801.126558,2853.020444,2938.861711,2978.884938,3010.912023,3083.963496
2656.564612,2760.698335,2801.120803,2853.021183,2938.872623,2978.900759,3010.931380,3083.989959
2656.552443,2760.693123,2801.118122,2853.021455,2938.877732,2978.908124,3010.940403,3084.002289
2656.546817,2760.690711,2801.116883,2853.021594,2938.880061,2978.911537,3010.944574,3084.007994
2656.530411,2760.683676,2801.113270,2853.022052,2938.886913,2978.921481,3010.956732,3084.024620
2656.490928,2760.666760,2801.104587,2853.023046,2938.903438,2978.945437,3010.985991,3084.064630
2656.482945,2760.660417,2801.101383,2853.036298,2938.831981,2978.943860,3010.993883,3084.073803
2656.447237,2760.648029,2801.094956,2853.024186,2938.921687,2978.971889,3011.018378,3084.108904
2656.436757,2760.643537,2801.092648,2853.024456,2938.926065,2978.978240,3011.026147,3084.119525
2656.409759,2760.631970,2801.086704,2853.025132,2938.937368,2978.994592,3011.046165,3084.146883
2656.408042,2760.631235,2801.086326,2853.025170,2938.938062,2978.995637,3011.047438,3084.148626
2656.385684,2760.618877,2801.080048,2853.037410,2938.871967,2979.002887,3011.065949,3084.172394
2656.376510,2760.617720,2801.079387,2853.026008,2938.951255,2979.014751,3011.070810,3084.180579
2656.367678,2760.613942,2801.077445,2853.026160,2938.954939,2979.020107,3011.077356,3084.189529
2656.358180,2760.609869,2801.075351,2853.026480,2938.958909,2979.025860,3011.084399,3084.199153
2656.340229,2760.602178,2801.071399,2853.026911,2938.966419,2979.036734,3011.097711,3084.217346
2656.325441,2760.595842,2801.068145,2853.027292,2938.972612,2979.045695,3011.108674,3084.232329
2656.314750,2760.591259,2801.065795,2853.027586,2938.977083,2979.052184,3011.116596,3084.243166
2656.310152,2760.589290,2801.064780,2853.027690,2938.979004,2979.054963,3011.120009,3084.247823
2656.308898,2760.588757,2801.064504,2853.027690,2938.979548,2979.055720,3011.120940,3084.249093
2656.286956,2760.579357,2801.059677,2853.028256,2938.988721,2979.069023,3011.137206,3084.271330
2656.248560,2760.562904,2801.051231,2853.029292,2939.004767,2979.092309,3011.165670,3084.310242
2656.213449,2760.547871,2801.043511,2853.030119,2939.019425,2979.113603,3011.191699,3084.345827
2656.204768,2760.544145,2801.041598,2853.030401,2939.023045,2979.118857,3011.198140,3084.354624
2656.196763,2760.538045,2801.038403,2853.042047,2938.952664,2979.117193,3011.206172,3084.363765
2656.164667,2760.526973,2801.032781,2853.031378,2939.039840,2979.143177,3011.227868,3084.395262
2656.135922,2760.514655,2801.026457,2853.032184,2939.051853,2979.160605,3011.249183,3084.424392
2656.126310,2760.507842,2801.022913,2853.043896,2938.982380,2979.159929,3011.258397,3084.435152
2656.111791,2760.501699,2801.019757,2853.043626,2938.988014,2979.168764,3011.269157,3084.449885
2656.091914,2760.495811,2801.016780,2853.033317,2939.070294,2979.187287,3011.281817,3084.468989
2656.091724,2760.495728,2801.016738,2853.033329,2939.070375,2979.187399,3011.281960,3084.469181
2656.089606,2760.494822,2801.016272,2853.033372,2939.071264,2979.188682,3011.283531,3084.471327
2656.050214,2760.477951,2801.007612,2853.034394,2939.087748,2979.212569,3011.312743,3084.511248
2656.049515,2760.477652,2801.007458,2853.034413,2939.088039,2979.212993,3011.313261,3084.511956
2656.040014,2760.473591,2801.005374,2853.034592,2939.092001,2979.218764,3011.320303,3084.521587
2656.019122,2760.464634,2801.000784,2853.035183,2939.100690,2979.231440,3011.335788,3084.542767
2655.988168,2760.510572,2801.007024,2852.794493,2939.017083,2979.245051,3011.358503,3084.574676
2655.983294,2760.449300,2800.992904,2853.036098,2939.115743,2979.253153,3011.362373,3084.579069
2655.969821,2760.443532,2800.989943,2853.036439,2939.121385,2979.261322,3011.372366,3084.592722
2655.949413,2760.434791,2800.985461,2853.036957,2939.129917,2979.273707,3011.387496,3084.613405
2655.937172,2760.429545,2800.982779,2853.037387,2939.135039,2979.281168,3011.396567,3084.625813
2655.936027,2760.429057,2800.982527,2853.037377,2939.135523,2979.281854,3011.397411,3084.626973
2655.915384,2760.420225,2800.977985,2853.037811,2939.144154,2979.294347,3011.412736,3084.647892
2655.891296,2760.409913,2800.972693,2853.038430,2939.154248,2979.308956,3011.430602,3084.672302
2655.870634,2760.401071,2800.968153,2853.038939,2939.162907,2979.321485,3011.445929,3084.693241
2655.860555,2760.396756,2800.965939,2853.039202,2939.167126,2979.327599,3011.453405,3084.703456
2655.842467,2760.389010,2800.961966,2853.039692,2939.174691,2979.338575,3011.466820,3084.721787
2655.840944,2760.388358,2800.961632,2853.039740,2939.175327,2979.339500,3011.467948,3084.723331
2655.816615,2760.377944,2800.956289,2853.040376,2939.185520,2979.354260,3011.485993,3084.747986
2655.793440,2760.368023,2800.951199,2853.040986,2939.195215,2979.368322,3011.503183,3084.771474
2655.789898,2760.366506,2800.950422,2853.041084,2939.196701,2979.370471,3011.505811,3084.775065
2655.781364,2760.362851,2800.948544,2853.041352,2939.200291,2979.375642,3011.512144,3084.783711
2655.755271,2760.351684,2800.942816,2853.042021,2939.211210,2979.391477,3011.531498,3084.810156
2655.709046,2760.331901,2800.932670,2853.043187,2939.230554,2979.419526,3011.565788,3084.857005
2655.694110,2760.325505,2800.929388,2853.043644,2939.236802,2979.428590,3011.576869,3084.872143
2655.636026,2760.300657,2800.916642,2853.045053,2939.261152,2979.463830,3011.619961,3084.931007
2655.630369,2760.298236,2800.915401,2853.045215,2939.263517,2979.467267,3011.624157,3084.936741
2655.604271,2760.284175,2800.907902,2853.062731,2939.202394,2979.476159,3011.645953,3084.964083
2655.581164,2760.277180,2800.904600,2853.046544,2939.284157,2979.497121,3011.660666,3084.986607
2655.575928,2760.274945,2800.903454,2853.046594,2939.286338,2979.500296,3011.664551,3084.991913
2655.559259,2760.267809,2800.899795,2853.047101,2939.293309,2979.510416,3011.676921,3085.008810
2655.524087,2760.252759,2800.892079,2853.048037,2939.308065,2979.531765,3011.703013,3085.044453
2655.517503,2760.249941,2800.890635,2853.048225,2939.310804,2979.535762,3011.707898,3085.051127
2655.496918,2760.241140,2800.886121,2853.048667,2939.319442,2979.548253,3011.723174,3085.071989
2655.482622,2760.235025,2800.882985,2853.049037,2939.325434,2979.556930,3011.733782,3085.086478
2655.462413,2760.226378,2800.878554,2853.049584,2939.333896,2979.569200,3011.748776,3085.106960
2655.440258,2760.214330,2800.872414,2853.060191,2939.268514,2979.576385,3011.767250,3085.130480
2655.395134,2760.197600,2800.863801,2853.051318,2939.362074,2979.610037,3011.798705,3085.175150
2655.390808,2760.195747,2800.862850,2853.051508,2939.363924,2979.612667,3011.801911,3085.179530
2655.384756,2760.193168,2800.861525,2853.051565,2939.366463,2979.616335,3011.806406,3085.185663
2655.383277,2760.192533,2800.861200,2853.051614,2939.367081,2979.617233,3011.807503,3085.187163
2655.247314,2760.134386,2800.831400,2853.055195,2939.424081,2979.699788,3011.908406,3085.324962
2655.193317,2760.111049,2800.819423,2853.063452,2939.440558,2979.731980,3011.949808,3085.379448
2655.172993,2760.100079,2800.813731,2853.067598,2939.382099,2979.738501,3011.965722,3085.401287
2655.162963,2760.098311,2800.812915,2853.057515,2939.459461,2979.751008,3011.971015,3085.410452
2655.160682,2760.094922,2800.811047,2853.066689,2939.384533,2979.745797,3011.974922,3085.413816
2655.138344,2760.087793,2800.807523,2853.058107,2939.469787,2979.765956,3011.989291,3085.435404
2655.096754,2760.067413,2800.797180,2853.069187,2939.411548,2979.785098,3012.022185,3085.478703
2655.094052,2760.068860,2800.797826,2853.059228,2939.488362,2979.792867,3012.022165,3085.480297
2655.056000,2760.052597,2800.789496,2853.060189,2939.504299,2979.815973,3012.050416,3085.518867
2655.033274,2760.042877,2800.784515,2853.060883,2939.513864,2979.829780,3012.067286,3085.541897
2654.993092,2760.023042,2800.774373,2853.073442,2939.456728,2979.847832,3012.099197,3085.583658
2654.991111,2760.024862,2800.775290,2853.061900,2939.531529,2979.855391,3012.098588,3085.584634
2654.982603,2760.021220,2800.773434,2853.062241,2939.535128,2979.860599,3012.104892,3085.593257
2654.955492,2760.007096,2800.766241,2853.072808,2939.471994,2979.870832,3012.127064,3085.621789
2654.867376,2759.972308,2800.748376,2853.062947,2939.583574,2979.930824,3012.190772,3085.710017
2654.854804,2759.966615,2800.745459,2853.065505,2939.588754,2979.938211,3012.199786,3085.722786
2654.854140,2759.966324,2800.745310,2853.065589,2939.589065,2979.938607,3012.200281,3085.723456
2654.778642,2759.934070,2800.728797,2853.067525,2939.620752,2979.984483,3012.256341,3085.799977
2654.742378,2759.916060,2800.719600,2853.078346,2939.561765,2980.000285,3012.285395,3085.837805
2654.667716,2759.886686,2800.704541,2853.070444,2939.667335,2980.051898,3012.338716,3085.912409
2654.643293,2759.876251,2800.699198,2853.071134,2939.677615,2980.066732,3012.356859,3085.937161
2654.574681,2759.846953,2800.684206,2853.072896,2939.706404,2980.108451,3012.407813,3086.006709
2654.570140,2759.845010,2800.683210,2853.073063,2939.708325,2980.111202,3012.411190,3086.011310
2654.569063,2759.844555,2800.682977,2853.073016,2939.708791,2980.111855,3012.411989,3086.012399
2654.559043,2759.840268,2800.680785,2853.073377,2939.713004,2980.117951,3012.419429,3086.022556
2654.547868,2759.835494,2800.678342,2853.073685,2939.717683,2980.124743,3012.427731,3086.033884
2654.543280,2759.831066,2800.676111,2853.083184,2939.645121,2980.121339,3012.433229,3086.039580
2654.476725,2759.802486,2800.661483,2853.086755,2939.673890,2980.161740,3012.482711,3086.107012
2654.445850,2759.791809,2800.655983,2853.081567,2939.754121,2980.186281,3012.504731,3086.137077
2654.375214,2759.759331,2800.639400,2853.087323,2939.714958,2980.223511,3012.558118,3086.209966
2654.329947,2759.739893,2800.629518,2853.089552,2939.734761,2980.251133,3012.591720,3086.255864
2654.310351,2759.734096,2800.626469,2853.079904,2939.817498,2980.269166,3012.604166,3086.274632
2654.306672,2759.732525,2800.625666,2853.080010,2939.819059,2980.271404,3012.606898,3086.278359
2654.301289,2759.730227,2800.624491,2853.080146,2939.821308,2980.274678,3012.610899,3086.283818
2654.299574,2759.729496,2800.624117,2853.080192,2939.822028,2980.275722,3012.612172,3086.285556
2654.220591,2759.695781,2800.606876,2853.082307,2939.855253,2980.323755,3012.670855,3086.365612
2654.169095,2759.673800,2800.595634,2853.083730,2939.876918,2980.355066,3012.709123,3086.417807
2654.156051,2759.668236,2800.592789,2853.084069,2939.882404,2980.363003,3012.718814,3086.431030
2654.148984,2759.665219,2800.591247,2853.084263,2939.885376,2980.367301,3012.724066,3086.438193
2654.132466,2759.658172,2800.587644,2853.084693,2939.892327,2980.377347,3012.736339,3086.454935
2654.126672,2759.655706,2800.586383,2853.084767,2939.894767,2980.380875,3012.740644,3086.460809
2654.058029,2759.626406,2800.571411,2853.086705,2939.923608,2980.422654,3012.791643,3086.530391
2654.045704,2759.621156,2800.568723,2853.086947,2939.928823,2980.430136,3012.800806,3086.542881
2654.041751,2759.619456,2800.567863,2853.087204,2939.930447,2980.432560,3012.803711,3086.546894
2654.039959,2759.609164,2800.566070,2853.087540,2939.702802,2980.436192,3012.819347,3086.559093
2653.998609,2759.601067,2800.558465,2853.088260,2939.948660,2980.458829,3012.835815,3086.590621
2653.978470,2759.592470,2800.554058,2853.088794,2939.957124,2980.471037,3012.850783,3086.611032
2653.975232,2759.591089,2800.553356,2853.088854,2939.958465,2980.473020,3012.853181,3086.614315
2653.923568,2759.566505,2800.540814,2853.101038,2939.906180,2980.498250,3012.893752,3086.667712
2653.906765,2759.561878,2800.538427,2853.090758,2939.987272,2980.514681,3012.904070,3086.683718
2653.897647,2759.557988,2800.536440,2853.091013,2939.991121,2980.520231,3012.910845,3086.692959
2653.894344,2759.582325,2800.543711,2852.939736,2939.709211,2980.532047,3012.925452,3086.703275
2653.876333,2759.613514,2800.545917,2852.826884,2939.896919,2980.528778,3012.926532,3086.715052
2653.820040,2759.524895,2800.519531,2853.093006,2940.023770,2980.567463,3012.968530,3086.771628
2653.804909,2759.518440,2800.516231,2853.093458,2940.030174,2980.576663,3012.979777,3086.786962
2653.796477,2759.514838,2800.514397,2853.093732,2940.033687,2980.581811,3012.986033,3086.795512
2653.771709,2759.504289,2800.509001,2853.094261,2940.044147,2980.596871,3013.004459,3086.820616
2653.752346,2759.496028,2800.504783,2853.094825,2940.052290,2980.608664,3013.018849,3086.840244
2653.711007,2759.478406,2800.495779,2853.095884,2940.069711,2980.633821,3013.049585,3086.882148
2653.673681,2759.462492,2800.487650,2853.096883,2940.085428,2980.656542,3013.077333,3086.919984
2653.668351,2759.460210,2800.486488,2853.097137,2940.087664,2980.659795,3013.081291,3086.925388
2653.644360,2759.449987,2800.481266,2853.097714,2940.097762,2980.674399,3013.099128,3086.949708
2653.636159,2759.446483,2800.479479,2853.098021,2940.101220,2980.679391,3013.105225,3086.958020
2653.627616,2759.442852,2800.477620,2853.098130,2940.104827,2980.684587,3013.111580,3086.966680
2653.612895,2759.434101,2800.473178,2853.108605,2940.036491,2980.687399,3013.124720,3086.982646
2653.592255,2759.427768,2800.469919,2853.099189,2940.119713,2980.706120,3013.137868,3087.002525
2653.588706,2759.426254,2800.469146,2853.099304,2940.121195,2980.708283,3013.140505,3087.006122
2653.544835,2759.407557,2800.459596,2853.100444,2940.139696,2980.734985,3013.173130,3087.050593
2653.507989,2759.389381,2800.450337,2853.111644,2940.081275,2980.751286,3013.202717,3087.088967
2653.491635,2759.384884,2800.448019,2853.101864,2940.162112,2980.767379,3013.212686,3087.104521
2653.434555,2759.360555,2800.435599,2853.103425,2940.186159,2980.802143,3013.255130,3087.162384
2653.404902,2759.345422,2800.427901,2853.114741,2940.124732,2980.814069,3013.279382,3087.193465
2653.399893,2759.345783,2800.428060,2853.104372,2940.200755,2980.823259,3013.280902,3087.197522
2653.398542,2759.342946,2800.426661,2853.111890,2940.126224,2980.818135,3013.284027,3087.199984
2653.378321,2759.336590,2800.423368,2853.104948,2940.209856,2980.836399,3013.296944,3087.219389
2653.367841,2759.332133,2800.421092,2853.105171,2940.214268,2980.842788,3013.304735,3087.230014
2653.305445,2759.305537,2800.407519,2853.106935,2940.240556,2980.880790,3013.351141,3087.293266
2653.294767,2759.300993,2800.405200,2853.107136,2940.245073,2980.887289,3013.359084,3087.304088
2653.283826,2759.296335,2800.402821,2853.107415,2940.249688,2980.893955,3013.367221,3087.315180
2653.265265,2759.286414,2800.397514,2853.115350,2940.184366,2980.899093,3013.383254,3087.334995
2653.241118,2759.275748,2800.392364,2853.117811,2940.193485,2980.913918,3013.401139,3087.359502
2653.212227,2759.265835,2800.387256,2853.109334,2940.279883,2980.937570,3013.420475,3087.387761
2653.193313,2759.257773,2800.383143,2853.109914,2940.287839,2980.949092,3013.434546,3087.406938
2653.172165,2759.248770,2800.378549,2853.110426,2940.296772,2980.961979,3013.450272,3087.428372
2653.151213,2759.239841,2800.373993,2853.111047,2940.305603,2980.974741,3013.465862,3087.449614
2653.124088,2759.228287,2800.368098,2853.111804,2940.317049,2980.991266,3013.486036,3087.477108
2653.111675,2759.223000,2800.365401,2853.112133,2940.322285,2980.998830,3013.495270,3087.489693
2653.109562,2759.222101,2800.364943,2853.112188,2940.323179,2981.000119,3013.496843,3087.491834
2653.063557,2759.202505,2800.354950,2853.113458,2940.342579,2981.028163,3013.531059,3087.538473
2652.953715,2759.153225,2800.329865,2853.126978,2940.315429,2981.089031,3013.614972,3087.650837
2652.933802,2759.147260,2800.326772,2853.116906,2940.397318,2981.107238,3013.627593,3087.670012
2652.923530,2759.142886,2800.324541,2853.117195,2940.401649,2981.113500,3013.635235,3087.680425
2652.921916,2759.139848,2800.323070,2853.125903,2940.327859,2981.108511,3013.638558,3087.683098
2652.919955,2759.141353,2800.323760,2853.117401,2940.403173,2981.115673,3013.637898,3087.684048
2652.898939,2759.132415,2800.319200,2853.117891,2940.412041,2981.128482,3013.653536,3087.705354
2652.796434,2759.088774,2800.296952,2853.120732,2940.455294,2981.190975,3013.729803,3087.809270
2652.759588,2759.073098,2800.288961,2853.121671,2940.470843,2981.213445,3013.757219,3087.846625
2652.758576,2759.070182,2800.287532,2853.132306,2940.397146,2981.208034,3013.760152,3087.848679
2652.742297,2759.063210,2800.283993,2853.132853,2940.404359,2981.217975,3013.772271,3087.865175
2652.733485,2759.061984,2800.283293,2853.122434,2940.481883,2981.229348,3013.776648,3087.873085
2652.627227,2759.016770,2800.260249,2853.125242,2940.526741,2981.294138,3013.855726,3087.980807
2652.620070,2759.013724,2800.258697,2853.125455,2940.529745,2981.298509,3013.861051,3087.988064
2652.608648,2759.006507,2800.255040,2853.135170,2940.460899,2981.299425,3013.871776,3088.000649
2652.591436,2759.001539,2800.252489,2853.126248,2940.541853,2981.315970,3013.882361,3088.017092
2652.586289,2758.999348,2800.251373,2853.126389,2940.544022,2981.319109,3013.886193,3088.022311
2652.579235,2758.996351,2800.249844,2853.126544,2940.547018,2981.323408,3013.891446,3088.029461
2652.522413,2758.972170,2800.237525,2853.128138,2940.570996,2981.358066,3013.933736,3088.087068
2652.518399,2758.968138,2800.235489,2853.137356,2940.499013,2981.354478,3013.938947,3088.092142
2652.517126,2758.969925,2800.236379,2853.128249,2940.573241,2981.361287,3013.937674,3088.092427
2652.513684,2758.968464,2800.235633,2853.128324,2940.574706,2981.363383,3013.940236,3088.095916
2652.512089,2758.967782,2800.235287,2853.128389,2940.575372,2981.364357,3013.941422,3088.097533
2652.494532,2758.957961,2800.230310,2853.138222,2940.509285,2981.369054,3013.956727,3088.116362
2652.447633,2758.940357,2800.221318,2853.130205,2940.602591,2981.403680,3013.989398,3088.162880
2652.445287,2758.939359,2800.220809,2853.130268,2940.603578,2981.405110,3013.991145,3088.165259
2652.444621,2758.939082,2800.220666,2853.130261,2940.603850,2981.405522,3013.991640,3088.165937
2652.442147,2758.938019,2800.220127,2853.130415,2940.604923,2981.407024,3013.993483,3088.168442
2652.433888,2758.934510,2800.218339,2853.130585,2940.608395,2981.412064,3013.999630,3088.176816
2652.416885,2758.927285,2800.214655,2853.130989,2940.615599,2981.422428,3014.012290,3088.194051
2652.414060,2758.926081,2800.214045,2853.131076,2940.616746,2981.424155,3014.014394,3088.196921
2652.411977,2758.922855,2800.212411,2853.140373,2940.543433,2981.419342,3014.018211,3088.200046
2652.391023,2758.916281,2800.209052,2853.131741,2940.626503,2981.438215,3014.031539,3088.220273
2652.384135,2758.913351,2800.207556,2853.131947,2940.629446,2981.442402,3014.036674,3088.227253
2652.372537,2758.908418,2800.205043,2853.132268,2940.634349,2981.449473,3014.045308,3088.239009
2652.309066,2758.881427,2800.191299,2853.133950,2940.661156,2981.488206,3014.092556,3088.303360
2652.302121,2758.878468,2800.189793,2853.134224,2940.664077,2981.492450,3014.097726,3088.310404
2652.300410,2758.877739,2800.189422,2853.134289,2940.664813,2981.493492,3014.098999,3088.312137
2652.280681,2758.869357,2800.185152,2853.134732,2940.673158,2981.505526,3014.113689,3088.332137
2652.258116,2758.859761,2800.180266,2853.135367,2940.682691,2981.519299,3014.130487,3088.355015
2652.249183,2758.855963,2800.178333,2853.135623,2940.686448,2981.524757,3014.137136,3088.364074
2652.202098,2758.835942,2800.168138,2853.136913,2940.706370,2981.553482,3014.172195,3088.411807
2652.127884,2758.801967,2800.150886,2853.149021,2940.664609,2981.592777,3014.229690,3088.488042
2652.121371,2758.801620,2800.150662,2853.139150,2940.740507,2981.602737,3014.232313,3088.493653
2652.100760,2758.792855,2800.146200,2853.139745,2940.749234,2981.615316,3014.247659,3088.514547
2652.099293,2758.792232,2800.145883,2853.139785,2940.749868,2981.616210,3014.248751,3088.516033
2652.081988,2758.782576,2800.141038,2853.148991,2940.683153,2981.620868,3014.263795,3088.534597
2652.003382,2758.751466,2800.125134,2853.142407,2940.790398,2981.674757,3014.320177,3088.613277
2651.988120,2758.744976,2800.121833,2853.142859,2940.796864,2981.684080,3014.331536,3088.628747
2651.987228,2758.744601,2800.121642,2853.142842,2940.797237,2981.684627,3014.332199,3088.629652
2651.959726,2758.732908,2800.115691,2853.143661,2940.808866,2981.701413,3014.352685,3088.657536
2651.955770,2758.731229,2800.114834,2853.143744,2940.810560,2981.703817,3014.355631,3088.661543
2651.889456,2758.703041,2800.100495,2853.145641,2940.838606,2981.744316,3014.405016,3088.728779
2651.835960,2758.678275,2800.087958,2853.152561,2940.784496,2981.771244,3014.447003,3088.784128
2651.811970,2758.670125,2800.083745,2853.147723,2940.871406,2981.791622,3014.462736,3088.807339
2651.810668,2758.669571,2800.083463,2853.147763,2940.871957,2981.792418,3014.463707,3088.808659
2651.808603,2758.668702,2800.083021,2853.147752,2940.872826,2981.793683,3014.465242,3088.810753
2651.785952,2758.659074,2800.078125,2853.148388,2940.882390,2981.807515,3014.482116,3088.833721
2651.699295,2758.622265,2800.059400,2853.150773,2940.919075,2981.860436,3014.546670,3088.921580
2651.692360,2758.619313,2800.057899,2853.151027,2940.922033,2981.864667,3014.551837,3088.928609
2651.632346,2758.593823,2800.044935,2853.152695,2940.947447,2981.901322,3014.596547,3088.989456
2651.613554,2758.585843,2800.040878,2853.153156,2940.955394,2981.912797,3014.610549,3089.008509
2651.596067,2758.576077,2800.035961,2853.163296,2940.889206,2981.917570,3014.625827,3089.027243
2651.556197,2758.561481,2800.028489,2853.154817,2940.979693,2981.947831,3014.653284,3089.066662
2651.505783,2758.540075,2800.017606,2853.156202,2941.001039,2981.978633,3014.690846,3089.117778
2651.498994,2758.534830,2800.014996,2853.166278,2940.930201,2981.976876,3014.698159,3089.125669
2651.473262,2758.523897,2800.009442,2853.167058,2940.941002,2981.992605,3014.717330,3089.151762
2651.470823,2758.525234,2800.010061,2853.157107,2941.015832,2981.999988,3014.716897,3089.153224
2651.441163,2758.512643,2800.003660,2853.157920,2941.028410,2982.018111,3014.738997,3089.183296
2651.431833,2758.508676,2800.001644,2853.158263,2941.032360,2982.023817,3014.745949,3089.192758
2651.408088,2758.498596,2799.996519,2853.158929,2941.042434,2982.038319,3014.763646,3089.216831
2651.359017,2758.475492,2799.984834,2853.169187,2940.989594,2982.062438,3014.802447,3089.267588
2651.341109,2758.467889,2799.980966,2853.169798,2940.997422,2982.073393,3014.815793,3089.285740
2651.340999,2758.467853,2799.980953,2853.169586,2940.997226,2982.073455,3014.815871,3089.285855
2651.322784,2758.462385,2799.978114,2853.161273,2941.078574,2982.090437,3014.827219,3089.303322
2651.262328,2758.436725,2799.965074,2853.162958,2941.104193,2982.127384,3014.872277,3089.364620
2651.259814,2758.435657,2799.964532,2853.163036,2941.105260,2982.128920,3014.874149,3089.367168
2651.255298,2758.431474,2799.962463,2853.172060,2941.033605,2982.125825,3014.879753,3089.372747
2651.249728,2758.431378,2799.962357,2853.163302,2941.109539,2982.135084,3014.881668,3089.377395
2651.220888,2758.419137,2799.956137,2853.164115,2941.121760,2982.152711,3014.903163,3089.406637
2651.218623,2758.415919,2799.954558,2853.173050,2941.049336,2982.148257,3014.907085,3089.409930
2651.194105,2758.405522,2799.949275,2853.173664,2941.059767,2982.163250,3014.925359,3089.434789
2651.194137,2758.407787,2799.950369,2853.164839,2941.133122,2982.169058,3014.923103,3089.433759
2651.181688,2758.402503,2799.947685,2853.165174,2941.138373,2982.176668,3014.932385,3089.446386
2651.179797,2758.401699,2799.947278,2853.165262,2941.139180,2982.177827,3014.933790,3089.448300
2651.144753,2758.386829,2799.939723,2853.166236,2941.154034,2982.199248,3014.959911,3089.483833
2651.123618,2758.377861,2799.935167,2853.166829,2941.162993,2982.212168,3014.975665,3089.505262
2651.064630,2758.352834,2799.922457,2853.168438,2941.187994,2982.248239,3015.019633,3089.565075
2651.031942,2758.338962,2799.915412,2853.169401,2941.201841,2982.268223,3015.044004,3089.598222
2650.999829,2758.323116,2799.907435,2853.178750,2941.142060,2982.281995,3015.070067,3089.631773
2650.981326,2758.315274,2799.903454,2853.179220,2941.150276,2982.293302,3015.083825,3089.650527
2650.932275,2758.296686,2799.893940,2853.172154,2941.244135,2982.329151,3015.118314,3089.699278
2650.908743,2758.286699,2799.888870,2853.172884,2941.254127,2982.343547,3015.135855,3089.723138
2650.897806,2758.282063,2799.886517,2853.173166,2941.258744,2982.350240,3015.144007,3089.734229
2650.896066,2758.281332,2799.886146,2853.173148,2941.259472,2982.351311,3015.145302,3089.735995
2650.894331,2758.280589,2799.885769,2853.173257,2941.260213,2982.352364,3015.146599,3089.737754
2650.874385,2758.272139,2799.881476,2853.173719,2941.268701,2982.364558,3015.161471,3089.757974
2650.800125,2758.240645,2799.865487,2853.175803,2941.300210,2982.409972,3015.216843,3089.833272
2650.754263,2758.221196,2799.855617,2853.177122,2941.319658,2982.438031,3015.251038,3089.879776
2650.731640,2758.211598,2799.850744,2853.177826,2941.329259,2982.451865,3015.267912,3089.902716
2650.726706,2758.207298,2799.848608,2853.185934,2941.255520,2982.448918,3015.273916,3089.908757
2650.724162,2758.208430,2799.849138,2853.177983,2941.332432,2982.456441,3015.273486,3089.910298
2650.723430,2758.208122,2799.848981,2853.177981,2941.332733,2982.456891,3015.274032,3089.911042
2650.677167,2758.188499,2799.839021,2853.179388,2941.352405,2982.485184,3015.308534,3089.957949
2650.659786,2758.178907,2799.834209,2853.188615,2941.286482,2982.490028,3015.323769,3089.976580
2650.575391,2758.145362,2799.817129,2853.182197,2941.395608,2982.547449,3015.384439,3090.061149
2650.568781,2758.142559,2799.815708,2853.182373,2941.398393,2982.551492,3015.389372,3090.067855
2650.568667,2758.142510,2799.815683,2853.182393,2941.398452,2982.551563,3015.389455,3090.067969
2650.541966,2758.131198,2799.809944,2853.183085,2941.409781,2982.567906,3015.409367,3090.095044
2650.533631,2758.127665,2799.808151,2853.183295,2941.413334,2982.573000,3015.415587,3090.103494
2650.512786,2758.118833,2799.803670,2853.183889,2941.422167,2982.585763,3015.431133,3090.124635
2650.494955,2758.111272,2799.799831,2853.184427,2941.429774,2982.596656,3015.444440,3090.142711
2650.421923,2758.078123,2799.783070,2853.195044,2941.387277,2982.635558,3015.501195,3090.217759
2650.420314,2758.079638,2799.783788,2853.186569,2941.461451,2982.642345,3015.500112,3090.218400
2650.408122,2758.074470,2799.781168,2853.186920,2941.466606,2982.649810,3015.509207,3090.230766
2650.346475,2758.048354,2799.767922,2853.188599,2941.492818,2982.687540,3015.555193,3090.293274
2650.293032,2758.025716,2799.756441,2853.190086,2941.515511,2982.720255,3015.595064,3090.347470
2650.288357,2758.021590,2799.754402,2853.198297,2941.444385,2982.717376,3015.600812,3090.353192
2650.231207,2757.997418,2799.742113,2853.199690,2941.469104,2982.752290,3015.643482,3090.411122
2650.231106,2757.999478,2799.743136,2853.191896,2941.541811,2982.758158,3015.641271,3090.410266
2650.194724,2757.984071,2799.735325,2853.192865,2941.557303,2982.780431,3015.668412,3090.447154
2650.194460,2757.983959,2799.735268,2853.192867,2941.557420,2982.780589,3015.668610,3090.447421
2650.119610,2757.952255,2799.719198,2853.195014,2941.589214,2982.826423,3015.724459,3090.523324
2650.088375,2757.939026,2799.712492,2853.195910,2941.602505,2982.845546,3015.747767,3090.554997
2650.033983,2757.915995,2799.700816,2853.197462,2941.625667,2982.878841,3015.788362,3090.610150
2650.001341,2757.900028,2799.692802,2853.206446,2941.566175,2982.893151,3015.814964,3090.644243
2649.998576,2757.901005,2799.693217,2853.198438,2941.640717,2982.900520,3015.814788,3090.646056
2649.959758,2757.884567,2799.684889,2853.199572,2941.657208,2982.924297,3015.843755,3090.685420
2649.937104,2757.874976,2799.680029,2853.200209,2941.666850,2982.938171,3015.860665,3090.708393
2649.932600,2757.870940,2799.678051,2853.207882,2941.593619,2982.935151,3015.866328,3090.713988
