2831.703120,2850.583110,2836.869057,2844.343792,2839.664138,2857.832722,2835.406437,2859.296047
2831.881968,2850.078942,2836.836944,2844.104274,2839.968078,2857.795236,2835.681372,2857.455260
2830.572078,2851.100000,2836.411333,2844.100028,2841.073579,2857.953809,2835.912912,2857.565318
2830.943822,2853.590909,2838.378056,2844.101750,2839.687633,2857.820583,2834.644347,2855.178590
2830.000925,2852.600983,2837.816202,2844.101700,2840.116544,2857.983281,2833.951864,2855.881915
2830.000019,2852.577238,2837.950247,2844.100932,2839.641448,2857.556203,2833.942628,2858.224459
2831.053549,2851.864371,2837.339630,2844.103485,2839.606206,2857.890579,2834.402223,2859.669328
2830.794257,2852.920356,2837.302033,2844.103523,2839.959756,2857.803970,2834.454781,2861.843629
2830.000029,2852.880584,2838.820958,2844.107925,2839.881467,2857.605488,2834.461680,2853.704865
2830.000043,2852.789315,2838.931427,2844.103903,2839.971786,2857.250529,2834.505061,2853.861715
2830.000577,2851.740702,2839.063611,2844.103587,2840.256456,2857.249739,2834.618150,2853.852825
2830.002543,2852.403620,2838.538772,2844.101492,2839.946485,2857.763764,2834.330582,2853.976530
2830.002863,2850.970614,2838.974138,2844.100742,2840.111100,2857.303240,2834.565213,2853.845855
2830.303003,2851.360342,2838.953672,2844.100863,2840.228458,2857.450594,2834.641152,2854.519837
2830.004448,2853.035175,2838.538552,2844.116078,2840.377082,2857.411175,2834.351119,2854.033617
2830.003447,2853.228316,2838.454074,2844.102041,2839.938424,2857.733447,2834.298587,2854.236812
2830.507408,2856.241625,2836.327344,2844.100023,2840.544102,2857.255428,2835.670560,2852.484147
2830.001722,2855.114879,2835.978309,2844.101534,2840.161649,2857.816738,2835.284472,2854.911557
2830.304390,2852.190867,2836.708482,2844.101147,2840.514494,2857.817811,2835.608477,2855.690204
2830.885756,2851.899191,2837.558295,2844.106891,2840.289032,2857.768964,2835.151975,2854.242260
2830.196771,2852.332745,2837.657502,2844.100780,2839.908329,2857.733182,2834.453049,2854.698426
2830.691632,2852.672428,2839.203098,2844.220707,2840.149703,2857.465622,2834.661345,2858.115631
2849.996982,2853.327301,2836.022917,2857.452567,2842.294848,2858.612629,2841.324037,2864.363356
2849.998458,2852.968697,2836.343809,2857.156904,2849.650124,2858.979410,2835.782463,2865.084228
2849.988966,2852.376860,2836.009934,2857.427501,2841.934009,2858.079609,2841.341789,2863.823110
2849.997857,2852.072431,2835.878108,2859.229312,2840.505290,2857.922908,2841.690413,2864.388030
2849.995666,2852.276748,2836.066911,2857.084534,2841.957930,2857.549376,2842.049879,2863.266219
2849.999584,2853.071533,2835.683767,2857.714510,2841.430526,2858.632298,2841.573936,2864.508621
2849.999990,2852.639257,2836.164425,2857.286600,2839.702101,2857.915287,2841.761865,2863.734763
2849.999975,2852.059854,2836.215374,2858.499712,2837.425010,2858.475304,2840.676900,2865.050759
2849.996445,2852.241215,2836.046423,2857.247674,2840.827941,2857.778448,2840.759042,2863.501162
2849.998836,2853.407297,2835.995358,2856.074695,2840.979011,2859.025016,2834.164276,2865.390854
2849.997027,2852.604676,2836.551621,2856.624770,2845.234860,2858.246009,2834.123102,2864.216236
2849.997034,2852.586941,2836.655914,2856.968107,2845.732915,2858.278337,2834.639086,2864.182818
2849.997423,2852.567021,2836.253255,2856.392353,2838.360339,2857.922377,2839.468600,2863.673959
2849.994432,2853.075706,2836.866266,2855.411583,2832.810402,2858.703456,2842.966251,2865.061521
2849.996324,2853.253775,2836.058343,2855.546029,2834.978360,2858.389563,2842.270339,2864.471078
2849.999009,2852.921563,2836.428058,2855.728654,2835.897031,2857.971276,2842.479785,2863.831729
2849.999320,2853.020568,2836.551125,2855.834527,2834.349639,2858.229457,2843.644582,2864.198436
2849.995738,2853.608643,2836.872527,2858.084738,2835.965787,2858.262790,2841.978130,2863.618048
2849.999965,2853.161764,2836.675186,2857.123505,2837.277571,2857.855711,2842.063331,2863.440435
2849.998313,2854.222627,2835.679381,2857.812692,2839.554696,2861.490777,2840.299760,2864.853063
2849.999955,2853.763698,2835.902772,2858.773009,2836.090530,2861.580643,2840.815291,2864.369257
2849.999228,2854.219253,2835.895695,2858.171017,2837.937224,2861.025272,2841.750566,2863.683529
2849.998532,2854.390829,2835.509810,2858.550247,2839.809869,2861.733233,2840.742542,2864.755993
2849.996299,2854.502182,2835.562170,2858.266100,2838.404286,2860.899978,2841.474236,2863.420339
2849.996886,2854.204620,2835.542614,2858.370269,2838.221352,2862.498953,2841.415177,2862.609714
2849.998608,2854.109351,2835.675329,2858.607472,2837.391880,2862.578231,2840.350594,2862.796222
2849.997246,2854.454820,2835.614353,2859.137927,2837.489163,2862.333963,2840.110102,2862.967891
2849.998341,2853.738861,2838.922156,2860.146889,2836.645618,2862.756384,2835.831598,2861.606029
2849.999175,2855.212279,2835.350187,2859.426898,2843.522567,2863.490061,2833.904576,2863.542027
2849.999622,2854.524212,2837.668403,2858.947973,2841.989644,2862.880164,2835.394833,2862.892654
2849.997628,2854.077328,2836.173453,2858.764294,2836.486091,2861.945118,2834.964463,2861.919392
2849.995355,2855.027932,2836.604460,2858.681471,2847.227400,2862.883225,2834.906333,2863.173306
2849.995876,2853.773647,2836.393549,2858.678893,2841.679486,2862.310976,2835.434522,2862.270938
2849.998245,2854.890389,2838.595338,2859.251378,2844.362456,2864.728294,2835.335319,2862.893193
2849.999362,2854.272035,2835.047870,2857.357052,2837.263978,2862.959123,2836.083519,2862.651044
2849.999248,2854.757286,2833.666480,2859.119862,2845.505240,2863.770561,2835.426189,2863.571004
2849.996089,2853.528147,2835.671156,2858.455978,2837.658780,2863.059861,2836.756307,2862.222592
2849.999493,2853.668045,2835.467727,2857.204409,2838.753287,2863.540668,2837.680848,2861.141358
2849.998838,2854.183122,2834.939192,2857.684024,2837.460806,2865.288385,2836.200104,2859.948955
2849.997211,2854.231745,2834.756223,2857.893586,2837.727860,2864.772946,2836.526607,2860.407636
2849.996254,2853.994154,2834.780149,2857.695631,2838.389781,2865.134044,2836.484032,2859.970277
2849.997669,2853.705915,2834.632051,2857.259853,2836.921524,2863.776292,2836.852545,2861.583384
2849.999217,2852.757112,2835.351451,2857.503554,2838.812080,2865.299755,2837.596329,2860.077060
2849.999069,2852.667105,2834.580191,2857.576964,2836.453189,2863.471976,2836.576755,2861.601739
2849.999509,2852.617987,2834.677803,2857.615002,2835.982407,2863.170113,2836.082739,2861.536144
2849.997061,2852.272898,2834.228054,2857.488537,2839.237330,2862.912817,2837.469122,2861.449719
2849.996480,2852.599653,2834.422901,2858.045789,2838.472223,2863.898558,2837.943029,2862.176178
2849.996340,2852.264880,2834.626377,2857.799595,2839.610432,2862.609396,2837.321532,2861.819268
2849.998600,2851.642727,2834.530739,2856.941666,2836.546466,2863.239763,2835.915594,2861.199866
2849.999504,2851.216420,2833.865797,2856.409417,2840.141941,2861.519205,2836.843848,2861.549003
2849.999414,2852.128934,2833.142948,2857.604045,2843.922549,2863.384841,2835.286059,2863.432572
2843.593803,2858.137110,2836.359080,2852.595742,2842.251542,2859.016574,2848.536180,2865.738445
2843.546680,2857.340062,2836.145470,2854.166329,2841.255508,2858.024891,2848.019481,2862.434166
2848.166099,2857.382244,2836.290397,2852.029543,2841.680182,2858.749053,2847.042140,2867.024463
2848.232620,2857.328194,2836.460946,2856.059799,2842.274082,2862.126528,2846.091688,2865.520667
2845.433197,2855.821621,2836.687566,2855.521727,2843.063568,2861.369790,2839.809698,2864.942251
2845.368671,2855.231322,2836.825999,2855.650461,2843.293964,2861.086644,2837.951913,2865.071667
2846.681140,2857.402853,2836.407261,2854.249543,2842.675025,2860.857090,2846.272648,2864.396792
2847.937799,2855.140141,2836.624431,2857.344636,2843.214158,2862.024350,2833.983828,2865.806970
2845.911017,2856.270033,2836.407149,2853.917539,2845.068920,2861.114947,2846.551863,2867.034864
2849.999996,2855.232897,2836.707052,2856.522861,2843.228499,2861.377135,2836.396765,2865.209411
2845.743060,2855.654026,2836.981163,2856.634470,2841.657271,2862.321621,2842.679311,2866.098392
2846.587541,2855.695463,2836.674613,2856.495806,2843.193565,2861.539774,2839.696510,2865.668647
2846.374248,2854.976259,2836.851004,2856.777530,2843.666924,2861.402483,2836.028951,2865.786015
2846.113752,2857.210749,2836.489153,2854.858166,2842.107534,2861.262282,2845.738429,2865.097617
2845.670094,2855.848067,2836.798629,2855.543466,2841.220282,2861.541019,2842.162320,2865.581710
2847.663247,2856.021705,2835.772441,2855.331156,2842.715222,2861.054108,2843.252691,2866.683748
2848.217543,2856.371300,2835.879389,2854.547743,2843.359094,2860.817619,2844.031524,2866.809568
2846.116952,2856.359984,2835.726057,2853.856312,2844.871811,2860.800137,2843.995502,2867.073560
2848.049117,2854.717168,2836.094539,2855.791261,2844.030478,2860.911210,2836.516896,2866.489216
2845.393418,2855.915743,2835.995112,2853.574087,2844.185149,2860.014157,2842.838700,2866.398353
2847.069334,2855.141180,2835.862444,2855.035957,2843.982350,2860.588436,2837.831813,2866.189041
2846.531027,2855.556490,2836.588834,2858.230538,2841.468287,2862.929756,2839.268636,2866.094093
2844.960965,2855.477006,2836.390869,2857.125261,2841.637910,2861.915072,2839.996914,2865.676564
2844.631292,2857.306494,2836.406864,2854.456681,2841.332736,2860.426799,2846.584673,2865.680467
2844.255599,2856.432663,2836.275786,2854.687084,2841.853251,2861.193899,2844.852094,2865.119582
2847.071440,2854.950829,2836.281033,2856.080031,2842.726807,2861.224745,2840.052095,2866.617299
2845.141523,2857.312266,2836.387750,2853.783509,2841.439765,2860.495875,2846.381871,2866.795293
2844.913677,2857.510402,2836.431664,2853.257692,2841.995793,2859.813021,2846.556655,2867.003699
2849.997901,2855.526595,2835.972988,2857.172075,2841.777259,2862.191007,2844.433101,2867.474657
2849.998730,2852.846311,2835.312733,2858.171197,2841.557195,2862.856951,2844.852020,2867.493510
2848.014341,2855.689116,2835.766853,2855.873739,2842.639326,2861.302430,2842.562640,2866.824550
2849.999985,2854.487027,2835.452764,2858.315655,2841.474740,2862.778689,2844.134636,2867.494332
2848.374246,2855.275225,2836.049607,2857.468453,2843.265534,2862.025398,2834.082952,2866.553902
2849.991027,2853.283441,2835.526293,2858.056727,2843.821560,2862.540701,2843.266941,2867.051124
2849.997533,2852.285900,2835.321274,2857.728504,2841.082154,2862.525299,2843.662028,2867.224785
2849.999843,2852.311987,2835.469865,2858.676973,2839.357462,2863.280429,2845.244185,2867.490071
2849.998663,2852.538170,2835.382432,2858.843162,2839.634075,2863.438764,2845.619060,2867.498878
2845.320246,2857.482193,2836.208986,2854.467150,2841.752429,2861.258421,2846.430034,2867.473479
2844.620648,2857.648125,2836.232314,2854.237596,2841.539677,2860.961809,2846.475945,2867.428897
2845.501612,2857.035961,2836.536594,2853.467746,2846.346598,2860.019459,2841.675394,2865.731481
2847.009292,2857.233579,2836.600659,2851.946583,2846.087187,2858.168223,2841.054471,2865.866335
2849.994767,2856.218779,2835.936698,2857.859303,2844.582336,2862.377737,2844.857921,2867.476731
2844.534100,2855.539867,2836.603122,2856.666805,2841.683711,2861.640659,2839.377217,2865.440549
2845.799284,2856.262060,2836.327568,2856.777127,2843.620240,2862.639275,2843.107163,2866.792242
2849.998632,2854.153996,2835.377989,2858.758012,2842.731217,2863.210340,2841.213990,2867.493174
2845.229340,2855.904335,2835.939234,2857.177432,2844.154372,2861.093570,2841.294955,2866.453783
2844.719042,2855.045825,2836.502293,2856.985769,2843.476419,2861.282644,2837.627697,2865.183914
2845.876011,2855.584998,2835.575956,2857.466331,2844.344986,2861.906073,2842.387797,2867.006101
2844.540283,2856.030903,2836.524122,2854.059231,2842.295967,2861.241366,2843.551501,2865.485269
2845.674629,2857.022934,2836.588043,2855.227302,2842.240815,2861.380414,2846.380858,2864.916607
2844.351244,2855.171648,2836.938348,2856.282000,2842.665129,2861.245867,2837.717007,2864.868002
2844.335477,2855.705061,2836.540782,2855.891044,2842.867381,2861.805126,2839.421022,2865.566105
2844.463247,2856.012802,2836.421740,2856.277315,2843.023940,2861.933600,2840.740413,2865.304505
2844.356304,2855.783075,2836.686456,2855.928977,2842.022833,2861.612406,2840.426514,2865.187933
2844.573805,2855.182150,2836.799326,2857.002816,2842.797792,2861.947229,2837.332418,2865.501836
2845.285271,2854.948738,2837.212408,2855.994033,2840.945832,2861.034249,2838.721353,2864.469542
2844.648471,2856.938975,2836.461363,2854.664515,2840.769511,2859.308002,2846.641369,2863.984223
2844.386854,2857.255797,2836.501086,2854.838562,2840.521955,2859.586255,2846.502156,2864.351802
2848.901268,2855.504810,2835.447845,2856.753410,2843.264553,2861.677693,2844.027164,2866.936416
2844.491715,2857.817170,2836.275742,2852.919713,2842.605512,2859.306786,2848.019144,2865.405848
2845.782365,2852.380537,2837.691032,2855.917944,2842.214888,2859.937675,2838.636810,2863.742933
2844.729732,2855.743970,2837.133062,2855.518387,2842.059063,2861.107141,2836.886399,2864.660159
2843.472931,2857.093049,2836.479964,2853.729232,2841.372940,2859.771446,2846.952116,2865.028429
2843.047293,2856.970643,2836.516468,2853.755198,2841.292373,2859.379153,2846.645473,2864.416609
2844.061281,2854.584764,2837.047745,2856.444500,2842.590296,2861.179106,2835.791072,2865.197525
2842.658429,2853.943135,2836.434938,2856.038283,2844.500932,2859.735456,2848.332222,2863.397304
2845.450799,2852.824863,2836.141965,2856.463179,2841.837228,2859.805597,2848.506054,2861.858296
2848.403646,2854.600188,2836.184988,2856.315078,2842.401252,2860.902934,2836.990434,2865.520693
2849.993487,2854.248927,2835.714382,2857.457438,2842.994431,2861.394900,2838.587391,2866.793191
2846.644893,2857.124275,2836.516983,2855.311228,2841.498014,2861.532317,2846.904060,2865.692332
2845.806078,2855.756098,2836.809360,2852.944104,2843.050968,2859.608464,2839.314086,2865.732519
2845.606130,2855.387961,2835.885087,2856.887839,2841.700294,2861.699765,2840.830916,2866.267390
2847.077923,2855.200411,2835.679828,2856.032494,2843.273337,2861.241370,2841.238613,2866.687299
2843.733075,2853.906354,2835.167149,2858.512161,2841.975483,2862.987875,2848.148136,2867.499320
2849.998385,2853.226273,2835.684920,2858.713383,2840.632173,2863.252021,2845.667621,2867.116111
2847.072974,2852.960322,2836.063880,2858.688768,2839.345909,2863.057367,2846.455641,2867.436583
2844.689376,2857.086215,2836.214724,2855.329971,2841.246030,2859.538958,2846.571793,2864.008641
2844.524114,2857.570276,2836.254869,2855.040892,2841.322922,2860.426107,2846.519835,2865.390885
2845.191308,2855.777124,2836.051129,2857.024911,2840.821416,2862.177960,2841.859925,2865.885783
2849.998417,2854.494473,2835.207668,2858.444036,2842.779911,2862.841696,2843.139282,2867.450754
2849.996689,2854.168015,2835.223163,2857.750532,2842.862434,2862.280756,2840.973535,2867.175688
2849.998063,2855.455493,2835.433660,2858.420506,2842.007323,2862.781245,2845.276535,2867.499981
2847.822581,2856.284758,2835.604462,2856.805466,2842.308929,2861.871637,2844.644252,2867.113155
2849.998699,2853.315095,2835.931637,2856.626082,2840.996014,2860.771393,2835.573683,2865.212950
2849.999950,2853.675561,2835.640964,2857.264530,2842.557342,2861.333769,2836.512547,2866.308567
2849.999991,2853.832283,2835.348690,2857.142807,2842.603795,2861.697720,2838.690790,2866.623500
2848.297855,2856.730867,2836.437131,2854.591701,2838.884519,2860.501361,2845.675571,2865.700373
2846.004107,2856.433206,2836.544008,2854.604807,2839.907231,2857.017759,2845.111950,2866.162310
2846.146432,2856.834398,2836.397825,2852.874170,2836.959252,2858.596407,2847.584383,2864.219697
2849.977805,2857.201853,2836.324931,2852.207663,2841.013480,2858.676447,2845.742887,2866.208190
2842.938685,2854.023334,2835.106219,2858.587862,2843.950231,2862.999534,2847.620100,2867.484454
2846.697370,2855.621495,2835.626397,2858.686306,2842.449200,2862.470922,2847.777561,2866.528758
2846.572168,2852.774931,2835.752735,2858.108545,2839.473150,2862.814750,2846.583272,2867.499976
2845.508480,2852.517311,2835.882524,2859.096387,2839.854242,2863.142668,2846.881954,2867.089217
2848.313353,2855.861634,2836.163450,2854.574875,2842.847483,2862.650974,2837.166490,2865.693481
2848.407905,2857.777747,2836.155929,2853.244976,2842.724700,2862.525418,2846.113484,2866.160559
2846.262729,2855.391286,2836.416377,2856.841455,2842.424653,2862.498772,2838.480937,2865.606648
2848.108625,2856.364296,2835.725905,2859.133972,2840.753967,2864.126598,2844.424799,2866.805333
2844.381393,2857.197578,2836.439013,2853.015845,2841.121844,2859.747172,2846.380269,2866.797950
2847.691546,2857.415752,2836.252414,2856.472922,2844.626851,2862.386458,2844.768307,2866.833941
2841.472138,2854.242639,2835.711457,2856.792161,2852.698842,2861.670918,2834.457487,2866.895581
2847.775764,2857.301719,2836.494787,2853.062112,2846.028177,2856.473564,2841.876867,2863.782182
2846.548268,2857.460757,2836.414275,2852.812695,2846.396239,2856.339816,2841.581727,2864.946426
2847.627409,2856.650753,2836.379158,2854.644736,2841.992041,2856.995850,2846.346402,2866.483450
2842.747337,2851.080513,2836.309860,2854.469627,2843.489726,2858.147363,2848.337838,2861.454320
2843.963832,2857.642301,2836.278531,2852.675934,2841.128556,2859.116362,2847.658422,2866.122781
2843.790159,2854.696306,2836.777687,2853.474431,2841.204123,2859.608680,2838.776546,2865.724177
2846.068316,2856.452054,2836.298882,2853.161639,2843.015168,2856.840544,2838.321345,2865.219623
2846.536151,2857.584261,2836.365472,2854.761341,2842.778173,2861.213447,2845.799995,2864.496648
2846.770421,2857.317381,2836.290746,2853.074643,2842.380511,2859.319495,2845.591555,2863.942816
2848.345104,2856.756634,2836.411330,2852.270860,2840.370481,2858.808717,2846.029985,2864.700424
2844.829399,2857.326930,2836.401082,2854.239149,2841.333077,2860.394246,2846.949901,2864.847435
2847.156495,2857.159401,2836.069586,2853.059726,2842.227459,2859.579993,2845.123683,2866.295975
2843.570028,2855.066889,2835.696372,2859.515146,2844.253472,2863.089680,2846.719907,2866.745202
2844.155759,2855.955038,2836.530635,2857.653466,2841.662580,2862.627125,2841.725782,2866.194502
2844.964607,2857.259141,2836.375377,2852.568531,2840.610154,2858.982202,2846.842466,2865.667488
2845.960703,2857.105663,2836.552542,2857.493294,2839.598925,2860.602535,2846.110544,2864.702570
2848.702146,2856.745761,2836.137185,2853.983632,2845.960912,2860.103066,2841.962324,2865.149635
2846.016549,2857.422211,2835.867953,2853.371198,2844.700875,2859.849502,2846.146212,2867.410788
2846.844867,2857.338752,2836.296472,2855.457992,2840.871209,2855.594663,2846.225535,2865.208139
2849.999982,2853.972950,2835.927721,2854.888681,2841.336724,2860.108220,2835.173672,2865.648252
2841.852335,2855.018602,2836.658068,2857.005068,2842.515128,2861.754243,2834.224623,2865.997213
2849.071187,2853.575397,2836.888585,2856.205083,2841.676697,2861.526921,2837.871647,2867.496659
2844.921621,2857.080920,2836.400860,2854.446634,2840.013771,2860.431492,2846.819473,2865.133349
2845.701586,2857.498827,2836.394682,2854.481618,2841.566679,2860.890614,2846.093124,2864.488640
2844.069101,2857.573778,2836.340158,2857.620194,2841.318594,2859.959242,2846.168021,2864.301805
2845.936721,2857.216990,2836.416698,2855.290448,2845.848010,2859.934315,2840.131708,2865.889096
2840.255692,2855.709279,2836.235994,2855.023706,2839.439504,2866.064567,2843.558507,2863.231122
2844.774801,2857.937470,2836.331078,2857.917382,2846.481619,2860.770586,2842.251283,2863.677671
2845.514665,2857.837262,2836.490237,2858.706416,2846.350908,2860.925144,2841.083243,2863.479061
2848.999981,2852.979809,2835.590880,2858.544943,2838.481403,2863.012865,2841.170925,2866.696512
2848.998233,2854.108185,2835.222239,2860.227965,2841.590918,2866.299528,2840.721107,2866.279888
2848.996639,2853.748696,2835.050707,2858.673691,2842.306790,2864.881441,2838.185198,2864.451712
2848.997550,2854.680340,2835.132293,2858.382667,2841.565724,2864.389815,2840.440139,2864.148575
2847.823633,2856.081251,2835.895899,2857.410823,2844.297111,2858.543653,2847.722642,2860.303247
2848.734840,2853.226174,2836.097022,2857.972941,2846.452148,2860.684463,2841.359030,2861.261192
2846.142547,2852.669990,2836.885409,2856.753316,2847.039359,2860.599511,2841.143607,2860.721508
2846.864792,2853.079188,2836.109110,2857.210557,2846.389941,2859.265427,2840.392274,2860.126945
2848.825774,2853.463129,2835.794331,2858.011049,2844.751166,2860.447548,2841.466795,2861.020645
2838.413842,2855.696976,2848.528417,2855.018234,2849.311893,2860.379032,2837.058348,2865.988000
2836.875001,2853.815991,2844.677835,2853.552180,2847.935647,2857.012295,2836.930226,2861.013593
2838.522122,2851.482797,2840.299845,2854.270504,2845.096806,2857.683591,2836.847950,2861.236364
2836.628279,2853.174444,2844.768766,2853.236598,2847.083622,2856.658909,2836.454660,2860.537864
2840.563921,2853.207559,2844.428749,2854.088851,2845.803549,2857.166401,2836.467539,2860.901376
2829.041232,2853.685224,2835.686750,2858.218050,2842.734812,2862.671377,2844.752697,2866.828249
2830.349697,2853.086663,2835.873384,2858.063011,2841.906530,2862.524354,2842.954474,2866.511405
2829.786354,2853.208558,2835.542714,2858.228164,2841.876178,2862.759211,2843.909526,2866.984969
2846.995513,2852.716541,2835.563720,2859.346974,2842.236943,2864.007755,2844.970205,2867.831253
2845.513311,2857.305609,2836.377198,2854.521562,2846.857321,2861.376489,2840.146452,2866.528972
2844.881317,2855.696306,2836.859669,2857.986557,2840.168580,2863.309130,2841.779733,2867.620354
2843.314953,2855.872660,2836.601984,2857.984092,2840.357585,2862.717039,2838.493332,2866.591315
2844.100224,2856.452309,2836.385066,2857.550542,2842.409614,2863.433036,2844.247534,2867.560710
2845.010210,2856.863661,2836.196531,2855.262303,2842.579619,2861.175108,2842.791681,2866.945720
2846.008484,2857.462602,2836.322757,2859.638110,2841.425691,2859.921250,2845.776173,2865.817623
2844.345965,2857.170825,2836.467928,2859.054169,2839.649255,2856.837060,2845.774027,2865.461588
2846.339479,2857.178655,2836.492492,2858.761163,2839.502484,2856.635200,2845.754535,2865.290247
2843.080047,2853.681148,2836.736133,2859.315363,2841.805168,2857.656644,2846.364421,2863.977458
2842.032693,2854.325996,2836.931999,2861.298774,2841.187794,2858.962187,2847.132910,2865.875966
2844.530314,2856.405312,2836.597825,2859.466930,2840.508993,2858.154792,2842.378558,2865.666462
2844.686556,2857.127675,2836.482370,2859.210730,2840.188865,2858.171347,2844.969937,2866.037844
2844.078549,2855.512317,2836.884944,2857.054955,2841.134344,2862.113233,2837.548279,2865.495820
2845.522500,2857.377986,2836.401737,2857.125057,2840.603270,2857.279688,2845.627776,2864.216289
2845.396505,2857.502829,2836.306277,2859.368999,2841.857381,2856.638370,2845.862364,2865.785597
2844.573491,2855.930981,2836.561579,2859.431367,2842.883285,2858.503980,2838.773087,2865.607039
2845.397569,2857.404660,2836.373294,2857.769933,2845.869433,2859.657768,2840.013582,2864.581511
2842.331252,2854.365136,2836.072076,2859.611034,2843.462556,2859.409704,2846.512885,2864.848205
2846.144641,2857.555013,2836.322701,2854.851752,2840.539313,2859.956458,2846.502439,2864.565816
2843.828365,2856.669245,2836.384041,2856.322222,2841.089521,2861.353515,2843.509037,2865.566483
2843.873124,2855.773675,2836.527274,2857.352318,2841.456177,2861.752438,2838.282955,2865.757718
2842.471344,2855.957294,2836.410528,2858.262957,2840.792824,2859.308377,2835.903121,2865.879828
2846.930140,2858.184417,2836.425155,2859.987585,2840.448046,2859.107140,2844.729669,2866.663753
2844.402701,2857.432136,2836.417228,2858.755904,2839.938718,2858.119842,2845.881800,2865.202943
2845.421859,2857.661821,2836.221204,2858.140646,2842.050293,2855.517140,2846.118213,2864.935401
2847.348017,2857.217816,2836.417904,2854.761039,2841.780983,2855.049386,2845.404201,2864.989097
2848.881363,2857.036511,2836.174000,2856.210064,2841.217228,2856.714139,2845.965374,2866.178509
2843.859515,2857.601169,2836.261762,2858.467529,2841.544323,2859.637834,2846.211245,2866.174094
2842.227215,2855.461191,2836.775982,2858.654981,2842.651644,2858.259626,2838.651707,2865.848698
2843.445448,2855.611682,2835.977276,2857.203517,2843.802457,2860.059595,2838.030643,2865.706271
2843.973354,2855.634219,2835.975950,2861.941959,2842.327119,2858.869849,2846.257649,2863.072858
2848.992303,2856.084527,2836.098079,2860.904188,2841.538784,2860.967582,2846.903848,2863.421909
2843.796650,2854.617766,2836.206830,2857.189579,2843.742488,2859.544153,2840.316823,2865.161684
2845.253205,2857.386289,2836.223656,2855.585541,2841.225878,2860.027847,2846.272208,2864.458821
2841.312705,2853.753471,2835.482836,2860.207880,2845.133671,2864.590698,2846.322058,2868.248154
2844.692680,2856.676436,2836.016406,2858.439374,2843.740852,2863.732203,2843.294758,2867.542998
2846.267749,2857.641079,2836.261373,2855.102278,2840.222957,2859.874868,2846.391949,2864.705272
2847.529288,2857.455660,2836.353520,2858.308754,2840.443657,2862.693219,2845.747879,2866.983930
2843.817941,2857.786555,2836.266537,2859.126233,2839.958337,2863.035333,2846.777549,2867.416355
2844.957108,2855.358169,2836.190279,2857.804952,2840.840513,2859.837836,2841.595296,2863.603895
2843.563540,2854.555642,2836.392973,2858.359436,2840.191002,2860.462162,2841.189172,2863.903522
2845.222717,2855.189865,2836.257072,2858.171606,2841.330642,2859.869292,2842.082969,2863.397628
2842.540867,2853.050689,2836.671702,2858.745069,2839.948746,2860.718761,2843.198881,2864.601257
2845.831928,2857.621715,2836.268429,2858.476326,2840.339153,2861.295872,2846.044482,2865.941411
2845.921723,2855.297635,2837.034072,2858.579265,2839.746954,2860.057868,2845.450055,2862.992344
2831.807738,2852.597133,2836.870536,2857.377552,2839.550327,2859.283282,2840.526410,2862.592573
2847.514846,2855.361172,2836.225370,2857.519429,2839.518880,2859.343704,2840.146437,2862.277404
2846.664195,2855.554672,2836.442717,2857.004367,2840.770590,2859.029621,2841.118119,2861.812972
2846.667922,2855.582802,2836.434146,2856.949748,2840.744701,2858.962625,2841.173719,2861.886792
2843.673133,2853.697543,2836.907509,2857.806239,2840.133497,2860.572738,2840.661530,2861.710603
2847.791549,2856.154305,2835.906106,2855.800633,2841.345657,2857.804701,2840.446173,2860.029286
2845.919896,2855.541064,2836.404205,2856.997031,2842.636268,2859.118418,2839.171177,2861.520900
2845.136378,2854.657482,2836.529717,2857.127160,2841.889928,2858.709630,2840.447253,2862.192543
2848.647644,2855.228783,2837.658696,2857.216057,2836.401754,2859.471447,2839.963235,2862.669248
2844.842646,2854.080397,2837.008089,2857.833367,2839.158646,2859.684032,2839.983430,2861.805227
2845.571806,2854.667765,2836.606146,2857.174709,2839.343271,2859.124507,2839.679419,2861.168692
2845.536734,2855.152690,2839.620583,2856.759948,2836.653854,2858.655443,2839.953750,2861.378300
2843.562223,2853.659014,2837.055455,2857.278430,2840.186433,2858.121764,2840.253262,2862.318552
2846.465403,2854.746692,2836.638620,2856.808705,2839.535748,2858.990752,2839.327338,2860.903059
2845.511720,2853.847098,2837.492077,2859.203815,2836.693283,2860.845909,2845.282540,2861.928038
2845.676082,2855.250146,2836.358117,2857.342685,2840.689769,2859.350375,2841.091689,2862.048446
2848.993745,2854.151647,2837.514524,2859.352529,2836.468296,2860.431368,2846.784868,2862.917094
2845.802684,2854.967837,2836.327050,2856.624376,2839.967313,2858.016076,2842.065036,2861.029081
2848.998458,2855.046239,2839.425372,2859.103261,2836.146944,2861.614529,2846.840873,2861.933028
2848.996051,2855.191100,2836.451392,2858.877143,2837.711704,2863.613787,2846.710858,2863.391052
2846.850641,2855.042731,2836.812753,2858.143819,2836.740979,2860.652573,2843.735099,2861.281758
2841.108939,2854.455743,2836.308931,2856.275784,2838.216554,2858.790806,2842.545847,2861.742265
2840.514795,2853.010321,2836.783354,2857.412222,2838.856291,2859.843611,2840.266910,2862.193818
2848.997968,2855.912455,2838.094250,2858.677165,2836.469581,2861.784818,2847.212099,2861.959495
2841.335855,2853.198384,2835.824155,2858.098268,2839.707814,2860.719050,2841.205324,2861.255711
2847.306706,2853.323068,2835.020944,2857.116955,2839.115145,2865.608720,2838.764197,2861.399460
2837.255088,2854.188019,2836.501819,2856.868053,2837.674591,2866.230232,2848.675196,2861.803495
2834.921559,2853.273129,2839.959895,2858.002166,2840.057130,2865.417349,2846.263033,2861.360562
2836.493838,2853.680571,2837.926516,2858.509175,2839.609887,2859.567470,2841.607443,2862.735711
2837.954483,2854.421800,2836.357976,2858.208144,2843.645266,2860.126601,2840.276151,2862.020753
2836.482286,2853.863122,2836.838137,2857.288136,2837.939452,2860.115892,2845.268084,2864.135591
2836.480229,2853.815224,2836.970275,2857.220399,2837.565895,2860.180338,2845.090106,2864.086215
2837.486553,2856.016776,2836.516012,2857.897261,2848.177011,2861.186255,2850.644260,2866.464105
2836.435399,2854.964805,2838.238281,2857.082785,2839.830064,2859.808473,2844.268850,2863.967059
2836.389166,2855.905960,2837.308379,2856.836842,2848.269306,2861.153785,2851.344277,2865.761804
2836.569696,2855.773541,2837.257255,2857.481108,2846.628119,2860.635920,2849.067541,2865.594202
2836.011034,2853.512285,2837.782282,2857.468163,2837.683563,2860.208514,2844.980875,2864.126875
2836.754424,2854.488888,2838.285963,2857.314227,2838.126964,2860.206017,2845.493127,2863.988879
2837.038634,2854.641141,2836.463655,2858.761123,2845.158161,2860.449933,2848.886161,2866.100271
2837.193937,2854.312276,2836.526657,2858.543801,2848.198700,2860.015910,2850.008042,2868.014198
2836.474881,2854.904092,2837.520171,2860.309147,2839.116623,2861.528553,2847.405660,2862.515860
2836.516282,2854.140539,2836.913770,2860.632382,2836.447191,2861.717926,2849.433611,2862.472573
2837.472020,2854.755563,2836.458737,2859.707395,2847.747937,2864.119461,2850.088706,2864.675477
2836.122940,2855.601216,2837.882694,2856.387303,2840.184930,2859.832238,2847.493092,2864.360634
2838.681862,2854.468555,2837.034957,2856.740192,2836.385267,2859.179791,2845.478141,2862.889790
2838.221470,2855.295191,2843.881283,2857.257260,2836.542514,2860.285566,2848.377384,2865.159843
2839.377566,2853.400655,2835.494766,2856.893089,2836.696038,2858.063925,2844.694478,2862.190656
2836.278652,2854.849113,2834.950538,2857.384334,2837.043572,2859.455412,2847.962758,2862.283622
2836.610851,2853.464252,2838.330502,2857.931377,2839.469154,2861.465767,2842.679888,2863.295215
2836.312543,2855.199324,2838.449483,2858.356768,2839.231489,2859.699589,2845.343134,2863.146086
2836.364953,2853.829134,2838.162290,2857.998482,2839.202488,2860.654710,2843.232593,2863.290795
2836.877650,2855.458647,2836.433314,2858.924059,2845.665322,2861.903857,2849.052520,2863.550950
2836.600374,2855.044295,2838.658618,2857.705779,2839.045050,2859.939242,2845.867262,2864.292983
2836.231122,2854.468377,2839.851227,2860.234649,2845.448541,2859.225630,2846.095729,2863.568706
2836.071231,2855.232418,2840.191063,2857.762610,2841.396574,2860.087635,2849.161972,2863.102455
2836.565282,2854.057014,2838.322077,2857.461551,2839.238336,2860.099700,2845.237946,2864.081018
2836.324749,2854.418734,2838.648799,2859.288790,2840.182937,2861.275288,2847.188734,2863.907288
2835.905997,2854.175600,2836.952072,2857.602061,2837.172437,2859.914382,2845.841388,2864.278246
2836.464352,2854.178224,2837.817168,2858.090374,2839.363565,2860.508279,2843.535818,2864.050083
2836.429539,2853.991083,2836.801534,2858.427241,2838.399624,2861.567056,2844.693349,2863.003897
2837.754439,2853.822071,2836.402302,2858.173891,2838.658256,2860.417120,2843.018864,2863.427417
2837.231961,2854.036888,2836.366662,2858.516643,2837.674652,2861.392936,2844.311713,2863.013745
2836.401625,2855.572925,2836.978955,2859.912968,2846.060767,2862.434081,2849.701904,2863.662825
2837.546195,2853.997539,2836.624574,2858.942200,2838.056367,2860.598455,2839.967529,2863.504550
2838.828714,2855.171200,2836.143110,2858.170427,2838.650759,2859.587635,2845.585067,2863.059217
2838.199383,2854.707561,2836.225486,2858.645755,2839.110091,2860.163470,2845.263556,2863.507831
2838.523621,2854.655209,2836.224457,2858.075920,2838.723172,2860.243239,2843.848825,2862.450087
2838.488699,2854.407834,2836.306411,2858.230802,2837.470744,2860.454334,2838.973029,2863.621414
2839.267829,2854.843396,2836.260228,2859.521862,2839.133718,2861.371948,2846.022420,2862.049823
2840.488903,2854.176377,2836.264297,2858.481531,2839.252834,2860.868230,2840.094762,2863.482964
2838.773342,2853.614657,2836.323750,2858.488936,2837.251874,2861.680215,2841.085413,2863.437359
2840.263452,2853.750402,2836.086704,2858.553418,2837.046668,2861.521631,2840.736459,2863.278659
2836.403470,2854.670171,2836.590485,2859.831650,2836.159768,2860.811013,2848.341231,2862.152059
2837.856311,2853.394252,2835.937857,2858.394195,2837.779347,2861.173260,2839.793688,2863.334741
2842.098926,2853.839680,2835.955902,2858.253577,2837.747410,2861.630917,2838.607035,2862.697442
2846.156163,2855.629177,2836.022639,2857.403314,2839.771278,2859.560318,2840.220194,2862.956087
2845.787001,2855.553633,2836.101253,2857.789247,2839.898224,2859.545991,2840.102217,2863.053764
2844.346703,2855.208096,2836.131624,2858.663828,2839.708374,2859.984913,2839.453802,2863.005333
2844.530768,2854.836724,2836.145012,2857.532529,2839.837684,2859.535461,2839.654533,2863.383990
2840.914845,2853.820923,2836.174155,2858.258481,2839.135953,2860.211038,2838.972221,2863.437322
2844.059471,2854.957295,2836.230183,2857.869165,2839.606090,2859.671985,2839.193773,2863.425284
2840.965616,2853.944949,2836.233571,2858.258330,2838.925866,2860.458742,2838.768975,2863.623283
2844.093223,2855.104382,2836.273610,2858.496284,2838.843762,2860.299923,2838.342943,2862.873243
2844.967038,2855.317348,2836.263639,2858.039786,2838.944231,2859.908442,2838.417603,2863.246793
2844.122147,2854.876105,2836.258955,2858.152560,2838.696940,2860.115355,2838.615568,2862.912106
2844.485016,2854.836482,2836.200235,2858.937169,2838.193388,2861.563081,2838.270905,2862.259209
2847.080417,2854.871995,2836.654297,2859.858798,2836.636195,2861.159653,2836.062778,2862.431766
2845.809589,2855.517017,2836.010348,2858.046546,2841.187515,2860.001298,2837.903319,2863.418514
2845.650509,2855.098846,2835.884915,2857.746924,2841.287715,2860.000901,2837.571039,2863.535556
2846.036257,2855.615956,2835.965645,2858.114742,2841.022438,2860.088275,2837.668055,2863.374785
2845.142161,2855.125539,2836.033057,2857.893274,2840.340601,2860.003349,2837.997930,2863.516506
2845.436144,2855.475662,2836.156276,2857.732132,2838.859976,2859.531688,2838.087972,2863.168650
2840.976927,2854.546255,2836.131217,2858.672093,2838.341768,2860.837530,2838.389048,2863.069912
2844.789635,2855.138040,2836.251310,2858.649586,2838.578740,2860.620827,2838.413904,2863.153356
2844.299181,2854.937349,2836.198274,2858.821593,2838.686140,2861.387581,2838.457829,2862.381266
2844.442766,2855.234357,2836.168429,2858.203818,2839.186470,2860.193251,2838.811307,2863.629114
2843.494599,2854.813226,2836.183145,2858.563424,2838.915583,2860.715340,2838.707374,2863.221476
2845.216226,2855.059765,2836.057108,2856.880319,2839.476925,2859.647203,2839.278462,2862.994939
2845.380811,2855.522122,2836.245769,2858.751707,2838.689040,2860.257143,2838.763046,2863.232962
2846.414584,2855.616272,2836.143236,2857.819567,2839.555151,2860.197559,2839.531713,2863.451721
2846.186216,2854.942967,2836.240485,2857.667399,2839.482630,2860.080087,2839.905875,2863.633130
2840.282799,2853.813586,2836.540626,2858.985142,2838.101909,2861.838591,2838.532806,2863.575623
2842.159718,2854.237608,2836.409936,2859.397481,2838.319090,2861.572469,2838.677775,2863.308630
2842.379521,2854.645508,2836.376034,2859.039952,2838.526717,2861.302197,2838.972328,2863.131812
2841.779960,2854.877271,2836.274000,2859.086215,2838.736506,2860.371565,2839.259972,2862.886981
2842.533954,2854.660877,2836.407715,2859.512986,2838.197293,2861.454878,2838.641976,2863.308563
2845.207084,2854.782330,2835.859820,2858.899230,2836.807832,2861.667981,2836.255683,2862.213210
2843.812227,2853.974972,2835.883137,2858.769850,2837.312474,2862.005551,2836.594926,2862.995883
2844.380401,2854.152669,2835.827318,2858.755986,2837.024205,2862.054464,2836.487654,2862.758114
2844.645327,2854.641806,2835.757671,2859.221785,2836.805261,2861.530643,2837.578371,2862.579255
2844.227423,2854.847740,2836.022786,2859.694472,2837.904202,2861.562586,2837.438932,2862.119176
2844.341616,2855.222977,2836.060037,2858.504870,2839.380713,2859.759428,2839.562654,2863.555915
2844.785453,2854.916520,2836.228081,2859.614648,2838.167855,2861.952244,2838.540493,2862.278688
2841.366236,2853.688127,2836.387354,2859.044306,2837.784539,2861.564601,2838.237180,2863.438466
2842.106799,2853.660585,2836.296093,2859.325812,2837.806037,2862.011237,2838.278442,2863.225921
2842.057528,2853.652838,2836.310945,2859.313063,2837.815401,2861.995910,2838.278831,2863.231410
2842.553280,2853.777721,2836.207308,2859.263614,2837.920318,2862.004641,2838.342258,2863.131878
2846.092902,2855.008638,2836.148506,2859.981735,2838.078872,2862.129532,2838.651835,2862.314695
2842.294351,2853.673816,2836.345343,2859.140199,2837.881098,2862.104224,2838.481549,2863.146458
2846.162529,2854.720853,2836.108685,2860.611229,2838.216858,2861.873848,2838.531456,2862.057993
2842.033286,2853.567913,2836.440453,2859.310946,2837.819140,2862.038519,2838.253243,2863.203210
2842.101363,2853.549256,2836.367773,2859.462091,2837.821514,2862.002763,2838.273711,2863.078543
2842.241294,2853.686765,2836.281601,2859.573141,2837.756338,2862.038920,2838.281554,2863.067564
2842.252265,2853.538151,2836.352479,2859.466468,2837.863604,2862.007016,2838.303133,2863.033929
2842.250945,2853.534991,2836.351499,2859.468927,2837.865267,2862.006185,2838.305009,2863.030523
2841.941362,2853.521711,2836.329381,2859.351865,2838.104208,2862.183245,2838.654016,2863.075436
2845.837174,2853.970479,2836.275839,2860.489099,2838.634466,2862.046455,2838.877661,2862.323810
2842.390539,2853.577313,2836.093230,2859.349096,2838.226779,2862.074724,2838.753778,2862.867200
2842.116631,2853.456185,2836.179107,2859.355106,2838.132999,2862.115956,2838.713445,2862.983157
2841.775874,2853.518046,2836.281317,2859.432051,2838.082260,2862.078272,2838.617905,2863.007903
2843.063453,2853.773482,2836.170778,2859.434851,2838.226801,2862.107137,2838.721862,2862.600538
2842.330495,2853.949177,2835.696341,2857.878008,2837.147957,2860.150665,2837.865117,2864.653166
2840.379867,2854.135195,2835.988858,2858.131004,2837.413704,2860.630122,2837.895015,2864.298586
2839.709646,2854.078302,2835.971396,2858.240481,2837.133676,2860.741965,2837.957576,2864.378461
2845.041193,2855.065289,2835.824989,2859.048358,2836.853331,2859.893817,2837.789187,2864.547729
2844.924767,2855.092186,2835.800283,2859.059719,2836.837967,2860.003295,2837.764647,2864.551696
2845.274943,2854.373179,2835.848250,2859.931566,2837.346651,2861.147382,2837.836176,2862.945021
2836.511848,2852.943811,2842.206438,2857.068964,2846.436206,2861.447523,2836.499676,2863.160285
2840.363193,2852.858871,2843.062413,2857.686961,2838.821854,2861.837085,2835.336092,2866.050445
2840.886985,2854.044668,2842.106498,2858.980378,2844.324429,2860.868984,2836.079603,2865.703396
2839.799640,2854.129993,2839.920044,2859.829762,2842.071666,2863.758710,2836.114751,2865.551327
2840.563631,2853.225111,2836.749302,2858.652542,2841.494842,2861.685259,2833.757694,2864.716977
2840.860505,2853.548299,2838.878214,2857.536944,2842.725425,2860.965525,2835.398623,2865.272934
2840.483015,2853.781321,2838.327322,2856.641072,2840.771351,2861.085954,2835.140246,2865.972075
2839.672523,2851.772941,2838.855296,2857.432902,2841.018123,2861.023303,2836.194055,2865.484532
2840.266368,2852.668744,2842.234495,2857.905868,2840.266673,2861.152949,2835.608249,2866.015879
2838.957022,2852.692561,2842.514040,2856.655229,2846.847237,2860.226050,2835.701360,2866.344905
2840.292875,2855.566868,2835.634370,2857.808988,2839.298131,2860.737804,2834.755760,2864.412097
2841.363098,2853.922401,2843.147105,2857.171796,2843.766023,2860.703356,2835.557372,2864.814713
2841.043755,2852.421299,2842.162357,2856.400732,2847.618914,2860.519037,2835.528573,2863.917451
2837.174769,2854.335356,2837.930501,2857.303425,2841.283845,2861.678478,2836.121506,2864.425327
2839.997184,2854.130477,2837.741015,2858.121989,2837.992027,2861.331241,2833.736684,2865.614477
2836.428896,2853.011016,2838.162484,2857.248602,2836.677110,2861.554374,2837.327919,2864.886041
2835.963922,2852.818610,2838.649639,2857.843857,2837.608309,2861.475515,2836.375398,2863.495246
2836.382298,2853.891210,2838.418763,2857.964548,2839.902995,2859.685368,2834.826087,2864.058959
2836.574700,2854.140211,2840.339334,2858.011753,2840.090703,2862.433475,2836.126019,2864.926195
2836.375904,2855.266379,2838.673865,2856.916220,2838.109351,2861.089255,2835.602690,2865.184193
2840.374318,2854.488989,2839.421002,2858.376791,2839.295358,2862.274740,2836.235473,2864.725783
2838.694342,2854.221556,2840.345843,2858.350794,2840.297765,2862.247248,2836.307260,2865.195957
2838.461439,2854.555529,2840.069426,2858.458703,2839.709734,2862.503054,2835.991573,2864.997214
2837.867056,2854.889943,2840.861824,2858.260321,2840.492128,2861.600509,2835.939064,2864.685059
2838.571511,2853.102331,2837.958096,2857.650899,2836.446559,2861.062095,2834.965675,2864.453354
2835.733485,2853.219583,2837.035480,2858.013242,2836.640778,2861.463355,2836.929606,2864.250771
2835.694995,2854.590604,2838.285792,2857.871434,2837.735705,2861.879669,2836.731100,2864.280648
2835.547618,2853.437119,2838.033723,2858.443700,2837.992957,2861.803400,2837.344282,2864.219031
2835.459350,2854.840941,2837.631480,2857.663852,2836.709120,2862.040429,2840.961777,2864.376847
2835.533524,2854.719565,2838.791576,2857.702125,2840.318265,2860.852479,2843.814466,2864.655811
2835.947872,2854.594677,2838.457065,2858.216688,2839.243482,2862.094578,2846.359555,2863.584642
2835.745514,2855.743812,2837.407197,2857.840957,2838.107964,2860.601342,2845.993631,2864.933862
2835.769441,2855.610692,2837.462948,2858.275628,2838.428263,2860.638723,2845.493350,2864.853961
2835.692274,2855.746754,2837.443939,2858.291711,2838.322080,2860.663833,2845.569886,2864.777008
2835.682580,2855.857994,2837.476345,2858.531978,2838.605041,2860.056437,2845.981820,2863.813646
2835.397925,2854.506326,2837.476341,2858.506424,2838.130898,2861.091268,2838.017994,2863.656130
2835.649364,2855.044592,2837.606195,2857.611719,2838.722825,2861.363492,2846.051872,2862.794800
2835.792765,2855.296320,2837.548631,2857.646846,2838.477025,2861.730606,2846.147799,2863.631030
2835.724788,2855.975537,2837.178659,2858.103579,2838.979366,2860.725637,2846.771774,2864.026128
2835.630386,2855.762672,2837.444873,2858.475786,2838.252201,2860.669594,2845.417159,2863.834918
2835.641498,2855.859543,2837.424951,2858.340928,2838.080682,2860.560878,2845.535930,2864.038184
2835.656530,2855.790640,2837.496643,2858.357788,2838.032740,2860.235115,2845.241814,2863.944640
2835.645268,2856.021610,2837.085752,2858.229596,2837.512471,2860.244614,2845.928029,2864.662259
2835.838958,2854.733533,2837.236702,2859.165061,2837.578023,2861.653513,2840.033026,2864.706656
2835.749837,2854.844955,2837.072436,2859.278847,2837.410959,2861.628365,2840.302088,2864.747564
2835.619176,2855.921670,2836.992518,2857.558155,2838.438903,2860.868557,2846.644749,2865.143756
2835.769698,2854.988378,2837.289391,2859.068907,2837.630504,2860.866094,2842.918077,2864.787132
2835.580101,2854.569280,2837.715122,2858.608739,2838.639034,2862.059929,2842.753059,2863.973421
2835.586134,2854.893858,2837.469212,2857.991480,2838.425365,2862.724753,2846.916925,2864.007972
2834.896618,2855.357415,2837.215674,2858.070851,2839.317959,2860.380421,2845.325117,2863.732660
2835.866934,2854.669390,2836.775457,2858.395756,2837.461316,2861.522096,2844.051167,2864.224187
2835.643067,2855.794179,2836.042241,2858.576382,2837.633621,2860.129940,2845.302551,2864.735649
2835.685814,2854.662078,2836.445303,2859.079143,2837.087757,2861.672155,2841.598804,2864.721383
2835.648976,2854.819597,2836.555366,2858.913451,2837.023698,2861.651236,2842.785217,2864.755100
2835.661544,2854.686643,2836.467919,2858.873482,2837.008407,2861.761471,2841.116830,2864.436305
2835.440609,2855.322537,2836.440675,2858.969848,2836.478149,2861.016757,2844.073988,2864.116531
2835.735204,2854.633900,2836.508723,2858.906909,2837.043165,2861.226577,2841.296606,2864.548702
2836.238852,2855.727034,2835.699392,2858.726963,2837.375697,2860.997749,2845.239006,2864.556582
2835.185936,2855.539484,2837.154120,2857.813326,2838.133894,2861.885480,2846.063761,2864.112107
2834.613124,2855.375081,2837.347558,2858.593210,2837.706915,2861.525477,2840.869594,2863.649624
2835.039899,2854.986480,2836.021605,2858.447891,2836.828478,2861.145471,2840.451362,2863.628788
2837.664161,2854.999771,2836.107042,2857.682570,2836.757531,2860.013203,2834.972155,2863.827858
2837.439946,2854.797677,2835.643966,2858.311563,2835.772881,2861.740873,2835.666598,2864.067484
2837.579518,2854.730997,2836.049654,2858.159763,2836.441556,2861.227322,2834.402090,2863.875964
2837.571780,2854.847073,2835.953478,2858.233041,2836.293471,2861.278290,2834.679606,2863.889378
2836.989557,2855.318104,2836.979559,2858.221225,2838.046204,2861.501636,2834.073982,2863.268248
2835.931182,2855.388059,2836.491992,2858.340739,2839.090505,2861.811197,2834.416590,2863.717781
2837.194597,2855.428575,2836.980712,2856.780378,2838.608473,2861.411772,2834.184234,2862.571641
2836.178522,2855.318691,2837.166474,2858.194238,2837.697689,2861.624079,2834.444883,2862.987907
2840.728988,2853.921992,2833.787975,2858.342079,2839.202244,2862.048497,2840.102082,2865.240658
2840.008316,2853.884651,2834.438778,2858.879821,2837.488448,2862.330645,2836.762446,2865.081453
2840.023053,2853.884241,2834.543452,2858.807260,2837.579926,2862.427866,2836.514595,2864.992638
2841.471334,2853.882066,2834.733434,2858.366227,2837.647351,2862.268130,2836.085768,2864.892863
2841.434758,2853.851699,2834.761982,2858.353034,2837.559626,2862.256574,2836.021248,2864.872369
2838.741203,2854.229109,2834.589451,2858.752830,2837.417340,2862.507531,2836.712807,2865.016784
2838.488742,2854.203018,2834.764075,2858.998310,2837.355805,2862.758009,2837.244632,2865.104815
2838.052661,2853.879886,2835.249631,2859.210484,2837.535975,2862.917247,2837.947994,2865.038867
2837.984449,2854.232051,2835.423226,2859.347736,2837.246659,2862.945750,2837.844436,2865.030567
2837.992254,2854.169242,2835.454920,2859.334398,2837.006832,2862.940728,2837.769988,2865.003628
2837.917123,2854.209117,2835.448367,2859.370851,2837.395527,2862.904176,2837.648613,2865.040790
2841.265998,2854.122692,2834.187221,2857.904631,2838.047419,2862.467305,2836.396484,2865.033932
2839.730399,2853.919660,2834.354483,2858.688467,2838.780430,2861.817279,2836.070812,2865.032412
2839.489996,2854.038580,2834.442082,2858.700619,2838.179673,2862.152441,2836.108311,2865.092717
2837.851725,2854.187448,2835.033695,2859.141551,2837.021694,2862.721801,2836.757943,2864.951730
2842.488140,2854.012637,2833.824614,2858.357677,2839.038082,2861.900131,2839.279379,2865.423057
2838.667339,2853.786862,2834.255500,2858.580089,2838.375460,2862.371510,2836.908729,2864.906640
2840.619371,2854.158618,2833.968800,2858.779569,2839.128173,2862.255096,2838.013869,2865.327738
2838.561192,2854.261840,2834.631232,2858.568387,2839.378751,2862.837904,2836.843229,2864.923527
2838.654780,2854.206033,2834.536213,2858.631059,2839.033293,2862.795958,2836.821994,2864.961145
2837.682769,2854.073169,2834.682340,2859.656903,2846.458891,2861.842064,2836.037544,2865.689625
2837.020675,2855.639274,2835.310428,2857.674429,2845.611830,2861.316977,2835.839426,2865.012561
2839.461657,2854.436697,2834.983070,2858.770992,2838.235582,2862.230816,2837.898291,2864.975606
2838.485264,2854.396474,2835.199232,2858.802867,2838.292574,2862.412237,2836.326008,2864.691831
2838.649607,2853.868529,2834.873570,2858.932408,2837.081352,2862.713052,2836.475590,2864.816061
2838.649461,2853.868693,2834.873622,2858.932503,2837.080957,2862.712862,2836.475246,2864.815620
2836.456282,2854.634874,2835.195576,2859.384133,2839.075540,2862.722560,2838.155962,2864.528220
2841.876007,2854.977520,2835.369001,2859.226722,2837.337000,2862.549675,2837.139123,2864.749044
2837.543471,2854.955748,2835.192964,2859.155355,2838.227546,2861.871156,2838.057875,2864.689067
2833.840001,2855.000666,2835.001263,2859.498602,2838.344299,2862.456387,2837.709855,2864.625526
2836.700502,2854.742342,2834.978966,2860.104600,2838.666296,2862.657584,2837.350329,2865.005273
2836.598325,2854.153281,2835.100659,2859.486621,2838.162044,2862.394837,2837.883577,2864.769099
2836.526282,2854.769624,2835.344631,2859.554174,2837.688781,2862.320746,2838.240778,2864.792169
2832.869094,2854.700727,2835.222281,2859.723566,2837.889370,2862.369885,2838.111086,2864.853535
2835.356584,2854.241287,2835.666460,2859.385277,2836.767769,2862.563388,2837.586710,2865.092499
2839.000829,2854.371701,2842.367948,2859.799937,2837.230703,2862.977157,2834.630071,2867.507145
2840.628722,2853.806015,2838.109688,2859.860920,2837.245010,2862.712929,2834.381704,2868.789127
2841.013211,2854.373060,2842.546485,2860.593573,2839.493774,2862.675879,2834.690875,2869.224196
2841.594661,2854.025945,2839.520561,2860.471060,2840.054197,2862.814983,2835.347168,2868.983489
2839.188141,2854.426697,2839.700628,2860.522748,2840.773412,2861.176907,2835.348868,2867.736264
2839.665125,2853.992533,2839.823523,2860.688995,2838.184673,2861.659837,2835.218614,2868.379031
2840.560902,2854.372326,2838.830538,2860.359694,2838.138886,2861.730746,2835.036171,2868.309594
2840.083902,2854.382259,2832.135891,2860.432169,2838.665501,2862.170382,2834.665213,2868.433965
2840.201185,2853.913587,2839.721688,2860.199227,2838.707429,2861.556830,2834.775523,2868.215776
2840.205565,2854.518355,2845.795574,2858.853731,2839.054654,2862.463097,2835.060799,2868.033880
2839.267712,2854.232926,2840.044210,2860.670742,2839.662369,2861.675754,2835.068838,2869.146528
2838.880575,2853.675111,2835.281483,2857.792288,2848.698744,2862.019161,2834.646478,2867.809789
2834.964576,2852.738960,2838.906381,2858.206825,2839.738702,2863.288232,2839.179560,2865.828926
2837.634527,2852.554679,2833.449790,2857.055039,2848.002826,2861.564983,2834.592408,2866.071493
2835.650885,2855.016427,2840.819533,2859.828402,2841.161292,2863.006196,2832.673139,2869.331580
2838.340795,2854.280291,2838.978903,2859.575258,2841.742854,2863.681667,2834.673807,2868.586019
2838.406693,2854.665783,2836.232599,2860.482389,2839.165314,2863.368273,2835.093917,2868.607299
2838.899408,2854.334939,2839.239264,2857.201014,2838.081799,2861.235951,2835.334395,2866.450465
2838.475400,2854.758215,2840.733065,2858.043630,2841.254311,2862.013664,2834.862164,2865.855353
2841.038740,2854.020341,2837.292695,2860.083355,2837.494969,2862.750259,2835.029457,2865.993805
2834.728967,2854.490829,2838.506027,2859.750475,2838.587436,2863.696747,2838.601034,2866.937761
2835.431489,2855.173866,2839.040015,2858.826698,2841.520468,2864.140346,2836.293249,2864.937758
2838.143241,2853.201697,2837.721791,2858.851269,2837.627954,2862.880748,2834.766131,2865.730983
2836.688862,2853.433736,2837.879045,2858.994575,2837.847956,2863.036800,2835.053303,2865.576773
2837.322045,2853.471163,2837.893636,2858.864725,2836.676626,2862.958142,2834.675195,2865.498292
2835.420454,2855.345743,2831.404648,2857.568843,2848.283519,2863.815506,2834.361482,2865.680789
2837.690307,2854.872122,2840.865817,2858.032522,2841.112851,2862.239933,2833.856825,2865.647754
2837.034028,2855.270223,2838.960435,2858.307734,2838.178750,2861.869444,2834.796180,2865.811442
2838.422653,2854.883729,2838.492963,2857.602783,2839.078059,2861.152381,2834.442309,2865.930460
2835.131179,2855.235602,2839.046449,2858.422681,2838.500596,2861.995238,2833.100166,2865.907989
2834.785187,2854.358000,2840.577130,2859.650216,2836.805605,2862.996629,2836.484245,2865.517953
2835.861069,2854.156498,2844.288442,2860.094315,2836.670035,2862.576951,2835.160812,2866.132684
2835.287374,2854.847923,2838.991623,2860.654610,2837.701674,2861.686776,2837.164494,2865.916319
2834.794696,2855.437540,2838.190676,2858.293245,2837.833681,2862.646005,2838.657073,2864.912927
2834.930945,2855.915307,2837.952384,2859.046530,2838.078043,2862.373468,2838.487802,2865.370806
2834.828263,2855.968038,2836.702909,2858.442897,2837.777664,2862.695079,2838.615982,2865.042636
2836.022685,2855.447202,2838.724710,2860.017453,2835.026346,2862.483171,2836.061143,2865.472449
2837.193471,2854.182668,2836.328247,2860.357173,2834.439448,2862.868007,2834.731072,2865.383700
2835.047873,2855.755388,2836.134583,2859.344607,2836.256146,2862.420682,2836.290051,2865.102724
2835.109483,2855.669709,2836.083729,2859.413195,2836.211707,2862.425578,2836.111348,2864.959285
2835.025414,2855.743844,2835.562274,2859.123793,2836.389663,2862.443905,2840.600192,2864.611091
2835.049256,2855.985872,2835.935885,2858.396631,2836.558822,2861.815074,2841.914394,2864.260021
2835.065630,2855.280581,2835.907930,2859.737855,2835.865481,2862.208349,2838.494487,2865.027195
2835.222867,2855.438002,2836.089743,2859.793234,2835.780387,2862.259112,2840.408667,2865.207891
2835.058732,2856.426687,2836.551631,2858.750776,2837.235859,2862.235006,2846.274583,2865.082061
2835.312382,2855.916594,2834.702693,2858.554021,2832.021541,2863.817316,2848.568523,2864.162645
2835.360106,2855.075897,2836.646906,2861.174818,2836.872112,2862.892632,2839.834423,2865.654625
2834.885331,2856.411011,2836.310249,2858.333710,2837.089123,2861.653659,2844.313963,2863.519023
2834.693193,2855.534422,2836.145242,2858.971569,2836.720344,2862.366378,2842.411302,2864.189900
2834.697921,2855.487804,2836.176311,2858.812319,2836.886956,2862.221194,2842.536921,2864.328147
2834.748026,2855.592117,2836.367220,2858.804427,2836.785561,2862.260687,2841.911208,2864.208735
2834.908374,2855.761777,2836.554203,2858.761987,2836.800225,2862.591666,2843.211391,2864.400473
2834.900453,2856.214447,2836.226821,2856.848454,2836.406680,2860.526917,2845.285935,2863.928858
2834.745237,2855.609677,2835.896816,2858.528005,2835.993854,2863.216129,2842.467245,2865.226574
2833.542890,2856.369088,2834.825419,2858.305909,2835.291146,2862.654357,2845.248195,2865.585043
2834.507244,2855.712189,2835.187159,2857.089459,2828.702163,2862.839283,2849.899338,2869.496235
2835.092944,2855.067883,2835.425343,2859.491531,2835.058046,2862.483841,2841.741194,2865.415113
2835.177239,2855.934864,2836.317582,2860.294190,2836.173277,2863.914528,2841.166234,2866.631014
2836.418139,2856.073954,2834.776113,2860.332489,2835.844422,2864.381275,2838.897501,2866.471136
2834.861693,2856.562715,2836.683923,2859.131550,2837.110189,2862.363803,2843.282180,2865.843455
2834.981410,2855.530974,2835.230309,2860.088675,2836.044398,2864.008101,2838.716215,2866.439505
2835.043519,2855.419703,2834.983138,2860.036109,2835.724387,2863.798424,2838.861884,2866.294516
2835.287120,2855.667971,2835.093708,2860.572412,2835.920033,2864.140966,2838.651828,2866.618573
2835.278235,2855.494186,2834.771796,2860.385960,2835.628701,2864.020967,2838.125305,2866.686288
2835.370432,2855.473006,2835.039111,2860.513048,2835.814353,2864.088548,2838.669914,2866.275912
2835.514365,2855.461942,2834.903886,2860.538359,2836.829354,2862.612429,2838.218439,2866.549129
2835.564749,2855.281543,2834.938113,2859.514173,2836.872175,2862.717463,2837.166100,2867.185499
2835.600536,2855.443120,2834.914005,2859.836947,2837.110863,2862.559770,2838.579036,2866.326707
2835.172927,2855.405396,2834.965199,2859.966585,2835.889860,2862.836634,2836.985260,2866.239882
2835.217719,2855.335689,2835.009348,2859.930632,2836.173393,2862.408771,2836.697517,2866.436194
2834.967405,2855.323552,2835.034758,2859.910013,2835.763008,2862.471557,2836.258870,2866.031949
2835.317284,2855.857207,2835.029152,2860.612443,2835.873012,2863.820760,2838.276047,2866.373280
2836.379055,2855.824255,2834.762429,2859.862609,2835.678963,2863.282287,2838.524817,2865.982483
2836.454481,2855.578718,2834.622206,2859.937153,2835.877237,2863.637679,2835.326352,2865.928878
2836.577564,2855.586258,2834.614980,2859.886472,2835.880294,2863.534443,2835.057679,2865.911241
2837.387948,2855.815506,2834.701263,2859.660025,2835.842580,2863.040400,2834.520943,2866.392909
2835.315528,2855.943952,2834.793924,2860.406472,2835.065519,2864.079779,2837.163561,2865.987528
2835.114047,2855.841140,2834.707284,2860.550614,2835.177670,2863.839338,2836.584830,2865.959639
2834.999838,2855.842836,2834.672846,2860.526605,2835.194724,2863.860461,2836.608315,2866.006456
2834.160383,2856.082184,2834.700951,2860.179399,2835.507186,2863.770833,2837.293556,2865.136120
2835.678771,2856.088112,2834.608830,2860.740127,2835.863856,2862.882593,2837.943625,2865.996944
2835.519811,2856.298439,2834.645547,2860.855927,2835.780187,2862.833667,2837.471523,2865.869909
2843.541333,2856.999511,2834.402517,2860.596631,2836.064885,2864.025463,2838.528866,2866.099545
2835.710747,2855.830850,2834.541694,2860.799058,2835.790393,2863.180469,2837.302652,2866.040485
2835.081703,2855.980439,2834.369059,2860.782505,2836.499759,2863.705597,2837.556409,2866.576659
2835.557771,2855.722572,2834.620114,2860.290467,2837.203189,2862.648241,2836.887339,2866.379285
2835.084048,2855.783320,2834.507646,2860.335654,2837.020911,2862.464652,2836.756763,2866.258732
2835.399100,2855.821677,2834.704390,2860.655244,2835.621351,2863.700720,2836.535606,2865.968921
2833.436355,2855.893662,2834.501917,2860.703976,2837.236097,2862.846042,2837.334725,2866.477944
2833.269068,2856.044997,2834.414256,2860.632576,2837.265398,2862.886530,2836.331651,2866.270633
2833.448572,2855.829261,2834.403674,2860.612265,2836.937088,2862.420923,2836.519299,2866.534594
2834.495408,2856.280144,2834.671599,2859.308410,2835.755823,2862.891910,2836.484274,2866.025140
2834.937097,2856.120579,2834.695964,2859.205420,2835.963177,2863.057632,2836.505816,2866.125364
2831.848100,2856.537537,2834.188619,2860.551433,2836.587428,2862.009825,2837.959867,2866.615659
2834.344736,2856.470456,2834.288887,2860.213725,2836.640832,2862.954746,2837.534828,2866.255282
2834.169530,2856.504622,2834.262491,2860.181455,2836.649316,2863.220905,2836.956333,2865.876648
2833.480136,2856.447775,2834.275207,2860.211884,2836.550561,2863.380685,2836.212712,2865.653293
2832.287639,2856.327168,2834.391769,2860.128486,2836.119575,2863.626232,2836.384374,2865.907708
2834.219326,2856.308322,2834.458215,2859.853625,2835.958612,2863.760723,2836.447024,2865.935610
2839.294010,2856.801866,2839.481795,2857.958554,2834.981928,2862.725328,2833.328941,2867.721909
2839.967088,2856.307846,2842.078608,2858.021733,2837.388037,2863.338405,2834.035107,2866.794603
2838.362172,2854.079619,2839.560403,2859.776701,2835.486163,2862.226930,2833.054689,2867.073144
2839.661185,2857.181328,2841.268661,2862.619183,2836.949714,2863.413412,2834.213343,2866.333362
2840.511508,2856.208306,2843.098018,2863.728116,2836.752929,2863.203759,2833.786688,2867.265183
2837.368752,2855.533533,2844.430065,2861.839887,2836.489252,2865.050812,2834.062452,2868.004349
2834.621210,2857.000918,2843.426658,2861.623457,2837.924493,2863.272965,2834.144569,2868.889338
2832.340460,2857.167831,2845.978765,2858.777243,2834.603748,2865.217063,2834.836213,2870.084596
2833.558294,2856.255023,2841.180092,2859.373022,2836.662485,2861.398860,2833.489539,2867.389321
2838.990949,2856.211917,2841.624286,2859.437030,2834.735668,2862.847143,2834.244936,2867.126249
2838.502554,2854.972700,2840.674806,2858.870319,2832.199693,2862.202939,2834.011566,2867.186513
2839.409436,2856.050093,2839.601275,2859.277181,2834.478580,2862.315113,2833.092123,2866.780210
2832.339651,2856.529479,2842.870656,2859.413214,2836.756964,2862.486626,2834.474545,2867.512796
2833.307379,2855.600995,2845.260318,2858.154794,2835.521576,2862.589699,2833.513171,2867.176129
2836.006197,2855.223938,2844.009116,2858.086331,2836.127784,2861.860320,2834.139723,2866.456789
2836.427006,2851.861083,2838.051802,2858.769909,2840.745485,2864.115398,2834.536319,2865.039060
2836.556097,2853.725697,2838.118831,2858.547255,2841.809040,2862.863938,2834.374913,2865.936123
2839.063597,2852.457543,2838.730044,2859.289057,2840.740220,2863.941722,2834.422050,2865.822757
2834.341250,2852.927169,2836.265250,2858.901412,2840.477856,2863.534060,2835.502694,2865.695572
2836.113132,2854.500961,2841.862956,2858.898979,2837.533551,2863.494970,2834.110721,2865.795752
2836.181950,2852.053317,2826.757816,2858.470896,2840.742686,2863.523420,2834.280093,2865.553247
2837.482793,2855.719731,2840.825091,2861.771750,2842.405307,2865.132215,2834.377218,2865.823219
2837.122734,2856.270157,2839.573362,2857.745040,2840.939620,2863.345540,2833.848185,2865.655526
2837.832386,2857.324920,2839.029787,2857.270854,2839.427197,2863.798045,2833.999722,2865.080947
2838.988307,2854.805468,2836.686186,2860.888078,2838.787463,2864.220221,2834.276816,2866.720385
2836.512450,2856.458917,2838.444898,2858.533534,2837.425882,2862.517677,2833.650673,2866.451233
2836.681909,2855.720540,2838.328326,2858.358575,2836.012461,2861.879634,2833.350751,2866.020033
2835.155600,2857.842955,2839.242520,2858.947507,2836.777358,2862.353265,2832.451117,2864.369772
2836.573939,2856.684712,2840.086797,2859.116073,2837.291271,2861.530759,2834.256648,2864.501235
2836.639481,2855.922320,2837.511918,2858.924028,2834.733520,2861.909190,2832.041952,2865.836887
2834.166665,2856.689906,2838.829640,2857.089746,2835.101743,2862.034510,2832.461533,2865.290381
2834.407393,2856.707735,2833.269419,2860.469251,2834.988869,2864.248395,2833.988988,2865.754583
2834.373619,2856.859765,2832.750045,2860.602002,2834.801511,2864.116186,2834.268953,2865.608221
2834.276980,2857.272230,2832.424462,2860.214652,2835.119723,2863.978606,2834.734644,2865.363621
2834.438820,2857.230645,2833.272461,2860.138967,2834.782136,2863.679578,2833.741433,2865.537606
2834.163947,2856.860942,2834.110878,2859.878825,2835.041816,2863.660406,2834.021840,2865.426714
2835.167160,2857.161875,2835.638411,2858.854699,2834.338269,2863.404483,2842.132616,2865.265626
2835.602801,2856.960278,2835.399835,2858.220771,2834.250730,2863.392463,2836.416702,2865.632160
2833.920535,2856.796455,2835.133747,2860.587440,2834.522539,2864.428740,2840.727279,2866.377744
2834.425403,2856.795024,2834.875959,2860.530838,2834.487969,2864.393379,2840.704452,2866.281983
2834.402484,2856.781482,2834.858432,2860.621945,2834.522611,2864.378819,2840.302058,2866.134317
2835.482431,2857.207793,2836.934097,2860.052164,2834.295649,2862.640507,2847.786035,2866.302576
2834.790310,2856.545192,2835.581831,2860.362144,2834.566778,2862.919881,2844.452321,2866.174831
2835.066444,2857.602400,2835.813427,2859.850541,2834.285250,2864.426516,2840.660891,2866.905902
2835.515160,2855.621901,2834.665789,2860.250727,2834.102938,2863.257293,2840.404846,2866.979816
2835.657080,2856.192927,2834.729114,2859.652556,2834.458137,2864.118714,2833.696475,2867.104236
2833.759482,2856.041113,2834.771272,2859.575600,2834.345303,2864.287299,2837.060952,2866.988428
2832.032362,2855.611038,2834.017916,2859.136348,2834.278540,2864.509429,2836.826718,2867.463795
2834.627693,2855.864735,2836.179193,2860.069828,2833.939733,2863.312473,2838.421257,2866.757619
2833.429466,2855.503220,2835.861251,2859.999443,2833.984279,2863.549160,2837.577429,2866.516200
2835.275235,2855.727242,2835.799733,2859.913149,2834.223101,2863.301059,2836.177059,2866.500255
2835.284899,2856.419948,2833.151857,2861.016633,2834.601755,2864.010116,2843.829555,2867.841633
2834.734467,2856.781127,2835.358561,2860.635237,2834.442358,2864.691539,2840.377757,2867.493173
2844.918508,2857.081479,2834.182545,2860.703617,2834.710636,2866.744154,2848.892899,2868.117998
2834.436825,2857.368272,2834.628712,2858.908058,2834.410423,2864.137267,2840.590397,2867.302576
2833.682656,2857.414546,2834.602531,2859.439669,2834.602499,2864.605329,2844.218562,2866.753382
2834.438995,2857.306028,2833.481838,2859.581008,2834.360827,2864.060073,2846.923068,2866.456730
2834.422431,2857.884206,2834.428760,2859.526046,2834.354554,2864.147402,2844.438251,2866.367977
2834.798433,2858.511591,2834.592161,2859.317279,2834.242154,2864.096117,2842.930203,2866.831825
2834.274749,2858.407709,2834.469262,2859.156337,2834.368944,2864.704972,2841.602996,2866.727645
2833.320390,2858.102404,2834.467565,2859.713639,2835.467410,2864.764668,2843.716344,2866.445847
2833.437535,2857.472019,2834.850819,2859.263792,2834.634533,2863.268313,2846.652891,2867.525548
2833.904789,2856.480064,2835.081356,2860.222858,2834.491352,2864.953229,2844.902667,2868.675691
2834.071394,2858.358639,2834.936744,2859.265245,2834.446193,2863.924806,2845.127619,2866.853258
2835.579176,2856.523874,2835.554049,2860.335583,2834.292415,2864.631988,2845.652361,2868.967945
2834.935311,2856.552623,2835.201309,2860.185367,2834.311085,2864.403805,2846.425495,2868.752378
2834.436689,2857.985302,2834.488260,2859.025950,2834.019969,2864.257013,2842.174092,2866.450661
2832.832920,2856.600659,2833.917403,2860.838283,2834.512167,2866.198182,2847.326989,2866.940099
2833.778426,2858.276541,2834.852896,2859.338354,2835.651869,2864.359093,2841.720288,2866.351564
2836.626512,2856.720250,2836.298654,2861.358447,2834.317827,2864.521198,2842.145382,2867.503864
2834.057799,2857.442887,2834.778877,2859.520603,2835.163368,2865.295704,2839.129709,2867.131538
2834.200178,2857.470777,2834.516445,2859.774110,2835.134441,2864.761520,2843.190603,2866.800754
2834.274927,2857.239264,2834.174780,2860.243628,2835.055608,2865.652132,2842.314584,2866.991358
2834.397495,2857.484293,2834.087915,2860.092214,2834.851137,2865.305081,2846.129406,2866.918081
2834.176739,2857.122570,2834.280656,2860.563023,2834.756176,2865.396026,2841.596391,2866.849589
2834.223844,2856.940141,2834.211535,2860.300681,2835.037720,2865.512884,2837.984104,2867.150493
2834.502201,2857.417101,2834.158305,2860.454925,2834.946455,2865.451339,2840.969425,2867.160943
2834.201578,2856.862919,2834.258281,2860.375450,2835.018711,2865.478083,2836.934506,2867.367544
2833.984111,2858.248488,2835.292332,2860.583136,2834.550369,2864.617157,2839.046645,2867.126723
2833.568760,2857.786793,2836.184478,2860.634576,2835.046555,2864.811385,2836.079361,2867.254220
2834.042980,2857.667782,2835.791711,2860.286261,2834.358915,2864.819544,2841.764916,2866.928135
2833.686521,2857.861558,2835.062917,2860.542050,2835.053424,2864.984391,2837.484381,2867.149030
2833.850811,2857.493705,2835.317141,2860.534555,2834.782963,2865.444219,2837.137817,2867.275701
2833.813702,2857.517620,2835.750402,2860.772017,2834.650510,2864.871721,2836.579812,2866.726460
2833.646538,2857.646570,2835.523457,2860.795851,2834.050663,2865.346932,2836.584410,2866.865387
2833.616676,2857.912513,2835.352373,2860.772611,2834.321993,2864.820317,2838.178897,2866.733191
2834.101619,2858.594251,2834.712646,2861.508840,2834.346008,2864.109771,2845.207624,2866.601298
2834.037218,2858.149791,2835.078448,2860.890543,2834.351125,2864.999907,2843.442518,2866.292228
2834.064148,2858.438396,2833.850267,2861.717764,2834.494543,2864.943879,2845.767521,2866.087013
2834.330179,2857.199323,2834.812808,2860.613036,2834.010472,2865.201336,2842.355758,2866.127652
2833.835433,2856.515674,2835.150193,2861.100414,2834.660016,2865.115776,2834.863131,2866.533665
2832.830774,2856.245365,2836.392964,2861.450355,2834.844563,2865.085666,2834.758268,2866.505409
2833.748458,2856.280781,2837.206442,2862.130019,2834.336885,2866.561009,2830.640486,2866.602018
2834.186390,2856.715840,2834.597156,2861.232390,2834.127166,2864.651402,2835.527819,2866.871210
2834.217547,2856.769832,2834.140634,2860.920213,2834.080895,2864.961285,2835.573567,2867.055830
2834.383566,2856.784023,2834.351102,2860.324229,2833.980379,2865.481257,2835.903096,2867.151876
2834.690387,2856.936467,2834.389238,2860.320880,2834.148839,2865.484549,2835.848673,2867.191437
2833.789034,2857.065549,2833.619086,2860.123259,2834.178078,2865.135850,2835.180185,2867.019500
2833.761631,2857.312593,2834.737679,2859.884661,2834.063283,2865.578704,2835.038562,2866.632021
2835.333606,2856.941562,2832.801015,2860.477390,2834.088004,2865.568077,2834.335503,2867.064192
2834.121664,2857.232117,2834.684556,2860.476262,2834.111133,2864.394434,2834.145206,2867.754971
2839.140090,2857.710512,2835.251145,2860.063977,2834.025852,2865.605178,2835.172362,2867.180804
2829.965718,2858.089206,2834.337583,2859.266396,2834.054802,2864.991528,2835.002322,2867.335439
2834.030229,2858.151101,2834.271005,2859.510340,2834.065010,2864.382047,2835.058499,2867.194264
2832.788138,2858.238871,2834.347232,2859.526577,2834.059680,2864.217207,2834.885770,2867.249432
2834.150998,2858.182705,2834.040723,2859.286614,2834.091094,2864.701567,2834.915975,2867.268785
2834.400216,2857.914446,2834.059875,2859.701175,2834.099843,2864.983773,2834.993151,2867.341359
2835.069440,2857.805912,2833.900334,2859.637694,2834.076651,2865.088744,2834.566366,2867.257756
2835.468795,2857.908292,2834.401790,2859.613648,2834.010965,2864.908620,2835.317078,2867.350350
2834.807191,2858.097552,2834.103601,2859.106596,2834.021564,2865.512523,2835.050419,2867.412780
2834.847887,2858.073836,2834.153444,2859.053522,2834.012509,2865.567262,2835.037145,2867.420353
2844.991145,2858.074292,2835.252281,2859.773392,2834.409496,2865.117525,2833.232878,2866.783275
2840.314399,2858.131580,2834.571396,2859.288592,2833.959189,2864.921657,2835.113508,2867.058697
2835.470942,2858.215599,2834.346374,2858.834375,2833.958666,2866.263706,2834.968291,2866.876394
2835.467802,2858.220900,2834.345890,2858.817566,2833.961216,2866.258884,2834.969668,2866.900783
2842.794821,2857.629480,2834.158317,2858.915335,2833.991850,2864.400623,2834.959780,2866.625610
2839.091525,2858.516820,2834.575172,2858.756075,2833.848520,2865.086262,2835.192159,2867.116068
2838.044426,2858.017962,2834.298542,2858.865808,2833.872660,2865.712666,2835.006746,2866.926227
2842.717947,2858.374317,2833.745270,2859.700387,2834.115360,2864.770134,2834.537722,2866.507360
2841.571212,2857.749782,2834.379956,2859.645853,2833.906594,2865.053693,2834.812062,2866.728811
2834.333965,2857.314935,2830.950255,2859.739019,2846.687012,2865.555860,2833.939207,2866.379625
2834.083627,2858.673648,2843.906925,2858.797299,2834.249766,2863.611370,2833.987877,2865.445343
2835.924646,2854.245746,2836.723434,2860.519483,2837.731214,2865.806064,2833.881930,2866.344613
2834.440810,2853.961437,2839.889930,2860.066173,2841.929604,2864.742708,2834.010700,2867.040641
2833.783574,2853.924962,2837.743191,2860.022904,2843.159292,2865.568073,2834.382495,2866.542210
2833.948333,2856.533518,2838.957531,2859.666288,2837.963936,2864.398076,2833.968407,2865.795830
2834.510380,2854.964892,2839.176610,2861.803686,2839.609790,2863.262627,2833.728255,2867.441279
2835.981805,2854.518881,2835.268545,2860.575030,2834.940103,2865.355388,2833.883240,2866.653165
2836.337624,2858.412645,2838.512950,2857.978375,2832.817782,2864.690057,2833.419877,2866.474468
2839.629133,2856.287643,2839.624838,2861.945424,2842.389213,2866.350096,2833.783761,2868.036169
2833.711122,2855.415004,2834.575911,2861.899042,2837.561708,2866.295530,2836.299558,2868.520805
2834.887314,2859.680590,2837.850538,2857.501206,2836.537428,2864.736925,2832.848216,2865.139452
2834.522325,2858.170700,2835.821256,2859.238872,2838.201638,2863.805963,2832.025645,2867.601854
2835.332534,2858.211778,2836.520786,2858.879014,2836.907020,2865.034429,2833.124657,2867.210946
2835.073842,2858.008323,2836.325812,2858.912237,2836.708188,2865.033099,2833.122589,2867.126884
2835.620862,2857.985300,2835.949160,2858.801389,2836.717837,2864.590683,2833.345162,2866.864142
2836.234122,2857.696502,2836.011225,2859.798363,2835.532073,2864.960341,2833.036717,2866.634357
2834.322905,2856.650361,2835.887715,2860.902468,2833.694026,2863.790785,2828.395536,2866.284360
2833.510828,2857.650167,2833.436808,2860.004310,2833.949895,2864.432835,2834.112187,2865.838523
2833.694617,2857.358673,2833.578481,2860.358774,2834.200127,2865.187862,2833.825679,2866.719066
2837.532327,2858.678931,2834.963084,2859.699776,2833.822454,2867.496526,2831.151090,2866.862888
2836.644820,2858.467151,2837.367592,2860.471820,2834.501688,2867.866905,2841.812447,2868.162851
2835.156342,2858.538303,2835.904080,2860.629273,2833.760186,2866.826251,2840.076607,2869.090055
2838.908640,2857.026707,2838.264164,2860.884898,2833.990262,2863.852601,2838.052321,2869.241467
2834.452833,2858.706829,2834.364562,2860.512247,2833.680206,2868.367455,2837.089218,2868.550745
2837.976735,2859.241373,2834.067464,2859.404450,2831.633395,2866.789378,2839.969266,2867.340813
2836.029643,2859.265809,2833.613969,2859.812839,2833.333966,2866.996106,2841.547746,2867.636781
2835.009645,2858.700953,2834.112005,2860.972603,2833.010617,2866.800685,2843.206449,2866.666704
2835.437436,2859.411845,2833.924496,2859.800371,2833.076420,2866.588515,2840.168599,2867.846300
2834.718819,2859.798035,2833.896828,2861.293976,2832.253795,2866.678381,2840.998375,2868.599216
2834.375315,2859.573286,2834.166739,2860.215303,2833.203624,2866.421179,2844.678995,2867.757432
2832.457993,2858.986722,2833.340946,2860.040422,2833.914695,2865.858345,2843.767186,2867.053401
2833.722683,2859.167606,2833.536984,2860.294857,2833.679741,2866.851558,2840.937492,2868.054179
2833.225968,2858.952909,2833.288064,2860.168404,2833.779986,2866.514426,2844.608150,2868.019950
2832.325196,2859.658741,2833.332257,2857.436729,2833.749749,2866.213118,2842.481171,2867.579473
2832.981906,2859.621134,2832.924344,2859.462869,2833.755472,2866.068287,2844.571552,2868.017364
2834.071630,2859.220973,2833.154936,2860.200516,2833.528218,2865.893744,2843.271127,2867.401786
2833.763379,2858.748590,2833.297818,2860.504512,2833.615142,2865.925235,2839.979602,2868.623972
2834.267829,2858.956505,2833.390226,2860.099937,2833.554784,2865.228861,2840.771787,2868.278607
2831.925413,2858.957605,2831.198410,2861.243821,2834.040678,2866.003988,2847.047966,2869.596760
2833.318553,2856.887077,2833.427533,2860.765254,2833.646153,2866.020333,2836.029615,2867.759161
2832.745710,2857.053569,2833.043909,2860.774901,2834.033133,2866.511482,2836.556757,2868.132841
2835.973167,2858.797171,2834.068246,2860.780878,2833.563088,2866.389684,2840.746083,2868.551064
2833.456198,2858.796700,2833.505822,2859.902879,2833.875647,2867.271047,2836.485918,2868.669829
2833.490180,2858.479938,2833.616189,2860.347889,2833.521713,2867.071546,2842.217747,2868.218978
2833.272944,2858.722095,2833.988902,2861.330244,2833.120872,2867.395956,2840.260425,2868.278041
2834.419342,2858.625028,2833.421746,2860.784324,2833.603899,2867.155386,2836.260688,2868.548366
2834.908280,2858.621069,2833.549727,2860.849106,2833.448242,2866.917661,2836.044305,2868.866810
2835.188000,2858.473359,2833.894802,2860.598813,2832.699609,2866.963320,2835.577476,2868.631700
2843.999674,2858.390284,2830.934892,2862.204505,2836.644523,2869.447275,2831.267945,2871.727685
2843.999986,2858.894569,2831.295337,2861.977724,2836.811732,2867.597837,2831.037013,2872.713492
2834.481635,2858.954695,2833.640911,2861.052420,2833.303245,2866.735725,2835.021698,2868.520158
2834.222479,2859.275847,2833.181632,2860.978598,2833.609817,2866.203484,2834.547834,2868.418137
2834.451262,2859.207975,2833.267897,2860.846345,2833.663209,2866.171304,2834.443911,2868.455021
2833.520896,2858.979615,2833.272612,2860.731502,2833.632413,2866.243636,2834.646923,2868.364006
2833.667047,2858.860432,2833.225652,2860.705642,2833.654589,2866.259109,2834.493660,2868.333286
2833.666351,2858.860604,2833.224831,2860.705679,2833.655384,2866.259154,2834.493486,2868.332941
2834.057787,2858.890307,2833.050404,2861.053700,2833.726424,2866.394926,2834.781238,2868.403750
2834.096596,2858.881950,2833.065365,2861.102586,2833.722347,2866.392198,2834.755169,2868.376900
2834.111269,2858.882657,2833.070979,2861.121643,2833.700313,2866.407018,2834.756196,2868.378091
2836.042402,2859.150339,2832.965097,2861.262650,2833.758907,2866.466785,2834.457317,2868.044721
2835.657317,2858.879101,2833.129451,2861.261305,2833.594715,2866.504962,2834.448465,2868.192729
2836.244740,2858.791058,2833.169322,2861.335702,2833.574663,2866.540138,2834.567183,2868.358636
2837.896831,2858.792963,2833.252614,2861.398583,2833.539741,2866.501939,2834.501061,2868.821484
2843.034605,2858.605086,2832.729361,2861.374993,2833.892658,2866.256804,2834.349529,2868.327957
2842.875076,2858.581566,2832.783826,2861.408174,2833.873989,2865.980000,2834.296974,2868.276651
2843.946418,2858.560249,2832.623779,2861.639135,2833.907518,2866.150490,2834.137127,2867.883577
2843.281079,2858.887702,2832.892948,2861.579755,2833.756387,2866.099945,2834.200712,2868.013488
2833.985480,2858.806311,2833.420734,2861.610490,2833.383591,2866.242927,2834.199300,2868.490625
2833.762897,2858.959293,2833.044168,2861.576890,2833.580839,2866.186614,2834.186653,2868.241601
2835.874843,2858.846985,2833.288938,2861.293889,2833.450692,2865.998988,2833.880405,2868.987948
2835.686144,2859.553998,2832.958497,2861.623697,2833.535461,2866.297127,2833.651446,2868.572956
2832.902747,2859.072932,2833.059934,2861.114020,2833.499250,2865.666260,2834.091304,2869.006461
2832.211938,2858.614088,2833.146908,2861.386448,2833.486237,2865.557877,2834.065100,2868.948608
2834.992357,2858.020837,2833.210835,2862.300838,2833.473980,2866.529436,2834.278318,2868.230602
2842.573745,2857.724360,2832.591314,2861.713927,2834.035229,2866.374052,2833.613918,2868.178135
2843.971665,2857.832686,2832.437233,2862.160685,2833.975968,2865.825859,2833.888182,2868.451882
2843.565237,2857.930640,2832.815003,2861.606771,2833.725770,2866.076450,2834.287457,2869.132106
2843.942173,2858.113862,2832.974038,2861.586383,2833.694338,2865.712331,2834.269104,2868.569551
2843.651948,2858.354891,2833.726524,2862.418547,2832.845582,2866.524387,2833.224653,2868.056008
2843.408819,2857.514960,2833.642803,2862.613508,2829.891469,2867.378066,2833.170255,2867.920246
2843.405539,2857.511972,2833.643674,2862.616475,2829.842217,2867.384295,2833.171814,2867.911055
2843.855961,2857.192661,2833.610303,2863.554002,2840.062143,2865.621415,2832.479183,2867.931503
2843.680103,2855.400814,2833.040330,2862.467073,2833.479142,2866.007391,2833.484107,2867.753466
2832.891927,2858.769667,2832.844927,2862.400294,2833.387215,2866.381420,2833.616391,2868.295170
2842.783035,2859.048719,2832.352204,2862.572394,2834.079547,2866.541053,2833.045053,2868.220975
2837.663125,2859.143776,2833.040750,2862.529843,2833.459522,2866.531932,2833.605022,2868.673428
2837.441651,2858.397226,2832.980417,2862.277698,2833.200169,2866.684091,2833.711051,2867.464603
2842.074275,2859.146560,2834.455790,2865.048119,2843.583769,2867.411680,2834.512956,2867.248464
2841.927971,2858.725508,2835.263720,2863.416852,2838.544740,2866.512304,2833.980986,2867.770825
2839.738295,2857.742548,2833.114874,2863.972133,2836.274386,2866.683040,2833.471300,2867.766677
2833.604343,2857.734029,2833.041823,2862.992882,2832.854267,2865.281672,2832.880456,2868.454075
2833.861977,2856.502757,2833.148956,2862.277945,2833.176065,2865.697168,2833.554648,2867.984071
2838.054963,2858.021201,2832.944634,2861.777807,2833.413556,2864.588424,2833.339051,2866.338362
2836.518255,2858.808274,2832.573425,2861.637892,2833.402293,2864.693446,2833.399938,2867.832542
2841.680534,2859.764186,2832.231374,2858.946051,2832.857637,2864.703226,2833.574775,2866.676764
2842.193792,2860.921651,2831.590128,2858.429067,2832.413833,2865.010612,2833.524628,2866.079675
2840.876634,2859.269731,2832.027471,2860.363626,2831.967802,2865.254324,2833.963418,2866.750356
2841.029376,2858.981222,2832.324130,2861.881597,2831.862848,2864.320831,2834.040517,2867.380832
2841.828507,2859.865857,2832.526512,2861.645277,2831.825035,2864.596793,2834.031091,2866.976970
2843.993252,2860.190463,2831.185926,2860.805716,2831.179172,2863.904582,2835.019510,2870.283148
2843.998707,2859.839491,2830.520718,2861.345473,2830.664609,2867.563597,2835.438054,2871.013274
2843.999958,2858.593500,2829.634489,2863.230903,2830.796744,2869.084531,2835.973569,2872.578238
2841.374119,2859.352112,2831.780269,2862.332036,2831.634920,2864.601457,2834.187817,2866.672848
2837.800665,2858.563694,2833.449109,2861.744169,2833.519656,2864.308115,2832.378442,2866.637532
2838.392253,2858.520025,2832.607714,2861.695924,2832.946055,2864.449552,2833.791122,2866.515850
2840.486637,2858.606392,2832.124322,2861.990035,2832.640248,2865.364253,2833.697781,2866.801087
2842.480731,2858.774776,2831.794793,2862.409614,2832.729014,2864.624936,2834.187870,2867.212482
2843.862250,2858.742159,2831.063801,2862.787007,2831.553319,2864.740272,2833.852886,2866.844800
2843.888943,2859.414347,2831.086602,2862.512224,2829.922183,2863.158688,2833.867491,2866.321107
2843.363375,2858.200877,2832.411780,2862.663945,2832.255575,2864.518549,2834.039210,2866.664599
2843.407339,2858.200517,2831.224999,2862.467331,2831.614868,2864.145671,2833.946021,2864.914508
2839.733816,2860.269031,2833.630464,2861.640369,2830.319321,2869.008601,2843.088185,2869.787229
2843.335811,2859.515424,2833.461270,2861.762726,2842.068015,2867.707876,2830.622090,2869.313834
2836.686676,2859.942660,2832.374645,2860.929877,2833.747345,2870.388209,2833.114190,2869.187431
2842.033076,2860.145202,2833.951564,2860.653017,2833.127051,2869.164658,2832.287220,2869.249205
2834.362975,2859.541241,2835.732466,2860.295158,2833.082720,2866.023047,2830.137429,2871.474088
2835.584779,2859.693250,2834.348946,2860.357332,2833.500946,2864.890276,2830.053238,2870.936640
2834.427119,2859.914102,2832.981088,2860.967291,2833.091814,2866.075920,2835.877695,2870.602518
2833.524704,2860.104294,2834.269692,2861.309177,2832.651848,2866.026749,2839.546128,2870.572406
2834.977739,2860.371543,2833.559338,2861.016712,2832.690547,2866.547696,2835.616988,2870.480934
2832.674212,2859.972646,2833.774524,2861.157416,2832.577442,2866.424512,2839.366287,2870.382729
2832.654325,2859.943634,2833.872580,2861.161418,2832.593696,2866.380558,2839.457527,2870.372924
2834.661783,2860.111243,2833.625999,2860.956862,2832.578372,2867.074433,2836.480146,2870.190551
2834.661021,2860.110706,2833.626184,2860.956349,2832.578321,2867.075685,2836.482102,2870.190137
2833.876142,2859.884654,2832.664168,2860.689286,2833.175642,2868.089674,2837.126632,2869.798640
2832.450677,2860.016180,2832.012367,2860.857089,2833.301997,2869.517909,2842.425903,2869.782866
2832.820638,2860.147118,2832.194275,2860.506152,2833.265986,2869.420004,2840.800911,2869.870259
2832.830913,2860.143165,2832.320955,2860.413213,2833.275112,2869.598677,2840.209295,2869.741024
2833.124260,2860.357078,2832.348412,2860.160878,2833.214935,2869.883039,2838.854571,2869.067207
2831.307412,2862.625003,2830.327222,2858.701795,2834.423074,2874.299648,2846.896135,2868.015084
2832.806948,2860.825606,2831.966303,2859.848446,2833.257880,2871.321579,2841.052233,2868.426376
2832.978795,2860.810952,2832.212242,2859.798032,2833.236966,2870.860422,2839.753260,2868.683470
2832.554907,2861.003800,2831.662713,2860.145087,2833.371692,2870.989712,2840.170014,2870.505049
2831.216028,2862.260268,2829.530394,2858.564617,2834.844305,2874.299319,2846.766520,2867.740522
2830.878056,2860.330075,2831.715456,2860.942020,2833.847313,2870.345732,2845.010678,2868.240700
2832.370496,2859.384273,2832.908067,2860.675069,2833.087928,2868.905591,2841.269510,2869.120016
2832.288854,2859.885792,2832.788535,2860.721426,2833.170958,2869.301196,2841.547971,2869.574073
2831.503909,2859.842115,2832.097354,2860.843583,2833.205205,2868.969515,2842.642203,2869.023467
2830.569920,2859.915564,2831.413941,2860.970695,2833.428451,2869.016014,2843.530442,2868.652837
2831.216570,2859.719852,2831.996075,2861.024839,2833.346269,2866.968601,2842.199096,2868.425487
2831.119449,2859.996430,2830.832550,2861.660429,2833.961802,2867.314041,2844.273959,2869.024997
2831.021805,2860.137538,2830.886595,2861.417447,2834.205769,2867.127052,2842.444511,2868.275318
2832.670437,2859.765715,2832.197508,2861.086497,2833.155709,2867.523857,2837.528634,2868.822160
2832.607514,2859.773362,2832.095251,2861.141277,2833.162482,2867.539736,2837.828534,2868.779058
2832.721922,2859.824228,2832.493485,2860.808330,2833.115112,2867.640108,2836.837537,2868.988440
2833.910863,2859.912018,2832.389001,2861.319186,2832.395418,2868.463418,2838.933191,2868.671508
2834.328141,2860.563512,2831.739425,2862.405842,2832.035462,2868.129531,2844.178079,2868.235751
2830.833470,2859.851159,2830.402648,2862.327578,2833.748940,2866.869458,2845.906912,2869.216394
2830.990432,2859.970206,2831.550373,2862.575818,2834.314886,2868.161663,2842.812137,2868.773799
2831.054903,2859.553926,2833.766282,2862.264679,2831.824920,2867.432544,2845.464364,2868.363184
2828.658144,2858.928380,2833.651000,2860.887596,2825.705567,2866.125883,2846.899976,2870.291701
2830.680602,2859.405690,2834.095058,2861.716060,2831.417573,2866.315036,2841.654243,2869.123322
2830.946095,2859.759988,2833.490181,2862.021320,2832.238773,2866.587518,2843.072883,2868.264573
2831.624889,2859.578335,2834.037110,2862.127284,2831.748682,2866.543275,2843.696951,2869.056504
2830.920121,2859.606417,2833.936193,2862.890513,2831.509787,2865.257114,2845.341119,2868.525265
2831.086602,2859.691969,2834.309043,2861.788526,2831.782113,2864.860152,2842.114525,2867.907484
2832.095772,2859.203220,2833.429559,2861.468178,2832.517676,2866.325071,2836.263648,2868.141620
2831.845301,2858.932159,2833.298512,2861.831070,2833.087023,2866.341667,2837.152512,2867.807414
2832.916839,2858.843134,2834.341551,2861.928000,2832.621491,2866.358805,2833.124766,2867.494996
2833.656240,2859.267123,2833.599022,2861.362989,2832.289150,2865.673768,2833.876668,2867.592088
2833.986957,2859.755788,2843.993900,2862.613754,2833.039908,2865.112275,2830.674931,2867.209141
2830.241159,2859.663727,2842.611788,2862.547322,2829.525776,2865.862496,2833.917967,2867.596425
2828.992092,2859.691486,2844.493250,2861.001961,2830.272023,2865.867806,2833.867158,2867.579481
2831.975670,2859.181678,2834.714419,2862.045839,2833.522643,2865.651705,2833.237937,2867.523092
2831.739526,2859.112432,2834.772495,2862.046894,2833.611546,2865.563187,2833.167909,2867.454926
2831.472277,2859.196455,2835.294908,2862.071985,2835.236022,2864.266327,2832.722004,2868.371497
2830.673244,2858.704362,2835.169761,2862.201439,2833.224519,2865.179229,2833.254645,2867.128118
2831.514512,2858.637470,2835.623131,2862.251561,2833.132585,2865.110417,2833.263014,2867.759330
2831.319365,2858.649196,2835.820926,2862.217196,2833.034896,2865.125147,2833.439288,2867.809343
2834.389503,2857.848787,2833.151666,2864.272616,2832.651027,2869.066077,2832.884596,2868.893075
2834.501634,2858.022366,2833.400378,2863.959626,2833.747242,2867.172303,2832.756012,2868.731147
2829.922943,2858.087938,2834.283779,2864.024205,2834.755851,2867.502168,2832.637861,2869.003558
2833.896253,2857.348556,2832.028275,2863.416435,2833.181195,2867.538571,2832.830187,2869.625376
2831.522561,2858.955362,2832.961078,2863.661751,2832.791461,2867.146733,2832.797519,2868.067028
2835.398622,2859.353399,2832.156784,2863.868511,2831.935133,2866.321151,2834.660677,2867.783548
2835.308018,2858.235442,2832.089436,2863.860005,2833.267803,2867.449295,2831.444595,2870.251329
2835.361303,2858.534129,2832.229966,2863.768193,2833.140097,2866.618485,2832.131210,2868.967208
2831.214830,2858.508670,2834.581947,2862.585698,2834.189352,2864.897821,2833.281179,2867.349772
2831.836770,2858.593385,2834.595269,2862.721918,2834.041843,2865.143608,2833.128899,2867.361491
2831.405278,2858.642069,2835.748905,2862.753379,2830.982239,2865.106945,2833.059680,2867.374304
2831.844319,2858.948357,2833.813422,2862.988215,2831.988258,2865.355066,2833.198436,2867.239025
2832.210616,2859.252494,2834.281452,2863.436000,2842.696453,2865.049253,2831.997818,2867.645658
2840.766287,2857.499557,2830.334668,2864.580645,2830.555224,2867.402295,2833.693171,2869.103593
2833.272979,2858.459987,2832.240498,2864.838103,2832.440694,2865.853570,2833.396582,2870.294359
2833.716951,2858.215841,2832.359422,2864.521575,2832.419425,2866.996641,2833.664657,2870.283859
2830.242098,2858.930728,2831.328657,2864.995026,2831.874369,2866.316618,2833.774121,2869.034581
2836.640928,2858.368961,2830.555925,2864.681415,2830.245327,2865.988475,2833.760460,2868.432711
2830.600310,2858.517208,2832.184237,2864.849447,2832.461859,2867.154352,2833.025088,2870.739481
2833.290610,2856.895144,2834.713747,2863.575657,2831.076320,2866.614978,2833.546378,2869.460139
2832.784731,2856.420805,2832.531906,2863.353797,2832.009675,2866.142542,2833.172091,2870.297071
2832.665122,2856.584395,2832.998565,2863.726414,2832.759873,2865.164243,2833.910007,2870.151961
2832.770126,2856.835901,2832.703498,2863.847033,2833.027030,2864.410457,2832.175590,2870.385021
2832.693483,2856.970644,2832.514096,2863.933614,2833.165778,2865.047670,2832.506602,2870.283729
2832.809502,2857.032571,2833.501662,2863.989469,2832.475464,2865.667717,2831.808809,2870.264399
2832.696397,2856.904342,2832.060060,2863.934424,2833.793149,2866.053648,2833.621871,2870.575897
2832.588697,2856.926487,2832.864425,2864.072343,2832.962605,2865.690983,2833.818394,2870.480745
2832.184627,2857.872902,2833.591717,2864.383715,2840.521642,2864.976173,2833.048860,2869.537806
2832.493321,2857.050468,2833.722847,2864.429766,2833.714072,2865.567424,2834.206976,2870.064584
2832.709231,2857.030267,2831.870142,2863.978784,2833.475968,2865.601716,2833.402700,2870.356804
2832.740911,2857.153894,2832.075469,2863.982261,2833.163555,2865.540598,2833.681150,2870.247496
2832.607315,2857.365694,2832.778304,2864.063254,2837.756462,2865.175758,2830.269183,2870.400652
2831.275642,2858.171157,2833.621650,2864.089461,2831.789267,2865.023786,2844.547493,2869.790967
2831.731172,2857.686164,2833.735551,2864.478567,2832.832604,2864.559462,2841.700852,2870.074205
2830.481354,2857.481727,2833.643407,2863.875068,2830.748449,2864.065294,2845.724341,2868.771210
2832.361008,2857.485842,2833.645127,2863.989319,2833.449543,2865.137731,2833.332872,2870.616641
2832.818508,2857.184717,2831.770001,2863.752135,2833.490033,2866.485602,2831.694052,2870.031043
2832.624535,2857.268484,2832.249173,2863.980274,2833.463501,2866.613469,2832.352648,2870.206734
2831.550034,2857.440738,2833.649287,2863.789353,2833.025613,2865.531110,2832.757372,2870.106798
2832.148308,2857.601290,2832.932423,2863.952679,2833.257453,2865.468246,2833.966284,2870.722749
2829.734823,2856.838283,2832.243897,2863.177329,2834.103434,2867.821321,2833.096089,2870.499150
2829.702686,2857.154274,2832.928975,2863.504682,2832.131879,2866.816217,2833.394240,2870.689556
2834.306539,2857.782407,2832.452789,2864.859004,2832.224735,2867.507428,2838.521169,2867.798434
2835.396937,2858.030988,2833.097815,2864.872463,2831.679292,2867.363421,2838.134842,2867.713896
2833.962083,2857.978569,2832.331349,2864.494869,2832.380031,2867.072625,2834.156883,2868.285328
2834.480531,2857.900145,2832.297335,2864.400899,2832.243480,2866.654531,2832.031422,2868.698259
2831.244205,2859.548759,2832.917834,2860.781826,2832.339202,2868.005684,2833.040212,2868.910277
2831.333806,2859.618061,2832.961332,2860.715306,2832.098848,2867.999343,2833.214832,2868.814484
2831.010873,2859.618455,2833.760338,2860.790182,2834.443524,2868.296400,2833.003531,2869.008859
2831.095360,2859.629803,2833.515707,2860.902318,2834.512449,2868.253949,2833.088438,2869.230920
2831.276117,2859.622420,2832.888243,2860.755646,2832.231941,2868.032582,2833.200889,2868.871659
2831.560469,2859.712525,2832.819291,2860.983411,2832.579190,2868.231168,2833.079957,2869.088628
2831.628625,2859.648637,2832.540314,2861.187409,2833.348415,2868.218763,2833.132607,2869.277569
2831.632124,2859.646157,2832.543270,2861.192490,2833.310990,2868.201278,2833.137266,2869.269009
2831.633538,2859.676597,2832.516843,2861.249602,2834.341232,2868.287649,2833.153852,2869.387350
2831.624239,2859.674011,2832.519287,2861.248464,2834.279167,2868.282113,2833.148205,2869.382693
2831.537174,2859.666384,2832.519338,2861.252457,2834.210956,2868.257831,2833.099401,2869.340061
2833.157699,2859.794639,2832.521562,2861.624194,2832.608782,2868.149182,2830.963042,2869.352108
2833.135876,2859.725961,2831.750943,2861.833335,2834.669004,2868.154516,2830.385274,2869.464984
2833.156515,2859.744054,2832.355692,2861.842831,2832.205088,2867.978677,2830.922704,2869.263821
2833.142562,2859.624186,2831.729311,2862.000152,2836.912085,2868.061364,2830.399948,2869.229276
2833.171172,2859.668200,2831.893851,2862.021196,2835.235212,2867.953675,2830.256053,2869.280947
2833.242916,2859.672094,2832.219016,2862.101045,2832.074624,2867.836663,2830.666174,2869.272897
2833.248509,2859.675939,2832.217263,2862.106812,2832.087633,2867.834786,2830.669762,2869.277390
2833.257505,2859.545119,2832.017292,2862.555577,2831.885684,2867.792218,2830.807955,2869.413876
2833.506172,2859.362553,2831.063936,2862.634890,2831.710981,2867.606145,2830.390853,2869.445496
2833.364786,2859.230147,2830.026993,2862.928020,2831.207639,2867.414059,2833.583687,2869.090908
2831.548433,2859.318007,2833.160769,2863.445567,2831.716590,2867.748270,2830.935502,2868.999175
2832.964617,2859.378506,2831.237258,2863.189165,2831.225604,2867.575218,2831.145906,2869.174695
2833.958970,2859.241374,2832.384715,2861.142093,2832.120670,2866.648018,2828.572209,2868.927089
2832.839268,2859.242769,2831.258408,2862.648696,2832.759671,2867.364812,2828.343413,2869.267731
2834.632224,2859.213854,2832.144632,2863.060709,2831.838716,2867.424852,2830.790108,2869.911913
2840.110322,2859.171271,2834.457671,2864.289865,2830.541483,2868.179610,2829.222721,2868.697104
2840.783229,2859.511199,2834.634459,2865.145150,2830.724952,2868.036384,2830.871222,2869.011051
2840.505086,2859.737421,2831.230728,2864.268811,2831.031178,2867.495473,2834.644045,2869.390242
2839.898061,2859.222670,2831.674058,2864.479867,2831.299594,2867.871223,2833.212843,2869.546136
2839.762450,2859.060572,2831.263719,2864.536977,2830.997543,2867.867482,2834.900303,2869.665487
2842.732185,2859.975716,2831.450530,2864.162483,2831.125471,2867.071436,2833.997663,2871.117398
2842.968813,2859.526989,2831.861434,2863.854141,2831.514815,2867.751138,2833.910554,2871.992956
2842.970854,2859.700465,2830.646080,2864.986725,2831.124253,2868.309596,2833.879167,2871.608382
2841.914388,2859.383016,2830.727522,2863.897955,2830.175899,2867.476573,2834.258818,2870.171608
2831.559274,2858.413228,2830.823248,2865.269244,2832.854456,2868.576621,2839.927182,2870.663994
2831.202911,2858.294505,2830.290548,2865.542464,2833.267128,2868.716319,2841.526963,2870.425267
2830.941258,2858.440475,2830.883528,2864.363580,2833.922422,2866.796906,2843.197445,2872.159771
2830.804348,2858.952981,2833.774814,2865.921260,2831.659419,2867.559374,2844.281016,2871.383452
2830.579935,2859.503913,2830.890290,2863.539528,2833.787495,2867.979588,2845.273162,2871.977900
2828.968065,2860.103097,2829.675993,2863.417574,2833.978557,2868.451702,2845.895973,2871.504571
2831.515133,2858.521256,2831.342060,2863.982809,2833.625142,2866.649980,2835.067998,2869.534606
2830.746474,2858.733638,2832.252190,2864.883979,2831.138433,2866.525218,2832.985589,2869.224384
2831.163559,2859.875774,2843.499998,2863.691230,2834.931872,2869.786065,2833.633665,2876.499903
2832.961942,2858.157691,2831.493550,2864.391184,2834.047952,2867.633978,2831.157886,2871.352098
2841.999994,2858.904248,2828.139536,2864.912948,2834.044741,2866.245582,2829.885906,2874.878662
2833.091154,2857.856983,2833.139885,2864.495958,2832.732353,2868.626642,2831.705376,2870.686642
2832.066648,2857.686684,2832.098274,2864.601864,2831.570835,2868.461139,2832.313559,2870.942448
2832.458848,2857.210890,2830.434402,2863.988027,2831.992086,2868.981691,2832.797909,2871.277148
2831.634496,2857.301502,2832.419242,2864.095522,2829.463052,2868.993395,2832.788663,2871.777911
2832.937123,2857.047994,2831.097708,2864.036491,2833.046521,2868.972781,2832.525301,2871.435579
2833.016001,2856.958575,2831.053457,2864.039930,2832.869023,2868.991263,2832.428401,2871.523432
2832.284049,2858.395771,2832.487152,2865.039056,2831.336613,2870.287377,2833.269732,2872.050352
2832.086091,2858.954540,2832.894986,2865.984668,2829.054920,2867.680531,2831.537487,2869.130055
2831.233507,2859.137404,2833.609128,2865.247793,2834.804618,2867.403227,2830.525014,2872.437986
2831.253911,2858.597921,2833.511013,2865.906319,2826.916416,2867.378236,2832.779048,2869.440399
2831.916966,2859.038224,2833.395363,2865.018571,2830.080903,2866.709461,2829.518510,2868.834427
2829.614556,2857.896384,2831.536345,2864.395620,2830.915255,2866.072110,2834.154697,2868.610577
2830.233711,2858.987076,2832.371023,2863.620721,2837.759516,2864.291865,2834.574357,2869.128023
2832.482229,2858.242143,2833.390342,2863.699217,2827.593161,2865.800812,2830.640810,2870.326010
2831.195510,2858.113538,2830.578178,2864.464112,2829.661273,2866.514013,2832.993859,2870.081919
2832.127742,2858.410249,2831.387251,2865.959345,2826.384110,2867.298146,2833.233750,2869.281389
2831.459817,2858.989712,2831.443787,2866.135345,2837.868832,2867.194538,2834.203954,2868.594384
2832.289829,2858.416512,2831.335732,2866.075473,2825.930468,2867.264031,2833.384985,2869.420020
2831.543858,2858.407993,2830.778759,2864.745877,2830.300856,2866.950284,2834.524088,2869.465669
2830.785204,2857.997471,2830.485621,2864.174415,2830.424842,2867.176218,2834.459029,2869.197885
2830.634308,2857.771528,2829.795230,2864.222695,2830.170884,2866.130082,2834.022791,2869.120709
2834.975808,2858.255513,2831.175370,2863.874157,2835.615080,2865.670505,2831.031967,2869.228450
2833.412968,2858.319814,2830.915757,2864.706487,2828.801734,2865.618987,2831.901785,2869.601276
2831.693882,2858.336230,2831.030710,2864.890929,2829.564571,2866.299080,2833.239146,2869.373804
2831.482704,2858.510073,2832.551923,2866.100990,2826.292579,2867.381328,2832.962578,2869.314931
2831.386612,2858.814798,2833.251159,2866.055393,2826.981497,2867.452446,2832.514848,2869.476011
2831.340776,2858.509256,2834.036204,2865.976787,2826.569845,2867.508791,2832.848268,2869.650597
2830.851391,2858.541142,2831.487285,2864.086343,2832.204436,2866.390639,2834.995128,2869.324219
2839.971720,2860.039670,2832.018288,2867.599126,2830.846590,2865.497021,2835.160551,2865.480058
2839.418186,2860.074803,2831.865526,2867.984701,2830.907607,2865.318801,2835.209553,2865.411087
2841.968409,2859.216955,2831.337689,2868.895167,2832.487785,2866.869638,2834.685366,2868.488300
2832.675992,2858.517737,2830.656201,2865.241665,2832.412960,2867.744929,2832.437863,2870.940185
2832.809017,2858.167351,2830.441998,2864.938381,2831.377827,2868.192871,2835.212582,2871.606830
2834.106607,2858.084412,2831.518488,2864.239164,2836.228725,2868.425044,2829.928457,2870.627403
2832.185776,2858.010285,2832.704717,2865.421655,2831.042532,2868.459259,2832.719908,2870.522873
2832.335884,2857.843333,2831.032967,2865.318481,2832.264385,2868.363179,2833.357049,2871.588539
2834.033016,2859.039850,2829.384276,2862.708121,2829.808256,2869.499384,2845.898338,2871.962333
2833.841299,2857.552073,2829.692194,2864.396606,2835.034110,2868.221276,2831.106472,2872.074543
2833.971554,2858.706338,2830.782490,2865.048635,2830.927773,2868.267902,2834.781731,2870.910273
2831.291326,2858.787752,2832.806883,2865.705458,2832.415203,2867.276476,2832.727269,2869.954572
2833.090384,2858.727449,2828.681670,2865.415657,2838.098733,2868.479246,2831.214893,2870.904585
2833.103306,2858.826036,2830.260247,2865.473924,2833.938853,2868.672015,2831.922027,2870.572370
2833.700487,2858.947012,2831.505719,2865.339189,2832.387016,2868.890213,2831.872618,2870.483392
2835.269684,2858.887898,2830.353780,2865.484554,2833.652283,2867.611459,2827.398830,2869.511539
2834.185159,2858.363993,2832.802462,2865.743453,2832.860021,2867.498109,2830.979705,2868.912621
2833.154467,2857.903271,2831.562899,2865.663023,2831.441986,2866.742104,2830.871882,2867.969292
2834.238866,2858.640746,2832.316896,2866.276090,2830.755621,2867.187850,2830.553234,2868.931995
2833.510788,2858.073141,2831.466450,2865.594688,2831.433282,2867.288026,2831.614893,2868.889521
2835.245654,2858.099285,2832.111859,2865.163483,2831.264175,2867.556844,2831.769234,2870.108707
2835.283949,2857.871204,2829.441458,2866.784392,2830.147043,2866.888698,2833.208288,2865.433245
2832.957984,2858.301172,2830.851741,2865.736923,2832.932016,2866.407190,2834.590143,2866.991740
2834.085084,2858.485782,2841.157245,2865.973339,2831.223957,2865.467022,2832.568809,2864.126163
2833.802311,2858.323115,2834.197232,2866.229882,2832.008108,2866.411147,2830.795085,2864.006631
2834.191072,2858.408309,2839.404731,2865.788380,2831.908280,2866.092761,2831.384565,2864.090013
2839.299967,2858.540403,2831.347070,2866.105068,2831.368718,2865.857294,2833.843108,2866.117686
2841.990032,2858.736926,2832.263443,2866.225302,2830.942359,2864.303646,2834.020257,2865.155485
2835.472755,2858.337518,2832.332258,2865.491553,2830.328021,2865.407583,2833.109083,2865.077862
2838.110622,2858.281242,2832.001938,2865.416799,2830.230737,2865.375417,2833.153273,2865.008670
2837.839332,2858.241305,2832.103962,2865.334645,2830.034546,2865.448863,2833.147732,2865.332546
2835.447891,2858.009819,2832.743209,2865.023668,2829.983801,2865.382889,2833.160201,2867.129624
2835.094449,2857.654556,2832.942679,2865.074333,2830.081420,2865.447247,2833.229983,2867.519255
2836.462471,2858.111099,2832.463738,2864.713412,2830.048964,2865.223920,2833.177451,2866.959609
2838.676093,2857.709197,2831.953628,2864.820989,2830.251488,2865.159011,2833.751253,2866.712172
2839.922113,2857.538323,2832.058789,2864.259097,2830.042940,2865.293350,2833.652361,2865.692439
2838.767458,2858.638326,2830.651697,2864.670039,2830.784476,2865.923769,2834.472789,2866.542782
2837.850397,2858.315159,2831.722364,2864.300933,2831.216749,2866.007539,2834.662779,2866.681553
2839.123430,2858.529580,2831.815071,2863.980544,2830.718138,2865.551225,2834.768303,2867.147266
2836.966443,2857.932747,2829.318014,2864.087323,2829.784286,2865.267248,2833.333866,2867.183208
2834.269535,2861.329359,2832.725141,2863.021747,2830.436047,2872.014198,2845.814109,2870.332762
2834.055364,2861.264107,2830.229081,2862.787119,2831.403143,2872.649678,2844.931352,2868.303549
2834.394777,2858.663156,2831.880478,2865.246795,2831.042458,2872.498716,2844.881809,2874.030633
2834.240519,2858.527682,2831.912162,2865.186792,2831.148621,2872.308004,2844.712381,2872.800705
2833.140805,2857.745788,2830.055481,2864.394720,2830.658569,2870.013900,2831.927368,2871.556810
2833.408514,2858.118473,2829.769857,2864.733852,2830.560771,2870.004080,2833.307347,2872.158831
2834.963889,2858.695355,2830.347614,2865.034286,2832.110711,2869.913709,2836.725858,2870.889019
2834.665881,2858.389990,2829.097705,2864.254421,2830.077481,2869.288472,2838.230450,2872.112908
2833.300314,2857.995217,2829.542129,2864.545216,2830.478769,2869.739374,2834.605831,2872.127695
2833.290430,2857.944712,2829.673982,2864.420077,2830.546811,2869.998291,2832.284877,2872.037422
2834.594381,2858.163005,2830.153233,2864.531472,2830.132721,2869.225422,2834.242787,2872.011922
2833.215441,2858.265000,2830.447204,2864.610220,2831.054873,2869.597667,2834.169405,2872.108656
2833.915896,2858.256940,2830.412954,2864.650584,2830.636256,2869.856908,2836.294032,2872.014912
2834.357049,2858.396142,2830.893347,2864.596371,2830.263163,2869.728933,2839.486502,2872.401978
2835.022681,2858.572308,2832.002920,2864.525409,2830.551766,2868.613988,2838.979856,2871.525040
2834.003086,2858.223834,2831.425292,2864.744226,2831.144809,2869.840927,2832.303221,2872.104402
2834.190617,2858.288627,2831.369435,2864.899126,2831.176027,2870.021376,2833.226147,2872.101315
2834.664401,2858.550076,2831.337104,2864.694171,2831.327589,2869.712237,2834.525656,2871.642078
2834.206785,2859.988091,2831.486152,2863.262296,2830.990684,2868.808120,2832.289092,2870.755948
2834.585497,2859.593689,2832.200533,2864.048178,2830.647910,2868.823666,2839.257422,2869.302123
2834.181207,2859.727248,2830.504025,2864.546050,2831.520165,2868.931478,2840.365499,2869.520826
2833.931948,2860.855676,2843.499674,2863.320490,2831.028065,2871.813474,2830.615643,2872.284529
2834.408485,2859.667072,2832.569898,2863.707302,2831.445897,2869.646113,2831.013470,2871.524615
2834.418509,2859.188921,2832.734199,2863.671291,2831.410801,2869.049211,2830.944268,2871.818992
2834.465306,2859.037308,2833.700215,2863.865023,2831.415477,2869.202708,2830.877695,2871.898710
2833.754430,2858.334004,2832.131604,2865.302417,2831.097077,2867.961167,2840.706237,2870.675985
2833.870410,2859.455636,2831.445525,2864.168031,2830.945795,2869.083374,2830.732478,2870.694681
2833.943326,2861.076458,2833.407607,2862.668419,2830.684550,2872.100759,2845.734297,2870.969414
2833.839625,2860.095541,2830.846089,2864.156725,2830.773744,2868.919673,2843.565447,2871.276370
2833.854444,2858.850116,2830.317081,2862.241298,2832.318656,2868.189961,2845.895819,2871.644252
2834.542961,2859.180679,2831.064525,2865.735897,2831.217868,2870.139915,2836.705663,2871.840023
2833.697528,2859.215365,2831.142451,2865.325544,2831.471877,2869.598967,2831.938075,2871.840134
2833.966171,2859.208118,2831.191922,2865.369645,2831.413340,2869.454083,2832.016651,2871.912787
2833.921037,2859.187504,2831.217760,2865.406430,2831.420440,2869.491313,2832.031731,2871.927300
2834.643625,2859.239050,2831.144262,2865.600084,2831.063903,2869.447180,2835.924946,2872.259537
2833.829716,2859.225708,2831.154223,2865.529481,2831.458069,2869.421940,2832.120394,2871.934270
2834.201875,2858.803953,2832.363183,2866.306307,2830.692522,2869.679517,2838.234809,2871.774673
2833.576486,2859.318433,2829.646971,2866.124822,2829.975622,2869.687960,2834.281322,2872.065518
2833.930797,2858.957584,2830.964868,2866.298643,2831.142915,2869.250018,2837.231052,2871.244743
2833.969262,2860.081646,2830.396022,2866.094916,2831.829888,2873.901862,2845.899996,2872.904101
2833.973200,2859.982068,2830.292148,2865.994857,2831.745784,2873.910783,2845.897712,2872.745402
2833.572046,2859.083513,2830.898780,2867.051123,2831.568639,2868.223602,2842.704626,2871.317378
2831.742373,2859.885480,2834.599126,2866.352660,2830.007359,2868.638532,2839.946287,2871.591832
2833.881859,2859.464744,2830.745803,2866.573716,2831.253092,2868.843476,2835.430474,2872.216493
2833.565671,2859.421810,2830.809062,2866.849466,2831.404790,2868.532036,2832.325241,2872.157420
2833.604752,2859.280140,2831.245988,2866.621395,2830.804119,2868.609266,2831.848639,2871.309154
2834.512450,2859.331837,2832.504792,2867.234395,2829.598055,2867.850110,2840.576734,2870.944901
2834.492916,2859.328848,2833.119694,2866.911640,2830.086812,2869.395173,2832.805104,2872.125384
2831.917903,2859.344426,2833.638464,2866.820222,2829.013857,2869.475894,2841.756370,2870.624570
2833.088125,2861.649666,2833.761326,2866.718328,2830.473721,2872.139171,2845.895905,2873.384543
2831.776756,2861.162990,2834.411198,2870.952950,2829.287205,2872.412679,2845.899048,2874.302721
2834.195878,2859.169477,2830.929106,2866.304909,2831.118925,2870.711337,2835.239495,2873.288196
2834.522641,2858.954911,2831.186375,2866.306623,2830.672379,2871.016019,2840.382560,2871.852768
2833.468801,2859.569307,2830.579635,2868.067265,2831.230455,2865.647863,2845.172198,2869.442991
2830.766013,2859.171178,2833.494853,2865.655364,2829.488676,2870.256273,2831.379392,2873.417505
2830.690412,2858.881369,2830.889982,2866.878470,2833.112486,2869.085024,2832.462356,2871.404695
2833.644145,2858.978624,2831.345201,2866.091165,2826.590818,2868.792314,2832.613617,2870.744926
2830.116430,2859.778731,2834.042870,2866.567751,2833.667052,2868.822862,2830.470651,2871.321326
2830.211184,2859.397943,2831.224419,2866.652383,2835.344096,2869.344498,2832.691240,2871.631747
2831.976510,2858.576285,2830.096004,2866.925107,2829.348363,2868.480532,2831.787167,2870.402913
2833.886053,2859.640123,2830.916254,2867.933958,2837.701666,2866.885954,2829.764741,2868.034869
2833.631950,2859.727165,2830.508925,2868.344659,2841.248387,2866.460725,2830.394211,2864.507460
2833.585565,2859.401806,2830.467506,2867.484061,2841.147599,2866.916692,2831.100524,2867.628891
2833.797311,2859.561004,2830.712663,2867.794161,2832.435645,2867.414077,2830.197740,2867.357822
2831.088462,2859.374009,2830.267419,2867.770959,2831.910990,2867.099815,2833.114441,2864.625803
2833.550819,2859.362603,2830.320155,2867.489991,2842.699927,2866.561978,2831.879198,2864.692149
2839.916045,2859.439321,2828.947025,2863.894953,2829.578953,2865.030123,2835.026359,2867.561804
2827.724579,2858.585222,2830.527217,2863.896734,2830.343981,2867.269694,2833.610786,2869.510117
2829.861664,2859.495349,2829.158159,2863.989344,2842.739621,2864.579232,2834.156644,2868.952193
2828.755993,2859.377757,2837.020522,2863.892098,2830.087799,2866.500073,2834.733636,2862.993805
2827.997405,2859.030853,2832.821003,2863.440401,2831.957805,2865.671206,2833.721001,2866.624107
2836.599344,2859.455426,2830.682725,2867.255472,2830.418935,2868.268424,2833.778137,2868.704481
2838.068991,2858.870657,2830.411037,2866.197276,2831.677035,2868.924174,2833.742862,2869.526969
2833.472163,2859.264145,2830.419231,2867.220946,2831.162137,2866.959933,2842.573299,2868.618104
2826.629933,2859.330693,2832.332457,2863.473523,2831.733450,2866.181002,2833.726534,2866.992262
2833.735938,2858.801105,2830.510394,2865.555108,2843.699213,2867.660649,2830.042839,2869.841394
2833.938576,2860.885744,2829.668761,2861.922190,2843.684226,2870.844151,2830.560374,2869.579447
2830.781014,2857.041299,2833.117735,2863.453983,2828.775252,2871.380415,2829.941595,2859.584928
2837.963999,2859.044274,2829.115120,2864.065594,2829.872684,2865.293682,2834.678372,2868.024457
2837.876162,2859.490713,2830.076071,2864.152452,2830.027330,2866.018404,2834.499663,2867.758291
2838.991407,2859.579575,2830.423899,2863.935899,2829.691695,2866.049968,2834.522960,2867.861639
2840.033952,2859.175889,2830.112214,2864.257260,2829.872261,2865.971878,2834.186482,2868.937753
2837.686464,2858.957843,2829.210412,2865.237855,2829.520902,2866.725429,2833.643626,2868.633940
2837.791502,2858.897253,2829.381972,2865.070101,2829.697896,2867.608774,2833.619420,2868.537466
2839.684537,2858.885825,2831.150253,2865.786971,2833.598682,2867.511708,2830.375186,2868.760191
2838.816198,2858.544431,2829.547724,2865.069997,2829.497805,2867.990128,2833.531805,2869.107725
2840.218735,2859.092954,2829.775336,2864.803733,2830.930210,2867.768774,2834.200224,2869.199047
2839.044903,2859.038798,2831.102233,2865.215994,2830.223285,2868.115686,2833.829821,2869.051962
2834.142641,2858.015630,2832.704827,2864.667493,2829.810780,2869.584789,2830.544344,2872.628737
2834.140187,2858.015861,2832.705554,2864.667594,2829.804324,2869.582868,2830.544513,2872.629113
2834.015662,2858.028268,2833.394354,2864.452745,2829.051077,2869.594487,2830.458660,2872.689195
2834.291700,2858.195690,2833.298841,2865.025589,2829.337434,2869.510747,2830.265014,2872.759100
2834.061991,2858.436968,2833.364781,2864.509486,2829.422762,2869.861006,2830.380782,2872.761156
2833.705310,2858.295990,2833.254274,2864.485039,2829.691923,2869.677186,2830.518945,2872.706947
2833.808128,2858.595751,2833.147256,2865.001050,2829.830658,2869.635405,2830.209096,2872.478009
2833.811861,2858.609206,2833.145122,2865.013669,2829.834170,2869.637486,2830.215169,2872.470412
2833.885875,2858.592748,2833.391017,2865.254235,2829.106526,2869.553270,2830.482173,2872.469862
2833.908097,2858.780605,2833.280357,2865.217098,2829.552565,2869.701127,2830.764653,2872.430538
2833.965123,2858.775897,2833.448081,2865.035964,2829.149740,2869.652892,2830.471286,2872.531757
2830.120228,2861.426321,2829.476061,2863.332266,2833.734468,2871.396244,2844.899996,2869.452889
2832.401378,2859.664009,2829.675904,2864.148326,2833.777751,2868.006785,2841.265367,2868.927952
2832.401961,2860.360976,2827.696618,2864.121643,2834.000488,2869.298596,2844.380321,2867.464722
2831.010481,2859.880218,2828.809344,2864.168549,2834.046776,2868.273220,2838.311791,2869.667643
2832.723635,2859.985549,2829.036472,2863.805418,2833.949896,2868.406442,2841.382132,2868.994220
2833.578361,2861.944667,2829.891157,2863.619471,2828.294373,2874.162441,2844.887262,2873.391884
2833.694218,2860.727832,2830.191786,2864.042239,2830.267813,2871.163476,2839.947286,2873.089287
2833.385342,2860.303574,2829.985638,2863.985569,2827.979475,2871.606248,2844.760309,2872.394212
2833.425918,2860.903508,2829.979909,2864.564447,2827.030644,2872.767973,2844.899854,2873.999329
2833.574319,2862.015252,2829.774904,2862.715245,2828.253529,2874.203673,2844.865576,2872.915335
2833.603395,2860.011772,2830.389447,2863.262364,2829.849708,2870.946473,2830.119716,2872.618595
2833.460098,2860.160816,2829.901475,2863.808222,2829.995252,2870.106132,2840.492529,2872.376285
2833.541309,2860.093789,2830.269845,2863.194187,2829.930388,2871.964163,2831.562110,2871.586930
2833.550038,2861.435543,2829.441805,2864.085494,2829.752352,2874.398527,2844.727261,2871.167638
2833.426290,2861.256820,2831.325872,2863.550515,2829.894422,2872.581613,2842.843301,2869.180560
2833.544313,2861.404594,2830.691695,2863.537636,2829.714449,2874.107891,2844.698871,2869.580318
2833.751185,2860.378111,2831.604760,2864.658724,2829.609980,2870.528413,2841.838721,2869.808745
2833.514845,2861.847858,2829.910428,2863.228588,2829.713497,2874.098457,2844.868149,2869.723659
2833.436674,2861.664179,2829.570675,2863.799775,2829.794973,2873.612640,2844.864914,2870.139802
2833.474834,2861.880325,2829.730471,2863.600398,2828.104032,2874.231460,2844.772004,2870.377440
2833.415259,2861.805218,2829.763838,2863.400230,2827.594488,2873.940729,2844.895363,2870.721784
2833.391454,2861.547436,2829.777968,2864.037591,2828.967841,2873.857877,2844.835830,2870.577854
2833.428271,2860.654205,2832.427425,2864.214151,2829.634674,2871.209928,2843.834837,2870.050750
2833.377510,2861.888560,2829.750130,2863.448462,2828.580246,2873.845038,2844.850582,2870.983694
2833.360172,2861.646538,2829.732840,2863.963542,2828.885882,2873.622538,2844.745405,2870.629382
2833.315739,2859.969874,2829.979268,2865.080658,2830.115045,2870.264529,2836.007477,2870.258654
2833.403862,2861.998142,2829.668023,2863.894004,2829.009915,2874.135686,2844.879009,2870.739761
2833.287299,2860.693150,2829.763354,2864.172504,2828.410547,2871.576955,2843.548987,2870.522909
2833.327754,2861.963589,2829.683814,2863.755805,2826.541714,2873.698145,2844.899413,2869.749356
2833.371979,2860.948363,2831.905429,2865.334678,2829.569505,2874.504655,2844.609126,2871.590820
2833.362741,2861.184337,2831.528155,2865.341916,2829.591118,2874.449517,2844.899617,2871.356033
2832.830759,2859.521944,2830.017560,2866.354428,2830.643056,2870.827104,2829.173128,2871.461954
2832.887242,2859.809976,2829.918894,2866.306523,2830.484591,2870.890926,2830.181333,2871.374037
2833.209326,2859.815402,2830.903045,2866.692008,2829.883085,2870.579632,2837.773241,2871.509486
2833.165774,2860.819431,2831.613816,2866.521917,2829.779018,2871.936507,2843.208506,2871.786620
2833.450604,2859.627129,2831.353287,2867.408303,2829.193547,2870.420105,2839.647688,2870.800666
2833.275593,2860.811776,2834.547125,2866.589612,2829.625668,2873.900134,2844.066163,2871.811960
2833.107799,2860.430976,2831.125498,2869.753373,2829.797016,2869.738667,2844.028343,2870.980336
2833.525955,2859.731937,2830.267059,2866.646432,2829.385594,2870.295116,2834.021542,2870.682185
2833.500830,2859.811973,2830.413236,2866.955107,2829.466836,2870.092566,2835.792609,2871.227008
2833.280842,2859.368669,2825.604661,2864.920630,2829.624229,2871.359985,2844.899982,2874.921636
2832.915755,2859.953515,2829.641670,2868.088554,2830.425876,2869.643482,2829.180594,2870.226838
2833.083834,2859.690596,2829.606162,2868.128930,2830.242231,2869.248204,2828.675799,2869.603888
2833.012159,2859.194249,2829.652515,2867.072182,2830.388902,2869.379625,2828.395081,2870.044200
2833.048945,2860.044204,2829.554288,2867.504567,2830.273322,2869.475128,2828.121347,2870.638438
2832.982243,2860.151634,2829.451261,2867.133883,2829.977502,2869.227379,2827.932425,2872.165881
2832.719564,2859.229182,2829.146419,2867.428896,2830.998571,2870.213361,2829.354090,2871.724447
2833.045863,2859.185113,2828.970977,2867.468116,2830.274724,2870.006640,2829.155876,2871.624922
2831.972944,2859.150400,2830.616069,2867.344072,2828.729733,2870.448127,2829.387472,2872.226048
2830.328328,2859.400029,2836.189184,2865.580883,2829.682568,2870.508765,2832.713143,2873.302158
2832.466511,2859.455950,2829.079138,2867.439420,2833.330264,2870.504646,2828.940782,2872.557587
2832.344780,2860.295769,2829.563846,2867.218925,2833.274266,2871.127208,2829.820040,2873.995394
2833.193207,2859.735787,2829.360356,2867.935807,2830.735843,2870.764516,2830.673391,2872.956642
2830.486586,2859.521315,2829.331338,2867.049951,2832.837300,2872.063005,2830.587347,2873.113592
2832.569412,2859.530167,2829.399108,2866.524024,2833.320923,2871.626326,2829.523875,2873.651948
2831.768770,2860.017137,2829.314127,2867.330659,2832.939605,2870.697371,2830.161771,2873.141212
2833.233297,2859.352970,2829.408815,2867.365861,2830.416842,2870.754566,2829.883847,2873.622823
2832.692521,2859.034150,2829.179540,2867.533494,2830.833355,2870.850067,2829.756422,2873.247879
2833.128458,2858.929456,2830.171428,2867.828424,2830.708917,2871.124352,2829.860401,2873.428249
2833.403509,2859.296375,2829.167568,2867.751701,2832.641907,2871.019190,2830.359754,2873.004677
2833.565808,2859.188096,2829.636993,2866.164183,2828.374099,2870.107070,2829.564831,2871.840912
2832.986846,2859.610806,2829.255039,2867.611467,2828.834386,2869.513827,2828.325611,2871.040534
2833.088661,2859.511584,2829.456795,2866.920829,2828.610408,2868.939575,2829.098985,2870.304950
2832.876156,2859.641491,2829.056935,2867.742470,2829.698996,2869.219889,2828.834423,2868.780083
2832.942234,2860.293593,2829.696161,2869.272349,2829.484214,2869.038774,2830.563644,2869.350372
2833.308393,2860.687720,2830.744163,2867.896629,2829.073507,2868.840817,2841.142114,2870.339639
2833.403194,2860.300996,2832.042254,2868.951678,2827.403524,2868.964118,2842.291898,2870.163530
2833.344748,2860.133328,2830.174932,2868.479905,2828.869310,2868.848167,2840.696093,2869.694018
2833.242807,2860.074874,2830.337121,2868.416649,2829.057935,2868.692055,2839.065052,2869.670104
2833.345231,2860.124777,2829.663940,2866.988093,2829.100914,2869.893810,2837.867725,2869.207092
2832.858079,2859.853864,2828.440032,2868.251803,2829.601483,2868.728254,2829.061538,2868.446788
2840.995754,2860.930722,2827.730525,2866.027943,2831.858186,2871.947252,2833.938581,2878.499752
2840.999965,2860.658451,2827.724668,2865.994817,2831.496049,2871.521007,2834.008910,2878.499431
2840.999828,2861.513883,2827.769752,2866.333612,2831.714272,2872.603638,2834.072959,2878.499931
2840.999776,2861.028758,2827.556890,2866.024321,2831.734904,2872.041911,2833.847686,2878.499564
2840.998843,2860.762226,2826.009004,2865.432441,2831.722590,2870.879862,2833.264432,2874.296240
2840.998525,2860.465977,2829.858457,2865.415376,2829.199359,2871.129171,2833.025341,2874.318077
2840.999973,2861.127863,2831.106785,2865.826606,2828.813507,2871.977471,2833.073334,2878.499762
2840.996555,2861.489450,2830.939250,2866.179870,2829.095205,2872.767467,2833.058819,2878.499962
2840.999999,2861.890694,2824.918764,2866.553407,2832.857045,2872.596646,2833.148445,2878.268523
2840.999238,2861.862263,2830.435857,2866.317447,2829.016799,2873.099042,2833.070549,2878.499773
2840.991074,2861.548766,2831.373654,2866.189404,2827.712980,2872.481973,2833.127118,2878.499956
2840.946659,2860.948507,2826.827644,2866.029513,2832.578321,2871.512481,2833.182568,2878.498643
2840.999622,2861.515405,2826.573400,2866.319543,2832.333296,2872.234493,2833.170306,2878.499366
2840.999846,2860.418017,2830.916854,2865.687288,2827.879697,2871.118324,2833.077718,2878.499714
2840.996923,2860.467057,2831.736327,2865.737404,2824.071417,2872.246690,2832.900375,2878.499392
2840.995342,2860.470956,2830.543760,2865.683668,2828.341414,2870.936832,2833.045659,2878.499446
2840.917538,2860.634572,2831.315946,2865.886138,2827.356375,2871.442484,2833.072608,2878.497103
2840.999986,2861.018742,2832.021631,2866.021864,2826.631084,2871.655033,2833.104285,2878.499553
2840.994613,2860.589627,2830.553685,2865.790970,2828.032956,2871.152538,2833.033834,2878.499589
2840.993654,2861.443155,2825.305541,2866.020618,2832.354674,2872.610813,2833.058956,2878.499981
2830.346332,2860.937429,2825.922692,2865.940299,2831.000515,2871.255382,2833.691230,2873.597867
2840.999021,2859.717731,2825.415663,2867.215347,2831.646322,2872.746888,2832.997360,2878.499647
2841.000000,2861.695503,2824.481953,2866.712190,2833.702107,2872.341780,2833.032322,2878.499640
2841.000000,2862.329244,2823.635222,2867.156269,2833.833869,2873.306840,2832.934232,2878.499734
2840.999992,2861.234648,2825.869046,2866.320515,2832.862562,2872.266627,2833.069565,2878.499877
2840.999082,2860.423164,2827.592068,2866.517855,2831.172333,2869.272752,2833.193922,2870.215508
2840.999940,2861.622684,2824.632657,2866.565549,2833.367939,2872.642862,2833.009608,2878.499869
2840.992085,2861.576813,2827.780422,2866.343588,2832.043856,2869.595321,2833.129223,2872.378347
2841.000000,2862.845257,2823.929454,2869.411438,2834.295940,2873.419055,2833.058394,2875.310433
2841.000000,2862.713474,2823.524398,2868.999570,2831.892918,2875.234545,2832.883742,2873.081121
2841.000000,2862.698605,2823.847926,2868.570127,2832.266292,2875.056455,2832.909434,2874.825300
2841.000000,2862.692893,2822.875554,2867.617274,2834.248985,2873.941516,2832.784356,2878.260647
2841.000000,2862.573285,2823.836504,2867.601341,2834.623850,2873.681686,2832.971957,2877.746949
2840.998709,2862.836414,2824.069494,2866.747026,2832.045840,2874.304234,2832.898723,2878.346423
2841.000000,2861.990825,2824.167652,2866.327314,2834.124124,2872.709755,2833.024034,2878.499301
2840.999365,2861.917788,2824.273371,2866.522737,2833.150922,2872.778753,2832.921777,2877.173338
2840.104131,2861.384234,2825.257735,2866.427922,2832.730634,2871.353504,2833.025720,2874.050107
2840.674514,2861.620777,2824.337279,2866.810764,2833.258728,2871.842476,2832.954905,2874.156587
2840.999992,2860.038572,2825.864972,2865.862986,2832.591518,2870.865276,2832.898531,2872.897699
2841.000000,2859.848249,2824.480192,2866.091768,2833.987263,2872.512693,2832.845373,2879.499825
2837.999839,2860.193966,2827.506800,2865.474036,2831.636330,2870.507654,2832.774922,2874.625257
2841.000000,2859.511001,2823.926117,2865.800299,2834.135426,2872.370126,2832.780927,2877.936062
2840.999993,2859.376667,2824.341434,2865.748245,2833.860096,2872.424597,2832.798809,2878.181716
2840.999998,2859.706774,2826.083150,2865.603754,2832.941398,2870.643074,2832.860442,2872.982015
2839.999732,2860.103888,2824.740767,2867.580492,2832.090951,2872.372174,2832.809628,2875.703978
2821.430349,2862.734231,2841.500000,2872.663826,2830.757274,2875.929246,2832.339621,2879.499953
2821.332759,2860.846351,2841.499999,2869.625462,2831.318024,2874.850161,2832.254139,2878.549739
2840.000000,2861.240708,2823.298315,2870.512181,2833.183502,2875.428041,2832.609820,2879.498367
2840.000000,2861.375767,2823.253282,2870.793138,2832.649007,2875.338027,2832.575518,2879.499186
2821.120992,2862.603171,2841.500000,2870.043353,2831.620822,2873.461190,2832.246881,2876.680850
2821.326510,2861.076254,2841.500000,2868.079471,2831.876098,2875.948928,2832.214870,2875.452859
2822.691700,2860.859592,2841.499733,2866.359697,2832.109793,2872.638907,2832.533265,2872.546971
2823.508359,2860.717424,2841.500000,2869.349569,2832.727065,2874.334745,2832.722277,2878.667947
2820.627687,2861.649140,2841.500000,2870.286663,2831.232632,2876.936572,2832.048159,2878.152786
2821.801480,2862.967641,2841.500000,2870.212476,2830.919197,2873.762002,2832.480330,2876.309320
2820.714561,2860.650230,2841.500000,2869.100641,2831.193620,2873.199964,2832.063295,2878.133380
2820.495323,2862.829415,2841.500000,2869.871486,2831.302290,2872.365923,2832.115379,2876.136300
2820.577939,2860.994979,2841.500000,2869.436448,2831.303374,2873.055356,2832.024675,2877.892212
2821.660800,2862.488988,2841.498584,2867.211778,2832.288744,2874.340373,2832.371097,2879.113561
2829.182349,2861.296695,2826.281791,2865.661066,2831.595782,2870.887240,2832.748647,2873.755595
2828.004662,2861.265718,2827.185298,2866.599393,2830.754881,2870.645031,2832.755072,2873.405917
2830.872385,2861.654664,2821.500325,2864.385470,2831.186442,2871.991377,2832.699960,2876.131192
2830.349897,2861.986760,2821.500411,2864.317281,2831.365790,2872.364872,2832.553919,2875.885088
2830.167079,2861.970517,2822.443442,2864.272082,2831.112091,2872.627003,2832.791833,2874.914425
2831.011116,2861.744044,2821.500525,2864.773701,2831.121711,2872.003962,2832.545514,2875.740518
2831.602479,2861.632663,2821.500615,2865.014391,2830.542882,2872.045166,2832.559456,2875.469333
2828.156797,2861.868006,2821.500404,2863.978904,2831.749244,2871.990245,2832.665289,2876.307258
2830.957775,2861.576046,2821.500929,2864.955371,2830.372040,2872.143852,2832.601039,2874.064567
2831.434899,2861.392138,2821.501813,2865.766927,2830.368273,2872.072813,2832.566228,2875.112847
2830.086367,2861.568994,2821.500268,2865.095778,2831.689096,2872.074054,2832.462931,2874.398067
2831.137157,2861.376731,2821.500806,2865.927889,2830.674388,2871.809147,2832.406429,2874.482507
2823.136017,2861.444832,2831.405078,2865.972511,2832.198829,2871.298223,2832.592590,2874.835350
2821.608032,2862.319344,2841.194163,2866.339885,2832.457001,2873.385848,2832.322285,2875.468844
2821.622182,2862.789540,2841.500000,2868.207240,2832.035366,2874.327029,2832.332658,2879.499827
2821.181492,2861.622930,2841.499997,2867.462205,2832.057307,2873.758323,2832.123153,2879.499981
2823.287903,2861.595704,2832.936250,2865.872395,2832.050123,2871.358379,2832.568711,2874.030287
2824.157220,2861.572941,2829.154600,2865.874253,2832.635402,2871.638445,2833.490962,2872.938498
2825.084070,2861.326711,2830.531819,2865.594628,2832.841693,2870.304308,2832.656928,2873.179206
2829.044996,2861.348649,2825.992011,2865.930227,2831.455128,2870.783817,2832.641009,2873.177214
2839.819199,2862.208353,2822.418132,2865.287402,2833.123651,2873.060275,2832.519369,2874.094614
2839.438821,2861.852252,2821.501525,2865.289624,2832.520761,2872.163422,2832.284525,2874.830257
2830.977790,2861.113698,2821.500744,2866.103062,2830.678706,2872.995946,2832.353304,2872.147294
2820.000565,2861.649434,2831.743057,2866.212771,2830.866805,2872.992169,2832.009280,2874.225946
2828.326552,2861.401473,2825.556306,2865.747313,2832.055123,2870.522111,2832.615747,2873.790141
2826.941904,2861.136408,2827.501920,2865.820928,2830.480519,2870.845752,2832.562701,2872.419750
2826.885566,2861.155946,2827.478514,2865.570293,2830.365701,2870.872686,2832.561106,2872.402659
2823.103872,2861.596826,2831.459908,2865.459344,2832.588156,2870.766789,2832.510449,2874.380087
2821.015309,2863.370706,2841.500000,2868.102878,2832.367813,2875.350008,2832.162314,2879.133680
2820.000083,2863.028848,2841.499992,2867.375676,2832.811959,2875.041268,2831.895839,2875.899175
2824.183696,2861.645072,2830.350301,2864.827512,2833.311848,2871.785900,2832.573206,2873.193070
2822.990262,2861.708638,2833.891836,2864.937881,2833.714487,2871.415583,2832.507720,2874.845477
2825.304390,2861.516565,2828.181515,2865.399525,2832.082711,2870.745328,2832.561321,2873.205019
2820.978703,2863.302858,2841.499929,2866.599522,2833.666028,2875.227089,2832.164707,2877.536812
2822.079384,2861.804998,2837.776095,2865.534690,2833.322848,2871.886157,2832.378308,2873.482724
2820.288624,2862.472290,2841.476170,2867.106688,2831.730022,2874.754152,2831.931141,2879.499260
2830.260253,2861.492695,2821.500357,2867.134770,2831.215482,2872.547486,2832.416923,2874.968770
2839.938860,2862.468748,2822.378669,2865.950613,2834.348869,2873.474921,2832.450334,2876.419927
2839.253261,2862.444650,2822.355840,2866.120205,2834.181112,2873.354733,2832.441457,2876.603802
2839.823083,2861.476180,2821.736058,2866.735722,2834.015090,2872.650697,2832.261920,2879.498863
2839.728216,2862.290715,2823.078294,2866.207848,2834.106683,2873.073900,2832.542613,2875.713529
2831.023658,2862.559620,2821.500276,2866.301645,2833.827958,2873.507115,2832.245808,2878.559837
2839.642320,2862.854252,2821.521657,2866.378291,2834.298887,2874.202058,2832.293338,2876.967690
2821.497970,2862.507658,2841.308023,2866.357312,2834.139636,2873.781342,2832.267340,2873.768881
2820.188700,2860.865956,2841.492633,2866.897702,2832.408503,2873.892749,2831.809040,2879.499978
2820.003884,2862.211722,2829.504290,2865.411109,2832.571486,2872.939307,2831.904738,2875.794976
2820.000498,2862.682992,2841.167809,2866.093045,2833.198692,2874.281189,2831.859718,2873.795646
2820.000032,2862.183188,2841.500000,2867.605379,2832.815841,2874.106835,2831.826349,2875.702780
2821.672677,2861.787643,2834.266972,2866.871066,2832.719856,2871.543925,2832.236548,2873.578237
2821.330520,2861.711471,2834.913921,2866.685354,2832.814570,2871.495489,2832.172190,2872.964021
2827.099687,2861.034283,2827.746347,2866.829591,2830.213235,2870.320535,2832.474917,2871.940881
2821.293363,2862.029396,2829.174302,2866.931122,2833.074267,2872.800127,2832.100542,2873.751704
2820.000137,2862.100703,2841.499964,2867.269313,2833.424351,2873.004805,2831.890198,2872.264619
2821.019192,2861.950274,2837.847344,2867.502202,2832.889530,2872.395436,2832.067052,2873.563470
2820.000744,2862.341114,2829.716497,2868.384651,2833.371087,2874.487431,2831.706181,2872.561910
2820.000032,2861.895782,2841.500000,2867.129698,2832.661104,2873.297702,2831.871063,2873.410655
2825.707515,2861.965048,2829.303069,2867.816306,2831.682442,2872.932864,2832.500139,2872.912249
2822.224723,2861.766570,2834.696642,2867.569528,2833.721317,2871.793117,2832.271739,2873.516582
2826.608686,2861.498480,2826.258871,2867.694809,2832.460785,2871.026846,2832.251794,2873.185945
2827.362968,2861.240316,2827.982976,2867.037545,2830.068319,2870.418305,2832.328451,2872.241170
2827.335927,2861.245539,2828.054626,2867.132075,2830.017492,2870.443378,2832.313434,2872.221726
2826.825698,2861.065571,2828.712979,2867.132221,2829.978101,2870.372548,2832.220217,2871.769150
2825.738040,2861.474487,2829.332869,2867.347139,2830.746385,2871.368526,2832.442711,2872.608669
2827.622652,2861.281105,2826.971428,2867.135426,2830.257742,2870.815637,2832.331453,2871.917321
2825.454281,2861.305489,2829.199867,2867.438304,2831.544899,2870.573984,2832.463477,2872.279682
2820.753698,2861.743752,2829.692911,2867.263589,2832.163638,2871.204280,2831.968249,2875.563831
2825.435107,2861.452039,2829.190218,2867.423584,2831.032703,2871.175322,2832.435816,2872.519510
2824.283081,2861.615029,2829.874956,2868.028847,2831.473901,2871.462048,2832.430641,2872.896238
2825.186269,2861.476472,2829.539843,2867.908855,2831.108545,2871.167528,2832.449092,2872.563293
2824.252865,2861.747478,2829.140453,2867.971080,2831.008570,2871.749261,2832.417699,2873.300892
2826.407313,2861.270447,2828.801697,2867.341124,2830.459319,2870.527923,2832.403211,2872.046953
2826.811554,2861.457541,2829.464049,2867.235712,2830.698814,2871.171058,2832.218147,2872.656697
2826.207593,2861.779697,2829.713492,2867.269597,2831.247039,2871.763690,2832.319714,2874.122534
2820.126322,2862.777221,2832.481383,2864.775724,2832.263764,2873.951362,2825.953599,2875.574912
2821.708094,2862.144644,2830.936218,2866.472571,2832.226706,2873.329460,2830.008838,2872.360296
2820.462453,2862.391097,2831.386962,2867.343272,2833.456025,2873.472347,2831.878422,2874.644088
2820.000451,2862.449235,2830.947544,2867.403309,2833.737370,2873.554840,2831.741502,2874.945635
2820.000963,2862.277019,2830.009897,2867.442089,2832.130052,2873.647277,2831.746284,2873.837313
2820.000542,2862.519303,2830.909210,2867.305159,2832.950284,2874.132212,2831.709899,2873.995904
2824.213990,2861.877049,2828.698085,2867.438350,2832.128184,2871.442418,2832.298012,2873.259023
2820.000097,2862.744308,2841.494037,2867.555364,2835.542661,2872.810724,2831.678497,2875.148980
2824.728904,2862.051274,2828.882809,2867.705653,2831.029389,2871.225591,2832.385271,2872.997306
2824.870217,2862.049275,2828.836936,2867.629646,2831.043331,2871.135390,2832.385693,2872.966948
2823.037684,2862.449233,2829.046369,2867.570485,2831.415883,2871.075996,2832.304500,2873.962633
2822.814955,2862.594682,2829.301465,2867.374674,2831.358821,2871.014535,2832.349933,2874.520397
2825.599807,2862.081594,2829.244295,2867.343415,2831.051229,2870.802553,2832.407926,2873.047996
2826.953870,2861.373648,2828.379717,2865.819439,2829.942729,2871.045619,2832.165782,2872.730498
2826.211519,2861.529098,2828.878042,2866.297615,2830.168690,2871.277980,2832.300998,2872.909136
2825.063287,2862.079123,2828.886339,2864.933733,2829.941596,2873.023689,2832.325713,2873.293324
2821.237711,2862.950331,2828.166126,2865.436068,2832.015838,2874.524845,2832.760722,2875.933116
2822.309937,2861.705636,2830.166444,2866.088895,2832.369243,2872.902863,2832.161157,2874.336691
2821.000326,2861.667952,2829.087291,2866.277370,2831.866014,2872.987388,2831.928621,2874.578829
2825.902146,2861.535580,2829.313762,2865.534856,2830.532485,2871.674763,2832.254068,2873.176852
2820.001634,2861.307670,2825.234947,2867.288838,2831.712771,2872.497571,2834.025541,2875.895472
2820.311170,2860.774889,2830.676002,2866.996158,2831.683487,2872.354885,2832.245121,2875.451458
2825.990791,2861.502289,2821.500843,2866.872478,2831.969717,2872.417764,2833.656808,2875.090885
2824.781182,2861.118375,2821.500596,2867.257565,2831.992264,2872.161651,2833.619935,2875.019560
2824.347071,2860.817868,2821.500438,2867.195273,2831.895246,2872.229247,2833.542286,2875.148770
2825.192777,2861.025355,2821.500210,2867.008702,2831.950364,2872.101754,2832.815584,2874.758226
2823.538535,2861.906015,2828.532525,2865.615665,2832.097607,2872.490776,2832.218005,2873.648708
2821.006615,2860.541477,2828.374540,2864.263333,2833.470786,2872.887180,2828.901557,2874.250909
2820.001939,2859.987691,2830.006837,2866.511211,2833.682755,2872.656136,2831.528957,2874.445180
2820.002411,2859.668765,2830.926437,2866.223040,2831.821334,2872.555915,2831.590758,2874.293090
2820.613398,2860.689174,2829.941298,2866.536080,2832.029312,2874.278163,2831.808572,2874.846025
2820.002852,2861.067597,2831.763729,2867.116965,2833.369972,2872.783575,2831.563332,2875.421002
2820.000482,2860.802624,2830.001943,2866.668758,2833.390725,2872.616742,2831.590297,2874.672569
2820.001378,2860.645933,2829.515758,2866.880721,2834.966869,2872.510172,2831.444258,2874.739592
2820.000366,2860.301783,2829.022593,2866.920897,2831.424171,2872.717915,2835.324849,2874.586787
2820.000516,2860.787599,2830.789843,2866.302746,2833.540327,2872.122864,2830.450913,2875.241417
2822.023525,2862.968480,2830.172761,2863.817152,2828.733163,2872.233662,2834.855113,2875.299673
2822.932052,2862.133656,2829.325227,2866.856983,2831.947567,2872.613255,2832.117935,2874.180664
2822.485555,2862.412325,2829.307955,2866.773516,2832.017836,2873.423113,2832.103115,2874.563289
2822.379504,2862.008583,2828.495603,2867.305919,2831.675359,2872.265303,2832.074684,2873.820491
2822.843538,2861.912341,2828.861820,2867.004094,2831.895245,2871.772926,2832.108227,2873.741906
2820.979414,2862.635743,2828.431370,2866.321368,2832.788819,2872.197848,2831.900201,2876.064504
2820.000146,2862.652854,2829.013781,2867.581301,2833.468620,2872.929060,2831.606988,2877.066817
2820.008767,2859.844427,2828.542839,2866.570910,2834.161110,2872.706430,2831.443440,2875.611910
2824.995177,2862.019614,2828.891369,2865.874022,2830.562509,2872.548965,2832.091250,2873.901502
2824.824039,2861.823278,2828.520356,2866.457115,2830.876177,2871.907881,2832.085264,2873.452506
2824.871561,2862.107035,2828.601334,2867.498046,2830.942793,2872.439454,2832.080876,2873.945925
2821.901289,2862.863080,2828.818100,2867.603429,2832.447676,2873.739565,2832.078899,2875.889352
2825.016784,2862.081212,2828.472769,2867.566015,2830.954383,2872.360775,2832.064827,2873.950228
2825.021785,2862.074074,2828.469941,2867.625752,2830.892488,2872.329372,2832.056170,2873.903874
2825.029474,2862.071742,2828.466679,2867.642331,2830.890146,2872.326643,2832.053848,2873.902230
2825.594162,2861.884919,2828.432897,2868.015566,2830.516167,2871.684702,2832.005323,2873.422125
2825.726669,2861.849819,2828.344250,2868.008055,2830.417884,2871.573317,2831.994108,2873.353899
2825.619913,2861.877010,2828.419046,2868.013075,2830.505143,2871.613486,2832.002016,2873.399992
2825.633186,2861.868367,2828.401901,2868.017015,2830.448170,2871.541486,2831.997626,2873.358127
2825.574906,2861.876323,2828.418069,2868.019509,2830.468244,2871.572578,2831.997519,2873.385209
2825.553219,2861.877238,2828.423409,2868.022766,2830.469826,2871.571297,2831.997539,2873.380629
2825.892950,2861.822039,2828.328130,2867.932057,2830.303142,2871.395897,2831.964887,2873.228526
2819.000804,2863.544971,2826.092355,2862.524888,2832.023701,2873.430920,2832.270493,2877.511039
2823.092781,2862.175198,2828.640241,2866.540355,2830.668808,2872.763535,2831.983167,2873.751038
2819.910320,2861.070386,2828.221459,2867.410995,2832.312899,2872.457786,2831.534501,2874.618963
2819.000496,2860.356662,2829.618458,2866.918500,2832.075123,2873.034240,2831.338225,2875.296359
2819.219978,2862.722150,2830.119736,2867.088496,2832.526956,2874.344893,2831.407961,2874.543682
2820.039418,2862.861533,2827.859397,2867.234187,2832.888810,2874.459857,2831.591378,2874.948159
2821.888039,2862.369482,2827.008625,2867.893880,2831.654370,2872.507287,2831.908849,2874.708276
2822.386045,2862.403607,2827.978113,2867.786869,2831.129532,2872.840449,2831.908459,2874.466739
2821.402625,2862.525256,2828.242683,2867.849266,2831.929284,2873.004809,2831.816528,2874.690845
2821.738025,2862.511422,2828.569368,2867.974928,2832.355022,2872.422971,2831.857987,2874.734317
2823.269122,2862.133660,2828.118561,2868.025232,2831.447496,2871.493188,2831.960358,2873.491934
2823.275190,2862.185598,2827.948330,2867.971336,2831.170880,2871.690155,2831.944589,2873.655796
2825.115711,2861.998723,2827.345098,2867.701409,2831.893945,2870.997115,2831.398721,2872.996906
2825.020366,2861.992435,2827.416587,2867.729515,2831.901467,2871.053810,2831.418426,2873.048765
2825.069788,2861.960329,2827.376598,2867.751489,2831.899964,2871.132999,2831.570285,2873.041139
2824.837674,2862.062476,2826.571058,2868.930297,2831.683402,2871.520590,2831.918187,2873.223302
2819.503707,2863.453407,2826.183629,2866.868817,2832.426336,2870.377788,2831.790889,2875.919188
2825.093129,2862.470163,2827.786869,2867.416973,2830.106092,2870.438338,2831.945780,2873.735756
2825.436560,2862.609372,2828.104093,2867.413832,2829.573602,2870.244984,2831.962546,2874.111070
2824.867244,2862.167446,2827.494512,2867.835469,2831.886626,2870.897884,2831.615310,2872.867992
2824.150721,2862.056307,2828.298048,2868.288970,2829.949130,2871.309524,2831.835302,2873.113302
2824.368578,2862.046780,2828.433376,2868.278486,2829.917915,2871.248515,2831.835768,2873.077784
2822.890231,2862.302364,2828.520105,2868.296766,2830.817584,2871.602133,2831.845578,2873.768718
2820.729952,2862.864584,2829.286298,2868.469267,2831.842244,2872.090155,2831.681244,2874.881878
2819.741452,2863.171508,2828.611443,2868.140838,2831.866261,2871.763503,2831.532274,2875.418705
2821.625565,2862.356532,2828.239818,2868.632880,2831.079664,2871.949930,2831.762797,2874.216805
2824.182920,2862.286144,2828.354033,2868.070798,2830.012567,2871.459498,2831.847834,2873.603266
2825.058610,2862.121343,2827.900450,2868.329255,2829.671455,2871.611313,2831.786828,2873.455183
2819.638456,2863.097803,2828.973571,2868.024579,2832.974301,2872.892277,2831.443816,2876.568159
2824.075666,2862.242575,2828.313046,2868.108436,2830.077456,2871.989704,2831.798900,2873.460864
2824.135782,2862.274578,2828.284177,2868.078595,2830.081164,2872.418787,2831.793864,2873.385709
2822.413465,2862.558337,2828.829025,2868.059408,2831.314572,2872.837443,2831.802787,2874.163455
2821.969566,2862.610649,2828.525883,2868.061013,2831.159784,2872.278986,2831.743923,2874.779465
2822.993266,2862.419923,2827.373986,2868.291553,2831.853731,2872.138974,2831.806988,2873.783252
2823.732369,2862.542616,2828.537309,2868.199068,2830.144261,2871.305062,2831.799834,2873.727715
2822.908932,2862.823872,2828.733524,2868.200135,2830.518392,2871.315625,2831.804547,2874.520829
2823.347363,2862.658263,2828.637164,2868.274221,2830.336231,2871.470182,2831.797728,2874.057261
2824.810283,2862.304470,2828.233564,2868.183405,2829.733689,2871.257676,2831.746121,2873.084057
2820.488479,2863.087534,2828.198198,2868.689261,2833.131185,2872.219579,2831.573232,2875.037632
2821.694362,2863.027265,2828.259281,2868.576852,2832.521616,2871.913155,2831.752018,2874.860833
2819.003406,2863.508711,2825.927808,2866.121805,2832.639594,2873.666605,2832.223230,2875.711810
2821.941442,2863.045204,2827.409910,2868.200525,2831.327863,2871.631397,2831.755767,2874.850568
2819.000566,2863.683727,2826.268427,2865.416073,2831.419774,2874.455483,2832.264686,2876.038113
2819.002576,2863.071167,2827.272783,2866.681915,2834.897785,2874.948741,2830.670820,2875.497259
2819.000907,2863.087371,2826.421508,2866.591394,2832.376530,2874.508059,2831.524987,2874.590172
2819.960125,2862.870255,2827.387850,2867.471446,2831.956056,2874.189212,2831.820598,2873.811925
2820.110470,2862.835985,2827.687515,2867.385458,2832.065798,2874.043999,2831.876838,2873.698950
2821.036526,2862.820180,2827.580562,2867.317991,2832.206493,2874.146687,2831.797209,2873.672325
2820.361142,2862.927602,2827.884167,2867.537795,2832.734896,2873.963676,2831.662272,2874.369282
2822.032931,2862.749640,2827.930692,2868.105364,2832.049462,2873.468846,2831.735625,2873.895383
2820.137484,2863.307324,2827.798848,2868.203441,2832.755933,2873.679109,2831.530046,2875.362388
2819.042422,2863.480739,2827.665565,2868.296393,2832.780512,2873.650995,2831.251898,2875.838257
2822.743855,2862.816068,2828.258438,2868.237396,2831.353762,2873.246574,2831.733195,2874.149699
2820.570121,2863.183566,2827.078527,2868.315342,2832.198552,2873.660516,2831.632028,2875.058188
2821.523265,2862.905494,2827.913654,2868.040311,2832.159778,2873.392780,2831.673922,2874.325831
2822.024759,2862.882620,2828.158378,2868.022225,2832.148564,2873.329531,2831.689653,2874.280925
2820.410271,2863.089387,2828.298932,2867.962995,2832.588287,2873.384948,2831.571443,2874.861998
2820.124312,2863.319267,2827.062701,2868.129320,2832.758680,2873.639217,2831.680626,2875.407284
2820.365694,2863.146016,2827.743895,2867.932697,2832.639340,2873.492071,2831.541736,2874.997809
2821.359996,2862.996001,2827.814783,2867.939611,2831.983701,2873.209855,2831.678236,2874.544103
2819.003563,2863.828121,2825.683161,2868.331128,2833.525235,2874.381331,2832.163633,2876.674803
2820.928130,2863.044972,2828.007419,2867.926367,2832.514616,2873.206463,2831.921504,2874.665604
2819.002091,2863.658984,2825.459676,2865.238426,2833.431072,2874.064740,2831.154782,2876.628288
2819.000351,2860.274154,2825.993330,2867.270549,2832.277357,2873.250327,2831.122639,2875.058037
2820.908608,2863.224984,2829.696353,2866.910482,2831.989085,2873.730058,2831.493928,2875.517809
2823.059300,2863.087078,2827.171191,2867.817846,2832.267731,2872.384774,2831.585546,2874.959444
2819.000449,2863.587152,2825.335358,2868.444798,2834.795727,2873.246658,2831.051942,2876.196126
2819.252976,2863.609571,2825.398005,2868.959156,2835.732724,2873.916671,2831.189245,2876.308589
2822.119588,2863.333413,2827.659117,2867.928245,2832.506882,2872.735996,2831.551887,2875.553486
2821.386708,2863.323927,2828.024723,2868.061989,2832.920000,2872.569837,2831.518181,2875.496075
2819.740914,2863.721740,2828.623845,2867.588475,2834.322236,2872.398760,2831.303080,2876.403489
2819.000222,2864.424014,2828.427562,2864.904404,2835.086857,2872.804511,2827.894880,2877.773370
2823.003543,2863.046079,2827.060656,2868.390846,2832.671921,2872.408915,2831.557060,2874.710271
2821.380849,2863.322708,2826.840377,2868.526439,2834.858527,2871.992561,2831.495135,2875.384187
2820.360351,2863.581584,2828.505472,2868.638214,2831.999514,2872.836873,2831.393422,2876.082506
2820.819718,2863.523867,2828.307135,2868.538254,2832.304052,2872.782237,2831.433329,2876.051298
2821.422294,2863.326070,2828.393672,2868.497753,2831.672695,2872.604451,2831.479356,2875.561224
2820.917007,2863.409512,2828.437885,2868.501678,2831.906936,2872.648938,2831.439640,2875.739870
2819.916487,2863.511338,2828.189836,2868.564548,2832.140769,2872.840076,2831.304199,2876.007733
2820.918083,2863.331654,2827.441034,2868.759065,2833.821441,2872.564093,2831.409163,2875.361596
2819.525742,2863.768816,2826.413245,2868.634294,2834.463770,2872.706659,2831.230899,2876.521174
2820.733571,2863.531056,2828.312616,2868.523931,2834.215784,2872.447024,2831.414730,2875.938653
2821.854514,2863.222659,2828.087374,2868.584667,2833.550253,2872.461122,2831.473438,2875.068275
2819.001885,2863.845914,2827.225349,2868.584896,2835.039007,2872.671477,2831.042535,2876.755693
2819.954045,2863.621525,2828.164010,2868.480817,2834.432306,2872.416643,2831.265976,2876.106072
2819.000358,2864.604294,2829.958252,2865.402424,2835.287710,2873.464450,2827.776712,2877.871223
2819.000404,2864.639657,2829.926380,2865.056097,2835.471771,2872.111473,2827.889865,2877.995495
2819.000790,2864.533828,2829.651318,2865.396722,2827.009981,2873.584123,2834.053747,2877.819315
2819.001311,2864.302798,2829.461177,2866.184487,2827.196568,2873.179314,2834.290102,2877.408479
2819.000048,2864.514404,2829.634801,2865.909968,2827.118974,2872.891347,2834.032571,2878.169729
2819.000590,2864.327183,2830.628706,2866.887019,2826.974406,2872.356122,2834.076147,2877.169226
2819.000767,2864.234680,2831.199397,2868.182682,2827.111946,2871.756879,2834.343970,2877.453006
2819.000290,2864.344981,2830.625713,2866.989116,2826.895313,2871.933843,2833.892802,2877.479215
2819.000601,2864.403969,2830.382442,2867.042002,2826.992525,2872.400277,2834.024961,2877.586464
2819.000690,2864.527437,2831.252584,2866.038583,2826.765885,2872.547346,2833.626715,2877.826046
2819.000826,2864.418670,2830.610544,2867.014079,2827.010360,2872.321570,2834.133195,2877.613941
2819.000140,2864.552576,2830.601181,2865.919768,2826.857730,2872.928567,2833.669173,2877.857167
2819.000585,2864.452692,2830.204128,2866.902786,2826.938662,2872.549994,2833.914432,2877.629553
2819.000753,2864.506887,2830.056261,2866.046247,2826.895714,2872.142415,2833.826379,2877.776934
2819.000323,2864.822481,2830.895920,2864.751009,2826.692962,2872.862452,2834.712804,2878.586330
2819.001078,2864.631542,2830.106663,2865.640346,2826.957869,2871.990381,2833.827972,2878.136234
2819.000267,2864.609579,2830.007783,2866.430233,2827.022377,2872.292650,2834.044920,2878.092412
2820.173218,2864.581700,2829.128040,2865.845716,2827.488749,2870.853089,2834.826269,2877.838082
2819.000992,2864.611958,2829.197063,2865.876638,2826.918123,2872.602714,2833.996056,2877.773486
2819.677576,2864.647575,2829.512969,2864.996906,2827.005007,2871.965953,2833.970973,2878.044010
2819.634300,2864.643191,2829.228257,2864.920948,2827.006474,2871.842303,2833.981081,2878.405412
2819.000435,2864.763011,2828.964593,2864.819031,2827.070356,2872.851281,2834.096010,2878.187402
2819.000752,2864.553419,2828.507731,2866.249381,2827.019938,2873.083357,2834.156419,2878.027655
2819.000154,2864.492044,2830.438521,2866.801478,2826.800810,2872.302796,2833.787148,2877.598702
2819.000203,2864.637052,2830.608042,2866.474996,2826.875593,2873.312746,2833.894848,2877.909335
2819.000647,2864.582196,2830.512572,2866.939615,2826.882011,2872.893347,2833.907583,2877.694506
2819.000331,2864.437227,2830.961512,2867.289488,2826.751645,2871.980779,2833.802298,2877.651726
2819.000403,2864.677042,2831.271898,2866.571009,2826.684724,2872.217329,2833.617418,2878.300087
2819.000526,2864.590337,2830.991420,2867.134546,2826.895889,2872.387431,2834.022944,2878.071239
2819.000650,2864.666258,2830.449572,2866.598673,2826.875741,2871.682741,2833.896001,2878.410474
2819.000370,2864.592588,2830.693910,2866.764330,2826.877603,2872.174489,2833.974713,2878.029603
2819.808149,2864.789945,2828.713044,2865.476548,2827.294782,2871.681349,2834.552802,2878.300314
2819.000781,2864.580399,2830.708727,2868.582144,2826.864107,2870.074415,2833.971323,2878.304468
2824.507221,2863.093968,2827.701974,2869.098592,2829.264256,2871.887062,2834.014211,2874.935456
2819.276301,2864.572672,2831.222804,2868.709097,2826.676086,2870.132746,2833.707900,2878.338662
2820.041078,2864.546117,2829.933633,2866.703925,2826.921537,2870.180618,2834.028854,2877.896975
2819.000740,2863.771654,2831.072692,2867.329240,2835.587225,2871.158167,2830.891857,2877.430178
2823.142896,2863.592881,2827.187116,2869.254876,2830.371490,2872.387271,2831.288358,2876.047912
2819.000681,2864.059000,2833.722344,2869.669159,2826.123133,2873.293879,2830.813395,2877.070266
2819.001824,2864.024759,2834.464648,2870.193329,2824.964886,2874.073332,2831.254944,2877.539816
2819.000552,2863.944993,2825.955660,2869.746391,2835.707911,2873.438086,2830.201595,2876.879374
2819.005463,2864.034417,2826.692904,2869.521895,2834.121241,2872.764264,2830.768878,2876.901641
2819.001751,2864.090748,2831.652628,2868.346375,2832.008729,2872.493417,2831.086946,2876.937810
2820.666539,2863.749558,2830.598916,2868.892008,2829.149504,2872.642578,2830.751115,2876.134303
2819.002923,2864.119187,2831.873760,2868.906330,2829.165918,2872.655443,2830.840814,2877.063027
2819.001271,2864.473201,2830.905246,2867.555574,2834.921188,2872.771602,2827.937130,2877.783029
2820.066745,2864.046863,2831.273391,2868.871700,2829.200919,2872.510714,2830.890290,2876.877556
2819.000674,2864.869381,2831.383862,2866.567146,2835.248383,2873.245437,2827.637501,2878.470770
2819.000841,2864.935441,2830.583552,2866.050116,2834.972028,2872.973952,2827.431969,2878.833969
2819.003823,2864.889571,2830.927737,2866.837353,2835.082644,2873.562476,2827.588970,2878.475906
2819.122452,2864.034717,2831.206782,2869.576544,2834.151953,2872.992328,2828.766980,2877.214195
2819.000690,2863.904004,2830.935027,2869.191155,2834.149412,2872.780167,2828.545249,2876.833890
2819.000735,2864.200714,2831.056272,2869.029395,2834.326610,2872.714313,2828.015935,2877.428846
2819.000406,2864.821658,2831.531976,2867.866219,2834.362789,2873.054913,2827.047824,2878.626902
2819.004329,2864.084323,2830.847720,2869.372405,2834.060890,2872.928440,2828.341516,2877.248602
2819.000676,2864.005241,2831.209420,2869.427270,2833.715009,2872.924797,2828.492949,2877.057564
2819.001892,2864.446053,2831.747007,2868.970335,2834.078829,2872.922825,2827.413171,2877.868917
2819.002257,2863.997250,2831.763788,2869.456681,2833.351890,2872.963670,2828.664570,2877.029569
2819.001453,2864.447599,2831.243712,2869.553853,2833.758094,2873.348343,2828.359031,2878.295340
2819.002815,2864.733014,2831.076229,2868.087978,2827.097292,2872.944806,2834.403518,2878.366522
2819.002601,2864.916470,2831.282862,2868.167349,2826.978793,2873.150582,2834.246851,2878.770273
2819.000947,2864.096197,2831.206322,2869.510081,2828.759699,2873.032167,2833.360545,2877.286034
2819.002523,2864.673635,2830.594164,2868.970334,2827.707748,2872.793611,2834.241240,2878.540232
2819.002804,2864.183828,2830.660345,2869.360774,2828.635714,2873.052770,2833.751353,2877.502297
2819.001346,2864.473734,2830.661658,2869.004136,2827.967890,2872.856742,2834.191016,2878.136322
2819.002907,2864.990190,2830.073424,2867.782072,2827.153812,2872.741147,2834.536108,2879.058849
2819.000468,2865.054627,2830.756208,2867.630831,2827.109248,2872.765408,2834.310135,2879.071543
2819.002871,2864.788577,2829.821862,2868.062385,2827.312319,2873.168393,2834.435474,2878.451561
2819.002185,2864.725577,2830.116225,2868.356381,2827.583950,2872.625659,2834.948024,2878.462746
2819.000860,2864.648717,2831.477124,2868.675271,2827.325179,2872.777745,2834.865479,2878.191852
2819.002756,2864.715937,2830.575643,2868.669217,2827.430593,2872.857004,2834.718906,2878.485295
2819.001359,2865.167302,2832.318954,2866.912845,2826.734181,2873.145078,2833.835578,2879.474040
2819.001563,2864.761752,2829.429326,2868.275661,2828.008002,2872.805319,2835.581203,2878.502521
2819.000045,2865.260650,2829.088148,2866.596296,2827.071644,2872.936462,2834.457533,2879.661394
2819.002586,2864.824559,2829.382570,2867.952425,2827.493077,2872.674978,2835.130330,2878.488685
2819.000511,2865.181002,2829.281262,2866.925606,2827.250743,2872.548122,2834.792768,2879.466393
2819.000626,2865.222304,2829.176404,2866.169733,2826.936818,2873.195903,2834.299049,2879.297965
2818.257717,2865.036511,2819.740153,2868.288496,2835.326968,2875.139393,2829.254022,2879.351484
2818.002986,2864.098054,2822.704400,2867.217301,2834.154343,2874.563480,2830.476753,2876.982310
2823.732499,2864.869999,2826.169396,2868.331347,2824.284440,2874.181605,2827.906000,2879.078691
2823.826607,2865.341482,2825.785095,2868.196973,2824.694349,2874.269813,2828.120881,2880.303112
2818.000543,2865.156919,2825.028202,2865.646113,2827.230001,2875.041945,2834.940627,2879.020293
2818.002075,2864.894672,2823.447223,2867.463861,2828.541197,2874.550710,2835.477694,2878.918623
2824.556624,2865.139920,2826.338357,2867.799757,2822.752391,2872.107052,2827.043894,2879.673593
2818.000270,2864.285594,2827.740216,2864.433039,2832.766600,2874.316569,2831.384714,2876.560202
2818.003251,2864.393156,2825.017618,2867.761924,2832.467657,2873.271282,2829.414918,2877.802408
2818.001450,2864.662516,2822.577009,2867.061423,2832.618653,2872.246362,2828.866369,2878.330897
2824.376317,2865.330096,2826.656014,2868.124991,2822.160112,2874.227919,2825.612850,2880.251880
2824.277493,2865.202072,2826.817407,2868.115544,2822.065422,2874.418033,2825.161567,2880.065959
2818.001255,2864.471338,2829.825402,2865.700330,2825.097812,2872.036407,2830.811887,2877.251769
2818.000493,2865.480086,2824.941392,2866.487648,2827.396356,2873.661141,2835.113113,2879.971281
2818.001388,2865.286009,2829.683661,2866.826360,2826.728129,2871.714457,2834.240282,2879.469567
2818.002291,2864.796006,2826.758055,2867.267502,2826.942389,2873.719933,2834.354682,2878.894720
2818.001753,2865.144458,2825.152565,2867.925658,2828.261390,2874.148267,2835.221889,2879.302934
2818.002164,2864.824121,2824.672128,2868.137320,2829.119718,2873.820232,2835.928309,2879.437759
2818.001742,2864.653900,2825.289094,2868.209983,2829.327111,2874.019054,2836.234930,2878.828920
2818.001099,2864.670859,2824.679582,2868.418902,2829.207818,2873.979735,2836.160302,2878.926624
2818.000231,2865.289489,2824.514367,2865.601081,2826.919834,2877.117765,2834.565058,2879.195990
2818.687958,2864.706850,2825.105932,2868.222405,2829.208288,2874.020748,2836.804580,2879.090633
2819.053523,2864.559647,2824.961975,2868.352162,2829.313653,2873.923074,2836.824168,2878.673496
2818.002976,2864.594963,2825.252736,2869.399327,2832.912075,2872.020456,2829.831573,2878.109580
2823.953871,2865.010303,2827.523923,2869.407684,2823.736951,2872.236428,2827.624985,2879.417119
2823.279523,2865.612506,2829.101992,2868.322451,2821.892931,2872.771340,2823.691807,2880.733535
2818.359317,2864.749620,2827.787792,2864.753007,2828.186674,2871.881820,2831.077247,2877.434968
2818.000005,2864.425688,2827.809623,2864.103322,2828.813385,2871.971279,2830.874093,2876.597531
2818.000461,2864.771201,2828.322807,2864.968900,2828.549420,2871.955994,2830.995679,2877.513832
2818.223445,2864.693111,2827.512069,2863.891851,2828.490829,2871.874688,2830.984257,2877.323600
2818.915108,2864.762393,2827.411654,2864.702656,2828.293459,2871.951922,2831.142575,2877.468218
2818.002565,2864.724935,2828.986894,2865.255604,2828.843196,2871.587918,2830.963508,2877.395918
2818.000054,2864.295406,2831.492712,2863.079149,2829.446822,2870.625839,2830.739020,2876.283054
2824.078129,2865.084090,2826.898026,2869.268705,2824.430221,2871.409620,2828.171349,2879.750510
2824.036140,2865.785763,2828.600009,2868.994932,2822.903978,2872.118045,2825.393528,2881.149923
2818.000873,2864.281067,2830.414890,2867.983815,2835.423551,2871.320429,2830.046478,2878.578328
2818.001732,2864.185489,2819.970613,2870.726101,2834.437583,2873.307933,2830.495231,2878.075344
2818.004194,2864.665937,2822.846816,2870.227499,2833.472484,2873.136472,2830.566702,2878.374343
2818.000689,2865.173420,2823.715485,2869.987159,2832.503215,2872.829151,2828.488582,2879.510343
2818.001007,2864.766508,2826.407973,2869.430966,2832.608926,2872.061685,2829.527306,2878.459868
2818.002017,2864.651566,2826.877615,2869.812216,2833.244731,2872.942959,2830.606005,2878.311253
2818.004134,2864.669013,2825.782093,2869.791942,2831.694967,2872.267036,2829.548302,2878.175164
2818.003270,2864.642739,2826.010753,2869.856691,2832.768416,2872.703957,2829.804353,2878.338170
2818.000847,2865.611075,2830.869107,2866.829871,2834.045803,2874.307888,2826.492267,2879.649228
2818.239640,2864.917428,2833.150117,2868.948006,2831.340753,2873.409331,2830.601721,2878.931762
2818.100586,2864.926424,2834.255629,2868.941495,2831.247310,2873.146485,2830.559205,2878.895418
2818.001264,2864.888129,2834.089339,2869.623952,2829.605215,2876.714926,2830.532243,2879.013997
2818.000593,2865.738440,2831.494314,2866.484554,2834.184589,2873.657636,2826.573718,2880.398768
2818.001329,2865.502733,2830.779172,2867.746354,2834.437083,2873.912804,2826.862429,2880.008538
2818.001338,2865.181248,2830.534097,2868.407818,2834.468580,2873.851729,2827.413936,2879.575124
2818.000429,2865.773128,2832.615662,2867.449239,2833.991698,2873.794972,2826.510519,2880.562139
2818.001743,2865.821951,2827.888500,2870.169459,2822.875329,2874.940994,2827.450503,2881.197530
2818.001725,2864.555637,2830.259682,2869.639755,2828.057273,2873.814352,2829.790784,2878.119517
2819.209556,2864.337370,2829.185920,2869.749726,2828.645381,2873.631938,2830.080781,2877.389844
2818.001533,2865.235978,2830.051265,2868.681369,2834.761807,2872.997871,2827.753609,2879.751765
2818.001548,2865.607615,2830.115463,2867.920726,2834.826889,2873.229869,2827.157009,2880.087533
2818.000618,2865.570906,2827.775013,2867.209804,2833.773024,2875.697098,2826.254805,2879.799940
2818.002335,2865.631369,2828.561447,2866.625598,2833.735564,2874.174152,2826.231775,2879.891591
2818.001783,2865.029902,2829.585717,2868.913525,2834.460566,2872.401661,2828.549485,2879.467518
2818.002188,2865.682209,2829.727738,2868.279913,2835.011613,2873.532770,2827.788110,2880.631974
2818.001384,2865.905212,2829.550244,2868.316685,2835.827209,2873.973232,2827.870527,2880.623484
2818.001334,2865.853274,2829.182319,2867.318589,2834.275608,2873.859780,2826.572392,2880.394651
2818.001335,2865.853285,2829.182691,2867.318825,2834.275739,2873.859726,2826.572460,2880.394646
2818.000502,2865.911626,2830.457188,2867.277751,2834.487145,2874.166097,2826.731461,2880.703503
2818.002965,2865.650807,2829.576688,2868.149326,2834.911329,2874.252416,2827.197930,2880.125913
2818.001454,2865.279434,2829.241999,2868.858374,2834.845101,2874.201535,2827.682773,2879.188591
2818.000014,2865.845606,2828.561805,2867.810048,2834.207861,2875.004062,2826.523036,2880.125107
2818.000118,2865.789369,2827.157873,2866.969727,2834.241208,2875.882364,2826.509075,2879.799201
2818.002833,2865.755213,2829.317444,2868.661790,2834.891443,2874.526377,2827.414211,2880.453274
2818.002507,2865.730969,2829.479438,2868.490049,2835.102104,2874.874002,2827.589286,2880.599800
2818.000698,2865.958747,2828.357990,2868.187889,2834.789588,2875.902743,2826.825541,2880.766300
2818.002464,2865.028474,2829.259845,2870.016765,2835.030742,2874.436305,2828.442371,2879.411084
2819.549683,2864.757327,2828.818277,2870.347372,2827.977766,2874.231750,2829.664465,2878.473706
2818.000694,2865.971903,2828.865000,2867.405927,2833.978560,2875.087264,2826.330019,2880.752628
2818.000886,2865.995606,2827.357192,2867.545166,2834.196065,2874.549612,2826.445979,2880.353185
2818.001902,2866.022269,2827.251277,2866.754123,2834.267233,2874.936282,2826.472098,2880.497456
2818.004048,2865.546005,2829.089184,2868.991917,2834.497817,2874.147500,2826.807819,2879.885900
2818.000472,2865.979677,2828.490095,2868.156920,2834.046706,2876.354879,2826.312924,2880.456464
2818.001072,2866.100474,2829.428538,2867.813687,2834.007209,2874.409067,2826.354267,2881.148193
2818.001222,2866.046477,2829.722886,2867.810343,2833.750717,2875.322622,2826.170711,2880.924322
2818.004623,2865.610531,2829.196708,2868.802799,2834.153686,2873.984349,2826.467476,2880.327341
2818.000475,2866.120095,2827.696402,2867.057921,2833.915948,2874.199772,2826.240452,2881.036486
2818.001137,2866.088179,2827.450340,2867.257946,2833.768324,2874.545643,2826.165713,2880.740886
2818.003048,2866.010178,2827.010292,2867.943502,2834.240711,2874.123579,2826.416990,2880.536555
2818.000623,2866.219265,2827.843761,2866.905329,2834.338393,2874.002468,2826.474224,2880.964255
2818.000668,2866.204451,2827.964764,2867.285717,2834.702137,2873.547923,2826.688200,2880.801385
2818.001278,2866.209851,2828.015578,2867.136186,2834.312928,2873.609937,2826.474653,2881.082530
2818.006603,2866.208085,2828.061678,2867.244104,2834.620753,2873.597638,2826.607070,2880.844627
2818.003193,2865.879620,2828.454723,2869.167296,2835.027393,2873.633471,2827.402182,2881.009119
2818.000555,2866.208153,2828.511850,2867.663197,2833.895095,2874.142813,2826.204902,2881.183069
2818.001278,2866.312415,2828.364763,2866.943916,2833.843284,2874.603195,2826.180032,2881.155982
2818.002315,2866.238622,2827.361358,2867.532490,2833.941746,2874.446408,2826.203392,2881.056372
2818.004240,2866.331733,2827.775768,2867.250851,2834.155916,2874.019159,2826.319941,2881.364265
2818.001190,2866.181882,2827.657708,2867.571644,2833.629206,2875.455869,2826.005372,2881.001361
2818.001265,2866.265517,2827.080650,2867.768570,2833.812111,2875.563720,2826.140928,2881.362943
2818.001202,2866.340862,2826.691989,2867.686868,2834.231749,2874.115658,2826.375907,2881.383177
2818.001002,2866.291749,2826.770021,2867.649925,2834.124494,2873.998169,2826.327187,2881.452048
2818.000391,2866.364233,2826.303944,2868.058745,2834.861317,2873.967544,2826.708124,2881.557089
2818.001167,2866.296081,2826.551142,2867.475979,2834.484976,2873.835311,2826.493069,2881.376830
2818.001621,2866.277022,2826.523134,2867.820307,2833.877102,2874.812535,2826.157656,2881.146372
2818.000403,2866.239614,2826.271499,2866.774042,2833.711351,2875.241955,2826.032425,2880.807490
2818.000566,2866.329111,2828.282346,2867.104528,2833.731745,2874.755830,2826.067009,2881.215394
2818.000911,2866.330342,2828.549865,2867.032189,2833.792775,2874.441242,2826.100774,2881.194132
2818.000710,2866.215742,2829.246582,2867.095238,2833.591076,2876.496171,2825.969515,2881.052876
2818.000402,2866.290729,2829.319879,2866.728340,2833.709261,2874.089727,2826.056244,2881.193095
2818.000847,2866.262375,2828.517533,2868.004309,2833.595623,2874.960760,2825.956644,2880.937294
2818.001808,2866.165714,2828.004133,2867.630761,2833.539347,2877.407928,2825.893177,2880.726700
2818.000680,2866.094356,2828.313713,2868.244581,2833.498801,2876.001904,2825.839685,2880.668815
2818.000492,2866.180921,2827.141860,2868.730798,2833.539477,2876.673713,2825.900619,2880.939958
2818.000085,2866.352288,2829.248680,2867.710946,2833.720334,2874.901525,2826.051318,2881.628483
2818.003455,2865.967239,2829.094764,2869.768282,2826.708605,2874.750046,2833.644188,2881.074120
2818.005879,2866.399180,2828.673927,2868.102664,2826.029545,2875.216208,2833.728819,2881.236051
2818.000635,2866.395461,2828.193191,2868.288369,2826.115457,2875.178846,2833.910706,2881.221803
2818.001012,2866.454182,2826.563497,2866.606903,2825.966792,2875.198429,2833.612921,2881.536227
2818.000635,2866.343732,2826.649690,2867.844375,2826.175451,2874.351156,2834.060796,2881.219732
2818.000605,2866.433720,2825.509828,2867.616401,2826.023979,2876.118330,2833.794806,2881.372763
2821.501877,2865.052834,2826.429957,2870.371095,2828.928563,2874.273197,2832.514927,2879.121920
2818.003425,2866.438353,2827.099247,2867.071743,2825.935118,2874.887866,2833.572029,2881.634708
2821.725125,2865.049985,2826.311727,2870.613580,2829.319257,2874.283143,2832.135825,2879.111917
2818.000762,2866.404298,2826.078055,2868.378919,2826.166313,2874.666245,2834.026937,2881.485276
2818.000510,2866.472744,2827.359016,2867.623287,2825.983180,2874.772149,2833.731035,2881.360810
2818.002184,2866.502247,2826.767755,2867.515286,2826.104116,2874.308532,2833.993009,2881.352394
2818.001165,2866.415157,2826.561351,2867.129461,2825.951095,2874.470478,2833.735775,2881.529397
2818.002059,2866.511818,2826.643153,2868.038883,2826.097913,2874.964486,2833.981802,2881.245598
2818.002186,2866.517950,2827.194222,2867.725737,2825.878712,2876.033239,2833.578558,2881.646763
2818.003644,2866.220872,2826.299813,2867.606133,2826.183477,2873.916975,2834.213456,2880.957996
2818.002716,2866.345770,2826.221847,2867.299265,2826.245980,2873.989837,2834.253773,2881.340205
2818.002090,2866.517811,2828.264389,2868.000014,2825.986720,2875.190345,2833.787840,2881.266525
2818.000925,2865.991292,2826.472630,2867.041870,2834.197805,2872.909858,2826.111422,2880.710692
2818.000920,2866.521670,2828.949735,2866.856470,2833.799433,2874.282741,2825.985289,2881.652533
2818.000894,2866.348813,2826.918057,2867.109111,2825.999060,2874.289981,2833.923513,2881.173770
2818.001855,2866.226485,2827.525046,2867.019444,2834.017189,2874.025740,2826.150394,2881.086745
2818.002304,2866.415241,2827.059708,2866.425934,2833.905309,2874.134442,2825.995781,2881.344498
2818.000436,2866.502967,2827.447064,2866.718045,2834.207582,2873.895149,2826.195085,2881.597224
2818.002246,2866.384367,2827.803526,2866.470728,2833.887805,2873.844488,2825.987421,2881.350967
2818.001954,2866.521495,2827.222155,2865.453984,2833.562117,2874.053448,2825.815557,2881.540461
2819.494879,2865.233121,2827.914106,2868.302305,2831.268022,2873.935864,2829.994862,2878.822591
2818.000967,2866.126357,2828.055145,2867.099031,2833.910506,2874.383736,2826.040955,2880.831789
2818.002339,2866.261018,2827.195290,2867.189286,2833.942632,2874.544911,2825.983103,2880.999196
2818.002793,2866.224015,2828.010258,2867.235333,2834.178793,2874.500746,2826.199461,2880.886387
2818.000534,2866.554316,2827.546973,2866.622330,2825.763529,2875.139010,2833.490347,2881.709974
2818.000834,2866.616111,2827.841874,2866.791171,2825.825092,2875.133902,2833.616199,2881.667669
2818.002765,2866.471733,2828.351347,2866.962703,2834.029614,2874.720872,2826.044471,2881.332046
2818.001173,2866.451172,2827.641348,2866.827666,2825.749964,2875.366503,2833.547988,2881.411611
2818.002767,2866.387410,2827.494899,2866.973344,2825.960690,2874.776417,2833.777681,2881.468793
2818.002695,2866.200838,2827.364766,2867.028543,2825.900314,2874.428652,2833.847234,2880.902128
2818.001118,2866.578923,2826.325354,2866.197389,2825.783784,2875.286932,2833.601185,2881.639232
2818.000620,2866.702749,2827.668572,2866.688034,2825.793706,2874.796009,2833.565885,2882.066677
2818.000791,2866.672117,2828.029903,2865.756514,2825.861507,2877.292901,2833.711987,2881.918971
2818.001271,2866.569264,2828.523838,2866.620864,2825.641561,2874.717520,2833.400412,2881.740233
2818.001170,2866.397598,2828.468505,2866.468130,2825.789907,2874.787001,2833.783040,2880.885990
2818.000058,2866.700944,2831.543533,2866.056969,2825.722953,2876.199572,2833.542338,2881.890545
2818.000866,2866.753310,2831.330813,2865.410650,2825.792011,2874.715932,2833.648681,2881.949574
2818.000633,2866.775878,2831.094685,2865.980428,2825.802157,2874.557735,2833.630890,2882.110368
2818.001605,2866.833608,2830.069610,2864.960749,2825.728531,2874.748337,2833.548880,2882.137835
2818.004255,2866.759125,2831.553371,2866.580510,2825.783474,2875.594487,2833.664076,2881.783390
2818.002206,2866.700504,2827.350260,2865.930794,2834.398441,2873.959644,2826.151531,2881.686394
2818.000273,2866.721774,2822.571948,2864.003537,2834.643280,2873.360683,2828.775336,2882.493716
2822.225496,2865.417159,2827.289945,2871.506954,2825.991426,2874.239278,2828.242609,2879.969484
2822.217082,2866.703044,2827.334867,2868.207649,2821.334825,2875.348486,2822.952696,2882.498221
2823.403923,2865.268899,2819.878779,2867.646566,2825.768499,2873.738929,2828.773208,2879.135153
2817.001975,2866.338179,2821.265248,2864.190808,2825.736558,2871.338495,2833.867131,2881.036653
2817.001716,2866.645690,2820.535381,2862.522179,2825.685589,2872.101461,2833.727345,2881.249512
2817.001439,2866.733464,2818.911066,2862.096806,2825.729957,2872.017563,2833.785201,2881.633162
2817.000461,2866.768753,2818.507757,2862.836284,2825.564711,2871.814276,2833.498183,2881.907630
2817.001314,2866.841900,2821.323034,2864.775032,2825.650860,2871.593082,2833.622978,2882.256759
2817.001573,2866.697398,2820.705841,2864.519453,2825.680400,2873.528837,2833.590176,2881.956733
2817.002398,2866.868721,2820.944068,2865.349555,2825.725671,2873.663711,2833.739849,2882.421637
2817.001585,2866.662462,2821.072312,2865.500792,2825.899276,2873.543585,2833.905182,2882.055599
2817.000759,2866.797514,2818.575731,2863.899256,2825.420337,2874.023344,2833.307156,2882.024326
2817.001388,2866.554207,2822.726092,2870.727621,2834.040631,2870.542066,2827.064466,2882.261678
2817.003038,2866.491255,2821.703262,2871.270597,2832.807438,2871.604388,2826.865740,2882.209287
2817.004638,2866.163813,2826.419445,2869.771572,2834.421097,2871.124787,2828.754353,2881.244303
2817.002721,2866.088844,2833.314082,2867.405990,2836.942458,2872.701362,2828.298993,2881.728811
2817.000491,2866.295405,2827.004888,2866.892475,2835.922769,2872.071602,2827.969807,2881.926699
2817.002917,2866.597542,2818.528841,2866.094660,2832.309360,2868.579920,2826.253835,2882.498098
2817.000667,2866.564051,2818.515444,2865.132461,2831.458355,2870.543811,2826.195871,2882.499699
2817.850441,2866.214929,2824.532822,2866.127235,2819.700609,2870.825550,2825.173927,2882.433148
2817.001270,2866.942665,2820.061764,2865.153347,2825.320178,2873.497910,2833.191981,2882.497870
2817.002340,2866.955245,2820.116481,2865.212090,2825.426686,2873.641564,2833.378081,2882.496488
2817.001314,2866.780605,2821.381427,2866.385634,2825.539010,2873.290806,2833.535990,2882.091232
2817.000957,2866.917479,2821.361080,2865.936397,2825.448068,2873.392780,2833.446613,2882.418000
2817.000157,2866.883271,2821.254869,2864.891126,2824.794461,2874.234516,2832.556249,2882.498637
2817.004181,2866.093490,2825.968016,2866.689840,2834.635794,2880.749730,2826.575437,2878.716433
2818.482674,2867.320506,2825.849533,2870.438498,2820.210357,2882.298745,2825.143353,2880.119404
2819.207593,2867.086740,2826.111576,2870.271041,2822.698666,2881.627937,2825.924592,2878.292961
2818.931035,2866.393537,2826.722649,2870.083003,2824.363992,2881.063683,2827.536516,2877.876706
2818.465164,2867.481055,2826.533218,2870.579994,2821.190419,2881.636498,2825.073426,2879.675784
2819.505053,2867.578435,2824.322203,2870.234941,2820.618808,2882.235788,2823.822005,2880.107548
2817.000506,2866.797657,2822.162771,2870.479481,2834.155822,2882.299087,2826.499612,2876.722962
2819.204934,2868.008259,2824.437202,2869.792430,2820.928141,2882.298730,2824.600502,2879.628065
2817.001240,2867.136591,2823.719612,2866.409011,2833.981914,2882.037381,2825.646958,2876.709675
2817.004538,2867.746092,2818.953762,2870.413036,2833.424894,2882.298963,2825.122465,2877.998208
2817.001578,2866.973502,2823.259681,2866.821155,2833.834418,2882.296643,2825.442922,2875.786558
2817.000958,2866.885427,2822.520746,2865.946616,2834.273710,2882.299883,2825.802163,2874.463894
2817.000766,2866.716070,2827.885987,2867.602259,2822.063601,2882.298084,2826.297413,2875.829204
2819.750584,2866.363857,2825.632803,2867.648840,2823.744910,2882.299910,2827.133952,2876.017921
2817.002314,2866.614974,2825.123798,2866.553534,2822.915853,2882.260205,2829.135830,2875.231359
2817.204886,2866.710129,2825.762275,2867.170111,2822.419252,2882.297960,2827.300473,2878.203894
2817.000749,2866.930679,2824.051572,2864.629043,2824.738424,2882.287327,2831.803243,2875.348607
2820.543308,2864.508527,2823.706803,2870.042929,2820.752694,2882.297687,2827.026885,2873.358379
2820.462615,2866.689694,2823.544960,2867.652338,2822.294975,2882.298313,2827.854505,2875.614953
2820.290061,2867.071259,2824.397633,2867.345670,2821.110754,2882.299720,2826.339973,2875.131965
2820.628133,2866.769237,2822.817590,2868.719658,2822.644235,2882.298478,2828.415461,2875.504332
2821.267619,2866.678804,2823.445862,2868.789540,2821.899571,2882.298223,2827.898472,2875.509933
2818.825034,2866.706219,2825.829093,2868.393140,2822.549482,2882.298263,2828.152448,2875.849840
2817.062702,2866.829402,2825.006668,2868.148024,2822.151850,2882.299514,2827.336482,2876.501928
2817.001310,2867.232093,2822.180544,2867.957785,2835.705787,2882.298941,2826.329280,2875.882670
2821.619269,2866.650926,2823.260826,2869.345983,2820.303701,2882.299392,2825.669724,2875.845453
2817.004979,2866.795622,2823.089470,2868.314825,2834.671247,2882.298797,2825.773707,2876.801906
2817.003597,2866.601692,2822.806614,2867.912719,2837.077245,2882.250031,2827.881707,2875.604396
2817.000808,2867.626037,2823.180729,2866.151913,2834.395372,2882.298912,2825.509075,2876.029643
2817.001096,2867.339406,2825.291583,2867.038317,2834.753027,2882.294351,2826.021594,2875.653664
2817.001527,2867.225834,2824.088369,2867.295597,2835.023915,2882.090780,2826.279527,2875.564247
2817.000019,2867.296254,2822.915807,2866.015981,2835.178256,2882.298338,2826.208342,2875.901112
2820.666675,2867.045660,2823.855390,2869.431829,2822.041522,2882.298648,2825.704539,2876.963005
2819.298985,2867.289416,2825.415367,2868.877463,2820.830962,2882.299495,2824.894442,2877.096825
2819.519937,2866.966842,2825.400316,2869.564722,2821.130917,2881.929980,2825.752064,2876.452937
2818.852199,2867.636135,2824.743081,2867.805854,2820.803762,2882.299550,2824.378951,2877.763236
2820.714437,2867.114789,2824.116197,2869.897705,2821.600355,2882.299157,2825.836291,2876.705685
2821.589068,2867.335950,2824.045148,2870.012191,2822.566968,2882.299126,2825.517724,2877.269137
2817.001299,2866.880678,2823.142171,2869.569894,2833.744847,2882.296402,2825.491407,2877.126270
2817.001307,2866.387916,2824.899117,2869.222622,2834.140145,2881.399915,2825.997069,2877.430943
2817.001347,2866.534759,2820.663230,2871.489753,2833.972214,2882.059711,2823.845896,2878.692305
2817.001830,2866.766822,2823.522239,2869.737457,2834.004762,2882.296075,2825.686961,2878.440685
2817.001415,2866.875760,2823.402343,2869.068350,2833.469658,2882.122365,2825.256221,2878.999965
2817.002967,2867.196587,2824.016254,2865.523293,2833.067177,2882.298477,2824.979121,2880.470925
2817.002596,2867.453999,2823.207492,2866.033390,2832.859553,2880.073689,2824.772668,2883.494251
2817.001272,2867.318094,2823.045209,2867.104791,2833.649742,2878.454446,2825.244250,2882.029613
2817.001175,2867.353964,2822.752479,2866.808754,2833.245180,2878.800904,2825.095020,2882.836737
2817.002064,2867.422440,2821.417013,2866.092243,2833.150576,2879.482501,2825.088941,2883.455980
2817.003564,2867.405479,2820.690514,2867.558572,2831.688402,2878.972395,2824.187497,2883.499596
2817.002234,2867.347117,2824.057133,2866.234102,2833.200796,2877.972265,2825.064263,2882.597128
2821.752548,2867.394472,2823.332107,2868.493092,2820.958749,2878.162550,2823.523980,2883.498529
2817.000008,2867.359958,2822.297339,2866.505995,2831.063168,2879.325272,2823.726139,2883.499969
2817.001286,2867.384576,2824.648393,2867.483579,2833.628685,2876.948325,2825.283100,2882.626451
2817.001529,2867.384559,2823.178392,2868.541621,2831.936577,2877.676359,2824.236341,2883.227670
2817.000155,2867.401760,2823.111930,2868.146346,2832.669996,2877.051934,2824.500795,2882.929486
2817.000730,2867.318440,2822.907242,2868.738771,2832.943887,2877.057267,2824.864765,2882.692361
2817.003725,2867.589142,2823.381578,2868.042500,2832.985663,2876.935071,2824.868392,2883.155756
2817.001258,2867.403587,2823.526424,2868.095693,2833.002532,2877.833277,2824.905062,2882.924480
2817.001305,2867.583330,2823.146361,2868.378583,2833.215787,2876.704770,2825.048455,2883.200643
2817.000841,2867.526601,2823.459493,2867.897946,2832.685296,2876.700189,2824.565861,2883.499461
2817.001387,2867.573895,2823.022741,2867.825530,2833.062418,2876.930486,2824.960298,2883.491579
2817.001897,2867.508498,2822.740898,2867.688573,2832.173835,2876.869463,2824.203732,2883.498466
2817.002028,2867.617464,2823.739546,2868.430229,2832.735165,2876.314550,2824.586649,2883.498535
2817.000800,2867.587140,2823.368105,2867.786083,2833.030598,2876.669418,2824.926246,2883.497070
2822.482611,2865.690396,2823.220778,2871.876161,2830.206651,2875.822187,2829.531657,2879.980447
2817.000882,2867.534556,2822.952660,2867.185860,2833.352296,2876.101969,2825.102900,2883.495886
2822.453330,2865.896981,2823.347655,2871.642161,2830.378123,2875.781809,2829.498713,2880.615630
2817.001439,2867.521667,2821.420984,2866.833584,2832.968289,2879.298811,2824.872939,2883.494092
2817.002051,2867.540441,2823.570325,2868.104121,2833.876509,2875.963271,2825.384739,2883.438168
2817.001444,2867.501967,2827.146983,2867.823583,2833.827551,2876.534857,2825.328999,2883.215723
2817.000649,2867.692077,2822.541800,2867.732061,2833.342425,2876.933208,2824.972892,2883.486958
2821.888158,2866.086767,2823.473667,2871.832417,2831.465096,2875.437148,2829.396980,2881.111378
2819.281213,2866.388681,2823.213200,2869.942241,2835.245530,2872.885025,2828.043970,2882.331919
2821.905286,2867.204563,2825.097983,2869.784370,2822.607997,2876.081261,2825.607032,2883.455612
2817.000007,2867.505394,2822.794346,2867.580977,2832.583122,2878.087404,2824.466792,2883.499317
2817.001594,2867.662344,2823.329088,2867.457460,2832.876465,2877.194049,2824.688520,2883.493874
2817.002140,2867.501315,2823.434156,2866.982660,2832.534945,2876.917193,2824.356665,2883.497675
2822.215917,2865.968706,2823.383580,2872.095693,2831.240569,2876.118198,2829.048524,2880.642249
2817.001104,2867.653045,2823.419773,2867.365009,2833.050410,2877.493264,2824.850101,2883.495198
2817.019831,2867.473214,2824.232098,2867.755959,2832.425666,2878.431141,2824.240005,2883.495674
2819.827538,2866.594402,2824.400691,2869.478219,2833.417278,2876.356364,2825.924878,2881.985902
2817.001144,2867.644791,2824.169507,2867.899305,2833.070616,2877.302795,2824.829314,2883.497101
2817.000035,2867.552813,2823.566942,2867.594995,2832.875986,2877.529240,2824.720569,2883.495445
2817.000979,2867.492655,2823.261740,2868.255478,2833.141246,2876.826444,2824.846865,2883.090279
2817.000347,2867.704983,2823.331283,2868.142863,2833.032691,2877.012715,2824.805650,2883.492663
2817.049874,2867.465304,2822.384448,2867.860723,2832.217848,2879.134131,2823.988295,2883.499020
2817.000908,2867.680049,2823.444364,2867.721737,2824.784324,2876.365902,2833.091299,2883.229809
2819.880240,2866.744050,2822.850176,2869.720611,2833.416724,2876.164685,2825.427605,2882.039228
2817.001199,2867.798896,2823.449131,2868.159400,2832.842009,2876.559925,2824.461147,2883.499992
2822.049375,2865.909698,2822.860567,2871.478858,2830.109918,2876.025480,2829.312787,2880.091946
2817.000631,2867.726257,2822.759850,2867.450669,2832.935574,2876.600485,2824.705929,2883.497286
2817.000641,2867.777915,2822.747909,2866.929002,2832.242677,2876.767348,2824.014591,2883.499194
2817.000146,2867.696772,2820.127947,2867.556831,2832.765221,2877.150860,2824.628919,2883.496435
2817.002208,2867.668836,2822.389870,2867.955133,2832.047315,2877.058102,2823.904119,2883.499543
2823.698471,2868.077384,2818.502095,2866.695629,2833.539269,2876.235135,2824.964520,2883.486589
2817.000644,2867.728816,2821.718695,2867.582941,2832.802826,2876.588396,2824.609336,2883.494767
2817.000724,2867.619847,2822.221201,2866.336748,2832.143939,2876.925566,2823.868744,2883.499601
2817.000725,2868.301714,2823.421376,2866.331746,2831.862573,2876.138571,2830.908598,2883.479396
2817.001301,2868.331236,2823.395231,2865.682415,2831.945640,2876.466164,2830.712056,2883.489007
2821.832674,2868.460909,2823.514363,2870.231461,2821.832151,2877.797674,2824.989656,2883.499987
2821.520557,2867.120105,2822.072760,2867.427892,2825.203089,2875.515498,2827.854692,2882.939263
2823.860208,2866.058243,2822.622679,2872.181416,2826.085731,2875.634052,2827.878906,2880.809605
2823.001643,2866.453710,2822.354067,2872.325845,2824.853991,2875.751458,2827.765392,2882.147868
2822.088351,2867.115933,2822.308433,2870.847592,2823.751268,2875.821775,2827.341921,2883.305865
2821.412926,2867.375828,2821.958485,2868.978392,2823.087600,2876.069665,2826.885186,2883.497855
2820.414849,2867.527472,2821.849938,2865.923836,2819.702155,2877.823614,2824.914871,2883.498918
2822.599021,2866.498606,2822.544062,2871.995297,2823.461943,2875.716981,2826.246085,2882.381297
2822.449599,2866.371258,2822.773836,2871.278242,2823.200359,2875.654812,2826.500390,2881.936214
2821.774623,2867.151644,2822.978847,2871.217353,2822.751047,2876.163993,2826.681778,2883.498681
2823.600681,2865.799777,2822.948231,2873.121001,2825.654613,2875.575576,2827.632699,2879.863125
2817.001140,2867.506450,2823.078504,2866.826260,2835.046826,2874.425907,2829.340672,2883.488773
2822.778766,2868.297164,2820.071408,2871.208687,2822.446410,2876.419826,2825.957203,2883.497912
2817.492778,2867.681490,2819.040646,2864.533826,2832.424326,2880.899236,2821.163157,2883.499068
2817.000894,2867.678237,2822.894031,2868.220394,2832.070391,2876.890067,2823.801505,2883.493968
2817.002439,2867.888259,2821.891803,2865.834573,2832.391531,2877.305098,2823.579339,2883.499055
2817.000009,2867.963429,2823.091219,2865.474559,2832.722377,2874.571402,2824.304251,2883.499455
2818.432683,2867.784297,2818.500759,2866.328931,2824.572215,2877.636106,2832.657725,2883.398903
2823.794003,2866.099777,2822.251302,2873.767799,2826.394552,2876.282729,2828.076399,2880.699693
2823.999606,2866.439968,2822.266924,2871.975257,2826.710377,2875.877472,2828.220571,2881.642986
2820.342285,2868.601391,2818.500888,2866.158967,2834.015970,2878.149510,2826.327128,2883.496558
2821.807870,2868.445407,2818.500247,2867.481290,2828.003967,2876.648884,2835.121029,2883.495975
2820.725610,2868.130960,2818.500324,2867.204479,2834.236535,2876.491559,2826.627381,2883.498964
2821.133963,2867.922560,2818.508557,2868.181945,2826.449511,2876.044596,2833.722109,2883.498408
2821.629734,2868.126434,2818.500996,2868.287506,2827.444377,2876.406037,2834.576096,2883.497971
2821.064792,2868.065028,2818.506313,2869.225512,2826.973490,2877.239043,2833.958052,2883.498711
2820.889336,2867.584882,2818.523232,2869.756704,2826.294258,2876.796396,2833.151027,2883.497102
2821.601395,2867.817238,2818.500275,2871.931711,2823.659296,2876.728872,2827.386363,2883.495197
2822.341745,2867.885108,2818.514786,2869.643896,2834.174882,2876.244556,2827.709096,2883.496014
2821.321583,2867.939127,2818.502119,2870.190399,2826.661327,2876.912029,2833.694293,2883.494172
2820.890705,2868.014460,2818.504148,2870.073469,2826.312917,2876.928773,2833.794348,2883.498750
2820.877494,2868.643312,2818.501135,2868.360341,2826.786480,2878.863754,2834.135717,2883.496585
2820.750517,2868.538428,2818.502614,2868.991815,2826.749879,2879.080366,2834.234923,2883.487261
2817.000940,2869.026689,2822.443067,2868.492652,2833.623672,2877.721924,2825.015202,2883.492375
2817.001169,2869.579138,2822.176017,2868.244658,2824.964728,2878.307551,2833.642508,2883.323874
2817.006775,2868.243413,2821.616669,2868.678357,2824.711225,2876.850042,2833.294327,2883.492746
2817.007595,2867.975512,2822.268992,2869.424999,2824.602663,2877.166263,2833.203263,2883.495192
2817.736130,2869.458291,2822.616189,2868.888427,2833.055334,2876.476896,2824.430885,2883.497428
2817.008205,2867.993407,2823.626073,2869.144823,2824.722673,2876.371959,2833.234799,2883.495473
2817.001052,2868.012842,2824.978560,2868.256247,2824.528703,2876.063393,2833.024560,2883.499759
2817.921919,2868.948455,2822.644463,2861.111733,2824.343624,2876.681595,2831.293094,2883.498284
2819.439449,2869.143963,2820.593472,2872.056611,2834.008680,2878.578921,2826.071171,2883.495854
2823.239282,2868.551572,2817.502596,2864.803580,2833.252747,2877.572063,2824.499506,2884.489506
2823.810899,2868.527630,2817.500618,2866.657744,2833.173557,2877.485948,2824.421120,2884.130925
2823.442151,2868.651743,2817.501706,2867.768196,2833.258580,2877.768796,2824.597577,2884.487332
2822.152687,2868.469529,2817.500005,2867.826080,2833.167105,2878.656228,2824.532068,2884.163799
2823.330546,2868.586135,2817.501655,2867.359534,2833.428812,2877.929980,2824.587790,2883.710417
2823.949881,2868.615795,2817.500670,2867.241601,2833.403386,2878.518986,2824.512535,2884.495008
2822.709252,2868.447505,2817.500859,2867.427742,2833.091122,2878.045610,2824.516756,2884.094323
2822.711030,2868.448913,2817.500857,2867.425499,2833.091717,2878.045827,2824.517125,2884.098282
2824.363233,2868.409872,2817.500685,2866.923699,2832.886143,2878.820296,2824.105994,2884.491882
2823.400063,2868.619696,2817.501396,2866.121271,2833.270736,2879.294034,2824.474030,2884.491173
2824.020610,2868.644963,2817.500185,2866.413945,2833.331673,2879.964029,2824.401923,2884.499950
2823.011686,2868.440757,2817.502051,2865.634571,2833.228453,2883.299172,2824.392950,2879.433728
2819.842161,2868.039413,2817.501515,2862.702631,2832.035217,2883.274697,2822.778003,2884.499447
2820.235098,2867.998786,2817.500563,2863.435989,2831.937342,2883.215173,2822.645430,2884.499262
2823.899663,2868.318719,2817.500010,2865.286204,2832.983204,2883.299761,2824.158604,2880.293784
2823.626642,2868.238400,2817.500010,2865.977309,2832.963178,2883.299501,2824.318226,2879.784484
2824.976913,2868.628205,2817.500746,2867.191476,2833.596400,2883.296919,2824.588801,2878.689331
2825.455421,2868.049544,2817.500173,2870.070754,2822.972070,2883.299960,2826.029339,2878.913397
2823.845319,2868.664106,2817.500497,2866.093840,2833.171284,2883.296974,2824.204864,2879.894248
2819.554384,2867.789045,2817.693284,2868.175997,2833.556122,2883.296414,2824.802579,2879.161725
2822.821976,2869.027452,2817.501079,2866.899945,2833.429197,2883.294756,2824.476267,2877.500495
2822.008803,2868.352140,2818.818788,2870.173459,2821.595460,2883.296608,2826.340717,2878.363465
2821.233298,2868.425681,2819.586215,2869.873163,2821.379883,2883.296662,2826.298956,2878.577703
2820.359079,2868.777872,2817.918247,2863.130898,2820.923840,2883.299411,2826.031156,2880.009994
2820.668944,2868.884235,2819.511659,2869.321495,2820.629156,2883.299070,2825.968408,2878.048972
2825.052646,2868.391247,2817.515578,2870.115229,2822.624828,2883.298472,2826.339888,2877.876656
2824.265227,2869.022029,2817.500575,2869.090427,2820.279746,2883.299220,2825.739083,2878.243261
2823.245873,2868.743714,2818.336266,2869.958373,2820.790973,2883.299607,2826.566182,2877.855972
2820.660525,2869.743500,2819.208042,2869.339132,2820.577405,2883.299705,2825.013609,2878.535171
2824.634989,2869.253710,2817.510986,2867.952804,2819.449221,2880.048373,2823.726524,2884.496127
2823.481213,2868.426690,2817.504575,2866.725190,2833.369525,2880.516840,2824.251760,2883.981324
2822.886947,2869.488773,2817.535995,2870.081950,2819.990090,2879.197837,2823.589540,2884.494589
2822.321072,2868.575575,2817.985172,2869.682231,2820.640250,2879.015822,2824.218567,2884.498648
2821.752603,2869.313872,2817.500919,2865.883225,2833.245073,2879.622775,2824.436003,2884.494808
2822.930844,2867.921674,2817.554679,2867.052095,2820.236978,2878.833197,2824.629936,2884.494879
2823.217988,2868.712192,2817.500541,2867.298497,2833.284131,2878.610608,2824.284540,2884.496829
2823.696642,2868.683103,2817.500448,2867.211118,2832.878698,2878.456414,2824.191274,2884.492109
2823.699192,2868.754848,2817.501476,2866.958255,2832.904607,2878.247592,2824.206067,2884.496542
2824.019481,2868.886482,2817.501236,2866.264245,2832.858447,2878.403337,2823.960396,2884.491751
2823.540639,2868.893146,2817.502108,2866.740398,2833.250449,2878.350171,2824.212678,2884.497404
2823.902761,2868.850407,2817.502017,2866.531647,2833.390933,2878.218695,2824.231592,2884.498686
2823.571586,2868.857019,2817.500016,2866.927482,2833.399933,2878.119896,2824.254146,2884.494516
2823.352245,2868.847170,2817.501327,2867.029103,2833.320603,2877.895972,2824.346287,2884.486186
2823.981283,2868.851222,2817.500756,2867.174536,2833.132157,2877.619937,2824.084608,2884.492544
2824.788310,2868.439682,2817.500037,2867.115441,2832.963429,2877.622140,2823.835727,2884.499336
2823.911440,2868.928138,2817.500395,2866.777048,2833.393582,2877.428350,2824.209681,2884.490669
2822.888116,2868.835680,2817.500048,2867.180773,2832.854253,2877.193563,2824.120336,2884.496327
2823.191584,2868.754451,2817.501369,2868.025256,2833.093221,2877.330207,2824.223561,2884.496473
2823.774613,2869.114822,2817.500590,2866.040817,2833.207991,2877.216067,2824.128475,2884.495103
2824.921267,2868.937219,2817.504657,2866.909239,2832.551644,2876.758316,2823.488185,2884.496245
2824.660214,2868.919595,2817.501057,2867.356183,2833.358532,2876.733093,2823.954225,2884.494333
2825.393374,2869.297169,2817.500810,2864.927902,2833.672451,2874.488628,2824.132490,2884.493536
2822.591285,2868.983561,2817.500284,2866.804029,2833.827651,2875.011101,2825.337794,2884.493077
2821.559945,2869.174575,2817.500929,2864.774149,2834.729585,2875.297698,2827.558626,2884.499466
2824.708828,2869.002588,2817.501593,2866.266854,2833.231591,2875.886992,2823.822552,2884.490227
2821.113723,2870.020359,2817.501401,2866.204163,2835.293700,2875.448867,2827.528275,2884.489740
2821.609075,2868.487979,2817.500115,2864.930056,2828.783083,2874.723697,2829.699281,2884.499963
2821.922742,2869.018105,2817.500241,2864.744417,2827.650947,2874.242436,2834.347705,2884.490628
2821.573452,2868.637987,2817.500078,2863.221867,2831.254813,2873.248282,2828.401990,2884.497225
2821.269815,2869.345627,2817.501567,2866.361258,2835.874105,2874.048183,2827.706980,2884.496401
2821.745536,2868.921297,2817.501880,2865.866537,2827.404161,2875.427200,2834.170018,2884.497180
2821.692311,2868.176538,2817.504574,2865.232483,2823.703156,2874.929624,2828.012774,2884.497139
2821.441679,2867.962657,2817.515772,2866.754171,2823.134692,2873.080662,2827.517793,2884.492186
2821.200126,2869.086008,2817.501156,2862.322538,2836.305484,2873.013892,2827.826950,2884.492191
2822.831997,2867.115608,2817.501266,2864.409056,2818.700359,2873.311188,2826.216788,2884.498714
2821.346398,2869.688580,2817.500107,2862.115198,2836.644426,2876.223459,2828.136264,2884.493945
2819.520069,2869.451653,2824.602600,2865.757204,2818.990193,2876.385854,2822.795902,2884.493604
2821.267288,2867.363813,2822.355264,2873.210900,2821.647975,2875.958547,2824.756353,2884.018131
2820.042209,2870.644560,2823.755171,2870.214780,2818.737443,2863.675800,2822.857921,2884.498798
2820.791419,2869.329358,2822.822346,2874.701578,2821.787126,2875.430331,2825.132319,2884.497012
2821.577889,2868.191578,2821.798042,2872.939673,2823.210129,2875.918251,2825.945870,2882.543302
2821.148244,2869.097387,2822.766989,2874.821329,2822.272995,2876.688260,2825.670473,2881.733428
2821.237993,2868.583500,2821.736883,2873.637781,2822.159140,2875.951522,2825.244927,2883.115695
2819.693606,2870.352378,2825.397343,2879.382642,2818.903906,2875.876047,2821.205695,2883.389678
2819.437088,2869.898013,2824.842036,2879.357436,2819.136156,2877.184354,2822.223003,2883.179984
2821.258649,2869.020605,2822.790032,2874.802582,2822.549259,2876.713629,2825.639279,2881.386138
2821.312660,2868.536890,2821.602408,2873.241029,2822.720392,2876.050332,2825.861945,2883.445097
2820.054025,2870.492055,2823.936830,2879.158484,2819.990662,2876.376281,2824.081414,2882.799753
2821.558153,2868.042124,2817.505727,2865.702376,2824.280156,2876.494937,2828.086918,2884.488858
2820.905863,2868.457028,2817.505667,2864.379767,2821.339794,2876.158718,2826.485410,2884.496472
2821.266793,2868.177761,2817.502287,2866.583700,2822.560086,2875.908830,2827.533826,2884.495871
2819.667618,2868.420648,2817.522508,2863.541108,2820.749932,2876.407210,2825.787642,2884.499468
2820.341611,2868.353006,2817.519040,2865.568011,2822.106829,2876.184978,2827.143874,2884.499591
2821.802561,2868.060836,2818.130001,2870.769090,2824.157860,2878.097657,2827.230471,2884.495455
2821.073948,2868.955946,2817.991842,2872.928547,2822.617660,2875.436501,2825.819573,2884.499954
2820.435130,2868.063394,2817.504178,2867.294868,2820.935988,2877.186870,2826.251626,2884.498829
2821.420041,2869.415454,2817.501160,2871.387860,2834.043490,2864.054917,2832.747001,2884.486233
2821.726742,2869.043619,2817.503451,2862.105201,2822.201035,2875.889742,2827.207149,2884.220696
2820.398243,2868.847061,2817.506149,2866.622892,2821.921901,2876.581598,2826.479623,2884.495731
2819.751757,2865.602133,2817.863892,2865.678283,2818.700431,2872.692433,2822.278335,2884.499986
2818.694370,2868.677214,2817.503293,2868.356215,2823.461773,2877.831009,2827.772200,2884.497114
2823.881143,2869.676085,2818.078745,2870.806012,2823.335326,2877.737227,2827.863733,2884.493544
2819.109296,2868.834779,2821.017882,2870.964552,2818.700444,2881.727967,2825.282308,2884.498645
2817.723332,2869.002329,2822.489472,2869.934190,2821.493411,2879.266614,2825.858455,2884.494922
2819.373361,2870.654576,2820.668184,2870.927714,2820.311215,2878.963975,2824.187076,2884.499223
2820.912748,2869.442663,2821.026560,2875.110298,2822.396696,2879.917017,2825.938494,2884.498077
2819.164984,2868.194551,2820.137993,2868.844034,2820.439362,2879.954192,2824.867605,2884.497222
2820.062778,2867.720979,2820.223889,2871.715059,2822.160963,2879.765864,2826.254957,2883.752316
2819.331217,2868.116246,2820.665802,2869.680094,2820.709582,2880.195657,2825.305796,2884.497951
2820.383957,2867.710368,2820.435208,2872.586160,2822.002076,2879.583246,2826.278738,2883.917591
2819.315193,2870.005253,2821.630844,2869.805409,2820.200747,2878.934047,2824.522400,2884.495252
2819.715681,2868.831791,2819.993847,2870.347685,2821.131587,2877.170746,2825.504485,2884.494892
2819.941967,2870.358547,2818.806472,2879.188313,2827.799379,2877.114789,2823.278464,2880.829656
2819.818696,2869.010864,2818.153186,2879.160195,2827.499017,2878.037911,2822.606402,2880.708710
2820.434718,2868.796127,2820.670132,2878.887402,2826.828563,2877.698634,2824.566000,2880.197106
2820.238535,2868.627309,2819.469849,2879.148903,2826.778395,2877.850611,2823.367433,2880.406220
2816.001969,2870.127866,2823.881969,2880.794313,2823.689134,2870.914906,2833.179594,2883.845527
2820.124401,2870.266708,2820.028694,2879.135728,2827.155036,2876.916704,2824.766027,2880.953685
2819.989570,2870.882873,2819.022028,2879.390779,2826.894958,2876.930603,2823.576469,2881.099876
2820.181826,2870.905121,2819.817080,2878.184201,2827.660521,2876.826619,2823.791236,2880.927384
2820.217208,2870.391736,2820.418685,2876.408296,2827.745660,2877.054788,2824.317683,2880.603944
2819.957840,2871.110715,2819.101802,2877.381841,2827.833938,2876.461410,2823.180853,2880.639477
2820.028070,2871.035507,2819.693460,2877.001512,2827.869513,2876.734372,2823.569761,2880.856205
2820.183215,2870.596577,2820.208824,2876.515517,2827.792779,2877.121488,2824.233099,2880.494696
2820.184828,2870.589660,2820.216098,2876.501138,2827.792883,2877.128922,2824.241105,2880.491507
2820.394977,2869.751520,2821.266546,2875.898012,2827.739531,2877.287868,2825.329359,2880.382418
2820.148211,2870.618341,2820.189973,2876.276491,2827.816112,2877.069900,2824.052272,2880.548353
2819.950500,2870.939513,2819.290324,2876.142784,2827.807391,2876.767778,2823.538034,2880.526793
2816.003073,2869.469329,2823.242683,2879.500918,2834.053499,2877.645872,2824.326779,2880.029366
2816.004129,2869.305482,2821.541882,2879.389082,2833.747945,2877.620018,2824.238475,2879.573707
2816.003740,2873.013779,2821.297195,2879.558667,2834.247790,2872.081291,2824.482676,2880.698432
2819.842440,2870.668051,2818.894264,2875.094219,2827.767340,2877.212690,2823.166076,2879.996958
2816.003294,2871.531866,2823.274099,2879.208216,2833.831921,2870.275099,2824.210517,2882.233488
2816.004442,2871.593071,2823.371316,2878.151844,2833.823694,2869.856821,2824.084636,2884.143788
2816.000035,2863.894058,2822.115613,2870.027312,2833.250286,2878.387487,2823.746326,2885.493290
2816.001719,2865.936820,2820.334245,2873.572232,2832.353467,2865.964600,2823.265719,2885.494353
2816.000001,2862.593498,2823.602615,2869.631694,2832.668994,2874.434566,2823.739031,2885.496015
2816.002218,2862.973965,2823.988413,2870.362756,2834.694530,2875.907425,2824.436687,2885.478179
2819.646252,2869.412843,2822.800116,2873.776893,2821.317019,2877.667313,2826.153582,2881.435628
2818.953991,2864.904871,2822.335738,2871.723855,2817.700006,2878.473399,2824.196257,2885.499770
2819.053167,2864.834640,2822.176887,2871.785010,2817.702924,2875.918104,2823.677641,2885.499991
2819.123455,2865.740866,2822.662019,2872.197960,2817.847839,2878.551041,2823.048017,2885.498789
2819.241885,2864.753601,2822.571119,2871.613660,2817.856380,2877.842274,2824.118884,2885.497760
2819.496684,2864.993553,2822.395564,2871.739034,2817.854700,2877.847170,2824.008565,2885.497829
2819.322747,2864.746238,2822.597088,2871.717341,2818.426812,2878.011646,2824.489606,2885.498934
2818.977183,2865.055818,2823.364019,2871.878993,2818.053083,2878.502391,2823.188857,2885.499172
2819.297830,2864.938542,2822.692945,2871.659014,2818.323639,2878.413094,2823.728299,2885.498350
2819.671590,2865.027224,2822.397772,2871.692947,2818.659612,2878.041249,2823.324248,2885.498856
2819.617898,2864.624321,2822.128713,2871.394981,2818.282281,2877.820278,2824.153598,2885.498920
2819.998009,2864.191127,2821.930610,2871.572262,2819.637146,2877.935444,2825.204401,2883.470706
2819.778700,2864.643229,2822.147427,2871.696662,2818.967026,2877.829882,2824.477905,2885.039972
2821.412082,2871.738142,2816.500056,2876.815966,2832.370264,2869.607556,2823.477179,2885.487536
2822.261854,2868.636057,2819.209015,2872.004243,2825.929189,2877.093887,2827.217535,2879.536212
2820.833312,2869.745988,2819.020135,2874.701843,2822.510447,2876.827247,2825.017606,2880.723809
2821.921113,2869.055900,2819.735176,2873.123977,2825.795519,2879.690147,2827.269102,2878.571927
2819.772308,2870.421280,2819.202957,2875.037363,2820.369206,2879.895272,2826.636204,2876.904170
2821.391232,2870.309629,2818.367338,2875.254619,2819.571724,2879.848160,2826.252383,2878.477035
2819.792622,2872.709841,2817.650843,2879.954375,2818.141219,2882.478776,2821.674366,2876.411525
2821.848115,2869.094907,2818.749741,2873.889324,2824.920076,2881.387635,2826.758871,2879.124786
2821.417959,2869.193151,2818.998082,2874.204131,2823.954897,2881.434125,2826.256781,2879.508129
2821.400455,2870.293768,2816.756640,2874.922400,2822.054636,2880.009607,2825.708841,2880.250550
2821.630298,2869.330589,2818.683719,2874.210002,2824.307036,2881.681286,2826.358632,2879.300212
2821.002612,2869.460175,2818.707488,2874.714788,2823.078507,2881.809847,2825.703943,2879.404234
2821.337692,2869.485256,2818.646547,2874.790401,2823.739502,2882.038203,2826.041217,2879.703088
2821.540927,2869.240313,2818.551176,2874.406507,2824.287821,2882.296855,2826.451191,2879.604299
2821.527491,2869.436513,2818.800848,2874.615952,2824.132160,2882.661484,2826.375157,2879.503693
2820.660911,2870.250601,2818.312605,2876.178253,2821.910003,2883.352454,2824.936245,2880.341230
2820.268233,2870.931256,2818.423793,2878.786527,2820.723668,2883.407785,2823.957408,2880.457171
2826.265287,2870.145836,2816.521076,2874.990655,2821.440707,2884.269133,2824.917373,2879.560509
2820.887037,2870.524570,2816.500859,2864.772724,2834.571957,2884.293045,2827.082720,2879.791043
2818.377261,2872.149353,2816.500586,2878.249191,2835.328879,2884.294014,2824.600940,2872.674880
2823.211608,2869.958627,2816.533128,2874.424168,2833.988049,2884.292949,2825.295598,2878.428302
2829.525783,2871.747440,2816.500011,2876.594259,2835.405217,2884.284385,2823.468415,2866.551128
2820.290070,2870.589472,2816.504168,2874.718022,2823.316996,2882.275578,2826.619127,2878.145503
2819.643956,2869.847782,2816.504514,2874.387027,2820.924973,2881.257314,2824.962891,2879.725256
2818.211307,2871.439015,2816.819040,2875.814591,2823.155220,2881.101718,2826.974870,2876.662174
2815.732878,2871.270762,2816.507869,2868.605158,2822.307712,2879.191925,2826.378809,2885.498520
2819.679924,2869.490828,2816.663504,2874.190996,2821.279967,2878.946733,2824.914893,2883.319526
2820.070189,2870.052298,2816.562547,2874.541583,2819.592170,2876.102996,2824.857820,2882.317139
2819.586331,2871.275486,2816.523614,2876.503766,2820.816529,2872.246689,2825.199762,2883.385656
2820.174372,2870.092146,2817.069151,2874.656937,2821.307122,2877.529602,2825.028225,2885.497044
2820.142009,2865.041354,2816.878806,2872.415310,2821.129567,2879.474141,2824.771829,2884.512138
2819.859209,2864.637969,2816.502166,2871.982071,2818.781029,2877.453947,2822.224727,2885.499795
2820.590663,2864.753124,2816.501799,2872.125185,2817.700227,2879.571546,2822.114291,2885.499906
2819.866393,2865.485002,2817.086894,2872.698351,2820.346799,2879.418761,2824.396798,2885.491751
2820.130791,2865.701462,2817.243346,2872.948521,2821.833634,2879.610087,2825.407966,2885.492200
2823.855919,2865.172744,2816.500644,2872.623805,2817.700325,2878.880266,2823.547895,2885.499975
2819.860745,2865.069168,2816.769476,2872.113053,2818.511002,2877.917847,2822.222086,2885.497677
2820.210559,2865.476896,2817.257367,2872.736402,2822.043890,2878.250928,2825.307384,2885.096304
2819.730346,2866.705429,2816.792735,2872.672084,2817.702066,2879.683184,2823.137353,2885.498149
2819.541172,2865.782713,2816.502778,2872.059321,2818.046931,2879.319913,2822.152930,2885.499427
2820.685409,2861.607965,2816.503700,2870.952152,2835.488842,2879.341860,2833.207821,2885.499296
2820.172314,2865.337554,2816.611116,2872.689038,2822.243177,2878.070880,2825.527825,2885.497339
2820.914377,2872.627408,2816.500693,2864.956826,2817.700463,2878.511287,2823.979250,2885.498698
2820.072576,2872.115554,2816.936978,2864.044858,2818.117949,2878.004197,2823.606421,2885.498226
2819.965883,2872.503886,2817.233624,2865.047571,2821.495727,2877.687810,2825.061803,2885.499682
2818.560163,2872.786448,2818.971067,2865.135411,2818.890287,2864.302150,2823.242806,2885.499154
2819.626972,2865.127040,2817.091586,2872.376762,2819.202421,2877.180343,2823.533934,2885.499799
2820.164228,2865.527343,2817.067541,2872.821656,2821.692360,2878.305761,2825.442465,2885.276251
2820.685951,2869.687075,2816.847594,2873.925156,2823.514368,2877.813368,2826.571879,2883.344405
2820.038738,2870.341265,2816.999374,2874.869107,2822.490653,2877.064858,2825.722680,2885.499722
2820.378741,2870.139736,2816.912509,2874.466287,2822.859484,2877.481516,2825.989660,2884.024973
2819.728932,2870.885453,2816.812475,2875.686267,2821.500085,2877.260977,2825.218960,2885.496732
2819.055004,2873.022808,2816.838545,2880.181633,2819.818553,2876.137353,2823.705972,2884.900026
2819.821287,2870.682829,2816.507786,2875.994044,2821.064113,2877.730959,2825.927279,2883.445956
2819.677979,2870.844815,2816.635978,2875.748731,2821.370411,2877.380634,2825.027352,2885.496859
2819.708484,2870.397461,2819.914424,2875.639150,2820.991152,2878.148260,2825.233339,2885.490642
2818.941783,2872.027419,2820.819745,2879.583693,2819.818729,2877.264524,2824.032514,2885.493298
2819.414605,2870.854735,2819.920251,2876.215374,2820.280321,2878.033286,2824.664557,2885.493304
2819.752582,2870.466947,2819.428284,2875.299333,2821.102596,2878.278474,2825.344617,2884.611526
2820.815196,2863.438424,2816.501123,2871.742048,2837.683833,2876.293875,2827.963774,2885.498986
2820.562470,2862.816998,2816.502413,2871.437471,2836.840339,2877.306331,2827.554502,2885.499874
2819.991064,2872.450672,2816.500002,2877.342332,2834.812038,2872.710934,2826.441710,2885.489729
2819.954106,2865.013393,2816.500504,2872.427663,2817.849180,2873.912813,2822.718605,2885.499968
2820.219955,2869.944903,2816.758836,2874.262426,2822.639208,2877.512217,2826.423807,2884.956220
2818.983693,2872.678372,2816.513588,2881.230953,2817.934480,2874.085044,2821.438491,2885.499398
2819.563395,2870.436761,2816.513010,2874.972722,2821.282120,2875.761246,2825.465254,2885.494853
2820.403235,2871.850782,2816.501009,2863.767335,2837.019913,2877.287833,2827.371794,2885.476760
2820.077511,2870.368277,2816.577141,2874.811715,2822.369469,2877.691757,2826.211613,2885.274320
2819.945181,2870.593011,2816.599674,2875.363518,2821.868392,2877.865777,2825.847682,2885.036007
2819.482253,2872.441683,2816.789408,2864.551039,2819.571537,2875.609594,2824.110536,2885.495997
2819.822343,2865.832087,2817.062250,2873.035864,2821.391091,2877.463108,2825.225054,2885.499924
2819.802898,2865.820589,2816.982985,2873.148764,2821.282621,2877.802636,2825.149773,2885.447660
2820.748844,2869.257206,2817.349059,2872.486026,2823.714558,2878.369010,2826.828959,2885.035774
2820.105007,2865.632760,2816.605931,2873.210824,2822.378651,2876.489472,2825.691412,2885.475170
2819.733352,2865.596218,2816.959805,2873.095194,2820.947927,2876.877531,2824.731935,2885.495310
2819.779027,2865.703372,2816.868054,2873.190537,2821.204215,2878.188737,2825.108925,2885.494112
2819.441494,2865.436555,2817.210765,2872.950780,2820.118762,2877.759715,2824.080079,2885.499402
2819.879515,2865.734332,2816.535033,2873.250160,2821.604993,2878.204213,2825.671995,2885.488489
2819.494864,2870.704581,2817.366574,2876.356017,2820.760460,2877.603283,2825.076515,2885.435684
2818.631378,2872.166380,2818.340440,2881.582315,2818.412317,2872.996582,2822.140929,2885.499974
2819.361482,2865.626484,2817.047585,2873.009156,2819.504729,2877.844339,2824.119387,2885.495167
2819.361792,2871.170370,2816.950794,2877.219542,2820.419648,2876.674695,2824.905515,2885.492535
2819.787599,2870.664312,2816.853485,2875.211383,2821.948626,2877.276231,2825.877019,2885.487508
2820.094032,2864.922663,2816.502124,2872.538754,2818.304212,2876.376144,2822.389450,2885.499950
2820.013755,2864.761034,2816.501584,2872.422663,2818.062670,2876.527138,2821.917010,2885.499988
2818.569564,2871.900837,2817.135408,2881.707727,2817.700937,2874.484823,2821.089974,2885.499988
2819.841503,2870.563638,2817.121887,2875.379091,2822.115539,2877.420101,2826.016286,2885.495963
2819.511937,2870.983888,2817.183305,2876.408707,2821.334126,2876.745193,2825.667519,2885.495011
2818.850719,2871.956949,2816.897490,2879.340580,2819.338718,2875.162772,2824.148084,2885.496556
2819.706204,2864.860024,2816.504107,2872.407348,2818.077005,2877.056595,2821.634054,2885.499944
2819.426662,2870.206495,2816.986684,2874.096920,2821.999246,2874.375024,2825.916341,2885.499755
2819.425942,2872.779738,2816.744004,2864.891010,2820.679561,2868.872399,2824.544086,2885.493724
2819.047160,2865.886825,2816.501326,2873.477458,2817.700717,2864.331714,2821.726452,2885.499995
2818.474474,2870.599271,2817.386277,2874.794753,2819.899888,2865.792891,2824.721909,2885.499969
2819.370692,2869.981108,2816.518582,2872.816176,2821.507351,2865.256315,2826.160318,2885.279559
2818.426055,2871.298313,2818.435135,2876.611996,2819.543498,2872.322774,2824.282589,2885.177544
2819.743541,2869.835051,2818.207574,2872.868096,2823.013237,2874.335589,2826.483000,2885.491113
2819.606332,2870.001329,2818.306405,2873.788759,2821.964448,2875.930050,2825.857932,2885.488178
2819.077993,2870.727258,2821.238204,2876.121625,2823.209235,2877.988685,2829.355776,2883.888065
2819.082121,2872.260437,2819.520069,2878.255875,2820.812060,2877.120240,2830.237446,2886.496685
2819.168594,2872.584830,2819.871583,2879.681827,2820.408379,2877.668433,2829.363840,2886.497333
2819.437162,2871.267365,2820.771992,2877.497255,2821.059271,2876.952960,2830.271996,2886.493750
2819.324939,2871.401383,2820.656098,2877.016631,2820.751319,2875.773196,2829.823333,2886.230568
2819.077351,2870.273580,2820.016890,2876.057884,2822.548973,2875.153037,2828.704716,2886.481100
2818.953287,2870.680990,2820.106563,2876.459097,2822.004379,2876.569485,2829.312994,2886.491350
2819.738042,2870.520788,2821.637651,2876.604256,2821.849829,2876.830942,2831.365078,2886.493725
2815.001726,2871.927944,2822.806497,2876.092792,2833.331395,2868.744674,2822.983037,2886.496383
2815.002295,2872.017044,2822.199379,2876.107053,2833.123904,2868.573677,2822.902874,2886.492675
2819.099975,2870.960287,2819.911879,2875.282173,2827.239620,2876.142805,2823.234615,2886.493800
2818.974877,2871.318750,2819.573594,2876.137527,2826.981300,2877.622166,2823.432497,2884.344085
2819.152116,2870.970266,2820.354301,2875.740917,2827.594059,2877.727525,2823.791398,2884.046551
2815.002655,2873.611410,2818.647425,2882.208227,2832.591524,2870.828035,2822.992760,2885.574709
2818.826013,2871.761054,2819.156693,2875.059535,2827.073514,2879.564471,2822.803854,2884.646429
2818.961717,2871.575238,2818.039390,2877.480915,2826.238829,2880.464363,2821.978137,2886.487267
2818.492936,2870.365570,2816.500942,2876.319017,2821.982351,2882.879187,2819.668855,2886.185830
2818.658564,2871.586610,2818.301030,2876.754471,2827.078554,2880.938255,2822.382131,2883.699292
2819.199591,2870.205701,2819.938889,2877.516917,2826.955470,2879.366067,2823.415870,2885.937139
2818.505995,2869.610856,2816.501143,2875.690723,2823.996332,2881.871314,2821.367703,2882.168722
2818.722227,2871.901178,2819.050944,2875.734687,2826.862366,2877.858068,2823.018484,2881.461103
2818.842983,2871.752694,2819.523741,2875.737425,2826.790047,2878.143489,2823.352887,2881.479926
2818.510566,2869.543388,2816.753031,2880.083009,2828.595348,2881.534704,2818.902871,2882.157626
2815.018036,2870.852990,2821.030933,2878.739301,2831.130506,2881.669183,2821.979820,2881.554748
2814.000000,2865.754165,2834.977706,2874.654076,2821.864822,2878.380820,2830.652290,2886.498567
2814.001420,2867.506304,2821.836673,2875.117168,2821.329217,2865.301005,2831.002665,2886.499999
2814.000997,2869.980515,2823.696296,2881.505583,2822.640472,2877.624915,2832.755979,2879.898273
2814.000020,2867.107953,2830.004572,2881.924545,2823.539807,2877.916799,2834.726823,2880.659911
2814.001391,2869.362579,2825.555893,2881.885656,2823.474904,2876.239932,2834.617270,2880.436136
2814.005129,2871.452593,2822.601640,2881.869112,2823.171978,2876.292410,2833.772683,2880.202439
2814.004918,2870.883374,2821.770904,2881.739008,2821.836735,2877.622562,2831.106096,2881.186888
2814.001855,2870.022901,2820.312415,2881.670166,2821.694788,2876.412314,2831.416229,2880.565788
2814.019140,2869.423878,2820.700623,2881.982615,2821.826372,2878.122029,2831.523975,2881.139065
2814.000392,2869.930766,2821.556353,2881.818361,2822.022632,2879.022942,2832.100010,2880.225547
2814.001205,2867.565583,2822.420456,2875.192438,2821.162643,2865.340736,2830.777229,2886.500000
2814.001314,2862.578208,2817.197546,2871.678238,2822.373710,2878.182213,2831.675927,2886.499908
2814.009437,2865.102460,2824.429058,2873.488870,2822.214248,2881.437074,2832.551904,2886.482330
2814.004841,2867.537422,2821.855342,2875.165039,2820.937255,2865.329286,2830.432176,2886.500000
2814.000983,2867.500823,2821.774878,2875.154212,2821.204816,2865.361646,2830.966302,2886.500000
2814.005687,2874.020389,2819.417572,2878.577907,2821.509176,2876.776965,2831.417329,2878.042778
2814.004067,2871.578031,2821.710588,2881.523834,2821.922173,2878.664971,2831.887718,2879.417495
2816.844894,2872.354772,2818.820851,2879.173822,2822.516827,2878.804155,2830.958776,2879.475420
2815.225552,2873.705309,2818.635365,2878.908156,2822.469723,2878.665581,2831.516808,2878.154699
2816.370934,2872.363084,2818.759800,2879.658928,2822.692840,2878.768278,2831.469333,2878.968399
2814.000609,2872.487657,2822.979067,2882.129067,2823.235139,2871.733173,2834.250448,2879.696869
2814.013450,2874.733444,2820.465057,2881.166892,2821.948604,2877.653609,2832.032483,2878.035456
2814.032573,2872.845907,2819.818896,2881.803631,2821.820793,2877.288410,2831.791374,2878.092469
2814.004493,2872.336645,2820.017543,2881.851662,2821.814050,2877.955847,2831.910856,2877.982633
2814.005701,2875.165975,2817.087081,2881.696078,2820.359412,2878.175141,2830.668931,2878.176137
2816.232494,2872.658784,2817.869057,2879.090821,2822.552629,2878.637743,2831.511444,2878.925337
2814.002884,2873.212795,2821.912913,2881.441484,2821.511156,2871.286242,2831.141577,2880.156103
2814.001057,2874.971336,2819.615194,2880.129739,2821.279889,2875.264890,2830.844770,2878.364654
2816.901177,2872.383135,2818.091464,2879.431699,2822.453685,2878.932446,2830.958092,2879.670828
2814.007665,2875.248024,2818.651363,2880.138064,2821.136128,2877.413043,2831.053736,2878.178825
2814.003304,2874.446823,2818.298650,2878.951359,2821.411438,2878.261658,2831.734392,2878.121414
2814.016291,2872.375673,2821.770971,2881.921933,2822.243604,2874.114186,2832.418623,2879.967497
2814.008639,2870.645148,2823.049160,2882.169537,2821.800632,2874.671870,2831.705550,2881.993542
2814.000016,2873.392908,2820.419594,2881.804681,2821.874415,2875.313090,2831.858779,2879.267931
2814.009493,2873.707060,2818.213695,2878.045673,2822.511290,2877.744352,2832.140092,2877.748664
2814.002858,2871.834373,2819.399243,2881.811175,2821.295823,2873.298741,2831.327600,2880.011166
2814.000155,2869.978947,2820.562760,2882.099093,2822.539932,2876.492331,2832.814365,2880.114687
2814.001978,2871.723903,2819.418003,2881.915700,2821.348769,2872.929714,2831.566206,2881.096641
2814.007870,2872.008375,2818.968052,2881.808236,2821.210248,2874.550618,2831.281746,2880.081805
2816.214501,2872.222459,2816.909597,2879.691058,2822.586367,2878.465141,2831.328285,2879.705844
2814.003433,2867.283975,2818.624935,2874.978531,2820.115977,2865.342555,2829.766456,2886.499957
2814.005503,2867.684531,2822.028107,2875.387992,2821.007709,2865.322562,2830.790639,2886.499557
2814.005361,2867.000189,2818.131326,2874.768398,2819.967208,2866.329716,2829.294168,2886.496851
2814.002077,2867.435671,2822.751121,2875.165201,2820.706427,2865.304089,2830.129692,2886.498818
2814.000149,2867.456810,2817.136340,2875.184433,2821.507244,2865.325279,2830.843836,2886.500000
2814.002004,2867.263415,2818.401564,2874.966191,2819.884299,2865.340219,2829.389882,2886.499962
2814.001212,2867.568848,2818.381454,2875.209851,2821.632293,2865.332614,2831.116542,2886.499999
2814.001006,2867.766378,2818.883522,2875.300479,2821.819880,2865.301127,2831.637677,2886.500000
2814.002474,2867.166486,2816.883067,2874.867854,2819.384984,2865.379002,2829.111212,2886.499781
2814.005490,2876.276819,2819.767769,2880.378057,2823.363861,2880.027581,2834.407151,2876.870343
2814.002343,2870.451487,2819.278092,2881.012224,2821.007213,2872.351101,2830.465105,2886.499961
2814.001598,2867.454855,2821.325040,2875.168535,2820.150855,2865.360694,2829.353887,2886.499558
2814.001358,2866.301841,2815.500011,2873.497404,2819.542117,2882.088899,2830.738836,2886.494708
2814.000773,2870.427870,2818.096656,2882.759197,2820.186785,2872.136819,2830.130945,2883.149521
2814.002652,2869.663489,2815.501723,2883.077553,2819.096764,2870.824470,2830.326043,2883.136187
2814.006203,2864.315840,2817.876965,2872.644878,2820.867657,2878.152363,2831.638858,2886.494901
2814.000035,2874.311199,2821.980603,2881.948475,2822.749983,2869.655744,2833.724715,2882.183594
2814.032342,2876.430574,2815.892499,2880.412898,2820.074779,2878.745747,2830.811970,2878.643298
2814.002236,2874.096230,2817.654205,2878.775754,2822.319092,2877.550468,2831.719165,2878.505819
2814.004056,2874.861403,2818.442308,2879.610292,2821.057155,2876.877959,2831.507466,2878.621183
2814.006985,2874.416722,2819.637617,2878.893051,2821.289827,2877.915699,2831.399155,2878.529141
2814.314846,2874.103851,2817.044043,2878.631155,2822.229995,2878.508844,2831.570155,2878.538767
2814.002193,2874.724406,2817.271978,2879.376521,2820.873979,2876.544344,2831.750602,2878.646193
2814.004940,2871.097737,2819.390107,2882.490939,2822.628086,2878.026896,2833.155994,2880.641120
2814.000104,2872.076520,2817.571604,2882.308517,2822.266363,2875.059247,2831.853108,2880.520607
2814.002966,2871.181675,2819.852574,2882.550519,2822.653122,2877.591260,2833.265339,2880.947210
2814.003876,2870.883304,2820.513391,2882.562723,2822.719889,2877.841777,2833.532305,2880.828912
2814.001093,2871.970045,2817.880280,2882.371682,2820.801259,2878.236421,2831.347164,2880.684454
2814.008003,2874.814462,2819.373271,2880.083719,2821.236471,2878.785057,2831.453668,2878.590604
2814.008916,2875.310738,2817.718136,2880.677923,2820.558912,2875.298147,2830.413265,2879.267299
2814.012127,2874.461864,2818.915630,2880.286392,2821.084078,2878.415096,2831.300663,2878.636836
2814.004728,2873.121282,2818.950024,2882.330977,2821.235213,2878.457737,2831.610821,2878.641343
2814.010103,2874.830977,2820.174092,2879.671240,2821.476316,2876.715627,2831.404679,2878.708828
2814.439714,2874.067082,2817.230187,2878.832399,2822.099567,2878.797124,2831.409966,2878.717577
2814.195372,2874.404732,2817.880119,2879.783050,2822.210170,2878.592551,2831.731715,2878.678398
2814.015598,2875.204217,2820.508891,2880.700754,2821.440669,2876.727673,2831.554736,2878.704525
2814.022632,2874.718458,2819.319658,2879.633329,2821.273880,2878.841047,2831.191645,2878.685668
2814.008389,2874.779459,2819.722292,2879.524487,2821.421490,2877.208131,2831.452786,2878.760808
2814.010652,2864.264742,2823.855837,2872.639392,2832.694576,2879.367725,2822.350663,2886.149659
2817.979793,2866.794343,2820.314451,2874.486661,2817.512091,2878.825670,2820.511347,2886.498000
2817.775316,2867.614717,2820.989872,2874.580076,2817.083822,2878.295846,2819.676678,2886.495485
2814.001846,2862.010110,2821.728682,2872.218192,2834.664820,2877.082744,2822.690411,2886.494816
2814.000010,2863.731335,2821.646404,2872.296392,2832.058873,2875.216550,2821.770453,2886.414995
2814.011903,2864.045794,2821.381367,2872.472620,2831.755303,2875.784936,2821.683790,2886.343694
2817.883855,2866.067510,2818.465981,2874.034254,2824.219006,2873.740178,2823.004791,2886.479753
2814.748873,2868.468705,2822.800239,2875.802171,2829.383347,2881.883576,2828.495103,2881.219161
2814.002210,2866.763922,2820.249735,2874.252461,2822.377082,2880.970837,2833.195529,2884.376386
2817.947520,2867.080413,2818.111019,2875.454933,2824.581928,2878.909440,2822.323973,2884.303613
2814.010699,2868.646871,2818.356736,2873.656575,2820.324579,2882.013220,2830.717174,2884.236736
2814.013036,2866.373641,2822.750201,2873.859894,2822.324753,2881.731129,2833.590421,2886.495062
2815.081122,2874.384355,2820.533752,2880.268171,2820.617182,2879.257952,2829.893358,2879.045809
2814.134030,2874.240064,2820.839083,2879.499581,2821.043205,2879.277578,2830.935544,2878.950817
2814.021933,2874.572371,2819.391001,2880.244919,2820.801300,2878.893521,2830.749616,2878.993423
2814.000643,2875.307473,2819.322075,2881.497569,2820.357293,2879.511883,2829.369031,2879.059027
2814.001529,2874.129505,2821.695769,2879.390362,2821.174543,2879.318944,2831.118363,2878.922537
2814.100864,2871.917196,2816.804695,2878.609481,2819.636432,2882.776989,2829.823545,2880.424806
2814.008496,2874.132860,2820.100835,2881.776139,2820.905694,2878.117914,2830.799120,2879.054746
2814.000473,2874.226525,2820.161073,2881.041052,2820.982810,2878.897713,2830.876526,2879.087661
2816.079603,2874.562084,2816.192675,2882.723877,2828.366359,2879.186054,2819.365564,2881.673337
2817.194715,2873.623176,2818.508783,2882.673330,2828.460965,2878.931495,2819.215799,2881.466255
2814.000007,2867.597338,2826.047211,2876.205887,2822.480155,2882.834071,2833.683170,2882.357106
2814.000036,2867.793316,2823.766189,2881.277956,2834.341013,2883.231835,2822.665196,2882.096856
2814.000237,2875.022765,2823.223662,2884.090606,2823.493238,2878.554690,2836.160146,2876.221982
2814.002367,2872.060783,2821.407402,2883.005786,2820.998510,2878.686103,2830.741676,2881.063624
2817.277485,2868.460381,2817.280266,2883.571884,2818.904870,2878.967023,2827.782649,2881.586919
2814.001705,2874.340160,2820.150632,2882.189560,2831.436526,2879.436318,2821.092863,2879.178916
2814.001885,2873.238926,2817.786461,2882.929181,2830.354862,2879.501368,2820.271522,2879.227645
2815.511919,2873.637486,2820.737442,2881.540582,2831.286005,2879.476749,2821.258425,2879.509275
2815.479571,2873.357099,2821.760074,2881.895016,2832.808737,2879.390587,2822.035430,2879.679574
2814.001307,2875.577335,2817.489657,2882.605706,2830.445581,2879.528542,2820.098637,2879.259179
2814.001639,2872.316263,2822.004233,2883.086365,2832.693851,2879.364958,2821.888977,2880.239006
2814.002840,2872.273638,2819.953911,2883.056785,2831.872988,2879.269171,2821.244643,2879.718099
2814.001278,2872.530623,2818.975414,2882.671574,2830.052601,2881.327811,2820.397632,2879.132542
2814.001200,2874.794513,2817.725481,2882.796707,2830.821018,2879.443929,2820.359378,2879.267817
2814.001120,2875.691042,2817.936817,2881.592530,2830.378321,2879.530747,2820.250634,2879.319916
2814.023827,2873.947088,2821.096753,2882.103149,2831.289998,2879.368682,2821.195228,2879.210663
2814.001194,2875.844959,2817.213476,2882.828949,2829.526915,2879.403802,2819.821470,2879.311624
2817.050423,2873.759439,2816.332520,2882.368570,2828.351730,2879.601252,2820.765413,2882.176273
2814.727949,2874.898058,2818.986045,2882.548586,2829.261337,2879.074900,2820.071006,2879.373659
2814.001679,2873.322914,2818.778266,2883.022485,2830.392498,2879.358333,2820.339051,2880.854644
2815.573922,2874.161469,2820.368938,2882.468156,2829.988662,2879.083761,2820.466905,2879.510939
2816.233453,2874.005188,2816.150545,2882.924848,2828.176898,2879.590874,2819.506246,2882.055968
2814.080112,2875.470513,2819.150685,2881.999458,2830.769536,2879.353278,2820.640938,2879.345515
2816.335487,2874.317981,2815.971993,2882.814343,2829.331129,2879.578512,2819.813155,2882.305430
2817.147615,2872.888096,2817.086879,2882.588725,2827.870428,2879.347582,2821.186243,2882.542378
2814.370639,2876.461789,2817.805104,2882.195338,2828.680373,2879.545473,2819.743465,2879.503719
2814.392898,2876.147413,2818.296409,2881.993342,2830.455901,2879.396910,2820.199595,2879.491898
2815.234296,2874.822602,2820.421144,2881.647124,2830.476504,2879.344422,2820.659025,2879.585778
2814.916049,2873.281464,2816.624907,2883.166816,2830.563054,2879.333620,2819.547904,2881.425975
2816.705516,2873.588893,2817.620945,2882.898979,2829.077887,2879.322843,2819.343555,2880.087763
2815.899116,2872.588534,2815.955409,2883.214086,2829.008389,2879.293185,2818.674822,2882.751930
2814.883732,2872.845506,2815.876404,2883.136517,2831.282181,2879.306713,2819.453279,2881.562349
2817.229959,2872.652451,2820.620446,2879.935352,2828.813730,2879.263491,2822.620992,2881.923156
2816.430018,2872.488412,2817.605704,2883.149092,2830.008029,2879.077962,2819.794804,2882.325580
2814.333878,2873.009548,2817.811694,2883.106981,2830.228345,2879.336534,2820.197830,2879.638822
2816.936316,2874.178125,2816.965563,2882.874018,2829.647742,2879.375494,2819.239847,2881.581521
2815.432861,2874.422827,2821.324284,2880.870009,2820.459272,2884.950453,2830.023787,2879.724750
2814.677130,2874.267716,2820.985644,2879.904240,2820.573326,2884.616183,2830.236770,2880.006704
2814.001009,2876.139252,2817.442200,2881.619096,2829.052329,2880.147620,2819.741342,2879.525252
2816.230546,2874.875294,2818.625587,2882.794539,2829.278214,2879.493925,2819.711308,2879.828974
2817.077432,2871.018355,2818.517463,2883.664809,2815.704540,2878.280368,2819.175073,2884.169519
2817.089273,2870.798344,2818.827926,2883.478016,2815.706867,2878.146943,2819.241795,2883.385461
2817.142211,2870.798002,2818.912661,2883.611592,2815.700902,2878.238369,2819.117766,2883.781404
2817.608522,2873.113916,2818.221537,2880.247955,2820.016293,2878.751267,2822.152860,2883.675271
2816.504124,2874.103811,2825.537609,2883.021259,2815.705093,2878.499066,2819.367617,2882.539346
2817.610135,2872.398729,2825.505173,2877.873255,2819.169238,2878.680384,2822.914702,2882.556768
2817.609800,2872.420819,2825.458941,2877.813727,2819.138510,2878.725459,2822.857122,2882.452954
2816.948482,2873.236687,2825.225434,2882.987515,2815.703297,2878.252245,2819.361123,2883.190099
2816.968509,2873.155717,2824.280000,2883.140869,2815.706976,2878.162160,2819.382103,2884.116700
2817.577727,2872.470237,2825.265004,2878.022851,2819.009857,2878.724410,2822.768468,2882.570427
2816.750409,2874.169506,2825.311185,2880.966744,2815.834985,2877.981559,2820.252814,2882.806740
2817.092619,2873.805515,2825.364443,2881.905753,2816.575913,2878.524826,2820.669972,2882.701552
2816.900036,2873.990351,2823.117543,2883.410860,2815.734131,2876.672089,2819.463156,2885.294446
2816.973593,2873.353154,2823.397234,2883.311467,2815.779528,2876.576722,2819.552256,2884.705902
2816.851966,2872.977084,2823.521018,2883.451151,2815.718478,2876.568329,2819.256293,2885.166166
2817.086801,2873.651993,2823.523248,2881.100520,2815.812432,2876.433483,2820.062562,2884.792586
2816.312122,2874.168794,2824.226861,2883.631103,2815.701380,2877.330200,2818.706120,2885.052702
2816.656735,2872.218148,2823.804456,2883.447688,2815.701370,2878.702410,2819.134352,2883.787596
2816.568844,2871.297382,2824.820242,2883.936693,2815.700138,2879.015101,2818.728691,2884.218292
2816.272135,2872.672495,2824.487385,2883.577334,2815.709566,2878.652809,2818.922678,2884.119943
2816.679626,2873.711577,2824.281923,2883.102091,2815.701351,2878.493227,2819.252442,2883.404584
2816.258273,2871.885416,2824.518819,2883.846236,2815.705904,2878.554109,2818.514301,2884.103846
2817.186162,2873.256295,2822.307634,2879.320403,2817.303279,2878.597556,2821.484653,2882.743283
2816.907590,2874.026338,2822.266655,2883.049880,2815.985692,2878.621177,2819.943857,2883.057039
2817.387226,2872.911523,2824.203312,2880.735224,2818.322459,2878.328688,2822.358329,2882.911447
2816.962557,2872.251135,2824.007017,2883.238414,2816.343026,2878.358012,2820.608476,2883.270036
2816.718931,2870.943267,2822.388660,2884.043162,2815.700006,2877.003110,2818.748366,2884.204297
2816.901899,2871.661213,2823.163635,2883.867279,2815.702666,2877.120407,2819.197797,2884.554457
2816.541871,2870.720345,2824.047755,2884.150815,2815.700080,2876.625945,2818.812591,2884.224700
2816.877199,2871.699767,2823.327193,2883.663468,2816.252151,2877.245536,2820.177608,2884.006675
2816.529461,2870.072988,2822.868517,2884.548493,2815.712778,2877.038384,2818.871043,2884.529986
2816.760078,2870.367367,2822.838864,2884.451623,2815.711663,2876.953592,2818.993308,2884.689243
2816.728358,2870.289270,2817.257661,2884.458831,2815.700452,2876.138079,2818.187491,2884.488561
2816.711803,2870.437771,2815.444931,2884.354900,2817.530130,2880.068974,2819.374259,2884.697369
2816.548007,2871.047125,2816.460673,2884.452360,2817.178538,2879.694783,2825.038327,2884.942814
2816.892100,2873.176958,2818.806965,2883.431326,2815.710359,2878.306581,2819.377644,2884.503757
2816.672617,2872.716761,2823.203529,2883.872389,2815.700199,2878.598204,2819.073280,2885.091493
2816.787435,2872.024973,2821.591695,2883.900241,2815.703238,2878.427799,2819.229842,2884.670862
2816.758329,2873.224585,2822.451658,2883.523022,2815.701936,2878.346545,2819.843491,2884.291341
2817.024302,2873.874118,2823.200081,2882.956608,2816.688771,2878.276444,2820.829992,2883.838586
2817.165745,2873.773335,2822.785608,2881.155526,2817.421496,2878.228806,2821.343320,2883.661857
2816.898872,2873.966343,2823.236349,2883.208463,2815.708839,2878.223957,2819.764595,2883.718442
2816.822526,2872.877317,2823.413999,2883.502435,2815.706612,2878.288611,2819.396901,2883.988505
2816.788204,2873.235033,2823.340896,2883.460896,2815.919228,2878.294937,2819.825961,2883.824905
2816.066639,2874.298999,2824.193325,2883.568192,2815.708737,2878.350590,2819.142315,2883.557863
2816.646379,2873.496237,2824.181391,2883.433565,2815.708006,2878.143609,2819.366234,2883.933755
2816.014924,2873.023961,2824.585071,2883.860779,2815.701252,2878.385689,2818.901038,2884.433865
2817.219541,2873.270939,2824.083438,2880.293068,2818.500588,2878.191727,2822.277688,2883.297710
2815.753759,2872.297559,2825.025108,2884.030363,2815.701576,2878.378115,2818.584523,2884.033160
2816.397014,2871.397185,2825.591678,2884.374159,2815.700056,2878.575512,2818.600157,2884.644498
2816.608912,2872.263734,2824.014154,2883.859151,2816.059881,2878.179064,2819.865109,2884.495696
2816.546882,2873.202136,2824.419613,2883.530325,2815.751974,2878.201319,2819.209628,2883.732281
2816.961979,2873.500808,2824.286365,2880.174507,2817.593962,2878.187879,2821.549409,2883.661342
2816.643166,2873.273849,2820.810683,2883.868990,2815.700381,2877.054593,2819.151404,2885.054950
2816.608326,2874.674763,2819.953280,2883.413215,2815.700059,2876.754051,2819.323049,2883.001811
2816.348593,2872.450905,2814.511869,2884.562125,2819.015571,2884.081202,2817.585105,2885.333800
2816.383613,2872.529904,2823.967126,2884.019739,2815.705217,2877.162160,2819.026185,2884.650121
2816.443230,2872.905197,2824.317949,2883.959390,2815.706934,2878.362111,2818.558110,2884.663561
2816.641851,2874.665978,2823.010939,2882.717182,2815.701122,2878.337430,2819.356023,2883.048029
2817.033725,2873.200400,2822.816419,2878.841538,2818.092700,2878.728601,2821.883392,2883.276937
2816.279722,2875.559899,2823.052885,2883.531711,2815.700050,2878.254916,2819.403132,2883.974108
2816.443378,2873.470354,2822.834695,2883.819980,2815.720434,2878.728330,2819.291628,2884.908283
2816.328567,2871.896641,2822.735436,2884.700308,2815.700199,2877.026446,2818.908467,2885.702673
2817.241594,2872.934592,2822.578985,2883.052912,2818.803412,2876.770161,2822.356549,2884.115171
2816.037499,2872.189310,2814.501256,2884.474556,2824.029970,2877.343608,2817.153100,2884.777385
2816.317036,2870.671313,2814.501385,2885.091986,2816.686461,2878.714586,2817.427123,2885.299115
2816.330325,2871.995133,2814.503653,2884.406653,2823.637181,2877.353199,2817.591197,2884.826059
2816.330182,2871.955626,2815.063612,2884.200780,2823.853297,2877.098683,2819.239670,2884.348326
2815.941841,2871.990651,2814.695378,2884.742809,2826.377249,2877.540377,2818.152791,2885.442342
2816.251918,2873.681477,2815.092067,2883.830732,2823.561677,2877.959392,2819.225110,2884.104340
2816.203354,2874.532897,2814.616894,2883.822817,2823.490593,2877.904138,2819.185243,2884.196460
2816.182711,2872.094686,2814.501872,2884.566271,2824.377656,2877.757173,2819.074189,2885.204543
2816.341714,2872.249577,2815.052922,2884.490205,2823.459866,2877.403834,2818.466910,2885.709418
2816.066928,2873.465596,2814.579985,2884.113194,2822.864055,2877.406881,2818.826468,2884.743007
2816.382458,2873.994667,2815.294825,2883.841730,2822.461235,2877.097028,2819.421622,2885.210714
2816.228498,2872.972855,2814.501786,2884.336087,2822.631383,2877.117093,2817.678348,2885.051717
2815.915074,2872.329385,2814.500810,2884.842300,2825.954895,2872.131486,2819.783551,2885.505962
2816.682207,2873.917336,2816.928157,2880.340012,2821.653161,2877.717829,2821.116699,2883.781185
2813.020912,2869.308683,2821.366780,2875.000339,2820.476352,2881.912883,2831.300093,2887.469800
2816.638286,2867.090858,2819.095558,2875.695693,2815.701782,2878.836954,2819.221646,2887.497767
2815.376556,2867.646332,2819.828377,2876.044433,2820.198430,2880.449738,2829.035589,2887.499969
2816.484964,2868.428242,2815.344197,2876.606078,2817.580034,2880.647253,2827.502239,2887.489117
2816.489495,2868.545487,2814.842609,2876.814576,2816.497317,2880.596503,2825.761526,2887.496265
2816.525364,2867.696544,2815.561806,2876.854242,2816.463484,2882.290701,2825.354538,2887.495003
2813.000016,2875.794912,2824.024185,2883.799020,2821.920505,2869.454872,2834.447871,2887.565624
2813.002107,2875.479884,2821.540499,2883.409151,2821.537833,2867.304986,2833.630478,2888.488508
2813.005886,2868.592620,2820.181903,2874.855444,2820.303393,2882.291592,2830.563463,2888.443102
2813.000000,2871.406813,2817.590222,2877.847098,2820.638499,2867.303007,2831.154203,2888.500000
2813.000019,2877.056385,2817.065271,2882.645765,2818.859364,2882.070725,2828.827144,2880.620946
2813.013120,2867.290763,2817.251824,2869.495955,2818.376048,2876.497813,2828.003935,2888.485801
2813.000036,2873.636655,2828.675759,2866.100456,2820.891444,2876.526334,2832.532884,2888.495828
2813.000310,2879.004594,2823.767998,2882.285027,2822.731573,2881.979342,2836.787950,2876.439694
2813.003236,2872.212863,2820.430040,2866.107756,2819.987411,2877.411370,2830.364690,2888.489176
2815.626243,2874.794398,2815.154265,2884.606335,2825.271391,2880.404449,2817.366314,2886.724221
2815.409477,2874.604660,2814.841091,2884.867255,2825.909575,2880.131268,2817.228880,2887.194222
2813.765132,2875.534995,2818.082459,2881.133701,2819.470765,2880.068589,2829.999476,2880.669446
2816.730216,2873.568940,2818.360551,2879.995391,2825.038973,2880.623953,2823.044355,2887.209983
2813.000664,2875.794231,2816.753250,2884.155405,2818.707880,2875.763362,2828.710225,2882.765815
2813.002627,2873.101237,2820.079648,2868.407931,2820.291359,2880.260464,2830.754806,2888.493564
2813.005101,2872.433441,2817.569217,2880.074358,2819.813142,2867.316474,2829.536802,2888.496392
2815.391506,2867.721275,2814.500107,2876.061622,2819.426559,2882.548130,2828.103599,2888.499996
2816.109419,2874.358029,2816.313423,2884.203099,2817.829051,2880.427532,2827.691580,2884.661600
2816.130917,2873.750544,2815.494200,2884.583323,2816.570157,2879.852866,2825.303740,2886.015282
2813.003680,2869.737630,2817.908815,2884.276182,2834.770175,2875.048986,2825.342580,2885.703994
2816.199771,2871.631163,2820.767295,2885.215093,2815.700064,2879.317080,2819.222675,2886.465041
2813.000933,2877.324354,2821.663696,2881.815545,2831.807053,2878.148227,2820.828035,2880.620676
2813.001092,2875.601510,2818.426847,2884.312487,2829.413592,2874.053796,2819.254644,2883.477610
2813.009042,2875.827919,2822.362133,2884.080462,2832.915357,2873.534453,2821.286146,2885.331053
2813.000946,2876.660467,2818.256960,2884.015619,2829.004019,2877.852001,2819.118154,2882.417709
2815.269558,2876.638859,2814.502372,2885.414916,2825.897714,2879.030783,2817.401613,2887.400309
2816.416452,2874.128834,2816.826232,2881.264571,2821.269593,2879.864952,2820.792428,2885.343682
2813.001769,2874.197667,2821.343999,2881.866766,2821.275653,2870.236687,2833.422144,2885.308501
2815.471685,2872.446409,2825.622372,2885.255056,2815.701523,2878.485721,2818.366815,2885.864887
2816.364734,2874.197299,2816.862760,2881.383638,2822.103561,2880.005086,2820.758133,2885.360685
2816.282236,2874.532441,2816.285555,2881.698255,2822.459838,2879.938843,2820.256464,2886.249602
2815.432327,2875.211264,2814.500040,2884.795984,2823.631907,2879.810502,2818.379933,2886.930961
2813.000915,2876.377289,2821.548017,2883.318786,2823.837238,2867.311701,2834.276633,2888.073154
2816.755641,2874.361835,2818.392490,2880.759069,2820.601282,2879.262404,2827.940025,2883.543599
2816.525261,2873.469396,2818.039403,2879.316832,2823.526526,2879.560507,2822.409257,2884.573401
2815.960746,2874.850890,2823.516051,2884.587921,2815.701485,2879.830641,2819.237813,2886.821699
2816.367302,2874.003672,2823.190081,2880.213903,2817.441368,2880.151742,2821.254435,2884.951802
2816.366364,2874.001425,2823.188396,2880.210519,2817.442779,2880.152868,2821.255175,2884.951768
2815.997614,2875.184177,2822.713508,2884.280569,2815.703179,2879.844711,2819.336004,2885.097831
2816.021942,2874.912890,2814.851962,2882.399955,2820.596166,2879.520953,2819.285010,2885.908794
2815.771037,2875.555478,2814.500808,2884.539818,2820.083253,2879.642281,2817.909905,2885.340812
2815.709435,2874.073832,2814.519883,2885.054628,2821.888814,2880.148522,2817.935350,2886.617419
2815.806020,2875.382873,2814.502256,2884.432307,2821.073020,2879.180494,2818.234232,2885.218755
2815.035251,2874.339123,2814.507610,2885.022809,2822.367394,2879.664105,2817.794896,2885.576539
2816.066572,2875.027230,2815.508043,2883.397844,2819.415792,2879.302010,2819.617110,2886.317098
2815.161368,2874.923825,2814.502991,2885.379327,2825.028858,2879.534275,2817.567286,2886.707464
2815.665043,2873.362707,2814.500042,2885.325819,2820.351973,2878.888602,2817.952179,2886.466297
2812.002990,2876.318177,2815.850693,2866.326258,2822.807660,2882.706273,2831.666513,2888.497573
2812.001220,2873.755373,2816.471823,2885.749949,2828.611477,2876.045168,2818.309283,2887.918345
2812.000668,2871.435973,2817.361733,2866.571088,2828.523204,2867.388659,2818.097881,2888.499615
2816.024708,2874.303133,2815.009010,2880.564038,2819.036969,2881.066379,2819.297471,2887.365559
2815.834162,2874.026921,2814.803619,2879.597672,2819.854847,2881.823018,2819.695378,2883.906034
2816.116954,2874.393906,2816.336873,2881.555395,2817.020513,2881.481747,2820.464565,2884.814200
2815.550104,2873.836406,2813.521589,2885.373220,2821.417554,2881.144272,2816.848107,2887.393021
2815.583219,2874.371130,2813.501226,2885.144082,2819.799265,2881.226145,2816.665889,2886.406738
2815.228743,2874.428046,2813.501219,2885.479841,2819.570138,2883.162934,2816.354625,2887.087415
2815.561305,2874.287123,2819.897161,2884.748335,2815.037193,2881.233456,2818.801031,2885.084307
2815.427866,2874.363281,2813.500157,2885.312710,2821.210427,2881.347812,2816.675256,2886.935778
2815.230840,2874.349976,2813.500000,2885.363388,2822.102923,2881.262397,2816.600631,2886.511179
2815.654497,2874.224736,2813.502582,2885.275837,2820.080622,2881.475638,2816.723834,2886.858356
2815.756846,2875.333932,2814.657474,2884.551126,2821.367419,2881.324504,2818.919263,2884.525050
2815.187573,2875.879032,2813.501954,2885.001384,2823.156877,2880.770290,2816.955368,2884.365762
2815.432113,2875.270006,2813.501445,2885.136548,2821.514340,2881.339622,2816.406096,2886.391410
2815.552868,2875.309570,2819.760202,2882.744464,2823.244442,2881.945805,2824.778878,2886.178041
2812.004054,2875.659340,2816.600503,2886.006092,2821.322893,2877.391034,2833.541422,2885.968074
2812.001437,2875.179610,2815.144050,2885.048247,2818.068763,2877.815273,2828.618377,2884.389515
2812.001900,2875.334977,2817.100190,2885.195805,2818.457011,2876.166939,2828.753032,2887.041133
2812.000042,2876.338357,2818.492005,2883.934620,2818.759638,2877.129479,2829.078925,2886.271242
2812.012259,2875.107057,2820.522414,2885.327956,2819.380911,2875.674423,2830.074476,2888.485858
2812.004667,2873.925535,2825.169058,2867.613011,2820.217721,2879.091322,2832.256069,2888.499985
2812.002175,2875.531081,2817.237077,2871.687634,2818.212992,2885.610453,2828.339472,2888.495557
2812.000007,2875.868351,2831.418022,2866.100010,2820.672851,2882.756644,2832.665506,2888.491797
2812.000598,2876.892440,2817.257237,2870.504765,2825.066561,2884.748725,2835.386490,2888.492772
2812.007533,2875.117871,2819.453006,2885.561902,2819.184526,2875.397569,2829.909835,2888.479484
2812.000000,2868.500717,2815.562836,2876.577376,2822.386037,2887.300000,2830.968764,2869.139300
2812.482472,2876.828569,2819.103674,2881.644248,2820.221861,2882.169278,2830.121532,2881.316748
2812.000041,2875.960420,2820.824247,2867.676115,2820.829492,2882.100774,2833.310315,2888.477889
2812.001227,2875.100116,2819.928093,2867.130749,2820.259024,2880.559741,2831.889537,2888.483352
2812.001930,2876.012281,2819.083401,2868.349172,2820.570970,2884.086639,2832.392146,2888.481764
2813.235769,2871.382501,2814.792834,2879.776580,2819.453729,2882.742988,2828.997257,2884.944668
2812.001872,2876.143163,2815.324432,2870.982594,2817.272936,2885.446465,2826.974907,2888.494965
2812.001337,2875.960312,2813.501658,2871.710425,2816.829230,2886.004412,2827.421182,2888.499990
2812.000393,2875.929401,2816.846511,2869.784759,2817.652857,2882.109139,2827.585766,2888.496870
2812.000031,2876.425756,2815.488277,2870.857728,2817.556111,2883.258981,2827.788395,2888.499981
2812.033837,2875.627297,2816.473172,2880.630603,2817.710562,2869.544086,2827.929030,2888.499832
2812.001393,2876.116944,2815.789109,2868.817667,2817.378848,2883.161058,2827.319177,2888.494098
2812.027801,2875.235129,2820.673543,2880.493919,2820.328296,2867.310767,2832.256061,2888.469427
2812.000168,2874.962828,2831.176478,2880.008254,2819.890159,2886.301713,2829.663394,2888.498088
2812.000241,2874.586717,2821.279494,2866.116482,2820.180390,2878.344723,2832.194982,2888.470933
2812.000087,2876.718325,2819.647476,2870.187243,2820.704962,2883.647390,2832.980224,2888.491121
2812.019337,2872.831456,2821.758487,2879.688499,2819.365902,2867.300225,2830.250640,2888.490109
2812.000495,2872.119364,2821.067718,2870.131885,2818.565430,2881.762128,2829.311495,2888.498369
2814.620363,2874.827063,2813.811306,2880.748748,2819.244345,2882.129886,2828.485945,2884.175332
2812.003757,2868.856210,2816.354170,2877.002128,2817.537006,2868.806985,2827.903435,2888.500000
2812.037915,2876.303334,2817.836243,2883.424588,2818.646997,2876.526722,2829.301804,2887.735405
2812.001105,2876.082043,2814.276048,2882.522960,2816.964343,2869.696084,2827.657742,2888.496641
2812.000722,2876.440544,2815.079211,2870.905794,2817.226305,2885.845261,2827.408868,2888.490223
2812.007794,2876.046525,2818.635018,2870.194702,2818.136555,2882.445814,2828.478157,2888.495778
2812.004124,2876.383537,2817.632328,2882.307090,2818.401002,2887.299858,2829.175372,2877.664525
2814.214440,2874.803772,2818.796383,2880.336106,2819.126829,2882.889112,2828.333172,2887.015727
2812.000043,2875.253314,2816.561911,2886.351745,2820.676095,2885.022674,2832.130225,2885.436981
2814.670023,2875.525558,2820.080647,2885.952239,2814.705951,2882.774328,2819.742579,2887.952699
2813.931859,2875.374223,2820.038122,2886.148465,2814.700987,2882.763825,2819.482913,2889.326285
2813.263080,2875.157319,2821.641278,2886.225393,2814.702877,2883.104968,2818.966209,2888.534099
2813.858412,2874.556301,2819.631386,2886.352406,2814.700773,2882.876653,2819.462453,2888.761079
2813.896029,2876.025333,2819.110172,2885.649334,2814.704251,2882.858933,2819.798500,2888.114913
2814.783395,2875.067478,2828.611709,2886.492151,2814.960630,2885.242290,2818.543257,2889.002445
2814.557353,2875.861556,2813.502565,2886.247352,2822.818941,2885.844040,2818.308957,2889.477115
2813.354897,2876.481296,2829.548760,2886.423852,2814.700910,2886.790779,2818.033575,2889.486552
2814.904863,2875.612372,2826.920670,2886.395920,2815.355884,2885.094551,2816.733819,2889.491098
2813.062977,2876.039505,2827.842235,2886.714417,2815.052828,2885.530485,2817.753842,2889.486283
2814.829695,2876.065287,2827.667597,2886.587162,2815.556140,2886.831272,2817.150017,2889.487459
2815.484757,2875.066249,2817.780547,2881.243647,2821.877283,2885.576922,2822.164314,2889.434112
2812.006882,2875.325563,2833.496840,2886.600749,2818.198755,2887.808800,2821.105800,2885.565355
2814.612875,2875.698074,2813.501884,2886.728286,2820.841863,2885.639941,2816.121072,2889.495295
2815.091304,2876.069342,2829.372269,2882.639886,2818.060368,2885.593358,2820.493169,2889.489250
2812.001327,2871.808398,2833.497419,2886.763142,2820.777340,2885.870402,2820.956479,2885.517825
2812.002095,2871.333408,2833.497164,2886.789327,2821.477213,2885.997415,2820.934251,2885.657845
2812.855285,2877.804963,2827.087967,2886.101238,2814.997106,2884.254784,2818.351867,2888.924340
2812.002101,2877.066793,2827.890492,2886.444543,2814.702339,2884.131378,2818.107044,2888.773279
2812.333570,2876.814265,2827.635501,2886.535067,2814.926824,2884.679338,2818.153442,2888.671332
2814.747794,2876.207465,2827.314542,2886.622416,2814.767894,2884.452212,2816.761246,2889.496131
2814.740115,2876.841113,2827.967686,2886.225249,2814.700122,2884.404398,2817.085979,2889.398902
2812.000122,2875.979731,2832.701805,2886.956370,2828.716228,2871.633879,2820.493574,2889.365928
2812.000337,2876.625554,2832.357617,2886.384233,2821.179033,2872.419092,2820.340204,2889.451041
2812.000833,2874.867752,2829.273847,2886.958691,2821.108357,2874.735295,2818.613353,2889.488134
2812.456814,2875.587127,2828.569103,2882.128503,2821.451212,2884.587156,2819.166583,2885.698079
2813.928714,2875.875995,2813.501450,2886.068510,2821.991477,2883.271072,2818.377874,2887.277808
2814.885184,2876.381955,2815.646996,2886.600962,2819.101277,2883.501729,2819.515086,2889.497328
2814.250523,2876.492255,2813.667720,2886.135615,2821.676598,2883.395841,2818.943784,2887.840978
2813.432076,2876.063726,2813.500123,2886.371545,2821.522258,2883.597431,2817.987963,2888.528134
2814.482252,2876.110409,2813.589997,2886.696807,2816.163649,2885.889412,2816.716375,2889.188854
2814.136755,2875.918674,2830.555806,2881.654314,2814.702975,2887.446062,2820.824626,2889.498145
2812.004391,2878.885330,2829.267279,2886.395102,2818.959049,2885.564716,2819.016529,2887.877708
2814.490704,2877.136802,2814.343539,2886.345494,2820.806402,2884.398655,2819.445926,2889.270391
2813.808276,2876.012347,2814.088798,2883.828885,2818.870349,2883.478574,2828.159158,2888.011593
2815.054964,2874.869805,2814.341890,2885.977051,2814.700570,2882.798249,2818.222880,2886.992007
2812.000484,2880.012473,2813.506746,2883.890448,2820.007543,2880.645446,2830.467868,2881.695631
2812.300343,2878.084810,2814.417771,2882.753642,2819.693389,2881.769235,2829.979001,2881.845444
2812.195846,2877.858277,2814.281400,2882.384148,2819.666419,2881.969320,2829.833552,2881.805323
2812.532428,2877.700705,2814.439211,2882.499359,2819.534213,2882.039105,2829.746221,2881.959711
2812.413025,2877.468681,2814.780712,2882.574187,2819.305322,2882.241952,2829.107811,2882.297143
2812.058373,2876.979552,2815.693902,2886.452759,2820.141268,2877.152469,2831.532506,2884.727759
2812.531377,2876.954324,2815.059066,2882.692203,2819.047754,2882.094981,2828.748109,2883.358687
2812.021359,2877.494595,2815.007428,2886.405863,2819.877756,2877.575504,2830.731967,2883.888082
2812.002707,2878.823274,2816.039234,2885.180843,2820.252069,2875.673542,2832.090860,2885.610034
2812.133103,2878.437148,2814.484819,2884.115476,2819.235102,2882.035975,2829.090938,2882.942178
2812.000209,2879.510847,2813.503473,2884.556725,2819.540774,2879.424631,2829.741772,2883.222434
2812.129102,2877.501159,2814.378479,2883.383914,2819.170609,2880.692678,2829.060138,2883.388879
2812.004374,2878.084676,2815.012830,2883.287521,2819.212917,2882.261410,2829.149615,2882.971198
2812.326128,2877.767543,2814.505514,2883.690388,2819.026747,2882.068107,2828.797694,2883.303552
2812.319923,2877.799921,2814.499199,2884.019177,2819.040232,2882.006729,2828.825361,2883.274138
2812.414921,2877.322954,2814.508816,2883.372934,2818.967594,2881.999699,2828.710493,2883.408819
2812.448685,2877.056585,2814.913620,2882.859254,2818.913920,2882.491568,2828.668189,2883.531349
2812.003123,2875.269396,2815.642810,2886.700879,2819.829094,2881.869600,2830.946868,2884.617360
2812.096528,2875.506865,2815.782180,2886.847325,2819.822063,2881.504672,2830.965988,2884.991518
2812.005775,2879.329006,2813.576167,2885.503822,2819.696524,2882.347988,2830.113170,2882.086580
2812.003249,2876.085652,2815.617914,2886.693456,2819.700161,2875.743216,2830.622688,2885.923263
2812.130276,2878.179404,2814.064756,2886.544515,2817.280546,2881.976509,2828.661797,2882.879724
2812.000797,2876.291232,2814.288506,2886.634856,2816.747628,2882.100082,2827.075431,2884.763175
2814.222636,2877.551626,2812.503671,2886.232934,2821.533662,2881.897011,2815.953402,2885.040687
2811.000183,2875.451821,2822.272129,2883.219641,2820.399070,2870.308153,2834.523279,2887.954983
2811.000046,2876.401795,2813.771515,2882.267968,2819.095690,2880.724030,2829.180816,2887.051102
2814.030302,2875.806827,2818.830905,2882.204728,2813.746808,2880.460057,2816.024518,2887.325466
2812.924527,2877.791371,2812.501225,2884.529075,2824.555289,2878.744448,2816.012435,2886.661181
2813.835919,2876.651204,2813.080335,2883.046879,2823.904615,2880.311819,2817.054422,2885.638263
2812.975643,2877.613646,2812.508145,2885.294511,2824.213539,2879.957699,2816.225908,2886.452468
2811.000306,2878.387086,2813.895514,2884.298476,2816.660840,2877.301746,2827.453178,2887.349486
2811.016684,2877.099522,2812.685660,2881.795199,2819.166219,2879.645564,2829.532895,2885.051224
2811.004275,2877.942695,2814.670410,2883.832238,2819.342916,2876.535688,2830.119266,2887.556337
2811.007594,2878.577052,2814.288858,2884.319702,2819.339466,2877.199249,2829.992212,2885.950089
2813.516118,2875.228573,2812.759727,2880.146503,2823.504421,2882.109754,2823.746571,2886.255469
2812.699680,2876.289069,2813.102286,2881.515335,2818.616806,2881.019120,2828.253007,2885.203738
2811.568740,2877.008250,2813.830633,2882.191730,2818.787675,2879.003438,2828.726572,2884.356064
2811.000259,2878.705055,2817.485142,2884.587064,2818.027115,2879.406428,2829.043364,2885.345906
2811.171763,2877.782631,2814.734537,2882.504283,2818.876097,2879.970232,2828.944212,2885.000215
2811.772853,2877.244938,2813.636006,2882.354586,2818.794064,2880.657123,2828.754296,2884.748239
2811.014680,2877.627841,2814.452359,2882.883974,2819.126550,2875.295770,2829.769948,2886.771019
2811.000035,2878.036547,2817.774978,2886.497486,2820.025744,2872.685095,2833.056186,2889.490763
2811.036506,2875.503451,2818.390323,2887.084317,2820.099427,2870.940311,2833.106038,2886.044305
2811.001994,2880.009597,2813.455754,2884.910586,2816.536424,2882.741000,2827.944481,2883.137482
2811.000678,2879.619252,2813.911619,2884.820681,2816.560528,2882.785795,2827.311093,2883.128983
2811.002004,2879.823092,2814.504544,2885.266302,2816.885302,2882.399470,2827.682895,2883.153251
2811.021075,2874.554613,2817.902858,2886.963733,2818.123621,2882.615451,2829.249284,2883.801186
2811.001859,2877.477858,2812.653555,2886.818750,2816.327203,2878.891692,2828.389876,2885.204090
2811.125501,2877.840901,2814.048075,2882.753532,2818.846403,2883.085234,2828.936534,2883.396085
2811.149106,2876.728504,2813.208500,2881.340496,2818.696805,2883.295539,2828.733075,2883.419991
2811.014591,2879.639105,2816.532595,2884.756881,2817.829310,2882.586558,2828.867583,2883.274821
2811.536023,2877.358892,2812.502430,2882.300426,2818.536932,2882.942429,2828.452603,2883.882940
2811.003135,2879.654207,2812.961635,2883.567750,2819.807898,2880.970613,2831.290891,2882.182440
2811.296634,2877.929176,2812.528389,2882.646880,2818.824270,2882.458709,2829.064312,2882.878955
2811.004129,2877.139775,2813.329580,2884.368163,2818.321279,2882.543995,2828.456204,2884.216416
2811.140978,2878.603345,2812.621417,2883.675762,2818.715417,2882.730219,2828.813198,2883.697907
2811.004721,2879.117655,2812.543416,2884.085546,2819.235072,2882.702651,2829.805023,2882.683968
2811.006383,2878.608565,2815.735001,2884.259121,2817.584477,2883.005137,2828.640721,2883.426438
2811.004847,2880.082562,2812.964740,2884.233929,2819.678978,2882.571282,2831.019435,2882.185298
2811.363443,2878.318787,2812.508488,2883.473882,2818.565132,2883.075952,2828.576800,2883.950019
2811.003693,2881.030674,2813.130621,2886.154805,2815.883440,2882.454652,2826.157721,2883.541304
2811.001915,2879.975971,2812.505779,2886.968307,2815.894599,2880.132711,2826.995413,2886.057072
2811.011498,2877.542159,2816.697015,2887.512702,2819.628980,2872.883891,2832.132179,2890.498394
2811.004078,2876.669176,2826.269205,2888.096047,2816.809114,2869.304871,2834.899910,2887.680773
2813.779740,2876.413060,2812.500000,2887.231361,2815.188647,2882.451613,2815.167610,2886.408818
2812.750169,2876.018568,2812.501740,2887.655698,2823.481720,2883.673167,2815.377176,2888.019687
2812.743709,2877.614365,2812.502941,2887.645911,2824.184450,2880.868301,2815.201882,2889.042844
2813.256095,2877.608046,2812.500584,2887.386553,2825.291822,2882.457760,2815.493310,2887.234778
2811.022092,2878.503020,2813.828785,2886.662777,2816.333089,2877.940074,2827.862402,2890.493536
2811.001264,2881.011136,2812.500636,2886.222659,2815.646352,2881.879302,2826.858870,2883.744614
2811.002671,2880.685150,2812.500740,2886.092012,2815.944070,2882.448795,2826.894456,2883.683442
2811.002629,2880.580873,2813.650775,2885.863538,2816.319479,2881.034418,2827.389628,2884.051028
2812.718543,2878.485190,2812.505228,2887.310767,2823.157802,2881.749671,2815.557803,2887.402566
2811.000003,2878.777652,2815.791324,2884.394895,2816.864648,2881.682306,2827.259054,2883.754929
2811.000428,2880.139589,2813.880864,2886.061614,2816.345961,2880.606850,2827.251980,2885.009781
2811.384722,2878.028909,2815.770452,2882.737679,2818.438600,2883.018372,2828.501768,2883.407701
2811.007575,2879.940713,2819.620536,2885.572054,2819.944882,2873.108583,2833.388246,2887.037998
2811.001823,2878.521534,2820.733873,2884.927440,2819.968408,2870.543718,2834.037345,2888.682869
2811.238153,2879.624044,2813.619148,2884.104145,2819.063442,2882.721055,2829.745101,2882.841646
2812.046483,2877.352448,2814.675671,2882.081117,2818.170984,2883.274071,2828.035226,2883.545310
2811.070014,2879.480276,2823.094916,2884.371292,2818.607879,2884.073472,2828.880154,2883.791556
2811.003099,2878.824876,2812.501337,2886.783496,2815.450584,2878.294715,2827.278399,2888.255880
2813.284845,2875.916089,2812.902356,2887.639310,2815.057425,2881.466771,2825.504131,2886.899195
2813.358905,2876.672435,2812.654553,2887.616715,2814.798200,2881.128380,2824.959703,2888.051934
2811.008141,2879.846103,2812.503041,2887.390908,2815.613442,2881.117667,2827.079547,2885.844173
2811.000304,2880.842761,2813.622259,2887.046436,2815.874450,2883.132800,2825.809987,2883.907250
2811.010120,2879.305085,2814.188469,2884.927128,2816.248619,2882.561423,2827.000324,2883.992988
2791.540811,2822.249147,2869.289008,2900.344265,2791.454373,2818.589374,2876.372337,2908.397864
2791.367578,2822.475470,2878.448048,2899.000476,2791.502565,2819.501240,2885.717153,2905.532384
2786.000000,2822.299459,2868.549818,2900.289322,2793.968673,2818.527520,2876.726846,2918.141065
2789.687194,2822.162629,2873.889413,2900.462155,2796.591959,2819.032525,2877.496645,2912.579971
2789.557763,2822.104187,2875.441810,2900.733249,2796.501243,2818.738934,2876.534023,2910.769717
2790.027744,2822.431868,2875.827734,2900.750881,2796.950601,2819.234952,2883.775663,2908.962405
2789.428688,2822.292967,2874.771377,2900.590779,2796.499923,2818.925313,2876.683825,2906.712226
2787.782163,2822.224825,2868.536359,2900.384284,2793.486897,2818.575866,2876.871340,2918.890022
2786.229522,2821.975934,2875.955223,2900.872094,2794.129027,2818.424030,2877.222267,2910.171364
2790.892550,2822.111958,2870.916676,2900.298167,2794.489019,2818.927009,2878.361668,2911.044779
2786.000000,2822.065948,2873.920851,2900.671830,2793.914002,2818.394824,2869.500036,2914.384350
2786.000000,2822.227586,2868.858777,2900.570390,2793.897426,2818.375657,2876.899640,2917.831154
2790.905744,2822.268142,2876.013618,2900.807161,2794.489274,2819.194294,2879.728169,2911.572554
2790.856462,2822.093191,2871.709417,2900.563687,2794.489131,2818.840021,2877.427934,2912.739333
2789.515963,2822.652211,2875.938851,2901.015992,2796.623358,2818.897005,2881.338756,2908.915192
2786.506828,2822.504666,2875.992678,2900.697496,2794.373166,2818.439330,2877.995363,2910.462254
2786.000000,2822.185060,2869.288602,2900.672202,2793.885276,2818.342683,2876.969590,2916.728277
2786.144401,2822.159389,2875.845124,2901.038243,2794.057906,2818.411226,2875.772662,2911.608862
2786.000000,2822.167124,2869.683068,2900.615303,2793.883217,2818.329591,2876.851250,2913.859648
2786.000000,2822.086909,2870.657057,2900.838814,2793.874045,2818.274048,2876.507277,2915.770026
2785.080562,2821.973420,2874.717061,2901.233483,2793.246441,2818.170036,2881.025567,2909.927320
2785.067387,2822.050108,2876.159829,2901.097743,2793.228504,2818.190017,2874.040763,2915.380697
2785.075827,2822.166361,2869.157023,2900.790465,2793.227511,2818.240565,2877.063896,2917.426943
2785.000508,2822.171231,2868.608331,2900.695464,2793.156344,2818.213763,2877.106635,2913.547945
2785.014135,2822.125998,2868.983942,2900.845058,2793.169043,2818.227995,2877.070816,2909.227328
2785.891447,2821.981765,2875.544856,2902.686624,2793.784156,2818.229660,2876.027317,2905.266162
2785.014695,2822.139537,2868.998485,2900.863874,2793.158433,2818.205910,2877.072175,2909.330378
2787.358322,2822.023646,2869.443005,2900.984228,2793.067750,2818.323497,2877.080112,2908.319264
2785.000187,2822.146694,2868.936994,2900.864972,2793.142128,2818.191894,2877.045257,2909.547109
2787.338978,2822.016731,2869.179876,2900.848831,2793.047221,2818.326113,2877.375389,2909.341171
2785.000056,2822.129292,2869.023406,2900.915364,2793.133008,2818.160410,2877.119509,2909.433459
2785.908148,2822.060101,2872.681213,2901.931089,2793.789438,2818.221884,2876.908674,2906.257953
2785.578752,2821.993104,2870.793375,2902.517395,2793.543248,2818.193034,2877.038148,2904.833973
2785.000047,2822.134593,2868.995828,2900.913347,2793.124603,2818.160988,2877.131903,2909.609889
2785.071799,2822.035858,2869.513065,2901.054213,2793.186818,2818.179923,2877.067120,2908.179305
2785.081282,2822.050595,2876.744935,2902.872519,2793.190746,2818.170838,2875.685480,2904.459583
2785.001461,2822.012991,2874.262145,2901.556447,2793.103454,2818.067005,2876.290022,2907.771529
2785.000001,2821.987989,2871.875938,2901.342575,2793.101632,2818.053039,2876.466732,2908.393324
2785.002000,2821.968802,2873.877440,2901.563158,2793.083793,2818.028344,2876.380091,2908.007291
2785.000020,2821.951840,2872.479247,2901.499749,2793.067696,2817.990702,2876.501334,2908.420911
2785.000000,2821.951023,2872.140147,2901.481254,2793.060140,2817.973793,2876.531724,2908.516063
2785.000000,2821.950854,2872.179034,2901.495130,2793.056298,2817.966440,2876.539818,2908.501064
2785.000000,2821.947829,2872.565316,2901.563975,2793.049131,2817.953017,2876.534306,2908.420562
2785.000120,2821.949062,2874.299708,2901.745824,2793.044517,2817.956357,2876.412625,2907.997148
2785.000000,2821.956622,2874.449197,2901.779182,2793.042028,2817.948124,2876.401679,2907.925903
2785.006496,2821.937844,2876.399134,2902.391818,2793.063268,2818.020055,2876.034276,2906.210877
2785.000021,2821.924330,2871.314848,2901.519101,2793.037729,2817.931506,2876.658601,2908.645659
2784.570228,2821.926129,2876.569406,2901.664573,2792.744030,2817.905574,2872.803930,2908.447523
2784.548060,2821.915950,2876.506298,2901.810547,2792.720937,2817.887963,2873.977361,2908.014188
2784.511124,2821.915431,2876.550642,2901.802559,2792.685069,2817.871288,2873.620319,2908.318623
2784.495827,2821.902713,2876.474999,2901.966181,2792.667080,2817.865364,2874.666513,2907.898055
2784.459269,2821.895287,2872.164028,2901.722821,2792.637189,2817.838919,2876.678428,2908.667734
2784.463790,2821.891583,2876.668448,2901.750330,2792.638928,2817.834879,2872.298245,2908.589534
2784.467871,2821.910529,2876.464893,2902.001292,2792.641102,2817.849630,2874.829103,2907.873984
2784.457942,2821.905548,2876.539673,2901.915442,2792.632064,2817.838335,2874.115247,2908.179956
2784.436886,2821.899581,2873.716571,2901.863337,2792.614764,2817.830356,2876.579882,2908.390185
2784.411311,2821.881339,2871.927408,2901.759430,2792.589738,2817.806313,2876.715086,2908.774249
2784.411272,2821.878301,2872.089899,2901.768446,2792.589681,2817.805558,2876.697481,2908.762302
2784.405334,2821.878631,2876.689429,2901.795298,2792.583502,2817.802971,2872.392569,2908.718703
2784.402584,2821.873322,2872.397090,2901.827475,2792.577837,2817.776177,2876.704824,2908.656984
2784.363863,2821.870853,2875.113528,2902.187247,2792.537663,2817.786648,2876.508206,2907.845751
2784.796244,2822.381014,2879.236003,2901.045384,2792.948818,2817.940032,2883.919003,2907.353914
2784.347872,2821.820547,2876.551873,2902.187551,2792.521330,2817.769164,2874.884179,2907.668681
2784.357223,2821.817075,2877.243691,2902.024419,2792.531110,2817.791044,2870.776404,2906.284834
2784.293126,2821.774499,2875.077406,2902.115737,2792.483019,2817.784754,2871.049641,2905.369204
2784.336063,2821.919278,2874.186897,2901.767576,2792.505447,2817.826929,2870.516063,2908.464227
2784.309566,2821.886872,2874.406643,2901.779441,2792.486081,2817.817886,2870.502452,2908.361768
2784.294249,2821.879772,2874.178505,2901.906332,2792.471573,2817.808556,2870.550848,2906.662570
2784.294828,2821.892900,2874.086180,2901.841088,2792.474943,2817.821760,2870.549623,2908.114349
2784.257781,2821.787200,2876.603210,2902.327614,2792.430044,2817.707125,2875.024430,2907.684845
2784.225255,2821.807745,2876.270007,2903.026984,2792.388457,2817.686100,2876.796265,2906.046030
2784.138633,2821.793072,2873.124164,2902.173417,2792.317014,2817.628849,2876.833625,2908.747138
2784.113115,2821.792657,2872.685772,2902.168520,2792.292241,2817.614438,2876.912124,2908.759591
2784.115476,2821.778638,2876.958907,2902.139051,2792.294096,2817.616251,2872.059617,2908.892972
2784.096654,2821.800563,2877.020577,2902.103956,2792.275440,2817.604361,2871.471691,2908.977089
2784.090490,2821.794976,2876.819229,2902.282283,2792.269259,2817.600543,2873.771075,2908.547172
2784.172328,2821.767352,2876.530994,2902.716464,2792.327865,2817.626789,2876.067027,2907.086305
2784.109021,2821.889874,2874.179202,2902.141196,2792.281338,2817.675964,2870.501067,2906.983052
2784.108017,2821.778878,2876.618797,2902.625751,2792.271385,2817.594716,2875.695946,2907.553774
2784.068455,2821.841924,2877.597129,2902.044899,2792.237755,2817.589658,2870.500077,2909.012988
2789.814548,2822.824927,2876.611727,2902.922521,2796.081903,2816.805886,2876.110243,2907.648105
2788.449088,2825.223049,2879.223854,2902.326763,2795.522103,2817.119854,2883.587443,2906.703086
2789.620412,2823.154788,2876.624004,2902.920422,2795.861290,2816.675909,2876.091815,2907.688614
2789.325097,2823.369278,2878.085013,2902.000324,2795.474254,2816.646277,2870.500819,2909.649235
2789.318323,2823.496082,2876.671646,2902.857200,2795.397212,2815.886579,2875.772493,2907.808563
2789.116050,2823.474491,2876.650905,2902.951859,2795.256892,2816.502495,2876.164191,2907.681138
2789.964498,2827.214463,2876.733847,2902.759656,2795.654624,2816.227283,2875.467715,2907.964136
2790.410536,2823.346072,2876.716888,2902.818489,2795.980397,2815.436344,2875.594651,2907.985881
2788.992348,2823.074816,2874.387163,2902.345096,2794.360732,2815.812078,2870.794666,2907.334428
2790.144068,2826.164534,2878.194011,2902.112576,2796.043230,2816.185795,2870.500692,2910.080991
2792.519479,2824.347182,2876.751563,2902.811316,2797.213600,2815.805298,2875.066556,2908.099678
2789.834916,2827.480196,2878.024187,2902.122554,2795.783512,2816.285960,2870.500120,2916.960898
2787.011249,2823.857485,2877.954844,2901.675844,2793.943312,2816.437623,2887.361329,2915.645501
2787.139805,2823.676109,2880.245457,2900.955938,2794.174197,2816.641682,2884.546206,2910.370235
2789.552152,2822.584137,2877.089037,2902.359174,2795.851841,2816.804825,2876.450909,2911.928753
2788.461885,2822.218714,2877.045943,2902.415809,2794.879951,2816.993193,2876.503480,2912.236169
2789.685909,2822.786963,2870.326498,2902.123955,2796.016785,2816.748790,2878.495257,2919.677362
2790.751454,2828.268181,2870.532683,2902.237493,2790.716876,2816.347882,2878.289699,2917.695792
2785.974897,2822.158937,2876.883726,2902.603074,2792.769086,2816.925331,2876.645996,2913.490614
2789.458211,2822.582912,2876.859130,2902.617748,2795.765608,2816.718030,2876.664395,2913.565362
2789.422983,2822.549749,2876.903529,2902.605398,2795.739551,2816.739418,2876.650210,2913.398620
2788.173281,2822.059978,2876.707599,2902.672478,2794.641361,2817.021229,2876.729442,2914.399820
2785.407776,2822.962968,2877.163901,2902.486388,2790.693263,2815.404493,2876.600073,2912.073693
2789.408634,2822.567996,2876.949297,2902.643609,2795.727969,2816.699681,2876.669268,2913.324155
2790.626763,2828.757152,2876.962877,2902.686660,2792.478078,2816.333159,2876.699796,2913.694958
2790.684134,2826.920866,2876.796806,2902.745861,2790.700460,2815.974806,2876.739359,2914.340151
2788.740017,2822.178037,2876.745915,2902.758176,2795.159257,2816.893261,2876.778257,2914.489173
2790.427456,2824.496249,2875.415029,2902.687095,2791.841548,2815.924742,2877.581543,2907.359303
2790.355040,2824.070026,2874.811931,2902.485279,2790.166930,2815.900933,2877.411830,2910.425176
2792.792751,2824.425701,2871.591632,2902.942110,2796.780783,2815.570857,2877.120758,2909.072565
2789.831050,2823.206233,2876.858967,2902.854315,2795.869226,2815.256856,2876.860841,2913.940939
2789.348580,2822.732099,2870.443354,2902.500824,2795.784553,2816.209126,2878.662906,2919.925637
2788.428062,2824.571597,2873.556206,2903.056678,2794.623574,2815.834961,2878.110943,2907.802511
2787.190540,2814.763824,2877.649090,2900.333545,2790.437788,2822.379263,2872.747117,2907.362128
2787.395651,2826.105149,2878.723699,2902.323234,2794.198744,2816.996331,2881.451979,2910.256373
2790.516345,2827.967102,2876.865912,2902.976349,2789.960696,2815.984239,2877.246939,2913.229365
2791.777407,2820.122103,2876.767381,2902.808051,2799.938810,2815.963080,2877.156014,2912.138102
2791.693401,2822.357172,2876.920221,2903.042511,2797.588137,2817.004172,2877.146963,2913.561340
2792.155485,2822.640281,2876.919904,2903.032561,2797.684633,2816.903910,2877.151707,2913.474413
2790.170168,2823.440503,2878.383591,2902.786220,2789.818756,2815.178241,2870.726392,2917.376457
2790.161325,2826.143960,2878.829394,2902.750848,2790.285289,2815.825639,2870.948900,2918.380826
2783.922541,2822.226955,2876.899148,2903.070245,2791.176899,2816.492448,2877.224836,2913.328969
2782.809225,2822.446244,2876.875683,2902.998685,2790.597127,2816.350616,2877.262599,2912.777659
2790.194264,2829.745278,2876.974378,2903.159844,2790.060549,2816.426902,2877.286959,2913.817929
2791.832367,2822.621892,2878.679023,2902.852001,2797.630048,2816.879721,2870.944744,2917.830895
2789.413832,2822.841423,2876.971672,2903.091407,2795.849096,2815.565169,2877.260104,2913.199861
2790.098918,2829.999918,2877.037732,2903.277850,2789.617034,2816.508996,2877.246803,2914.445782
2790.016538,2829.999849,2877.043253,2903.278874,2790.031007,2816.474587,2877.334196,2913.991937
2785.376512,2821.944432,2879.197588,2902.923348,2792.178114,2816.557973,2871.109486,2916.114144
2788.328225,2821.715502,2875.878072,2903.499958,2794.680684,2816.349799,2883.614229,2911.728008
2788.402430,2821.637291,2875.867951,2903.500470,2794.808204,2816.449202,2882.695288,2912.453380
2787.672811,2821.362099,2876.122252,2903.692100,2794.208799,2816.605324,2883.310416,2914.023191
2788.146289,2821.576189,2875.886344,2903.581098,2794.593135,2816.486748,2882.743223,2912.671046
2782.162037,2822.817186,2870.991949,2903.139184,2789.851054,2815.039637,2878.681136,2917.474724
2788.502718,2822.119972,2877.065174,2904.696118,2794.946033,2816.395909,2877.258006,2907.334951
2788.505487,2822.128475,2877.063288,2904.715286,2794.949609,2816.391544,2877.262698,2907.319760
2788.616754,2822.255605,2877.084335,2904.757431,2795.054177,2816.134248,2877.284146,2907.348230
2789.108630,2823.089754,2877.248230,2904.294422,2795.191662,2815.000010,2876.754338,2908.146189
2789.409566,2822.926932,2877.236135,2904.366341,2795.654708,2814.985456,2876.863850,2908.070802
2788.725831,2829.407019,2875.085431,2905.982329,2791.507851,2816.151647,2881.840646,2906.720460
2788.357176,2816.350586,2877.122819,2903.379907,2794.808989,2822.076809,2877.512797,2912.799338
2788.496694,2816.306394,2879.279607,2903.224430,2794.951668,2822.331871,2871.006481,2920.628732
2788.323754,2816.360172,2877.125237,2903.366756,2794.784592,2822.041307,2877.532186,2912.659092
2788.301070,2816.370636,2877.129975,2903.384718,2794.763011,2822.014579,2877.524166,2912.753121
2789.629002,2816.850091,2877.242718,2903.617000,2789.570564,2831.340107,2877.436083,2914.460640
2789.405212,2814.864431,2877.212543,2903.465428,2789.355016,2822.905744,2877.478536,2913.287852
2788.865332,2814.896934,2877.229581,2903.513540,2794.930528,2822.984003,2877.443869,2913.613889
2789.643667,2816.963647,2876.545432,2903.629749,2789.617445,2831.421553,2883.842315,2905.962197
2788.868194,2816.972871,2877.268863,2903.662689,2795.313264,2831.499970,2877.354615,2914.706804
2789.711345,2815.706593,2876.435836,2903.935906,2789.899174,2828.315700,2881.110290,2918.564569
2789.369351,2816.902052,2877.276998,2903.669545,2790.007986,2831.499937,2877.371850,2914.639831
2789.562542,2823.027613,2877.269383,2903.562655,2789.091459,2814.736027,2877.496019,2913.438969
2791.187841,2828.999910,2876.989665,2903.722422,2796.240853,2816.145854,2881.865473,2913.348571
2791.611794,2822.134013,2877.235710,2903.546074,2797.275544,2816.800736,2877.574447,2913.079227
2785.061789,2822.634742,2877.292862,2903.626624,2789.506189,2814.720549,2877.503741,2913.622380
2785.803520,2828.999488,2877.201460,2903.686442,2789.830250,2815.943920,2877.913120,2913.179863
2788.110090,2822.101530,2877.249955,2903.577696,2794.572923,2816.178352,2877.664003,2912.748184
2784.010823,2821.812775,2877.263862,2903.630832,2791.061166,2816.263464,2877.634173,2912.996559
2782.074161,2822.032385,2877.252508,2903.508981,2789.920518,2816.055607,2877.682267,2912.263711
2788.715120,2824.691043,2877.250425,2903.525298,2789.388267,2815.377682,2877.713462,2912.295798
2787.945800,2824.129642,2877.258262,2903.553546,2789.402272,2815.416303,2877.694263,2912.411873
2783.770578,2822.553761,2877.340874,2903.640763,2789.357993,2814.717745,2877.669091,2912.886503
2788.187427,2824.229520,2877.292912,2903.643570,2789.371048,2815.389110,2877.703177,2912.681007
2788.629597,2822.980588,2877.406490,2904.910577,2794.727357,2814.825605,2877.268744,2908.003481
2788.140822,2822.280399,2877.293419,2905.265913,2794.518487,2815.981149,2877.561823,2907.501065
2787.495318,2822.761283,2877.290767,2905.326466,2793.880556,2815.838862,2877.589080,2907.427641
2790.253179,2827.317892,2877.354248,2905.325789,2796.108061,2815.649764,2877.680713,2907.412531
2788.383671,2828.999300,2877.382836,2905.294438,2793.251564,2816.005208,2877.727831,2907.474765
2788.469910,2828.999927,2877.408302,2905.228078,2793.314978,2815.999256,2877.657052,2907.632564
2788.274761,2828.999853,2877.402314,2905.201988,2793.921423,2815.992969,2877.687514,2907.631608
2790.680924,2826.296208,2877.454642,2903.929097,2796.156200,2815.507835,2877.879904,2913.362966
2788.334474,2823.637055,2870.503771,2903.741264,2792.513667,2815.018549,2879.151811,2916.350449
2789.122812,2828.999704,2877.409355,2905.516271,2789.180515,2815.814806,2877.758400,2907.438092
2788.150431,2828.999913,2877.398254,2905.455287,2793.885787,2815.967608,2877.865705,2907.316116
2788.031647,2828.999732,2877.394799,2905.610993,2794.025436,2815.945445,2877.936237,2907.167068
2787.726720,2828.999979,2877.420803,2905.471494,2793.904751,2815.926200,2877.860242,2907.397179
2787.658074,2828.999877,2877.421302,2905.490930,2793.934989,2815.842354,2877.883873,2907.416122
2784.810208,2816.473953,2877.677722,2903.457969,2792.023869,2820.776155,2878.454764,2910.949279
2786.615110,2828.999817,2877.239946,2904.305212,2789.962150,2815.675039,2882.107652,2914.513525
2787.513095,2828.999995,2877.559520,2904.159706,2793.543906,2815.921935,2877.963130,2914.073586
2782.981329,2821.867032,2877.469964,2903.871194,2790.211640,2815.948633,2877.892920,2912.552753
2786.666874,2823.950459,2876.206430,2906.067580,2792.108895,2815.113020,2877.968320,2908.029589
2786.576170,2823.042865,2875.655246,2904.459947,2790.038259,2815.490775,2871.561802,2908.225479
2785.722561,2828.999412,2877.001847,2902.996681,2791.934961,2815.682738,2878.511126,2911.118256
2784.854813,2828.999451,2877.004661,2901.788321,2791.163080,2815.668343,2878.469454,2909.474846
2785.230054,2828.997376,2877.010790,2901.013975,2791.333645,2815.620611,2878.782387,2908.454357
2785.096411,2828.999283,2876.992223,2901.799162,2791.344589,2815.645227,2878.803004,2909.494257
2789.084276,2827.960312,2876.813227,2902.919741,2802.499832,2812.193382,2877.884160,2911.128717
2787.399150,2815.521326,2877.048462,2903.139909,2793.769535,2822.699098,2878.138646,2911.314507
2787.570544,2815.727668,2877.134222,2903.214492,2793.101633,2828.629286,2878.402397,2911.355216
2787.183668,2815.587713,2877.059747,2903.156348,2793.588954,2822.520810,2878.149418,2911.331070
2786.976191,2815.566148,2877.059384,2903.157242,2793.379071,2822.513968,2878.190629,2911.329950
2788.991456,2815.027785,2877.123379,2903.221022,2788.169332,2825.990580,2878.241304,2911.384917
2787.678333,2816.126619,2877.213648,2903.333142,2793.120471,2830.147671,2878.495157,2911.467141
2787.280208,2815.338662,2877.201683,2903.317671,2793.116937,2827.153882,2878.382811,2911.468925
2786.855214,2815.571957,2877.177605,2903.327899,2793.297481,2822.295820,2878.207377,2911.506082
2786.692434,2815.556397,2877.176130,2903.333595,2793.149976,2822.312234,2878.236159,2911.511458
2788.436505,2814.852347,2877.244965,2901.222336,2794.205538,2824.189029,2878.628522,2908.622226
2786.909067,2815.394858,2877.213703,2903.380115,2793.316830,2822.657019,2878.254080,2911.557198
2787.044479,2815.511477,2877.227360,2903.406965,2793.477575,2822.238770,2878.248487,2911.586818
2787.227428,2814.624292,2877.298516,2903.456228,2792.064329,2823.494192,2878.505819,2911.608696
2787.054786,2815.316519,2877.249054,2903.435235,2793.453811,2822.802553,2878.268338,2911.613784
2788.635825,2814.874487,2877.282074,2903.455464,2787.780848,2825.774374,2878.378909,2911.623342
2786.953834,2815.501659,2877.343224,2903.522128,2792.975685,2828.336349,2878.522083,2911.668936
2791.494432,2814.505803,2877.346033,2903.522198,2786.969329,2823.343381,2878.550335,2911.676001
2787.131884,2814.561381,2877.366373,2911.000000,2791.966571,2823.424863,2878.578429,2903.054359
2787.919403,2814.739190,2877.301284,2903.512863,2788.396240,2824.523487,2878.322847,2911.690107
2788.173370,2816.102564,2877.337977,2903.736141,2788.756954,2830.826691,2878.773620,2909.366085
2785.830461,2815.507253,2876.502425,2906.303006,2792.381841,2821.624495,2880.553418,2906.209421
2786.869149,2815.264885,2877.294953,2903.667853,2793.213985,2822.292154,2878.664575,2909.352512
2786.778207,2815.248556,2877.286788,2903.672130,2793.119704,2822.318231,2878.705115,2909.354436
2786.638519,2815.396697,2877.331142,2903.551180,2793.096959,2822.334289,2878.335868,2911.730698
2786.164304,2814.602186,2877.313913,2905.990394,2788.390778,2824.261566,2878.807200,2905.916927
2786.524773,2815.518476,2876.469231,2904.316514,2793.035003,2821.530350,2880.483643,2909.695448
2786.911696,2815.225909,2877.331046,2903.715450,2793.256426,2822.331571,2878.648687,2909.402830
2786.491007,2815.536606,2876.482026,2904.332425,2793.012089,2821.470230,2880.490436,2909.711982
2786.503883,2815.513285,2876.481626,2904.333181,2793.017256,2821.515947,2880.492789,2909.712693
2786.789433,2815.179027,2877.340752,2903.739679,2793.129352,2822.417531,2878.683873,2909.425999
2788.410245,2829.000000,2876.790764,2903.973792,2787.583114,2815.446427,2880.204064,2912.045085
2786.177439,2815.203780,2877.404056,2903.667915,2792.640343,2822.650693,2878.357615,2911.851776
2788.561883,2814.369274,2877.511018,2903.771371,2794.095926,2823.424260,2878.630029,2911.930510
2786.189933,2814.849964,2877.460617,2903.744372,2792.640513,2822.412512,2878.429600,2911.926255
2788.099487,2813.860395,2876.768798,2904.107465,2786.718853,2822.359631,2880.366877,2912.184072
2788.193576,2815.562252,2876.909857,2904.080000,2787.584623,2829.516192,2880.242317,2912.147882
2788.513526,2815.529822,2875.354203,2904.485764,2781.807299,2829.510226,2882.386200,2912.498202
2788.744491,2815.122755,2876.754958,2904.154660,2783.299876,2828.351532,2880.468217,2912.221352
2788.050873,2813.839713,2876.801131,2904.144393,2786.686380,2822.344379,2880.383397,2912.221829
2788.509233,2815.739653,2875.379839,2904.507818,2781.839001,2830.105639,2882.406566,2912.520818
2788.145805,2815.697609,2875.376789,2904.509060,2787.608006,2829.860440,2882.412470,2912.514549
2788.422036,2815.042181,2875.337179,2904.513776,2787.154183,2827.876921,2882.384274,2912.543019
2788.009280,2815.263409,2877.597746,2903.902158,2788.040025,2828.643056,2878.592346,2912.060574
2786.028880,2814.925563,2877.543453,2903.865064,2792.488709,2823.666906,2878.434215,2912.049487
2785.337156,2814.937877,2877.539307,2903.859411,2791.747922,2823.631041,2878.458320,2912.042174
2787.785071,2815.646168,2877.629990,2903.946983,2788.261673,2829.915615,2878.675150,2912.098384
2787.648183,2815.753926,2877.662492,2903.997980,2788.380549,2830.280125,2878.709147,2912.147410
2787.789834,2815.511407,2877.656468,2903.984438,2788.138059,2829.593888,2878.714555,2912.136312
2787.867452,2815.289347,2877.663547,2903.994483,2787.974610,2828.905328,2878.680956,2912.152068
2788.108331,2814.828316,2877.040862,2904.223001,2787.514300,2827.323905,2880.184234,2912.310381
2787.987956,2814.666899,2877.590749,2903.925164,2787.676516,2825.985882,2878.618882,2912.100728
2787.641301,2815.644603,2877.697491,2904.046188,2788.221532,2830.032063,2878.708587,2912.198624
2787.649714,2815.589816,2877.473292,2904.126897,2788.180842,2829.874384,2879.425948,2912.246790
2787.535842,2815.762387,2877.716975,2904.074320,2788.373399,2830.403085,2878.738163,2912.223396
2787.928535,2814.831450,2877.682218,2904.033922,2787.701055,2827.166917,2878.620326,2912.203062
2787.982393,2816.167924,2876.930978,2904.372917,2780.505766,2831.483610,2880.741689,2912.433364
2788.486769,2814.497880,2877.662128,2904.235759,2786.292494,2826.014717,2878.979705,2909.905512
2788.048476,2815.254472,2875.498560,2905.262924,2787.046460,2828.930286,2882.581225,2910.466108
2787.855466,2816.101796,2877.042106,2904.478196,2780.500913,2831.450474,2880.763065,2912.542455
2788.237214,2815.073481,2876.773366,2904.533560,2785.848521,2828.639812,2881.048070,2912.570077
2788.268491,2815.501498,2876.565849,2904.616255,2781.798505,2829.941664,2881.667161,2912.632054
2787.750875,2815.267699,2877.807351,2904.202266,2787.261712,2829.172789,2878.835628,2912.356352
2787.786118,2814.940753,2877.787829,2904.187902,2787.115767,2828.040584,2878.821663,2912.352937
2787.631727,2815.684818,2877.858995,2904.281191,2787.073146,2830.466502,2878.904455,2912.428324
2787.645851,2815.621432,2877.239070,2904.516469,2787.139776,2830.209337,2880.526623,2912.590014
2787.721048,2815.043464,2877.824330,2904.233339,2787.090066,2828.533853,2878.920576,2912.395621
2787.615599,2815.439785,2877.863677,2904.288993,2787.078301,2829.819952,2878.946108,2912.440109
2787.233097,2815.649819,2877.895168,2904.341060,2788.148377,2830.412261,2878.859376,2912.494260
2787.591532,2815.327440,2877.891990,2904.332412,2787.105123,2829.504396,2878.873634,2912.489009
2788.585944,2814.908928,2876.767540,2905.089040,2782.107196,2828.461975,2881.136861,2910.437668
2787.835748,2814.496172,2875.548517,2905.366614,2780.504533,2822.132099,2882.643033,2910.621179
2788.017773,2814.794594,2877.058919,2905.053149,2785.929051,2827.941900,2880.928981,2910.430501
2787.430975,2815.697642,2877.035208,2905.092497,2787.284879,2830.492748,2881.110751,2910.452926
2788.481565,2814.793106,2877.888965,2904.569844,2783.677711,2828.157965,2879.042441,2910.236572
2788.433985,2814.499128,2877.868052,2904.562467,2783.901284,2826.983426,2879.046863,2910.237067
2788.539687,2814.395109,2877.863442,2904.574817,2782.624188,2826.647203,2879.127702,2910.249481
2788.533871,2814.187500,2877.873698,2904.551253,2782.932465,2825.091026,2879.006005,2910.240567
2787.646780,2814.538812,2875.670320,2905.487282,2780.501007,2821.839318,2882.776462,2910.741881
2787.371769,2814.314058,2876.701661,2905.191773,2780.502105,2822.114000,2881.249156,2910.574027
2787.498111,2828.000000,2877.169546,2905.204490,2780.501474,2814.727407,2881.017620,2910.588880
2787.490366,2828.000000,2877.176337,2905.214083,2780.501170,2814.722994,2881.023315,2910.598763
2787.527163,2827.999860,2877.293749,2904.798808,2780.507445,2814.715551,2880.829993,2912.872369
2787.506849,2827.999999,2875.826785,2905.202043,2780.527660,2814.735231,2882.961022,2913.237688
2787.484517,2827.999995,2875.827846,2905.208047,2780.501273,2814.731458,2882.964948,2913.242272
2787.930914,2827.240912,2877.966001,2904.730771,2782.591887,2814.480042,2879.226172,2910.404703
2787.441302,2828.000000,2877.218951,2905.273517,2780.500028,2814.695345,2881.058494,2910.660042
2787.351516,2827.999960,2877.501073,2904.787786,2780.521278,2814.706629,2880.493271,2912.881938
2787.456402,2827.999983,2875.850435,2905.241175,2780.807838,2814.714949,2882.993602,2913.274986
2786.884522,2814.523802,2877.682367,2904.780686,2779.543397,2827.407962,2880.120134,2912.896790
2787.847766,2814.504446,2876.917477,2906.182774,2786.024901,2827.376296,2881.440685,2909.577312
2787.369975,2814.247640,2878.060234,2904.619450,2782.107165,2825.142531,2878.838385,2912.814028
2786.908184,2814.607558,2875.862261,2905.304813,2783.136130,2821.431616,2883.010476,2913.382733
2787.220586,2815.494984,2875.905953,2905.318848,2779.543196,2830.426413,2883.069128,2913.321950
2787.072318,2815.561944,2877.245355,2905.422195,2786.887417,2830.499968,2881.344692,2910.787899
2786.876391,2813.186059,2875.840196,2905.780303,2779.500141,2821.542063,2882.998084,2911.025098
2786.507442,2814.036805,2877.312810,2905.353265,2780.125982,2824.270228,2880.949889,2910.768782
2787.725341,2814.282442,2878.114340,2904.692715,2781.947841,2826.261726,2878.916007,2912.884235
2787.283440,2814.674330,2877.424092,2905.419193,2781.261980,2828.217186,2880.965244,2910.822336
2785.127785,2814.299831,2877.316704,2905.419252,2781.788541,2821.997533,2881.024069,2910.840767
2788.193833,2814.405508,2877.848978,2905.205025,2782.186763,2827.380208,2879.951084,2910.740726
2788.203395,2814.338464,2877.570898,2905.357438,2782.024748,2827.111655,2880.501327,2910.822703
2787.234244,2814.325694,2875.896883,2905.438670,2779.506124,2821.822464,2883.063328,2913.515509
2786.883973,2814.099274,2875.960340,2905.448562,2780.010505,2825.649112,2883.140466,2913.501903
2787.113883,2814.911926,2877.722451,2904.993707,2780.446179,2829.016151,2880.483511,2913.094618
2787.007615,2815.020075,2877.808661,2904.976491,2780.156476,2829.352967,2880.332044,2913.086060
2786.161299,2814.149065,2877.840291,2904.959765,2779.507724,2826.139778,2880.106934,2913.089897
2787.040635,2814.791022,2877.819501,2905.028555,2780.350708,2828.723110,2880.394527,2913.137554
2786.579446,2815.280506,2878.157975,2904.967414,2780.131774,2830.242968,2879.575183,2913.111073
2785.968451,2814.001688,2877.902788,2905.027083,2779.500010,2825.380167,2880.088579,2913.165029
2786.160181,2815.346381,2878.284231,2904.971154,2780.531588,2830.499997,2879.216612,2913.130954
2786.584737,2814.154864,2878.260088,2904.906250,2781.256532,2825.502592,2878.939401,2913.102808
2785.799120,2813.935658,2877.910301,2905.068708,2779.502571,2824.905533,2880.134308,2913.207871
2786.895747,2814.291888,2878.310191,2904.959512,2781.577539,2826.771150,2878.990311,2913.145848
2786.125829,2814.991247,2878.354391,2905.017796,2780.421859,2829.542528,2879.038062,2913.191224
2785.465155,2814.047627,2878.325747,2905.011641,2780.554765,2825.176261,2878.994655,2913.214600
2785.238253,2814.077726,2878.364895,2905.051188,2780.881567,2825.215891,2878.943330,2913.251553
2786.181842,2814.105358,2878.326681,2905.013455,2781.895879,2823.469092,2878.953921,2913.220527
2785.582597,2814.029392,2878.381116,2905.076586,2779.868922,2825.198938,2878.966278,2913.276331
2784.649755,2815.006117,2878.442863,2905.144994,2780.156046,2829.849950,2879.090085,2913.317006
2785.140467,2814.454282,2878.429497,2905.125980,2779.772712,2827.946947,2879.029506,2913.310258
2785.846918,2814.049989,2878.400169,2905.106301,2780.370156,2825.032917,2878.949843,2913.308809
2781.409789,2814.813985,2878.654013,2903.961477,2788.524000,2821.289826,2879.002061,2909.577556
2781.734690,2814.836085,2878.657879,2904.067543,2788.783374,2821.245657,2879.019507,2909.876992
2781.532112,2814.852915,2878.703338,2904.459702,2788.640860,2821.115005,2879.037270,2910.489815
2784.977930,2814.819343,2878.704636,2904.538533,2791.705869,2821.314723,2879.055359,2910.703955
2781.136552,2814.826344,2878.709414,2904.399165,2788.333492,2821.135570,2879.022579,2910.330549
2784.976956,2814.771672,2878.705299,2904.546305,2791.690382,2821.440664,2879.064965,2910.745831
2783.623787,2814.894815,2878.705482,2904.306168,2790.447573,2821.149298,2879.055488,2910.260642
2781.676324,2814.845414,2878.730293,2904.415686,2788.748917,2821.079543,2879.055454,2910.345692
2782.644257,2814.894259,2878.730652,2904.417161,2789.573066,2821.037524,2879.063530,2910.420359
2782.077693,2814.851903,2878.728694,2904.389360,2789.074953,2821.103455,2879.066596,2910.354642
2781.278822,2814.828845,2878.737198,2904.488304,2788.442397,2821.062074,2879.061678,2910.477519
2783.357009,2814.867787,2878.721762,2904.105938,2790.199938,2821.128333,2879.061205,2909.868813
2782.184350,2814.884270,2878.740942,2904.498033,2789.184900,2820.990746,2879.078868,2910.528338
2784.468488,2814.836005,2878.762273,2904.555152,2791.242264,2821.170124,2879.095254,2910.654364
2783.788017,2814.840106,2878.750724,2904.347195,2790.598356,2821.164792,2879.094732,2910.280207
2781.383384,2814.824005,2878.773422,2904.499866,2788.522891,2820.991212,2879.080284,2910.469759
2782.068561,2814.853244,2878.778603,2904.561984,2789.080898,2820.976763,2879.100225,2910.632289
2780.250907,2814.697321,2878.793524,2904.477249,2787.683135,2821.159493,2879.085395,2910.322618
2781.573257,2814.753243,2878.788985,2904.389264,2788.630730,2821.163469,2879.094158,2910.260478
2781.291691,2814.764620,2878.794307,2904.513990,2788.421748,2821.093390,2879.099298,2910.492228
2780.918654,2814.708049,2878.800180,2904.421397,2788.114751,2821.203422,2879.092210,2910.273736
2779.010672,2814.546387,2878.815349,2904.379588,2786.996097,2821.399281,2879.072698,2910.093641
2783.387372,2814.013750,2878.821458,2904.269941,2786.481456,2823.585722,2879.076463,2909.931238
2785.264604,2813.993778,2878.835486,2904.039329,2786.427082,2824.988810,2879.063635,2909.549160
2784.821587,2813.982186,2878.830444,2903.993122,2786.450866,2824.842768,2879.079393,2909.530819
2784.368387,2813.977777,2878.830886,2903.910917,2786.470405,2824.207659,2879.069959,2909.399510
2783.402697,2813.928143,2878.955584,2903.484128,2786.353898,2823.398257,2878.836838,2909.820734
2782.778349,2813.910224,2878.873400,2903.620107,2786.245480,2823.239163,2879.065753,2910.309500
2783.908430,2813.849924,2878.933985,2903.612620,2786.218834,2824.380543,2878.992949,2910.269893
2783.017523,2813.885216,2878.928014,2903.654337,2786.218654,2823.294866,2879.013256,2910.326537
2782.847206,2813.900228,2878.935825,2903.618221,2786.212637,2823.112058,2879.014517,2910.283081
2782.936232,2813.843711,2878.968228,2903.723030,2786.142885,2823.422824,2879.047644,2910.403408
2782.238527,2813.881406,2879.097721,2903.487415,2786.169452,2822.657952,2878.954337,2909.999413
2784.152510,2813.766290,2879.050079,2903.808235,2785.993809,2824.810144,2879.103059,2910.487287
2779.594791,2813.837771,2878.937657,2903.817887,2785.924300,2822.562385,2879.428708,2910.556170
2779.142431,2814.349893,2878.962559,2903.840237,2786.796458,2821.025928,2879.385940,2910.573993
2782.011997,2813.765096,2879.009612,2903.818595,2785.910397,2822.891759,2879.351522,2910.538415
2782.068713,2813.749555,2879.100296,2903.803517,2785.896806,2822.971136,2879.246390,2910.476800
2782.667010,2813.699327,2879.060425,2903.968492,2785.828095,2823.331652,2879.359243,2910.711770
2782.858726,2813.696150,2879.127520,2903.938481,2785.819445,2823.301539,2879.245399,2910.648689
2782.492339,2813.689987,2879.108097,2903.953247,2785.820492,2823.282609,2879.289762,2910.674528
2781.806276,2813.682101,2879.095558,2904.003082,2785.792883,2823.271740,2879.386035,2910.741889
2782.536436,2813.660758,2879.111765,2904.012076,2785.753279,2823.385828,2879.386615,2910.742441
2782.463872,2813.672004,2879.125553,2904.008373,2785.766786,2823.236058,2879.363510,2910.740573
2782.549912,2813.662385,2879.183384,2904.020944,2785.764102,2823.364980,2879.273824,2910.726828
2782.387458,2813.667201,2879.143557,2904.007587,2785.751560,2823.244659,2879.348961,2910.731604
2782.606402,2813.654804,2879.148455,2903.979535,2785.753830,2823.365275,2879.351846,2910.685532
2782.590906,2813.637675,2879.277716,2904.383387,2785.711008,2823.178909,2879.358392,2910.114798
2782.483907,2813.614901,2879.329670,2904.253632,2785.687631,2823.139377,2879.315636,2910.227048
2782.792585,2813.578007,2879.320143,2904.518274,2785.648552,2823.639149,2879.358415,2910.451691
2782.533481,2813.588104,2879.308762,2904.186350,2785.646108,2823.233659,2879.365184,2910.327364
2782.887644,2813.567225,2879.355316,2904.428907,2785.628421,2823.585508,2879.322325,2910.303730
2782.810170,2813.590988,2879.351759,2904.406741,2785.649494,2823.373356,2879.346004,2910.201206
2783.410212,2813.560945,2879.181058,2904.061075,2785.588707,2824.192590,2879.498291,2910.792790
2783.173835,2813.550426,2879.382797,2904.461330,2785.608446,2823.768331,2879.327992,2910.347190
2778.623551,2814.150276,2879.139698,2904.089529,2786.358034,2821.018141,2879.614307,2910.842549
2778.118582,2814.072373,2879.146069,2904.100061,2786.097236,2821.217839,2879.602365,2910.853368
2778.217824,2814.071675,2879.160943,2904.116847,2786.130144,2821.209856,2879.589753,2910.869800
2778.726740,2814.142678,2879.147123,2904.099111,2786.402366,2821.035845,2879.617812,2910.852414
2779.495266,2814.227834,2879.264714,2904.554183,2786.895462,2820.789193,2879.603060,2911.106997
2779.541969,2814.207657,2879.191476,2904.152084,2786.907732,2820.829141,2879.648573,2910.906864
2782.195708,2813.502045,2879.223062,2904.170829,2785.464891,2823.424890,2879.648269,2910.920582
2782.827138,2813.476030,2879.342439,2904.175310,2785.426285,2823.858395,2879.524947,2910.831219
2783.570074,2813.546202,2879.498149,2905.092132,2785.373900,2825.568706,2879.500898,2910.617095
2782.852010,2813.483528,2879.343356,2904.320262,2785.411935,2824.764401,2879.547995,2911.063908
2784.290080,2813.471270,2879.384872,2904.253143,2785.269228,2824.903635,2879.550272,2910.973052
2784.470661,2813.723573,2879.429758,2904.268557,2785.279576,2826.933127,2879.490839,2910.946132
2783.763186,2813.413144,2879.466512,2904.248277,2785.235115,2824.488575,2879.526442,2910.913738
2783.912756,2813.442680,2879.488678,2904.255831,2785.239405,2825.062559,2879.489540,2910.887962
2784.463529,2813.647100,2879.592757,2905.006472,2785.144196,2826.795973,2879.578243,2910.530722
2784.361920,2813.697111,2879.612036,2905.259922,2785.111237,2827.125363,2879.599089,2910.867597
2781.893182,2813.362049,2879.618290,2904.453193,2785.169201,2823.350037,2879.518659,2911.181603
2784.104412,2813.450517,2879.639552,2905.030630,2785.065427,2825.793932,2879.654693,2910.601979
2784.179593,2813.410296,2879.699919,2904.919862,2785.054087,2825.494097,2879.429376,2910.671565
2784.282485,2813.698057,2879.660449,2905.250963,2785.030680,2827.311478,2879.645944,2910.797332
2784.182420,2813.672890,2879.672518,2905.093634,2785.000764,2827.249705,2879.621741,2910.877635
2783.822286,2813.367349,2879.664629,2904.439948,2785.032896,2825.266880,2879.487629,2910.952841
2784.075285,2813.657064,2879.556096,2904.522725,2784.985947,2827.196671,2879.741393,2911.264587
2783.598105,2813.922199,2879.716840,2905.346632,2784.956088,2828.417875,2879.720468,2910.986895
2783.345152,2814.047701,2879.731430,2905.326504,2784.959032,2828.907991,2879.732208,2910.934662
2784.022038,2813.549978,2879.732495,2905.136793,2784.896837,2826.855982,2879.717226,2910.738641
2784.001872,2813.584475,2879.744675,2905.022197,2784.885059,2827.078694,2879.720350,2910.629820
2783.516370,2813.901537,2879.770971,2905.373555,2784.864029,2828.478425,2879.738616,2911.003615
2783.329824,2813.962807,2879.780248,2905.402878,2784.870654,2828.727386,2879.742896,2911.032204
2783.377159,2813.897834,2879.817319,2905.154477,2784.791674,2828.588610,2879.677788,2911.088920
2782.224540,2814.137873,2879.865523,2905.617577,2784.769510,2829.499823,2879.778615,2911.258788
2782.360100,2814.124385,2879.850117,2904.985699,2784.731156,2829.499461,2879.792384,2911.420634
2782.124000,2814.113113,2879.873187,2905.218877,2784.717560,2829.499866,2879.806747,2911.386096
2782.205940,2814.087177,2879.888708,2904.987130,2784.649134,2829.499868,2879.813352,2911.514170
2781.420985,2814.055287,2879.817037,2904.897930,2784.599776,2829.500000,2880.138300,2911.662656
2781.999093,2814.062863,2879.869951,2905.006163,2784.591430,2829.499819,2879.960441,2911.764152
2781.723291,2814.053257,2879.906266,2905.198289,2784.563563,2829.499457,2880.050553,2911.775173
2781.901026,2814.021411,2880.019435,2905.757904,2784.507026,2829.500000,2879.851968,2911.491242
2782.092609,2814.035590,2879.950394,2905.097605,2784.518553,2829.499662,2879.794027,2911.865167
2782.910394,2813.817934,2880.064092,2905.349809,2784.472964,2828.811068,2879.564883,2911.447750
2782.271911,2814.024232,2879.921551,2905.030898,2784.492482,2829.499550,2879.958805,2911.793134
2781.794713,2814.006851,2880.033651,2905.106508,2784.464467,2829.499155,2879.923481,2911.888776
2782.452026,2813.839449,2880.017367,2905.146744,2784.401284,2829.011067,2879.830347,2911.905974
2782.384572,2813.751596,2879.998950,2905.961678,2784.305031,2828.833494,2880.118943,2911.643986
2782.396931,2813.737835,2880.204254,2905.108878,2784.312178,2828.765542,2879.973673,2911.883997
2781.653925,2813.961314,2880.156513,2905.146915,2784.344552,2829.499859,2879.999624,2911.921931
2781.589623,2813.915161,2880.005549,2905.994039,2784.261470,2829.488869,2880.161718,2911.638499
2781.597493,2813.905843,2879.993099,2906.040271,2784.239315,2829.500000,2880.181538,2911.671355
2781.989300,2813.830939,2880.165061,2905.241072,2784.224889,2829.239019,2880.058075,2912.025638
2781.087608,2813.903159,2880.268342,2905.239927,2784.229164,2829.499730,2880.046316,2912.029286
2781.295487,2813.899047,2879.946286,2906.025941,2784.208821,2829.499995,2880.204683,2911.716441
2782.031870,2813.816007,2879.996126,2906.064241,2784.182818,2829.241030,2880.208151,2911.664277
2781.321689,2813.908270,2880.078323,2905.205409,2784.221861,2829.499912,2880.234713,2911.970583
2781.463790,2813.888497,2880.099432,2905.300050,2784.192887,2829.499921,2880.108580,2912.084937
2781.626699,2813.875242,2879.926029,2905.949023,2784.141382,2829.499781,2880.252152,2911.726072
2782.072193,2813.661977,2880.066438,2906.099368,2784.100741,2828.828019,2880.241795,2911.781284
2782.600948,2813.408245,2880.142867,2905.242332,2784.070042,2827.879933,2880.155137,2911.982004
2781.484648,2813.858669,2880.275159,2906.032358,2784.104180,2829.499981,2880.007305,2911.816531
2781.386980,2813.865677,2880.207052,2905.422852,2784.124783,2829.499377,2880.031492,2912.184939
2781.381629,2813.853641,2880.290065,2905.946969,2784.084180,2829.499909,2879.964064,2911.826616
2782.516858,2813.344167,2880.091715,2906.154181,2783.970108,2827.806838,2880.313690,2911.830360
2781.154770,2813.809893,2880.312333,2906.165127,2783.999926,2829.499955,2880.117006,2912.007527
2782.189443,2813.416129,2880.327920,2906.236596,2783.943228,2828.138598,2880.134246,2912.007446
2782.513558,2813.170847,2880.334981,2906.268995,2783.908055,2827.124292,2880.148163,2912.029111
2782.476677,2813.102637,2880.353082,2906.329704,2783.895659,2826.851062,2880.167089,2912.124262
2782.480135,2812.981253,2880.361547,2906.358635,2783.881454,2826.168532,2880.157392,2912.095305
2782.343618,2812.908725,2880.372035,2906.431215,2783.867318,2825.734567,2880.190250,2912.261664
2782.455938,2812.992735,2880.374782,2906.388494,2783.864278,2826.311516,2880.169108,2912.152462
2782.366889,2812.918724,2880.380281,2906.409256,2783.859606,2825.844333,2880.178458,2912.260384
2781.217475,2813.689813,2880.363551,2906.249115,2783.901171,2829.222946,2880.163033,2912.014755
2781.560359,2813.629118,2880.370134,2906.288523,2783.889734,2829.015581,2880.139605,2912.031389
2781.456513,2813.589341,2880.383529,2906.287023,2783.860539,2828.943740,2880.165095,2912.121097
2780.881638,2813.760619,2880.382819,2906.265407,2783.885527,2829.496610,2880.144556,2912.106170
2780.926547,2813.737912,2880.425263,2906.274719,2783.836815,2829.499904,2880.066475,2912.092856
2776.571029,2811.849422,2880.253944,2905.586880,2783.673924,2820.743209,2880.449404,2912.413025
2780.776340,2813.740663,2880.300584,2905.595310,2783.829845,2829.499260,2880.356200,2912.404801
2781.388404,2813.649898,2880.320259,2905.634544,2783.816995,2829.201448,2880.307409,2912.444530
2781.218768,2813.740930,2880.348015,2905.672219,2783.817219,2829.499927,2880.184147,2912.479857
2780.589301,2813.710819,2880.453690,2906.223599,2783.765657,2829.500000,2880.183367,2912.208157
2781.064963,2813.722064,2880.374550,2905.831216,2783.768128,2829.499396,2880.304383,2912.665549
2780.466744,2813.709572,2880.344827,2905.664187,2783.754945,2829.499697,2880.424477,2912.479933
2780.760175,2813.695515,2880.368441,2905.697538,2783.739327,2829.474178,2880.372613,2912.513269
2780.705582,2813.701376,2880.373192,2905.711367,2783.730743,2829.499650,2880.361445,2912.527748
2780.146640,2813.683614,2880.412300,2905.877446,2783.698860,2829.499912,2880.453765,2912.521502
2780.660367,2813.678441,2880.393038,2905.728832,2783.684298,2829.499943,2880.424104,2912.547140
2780.261925,2813.659274,2880.379774,2905.724114,2783.662779,2829.499999,2880.518150,2912.548528
2780.868119,2813.552400,2880.469929,2905.843986,2783.586869,2829.200492,2880.353223,2912.667272
2781.204872,2813.365741,2880.538777,2906.068440,2783.436675,2828.735299,2880.519989,2912.734663
2780.766227,2813.590844,2880.553404,2905.957988,2783.466618,2829.499239,2880.420022,2912.696372
2781.253358,2813.303086,2880.674607,2906.607897,2783.404144,2828.580855,2880.249224,2912.413135
2780.363231,2813.578040,2880.604399,2906.234960,2783.441864,2829.499010,2880.423300,2912.664786
2780.831074,2813.366536,2880.662216,2906.572574,2783.391241,2828.831350,2880.369385,2912.546596
2780.756668,2813.296118,2880.659843,2906.563120,2783.376552,2828.610953,2880.427478,2912.546368
2779.991584,2813.561487,2880.661458,2906.563823,2783.406686,2829.499142,2880.374334,2912.576918
2780.278564,2813.517493,2880.685921,2906.629468,2783.390671,2829.373459,2880.292216,2912.477775
2780.404648,2813.472187,2880.685796,2906.625597,2783.371579,2829.230099,2880.338079,2912.489487
2779.677153,2813.562822,2880.570417,2905.996590,2783.401249,2829.499817,2880.521481,2912.835097
2780.083441,2813.560284,2880.555491,2905.973393,2783.394633,2829.499184,2880.609867,2912.813269
2781.185132,2813.271258,2880.604516,2905.896062,2783.346344,2828.553641,2880.457970,2912.685980
2781.673404,2812.992740,2880.642105,2906.053226,2783.293086,2827.522876,2880.390708,2912.879363
2779.617348,2813.534006,2880.586077,2906.051753,2783.331195,2829.499852,2880.639798,2912.901792
2779.934332,2813.519407,2880.634958,2906.137667,2783.301542,2829.499999,2880.476208,2912.988213
2781.520306,2812.868522,2880.660825,2906.058904,2783.200722,2827.137296,2880.538326,2912.883468
2779.861505,2813.469737,2880.649064,2906.112843,2783.234786,2829.431847,2880.659831,2912.962830
2780.209140,2813.181223,2880.490191,2906.275476,2783.179992,2828.499948,2880.763210,2913.128010
2780.553233,2813.164229,2880.627124,2906.222427,2783.132360,2828.499852,2880.713201,2913.081207
2780.780695,2812.999387,2880.652727,2906.289310,2783.062793,2827.971695,2880.732292,2913.160562
2781.427531,2812.726636,2880.468793,2906.846270,2783.022721,2826.812390,2880.879860,2912.726501
2774.003573,2820.588276,2880.773582,2906.279654,2782.834157,2811.478000,2880.737579,2913.153231
2780.945069,2825.999930,2880.935963,2906.659547,2782.974710,2812.553350,2880.407171,2912.964045
2781.241842,2825.999859,2880.601473,2906.373902,2782.958076,2812.561473,2880.809618,2913.245120
2779.930545,2824.763857,2880.577940,2906.423750,2783.019107,2812.393932,2880.846867,2913.299096
2781.414227,2825.999657,2880.732116,2906.363212,2782.928667,2812.548112,2880.777118,2913.246218
2780.876083,2825.270932,2880.621701,2906.491095,2782.954944,2812.432833,2880.848375,2913.379190
2781.009736,2812.557878,2880.971679,2907.141732,2782.920600,2826.240951,2880.539938,2913.286213
2780.998505,2812.547034,2880.985051,2907.033477,2782.891144,2826.248599,2880.552912,2913.168122
2781.057014,2812.517899,2880.932378,2906.656616,2782.851360,2826.121085,2880.626835,2913.329471
2780.621434,2812.972045,2880.946420,2906.802389,2782.881730,2828.183922,2880.611463,2912.934024
2781.044007,2812.682627,2880.999785,2906.960013,2782.855179,2827.010393,2880.510897,2913.057360
2780.902287,2812.531927,2881.034689,2907.125108,2782.830875,2826.367423,2880.575200,2913.219838
2780.966167,2812.704724,2881.024025,2906.896582,2782.797137,2827.225401,2880.502052,2913.209284
2780.251534,2812.979157,2880.992356,2906.615641,2782.754370,2828.412318,2880.650958,2913.358043
2779.922905,2813.000444,2880.926635,2906.542947,2782.758634,2828.499721,2880.837621,2913.428041
2779.839719,2812.980790,2880.959730,2906.589404,2782.715105,2828.499951,2880.797168,2913.474198
2779.632712,2812.979560,2880.926214,2906.567217,2782.708976,2828.500000,2880.957325,2913.461227
2779.568447,2812.966537,2880.901895,2906.605277,2782.679755,2828.500000,2880.955329,2913.498339
2779.818914,2812.961561,2880.998485,2906.657355,2782.659009,2828.499674,2880.802838,2913.547858
2780.356216,2812.718690,2881.064249,2906.695578,2782.670154,2827.526662,2880.623130,2913.573187
2779.633982,2812.935182,2880.899475,2906.689299,2782.603000,2828.499875,2881.016565,2913.586083
2780.217808,2812.762434,2880.867935,2906.689515,2782.558841,2827.880249,2881.054657,2913.577365
2779.782294,2812.900712,2880.923834,2906.720215,2782.568512,2828.411556,2881.036190,2913.619938
2779.851791,2812.936616,2880.896491,2906.700483,2782.590041,2828.498655,2881.055098,2913.590498
2779.709537,2812.912418,2880.772727,2906.692350,2782.553256,2828.499708,2881.106551,2913.553673
2779.388399,2812.914149,2880.889731,2906.817093,2782.541765,2828.499935,2881.078489,2913.725939
2779.473523,2812.898176,2880.908973,2906.804413,2782.513200,2828.496173,2881.087009,2913.711066
2779.642541,2812.893466,2881.126798,2906.854120,2782.501884,2828.499673,2880.798445,2913.755193
2779.408076,2812.889141,2881.090921,2906.792549,2782.489050,2828.499692,2880.968695,2913.696249
2779.964104,2812.809417,2881.150953,2906.702982,2782.475746,2828.215121,2880.825974,2913.555529
2779.572833,2812.881084,2880.849070,2906.837792,2782.470011,2828.499872,2881.144812,2913.733478
2778.525917,2812.883290,2880.936240,2906.898924,2782.461902,2828.499996,2881.123654,2913.813652
2779.011897,2812.846251,2881.143832,2906.916107,2782.392089,2828.500000,2880.974953,2913.833426
2779.917902,2812.631232,2881.170748,2906.940766,2782.343828,2827.716245,2880.980018,2913.857898
2778.621980,2812.821518,2881.027557,2906.976469,2782.326340,2828.499593,2881.195738,2913.896862
2779.853660,2812.693367,2880.823355,2906.982954,2782.288589,2828.075853,2881.272997,2913.880354
2779.481164,2812.782337,2880.921204,2906.990545,2782.282184,2828.430285,2881.253048,2913.892152
2779.479189,2812.782214,2880.921384,2906.991147,2782.281564,2828.430950,2881.253488,2913.892805
2779.289428,2812.803597,2880.889283,2907.014601,2782.295237,2828.499822,2881.270484,2913.921751
2778.960998,2812.774503,2881.285945,2907.107320,2782.212143,2828.499684,2880.998003,2914.032705
2779.100473,2812.777191,2881.296605,2907.076875,2782.222188,2828.499795,2880.974586,2913.992713
2779.057780,2812.767853,2881.279527,2907.063681,2782.202378,2828.499910,2881.038954,2913.984400
2778.896189,2812.775921,2881.271117,2907.071811,2782.214115,2828.499806,2881.100572,2913.995959
2778.953426,2812.757266,2881.330997,2907.142268,2782.175155,2828.499580,2880.981759,2914.063873
2778.286984,2812.757599,2881.157643,2907.099947,2782.169790,2828.499706,2881.285886,2914.029030
2779.796038,2812.386903,2881.067015,2907.114104,2782.113473,2827.090882,2881.331493,2914.020678
2779.513086,2812.590454,2880.828723,2907.097189,2782.166683,2827.905076,2881.383647,2913.987993
2778.305222,2812.761136,2881.357392,2907.165832,2782.220283,2828.498777,2880.911140,2914.080266
2776.320612,2812.758519,2881.334693,2907.164837,2782.347049,2828.499997,2881.050810,2914.092352
2778.408974,2812.727197,2881.203755,2907.141521,2782.104842,2828.499993,2881.310621,2914.076492
2779.798651,2812.070727,2881.356233,2907.409704,2781.991452,2825.655946,2881.216742,2914.390287
2779.792878,2812.182087,2881.354642,2907.224469,2781.995136,2826.311264,2881.206759,2914.174912
2779.405379,2812.515479,2881.270834,2907.192987,2782.005952,2827.828892,2881.342793,2914.133720
2779.114431,2812.692296,2881.171525,2907.348033,2782.039404,2828.499789,2881.383315,2914.272086
2778.994436,2812.705134,2881.475087,2907.562505,2782.042734,2828.499723,2880.969687,2914.298826
2778.737575,2812.679063,2881.394846,2907.318128,2781.986573,2828.499793,2881.235854,2914.268602
2779.146437,2812.573250,2881.444400,2907.721396,2781.940421,2828.163241,2881.166715,2914.639053
2779.535520,2812.340576,2881.407616,2907.727112,2781.887453,2827.299360,2881.350289,2914.757525
2778.687982,2812.629311,2881.461501,2907.355946,2781.880170,2828.499761,2881.250545,2914.301849
2778.267506,2812.620324,2881.461403,2907.368335,2781.853787,2828.499993,2881.355794,2914.320506
2778.108709,2812.598142,2881.477399,2907.373664,2781.815083,2828.500000,2881.332558,2914.323349
2778.526421,2812.614272,2881.375468,2907.431204,2781.848276,2828.499412,2881.478126,2914.392482
2778.567300,2812.611323,2881.299206,2907.426129,2781.847882,2828.499720,2881.502438,2914.379223
2778.414407,2812.606420,2881.531651,2907.478556,2781.821604,2828.499502,2881.224773,2914.432554
2778.827661,2812.603662,2881.526955,2907.619832,2781.815548,2828.499911,2881.281961,2914.603876
2778.629330,2812.598983,2881.507031,2907.489991,2781.790309,2828.498969,2881.372296,2914.455974
2777.696370,2812.575967,2881.400911,2907.451763,2781.750852,2828.500000,2881.515919,2914.411459
2778.632159,2812.577989,2881.575211,2907.763020,2781.759638,2828.499902,2881.272837,2914.731701
2778.040324,2812.544920,2881.237465,2907.568183,2781.672890,2828.499890,2881.622900,2914.521260
2777.665540,2812.536025,2881.340596,2907.628257,2781.646902,2828.499982,2881.628414,2914.596466
2778.239558,2812.531654,2881.150509,2907.642081,2781.643693,2828.499089,2881.673231,2914.595547
2778.709784,2812.403054,2881.263792,2907.542444,2781.610738,2828.066316,2881.668389,2914.476765
2778.027405,2812.521473,2881.356209,2907.600687,2781.618425,2828.499828,2881.633132,2914.563432
2778.399267,2812.485165,2881.722861,2907.647520,2781.530803,2828.499564,2881.271025,2914.595876
2778.605607,2812.392466,2881.709010,2907.656086,2781.507782,2828.185949,2881.363113,2914.606462
2778.888359,2812.293986,2881.751956,2907.695015,2781.503549,2827.830764,2881.217677,2914.642436
2778.169606,2812.472141,2881.716937,2907.758373,2781.498848,2828.499148,2881.284565,2914.729934
2775.253226,2812.525538,2881.374329,2907.741085,2782.262646,2828.499998,2881.713187,2914.713553
2777.537730,2812.461505,2881.484780,2907.735965,2781.474069,2828.499974,2881.703666,2914.715629
2777.238622,2812.438422,2881.433757,2907.781433,2781.428069,2828.499999,2881.744694,2914.758039
2778.197329,2812.446389,2881.328647,2907.806982,2781.439674,2828.499533,2881.776673,2914.775716
2776.903521,2812.428465,2881.503592,2907.798158,2781.407233,2828.500000,2881.734693,2914.783075
2777.265206,2812.434028,2881.420627,2907.799211,2781.413786,2828.499988,2881.758111,2914.775610
2778.388735,2812.279007,2881.217663,2907.822777,2781.431171,2827.916385,2881.831788,2914.781766
2778.054968,2812.411505,2881.498453,2907.790854,2781.393612,2828.444571,2881.754801,2914.768695
2778.497164,2812.281053,2881.354701,2907.825402,2781.374869,2827.980778,2881.815110,2914.786874
2777.384873,2812.410574,2881.516210,2907.847287,2781.360908,2828.499749,2881.769097,2914.833489
2777.951790,2812.410468,2881.463464,2907.847816,2781.356620,2828.499582,2881.787305,2914.828853
2777.789179,2812.405402,2881.434682,2907.844485,2781.345823,2828.499850,2881.806351,2914.818717
2777.597820,2812.405108,2881.467745,2907.850637,2781.348679,2828.499887,2881.804560,2914.830125
2777.627785,2812.401091,2881.430980,2907.858619,2781.343655,2828.499957,2881.809086,2914.835059
2777.517910,2812.393323,2881.471897,2907.889944,2781.317305,2828.499852,2881.808026,2914.875195
2777.997205,2812.398135,2881.471183,2907.862450,2781.326162,2828.499721,2881.813575,2914.838737
2778.057619,2812.263824,2881.269828,2907.903817,2781.325263,2828.032658,2881.892123,2914.867225
2777.381892,2812.376869,2881.488817,2907.955008,2781.268223,2828.499059,2881.868015,2914.940525
2777.186453,2812.375166,2881.428249,2907.962042,2781.275095,2828.499914,2881.888703,2914.943445
2777.635960,2812.363785,2881.247332,2908.006830,2781.266909,2828.492386,2881.935284,2914.980495
2777.154884,2812.352159,2881.874338,2907.978148,2781.213256,2828.499680,2881.503499,2914.966623
2776.948433,2812.347660,2881.886073,2908.007618,2781.196810,2828.499849,2881.564041,2915.002440
2777.396566,2812.348591,2881.519568,2908.014555,2781.201718,2828.499208,2881.903436,2915.005673
2777.969793,2812.207200,2881.274465,2908.061782,2781.224591,2827.983814,2881.966545,2915.039118
2777.437706,2812.352623,2881.416745,2908.031852,2781.229472,2828.498003,2881.932962,2915.016799
2776.301491,2812.351764,2881.457894,2908.075700,2781.236275,2828.499911,2881.933734,2915.070495
2776.929577,2812.307881,2881.524674,2908.085509,2781.125540,2828.499984,2881.931901,2915.085236
2776.494631,2812.301979,2881.623899,2908.059727,2781.117434,2828.500000,2881.910331,2915.062716
2777.269661,2812.314673,2881.466452,2908.090068,2781.135070,2828.499889,2881.968085,2915.080612
2777.437324,2812.315913,2881.435291,2908.090230,2781.150327,2828.498882,2881.981237,2915.077974
2776.883607,2812.292346,2881.560394,2908.113752,2781.079301,2828.499997,2881.965284,2915.113672
2776.909077,2812.283815,2881.553997,2908.153033,2781.058802,2828.499351,2881.975989,2915.158076
2777.365343,2812.012069,2881.544905,2908.189343,2781.021369,2827.499950,2882.049921,2915.186509
2777.476465,2812.016791,2881.417143,2908.210547,2781.048001,2827.499390,2882.079834,2915.200503
2777.874880,2811.994467,2881.601903,2908.176582,2781.006500,2827.499716,2882.028482,2915.178016
2777.744867,2812.004826,2881.552447,2908.181338,2781.009560,2827.497990,2882.059171,2915.172097
2777.806708,2811.975928,2881.613776,2908.210229,2780.959108,2827.499862,2882.062581,2915.209788
2777.297995,2811.960692,2881.582257,2908.283152,2780.939424,2827.499911,2882.113253,2915.287505
2777.259432,2811.948764,2881.542034,2908.247793,2780.924363,2827.499622,2882.151554,2915.232075
2777.110858,2811.941949,2881.614385,2908.324619,2780.876807,2827.499211,2882.132460,2915.334376
2776.896512,2811.942351,2881.681792,2908.298562,2780.867158,2827.499734,2882.117926,2915.310235
2777.439239,2811.915151,2881.648887,2908.408706,2780.802203,2827.499837,2882.168055,2915.427500
2777.530592,2811.921323,2881.601040,2908.479720,2780.809538,2827.498271,2882.208688,2915.470724
2777.500522,2811.915473,2881.540696,2908.396923,2780.821453,2827.499159,2882.204116,2915.401933
2777.207628,2811.896835,2881.742763,2908.422188,2780.750307,2827.499998,2882.145781,2915.451009
2777.541716,2811.903981,2881.643725,2908.400182,2780.788930,2827.499957,2882.176782,2915.415764
2776.892302,2811.888915,2881.840134,2908.401096,2780.732520,2827.500000,2882.136638,2915.433027
2777.292026,2811.896858,2881.611195,2908.412467,2780.773953,2827.499817,2882.211571,2915.421825
2777.313793,2811.902369,2881.577109,2908.514102,2780.781378,2827.499504,2882.225404,2915.539958
2776.971644,2811.886856,2881.709636,2908.428137,2780.737366,2827.500000,2882.175346,2915.450915
2777.121129,2811.897097,2881.590161,2908.423426,2780.780832,2827.499820,2882.221942,2915.432490
2776.952883,2811.876900,2881.768997,2908.457040,2780.701399,2827.500000,2882.181982,2915.485894
2777.301079,2811.873739,2881.718706,2908.511864,2780.690371,2827.499305,2882.208250,2915.540391
2777.052973,2811.864235,2881.627048,2908.518508,2780.694845,2827.499488,2882.273866,2915.535118
2777.324249,2811.839455,2881.636848,2908.540535,2780.638313,2827.499358,2882.301846,2915.555135
2776.753990,2811.822030,2881.746131,2908.623148,2780.573811,2827.500000,2882.291032,2915.659227
2777.029933,2811.829605,2881.619860,2908.595357,2780.629366,2827.499352,2882.332904,2915.614755
2776.845547,2811.810671,2881.768193,2908.646069,2780.557064,2827.499771,2882.311895,2915.685621
2776.859170,2811.807349,2881.800936,2908.622628,2780.540002,2827.499874,2882.301383,2915.659971
2776.682325,2811.799968,2881.718857,2908.664863,2780.523976,2827.499929,2882.346478,2915.695785
2776.979887,2811.791976,2881.828734,2908.654584,2780.504692,2827.499860,2882.322537,2915.693665
2776.330615,2811.792211,2881.839605,2908.652715,2780.505546,2827.499989,2882.324731,2915.692600
2776.695210,2811.787898,2881.838857,2908.669207,2780.505612,2827.499706,2882.347195,2915.709066
2775.880290,2811.775097,2881.761335,2908.752567,2780.457025,2827.499995,2882.377288,2915.793266
2776.216685,2811.774519,2881.794278,2908.724561,2780.482019,2827.499983,2882.378516,2915.764252
2776.810290,2811.768703,2881.844564,2908.730030,2780.455143,2827.499658,2882.376275,2915.774491
2776.739283,2811.753734,2881.791903,2908.739535,2780.433231,2827.499767,2882.412836,2915.776797
2776.057292,2811.745355,2881.928713,2908.757779,2780.393670,2827.500000,2882.373743,2915.811344
2776.737284,2811.727985,2881.894092,2908.796229,2780.374036,2827.499894,2882.418889,2915.845485
2776.471633,2811.712435,2881.841778,2908.900067,2780.323033,2827.499684,2882.443729,2915.960622
2775.951403,2811.722654,2881.955155,2908.833875,2780.332761,2827.499996,2882.433218,2915.892033
2776.816919,2811.712933,2881.863645,2908.807363,2780.339512,2827.498902,2882.464855,2915.852267
2774.104973,2811.731324,2881.865611,2908.849854,2780.870736,2827.499956,2882.465592,2915.898160
2776.370878,2811.709782,2881.858316,2909.011891,2780.348749,2827.499498,2882.510851,2916.080434
2776.332274,2811.690803,2881.893745,2908.898823,2780.278862,2827.499995,2882.487801,2915.953649
2776.169323,2811.698169,2881.962044,2908.942048,2780.290155,2827.499725,2882.478495,2916.009444
2776.253828,2811.671489,2881.972809,2908.880160,2780.232441,2827.499985,2882.466315,2915.940246
2776.326327,2811.656328,2881.892379,2909.963726,2780.197779,2827.498590,2882.598546,2917.042933
2776.016663,2811.647245,2881.908816,2908.882940,2780.183783,2827.498644,2882.560559,2915.912128
2776.426355,2811.647226,2881.772718,2908.985523,2780.193411,2827.499823,2882.606603,2916.028840
2776.001603,2811.631354,2882.011072,2908.955903,2780.133934,2827.499994,2882.539963,2916.015624
2775.979928,2811.632504,2881.989913,2909.025456,2780.132896,2827.499984,2882.559726,2916.093094
2774.979277,2811.626289,2882.037790,2909.006688,2780.117703,2827.500000,2882.539277,2916.076357
2776.242709,2811.588299,2881.860207,2909.101430,2780.104875,2827.397059,2882.624640,2916.154889
2775.807567,2811.586995,2882.054213,2909.087787,2780.031498,2827.499999,2882.602645,2916.161187
2775.396323,2811.555342,2882.139376,2909.139557,2779.959514,2827.499999,2882.629565,2916.222205
2775.905020,2811.554770,2882.068448,2909.127613,2779.960146,2827.499274,2882.651968,2916.200011
2776.297401,2811.541349,2882.180167,2909.429099,2779.977779,2827.432308,2882.627450,2916.560938
2775.829879,2811.554773,2882.106990,2909.248574,2779.964389,2827.499794,2882.652890,2916.342010
2774.835921,2811.544892,2882.143468,2909.173030,2779.933343,2827.500000,2882.647802,2916.257332
2776.366701,2811.527335,2882.134852,2909.320343,2779.957265,2827.440191,2882.666672,2916.421669
2775.861620,2811.538912,2882.079213,2909.181819,2779.933668,2827.499983,2882.686161,2916.259110
2775.492364,2811.550080,2882.006058,2909.203249,2779.977957,2827.499911,2882.725507,2916.272553
2775.428622,2811.539184,2882.192237,2909.222457,2779.911336,2827.499969,2882.675729,2916.311966
2775.635686,2811.538394,2882.133184,2909.242086,2779.916246,2827.499543,2882.696152,2916.325440
2775.654820,2811.526782,2882.126865,2909.225936,2779.890527,2827.499774,2882.708623,2916.307831
2776.052251,2811.524102,2882.007605,2909.288598,2779.907237,2827.499916,2882.741637,2916.361368
2776.024468,2811.527342,2882.024886,2909.379518,2779.911053,2827.499355,2882.749011,2916.455981
2775.608097,2811.478517,2882.062553,2909.400606,2779.858212,2827.374292,2882.754426,2916.490698
2775.357383,2811.509657,2882.189783,2909.341718,2779.845199,2827.499781,2882.729253,2916.440493
2775.791585,2811.498536,2882.148838,2909.319313,2779.835995,2827.499956,2882.740153,2916.405234
2773.125180,2811.535033,2882.184138,2909.307739,2780.326585,2827.500000,2882.733176,2916.401237
2773.431373,2811.545719,2882.218535,2909.299638,2780.525083,2827.500000,2882.738200,2916.392399
2775.647860,2811.493004,2882.135215,2909.325769,2779.829235,2827.499950,2882.772535,2916.412963
2774.585859,2811.467805,2882.235882,2909.359173,2779.740773,2827.500000,2882.779709,2916.455253
2775.686979,2811.463212,2882.148052,2909.527882,2779.760948,2827.499610,2882.827536,2916.632956
2775.043625,2811.461560,2882.161315,2909.379181,2779.729586,2827.499804,2882.824415,2916.466594
2774.871800,2811.425325,2882.228484,2909.463818,2779.639675,2827.499989,2882.862634,2916.562034
2775.631847,2811.429521,2882.199847,2909.704824,2779.675108,2827.499400,2882.886196,2916.829805
2775.236086,2811.418872,2882.262843,2909.531653,2779.645608,2827.499888,2882.879974,2916.638096
2774.863079,2811.401467,2882.308703,2909.579281,2779.596245,2827.499868,2882.877104,2916.698522
2775.513659,2811.391124,2882.240235,2909.932525,2779.573061,2827.499869,2882.944767,2917.042541
2774.489491,2811.389647,2882.192268,2909.544090,2779.561837,2827.499997,2882.933240,2916.640365
2775.321130,2811.402013,2882.209898,2909.805268,2779.597415,2827.497842,2882.952546,2916.944440
2775.106144,2811.398288,2882.084078,2909.562490,2779.602208,2827.499668,2882.982767,2916.649596
2775.353169,2811.390346,2882.034614,2909.617253,2779.588061,2827.499745,2883.010145,2916.706049
2774.698106,2811.374963,2882.139382,2909.621140,2779.535754,2827.499499,2883.017117,2916.714378
2773.932303,2811.354800,2882.341795,2909.634539,2779.466146,2827.499917,2882.967410,2916.747619
2774.634111,2811.360040,2882.166666,2909.650614,2779.494018,2827.499739,2883.015675,2916.749532
2774.871128,2811.358580,2882.122190,2909.681929,2779.495613,2827.499679,2883.035133,2916.779090
2774.570449,2811.316372,2882.392216,2909.697098,2779.390058,2827.499910,2882.995483,2916.819264
2774.750305,2811.318805,2882.311130,2909.691268,2779.399977,2827.499997,2883.027348,2916.803244
2775.377462,2811.281599,2882.223310,2909.618689,2779.418844,2827.356097,2883.055557,2916.702693
2774.675720,2811.312105,2882.263167,2909.680599,2779.390756,2827.499351,2883.046717,2916.785835
2774.714237,2811.313925,2882.239688,2909.714526,2779.384812,2827.499885,2883.044054,2916.821777
2774.728011,2811.318282,2882.392943,2909.787166,2779.384134,2827.499835,2883.029100,2916.918808
2775.194752,2811.313805,2882.162725,2909.718861,2779.409412,2827.499841,2883.087605,2916.817763
2774.705802,2811.305464,2882.251332,2909.721212,2779.371884,2827.499922,2883.072696,2916.828544
2774.554358,2811.304949,2882.328180,2909.721753,2779.358342,2827.499982,2883.048575,2916.835683
2774.475632,2811.291400,2882.274679,2909.787355,2779.328493,2827.499864,2883.088934,2916.901549
2772.426266,2811.291343,2882.387852,2909.826387,2779.716521,2827.500000,2883.088697,2916.950884
2773.812413,2811.275005,2882.229045,2909.826816,2779.292510,2827.499998,2883.130473,2916.936967
2773.739688,2811.268128,2882.349896,2909.809521,2779.272283,2827.500000,2883.115601,2916.927853
2774.651990,2811.262122,2882.320244,2909.866532,2779.259868,2827.499842,2883.138335,2916.987383
2774.089238,2811.269579,2882.278660,2909.857856,2779.334476,2827.499879,2883.153931,2916.971718
2774.085808,2811.251698,2882.312778,2909.869966,2779.237114,2827.499990,2883.153453,2916.987726
2774.487741,2811.234807,2882.280173,2909.906726,2779.201086,2827.499845,2883.193074,2917.022892
2774.680724,2811.220157,2882.233427,2909.922425,2779.175680,2827.499873,2883.222906,2917.034096
2774.649227,2811.227494,2882.237379,2909.937821,2779.203076,2827.499614,2883.229333,2917.051228
2774.211379,2811.204646,2882.377078,2909.943305,2779.131011,2827.499888,2883.185973,2917.070878
2774.092626,2811.190420,2882.372560,2909.978110,2779.094743,2827.499995,2883.228143,2917.105430
2774.472283,2811.192714,2882.443454,2910.037857,2779.098799,2827.499758,2883.226794,2917.176296
2774.205823,2811.189572,2882.424966,2910.040725,2779.129650,2827.499997,2883.250203,2917.177608
2773.669414,2811.148384,2882.464944,2910.062543,2778.995791,2827.499888,2883.270966,2917.198811
2773.540179,2811.146826,2882.555841,2910.076978,2778.981826,2827.499817,2883.261625,2917.221110
2774.313013,2811.150712,2882.450832,2910.125626,2779.012378,2827.499515,2883.291655,2917.267157
2774.464954,2811.148021,2882.341155,2910.050094,2779.007507,2827.499775,2883.336182,2917.162263
2773.751203,2811.121710,2882.464743,2910.160879,2778.926493,2827.499993,2883.323963,2917.303918
2772.690547,2811.117090,2882.487478,2910.176254,2778.909214,2827.499998,2883.319741,2917.323454
2774.552947,2811.101170,2882.361654,2911.110111,2778.894487,2827.497775,2883.411094,2918.326567
2773.506672,2811.078952,2882.538561,2910.209640,2778.823792,2827.499752,2883.367395,2917.354620
2774.070849,2811.073330,2882.461465,2910.561485,2778.830652,2827.493556,2883.404802,2917.750152
2773.806948,2811.067889,2882.461514,2911.358582,2778.812646,2827.499281,2883.458842,2918.588128
2774.411413,2810.820745,2882.640794,2910.581991,2778.776496,2826.499825,2883.410235,2917.789929
2774.482912,2810.820012,2882.313592,2911.203226,2778.770044,2826.499261,2883.570083,2918.243357
2774.189618,2810.811096,2882.332945,2911.267772,2778.762864,2826.499767,2883.568379,2918.326118
2773.944269,2810.798795,2882.617525,2910.383291,2778.718030,2826.499843,2883.457055,2917.549812
2773.905348,2810.807678,2882.548312,2910.317067,2778.776584,2826.499967,2883.495701,2917.463502
2774.043351,2810.808061,2882.673723,2910.806461,2778.761428,2826.498936,2883.479574,2918.036987
2773.456788,2810.792717,2882.670466,2910.379063,2778.701545,2826.499863,2883.463656,2917.544472
2774.117935,2810.788717,2882.432210,2911.183036,2778.709189,2826.499038,2883.612726,2918.243747
2774.128234,2810.765325,2882.767768,2910.892038,2778.648957,2826.499434,2883.475483,2918.145362
2773.623508,2810.755241,2882.703931,2910.413463,2778.618251,2826.500000,2883.484062,2917.583450
2773.603302,2810.771532,2882.616904,2910.706235,2778.819359,2826.499593,2883.572939,2917.897128
2774.188452,2810.736535,2882.534649,2911.289516,2778.610200,2826.499809,2883.642307,2918.466762
2773.731530,2810.737207,2882.620191,2910.589023,2778.590080,2826.499985,2883.575803,2917.770280
2773.341046,2810.743684,2882.597865,2910.609540,2778.594124,2826.499893,2883.596501,2917.783487
2772.985004,2810.719719,2882.672094,2910.529319,2778.523899,2826.500000,2883.578968,2917.698083
2773.166696,2810.716849,2882.630606,2910.520289,2778.525101,2826.499994,2883.596986,2917.682805
2774.236789,2810.641970,2882.420867,2910.970720,2778.552898,2826.141485,2883.695794,2918.178450
2773.691726,2810.711920,2882.529976,2910.718214,2778.536253,2826.499531,2883.660032,2917.900375
2773.902988,2810.709515,2882.554455,2911.069488,2778.520417,2826.499839,2883.682568,2918.232902
2773.742419,2810.698715,2882.544624,2910.770971,2778.493321,2826.499287,2883.663177,2917.953761
2773.751418,2810.695534,2882.589508,2910.672277,2778.507450,2826.499782,2883.676017,2917.846338
2773.120191,2810.683951,2882.718893,2910.573659,2778.453101,2826.499999,2883.642949,2917.743775
2771.175421,2810.688787,2882.744378,2910.621854,2778.426367,2826.500000,2883.612070,2917.804632
2773.576753,2810.673085,2882.685755,2910.630873,2778.441146,2826.499780,2883.685083,2917.801606
2772.918855,2810.720644,2882.754219,2910.654475,2779.812308,2826.500000,2883.674857,2917.831783
2773.767563,2810.657297,2882.634819,2910.667497,2778.404166,2826.499934,2883.704343,2917.838111
2773.770491,2810.640341,2882.601771,2910.715542,2778.391697,2826.499487,2883.796056,2917.877340
2772.952498,2810.629960,2882.754476,2910.709622,2778.327109,2826.499997,2883.749980,2917.884583
2773.312803,2810.625700,2882.725709,2910.738046,2778.353253,2826.499921,2883.777191,2917.912045
2773.041322,2810.614933,2882.758547,2910.763429,2778.293596,2826.499998,2883.778823,2917.942978
2771.590392,2810.588299,2882.797134,2910.811506,2778.211184,2826.500000,2883.762766,2918.000124
2773.500498,2810.590836,2882.806017,2910.813882,2778.247556,2826.499995,2883.783016,2918.005598
2773.267186,2810.571336,2882.768891,2910.846144,2778.208675,2826.499747,2883.833965,2918.030670
2773.073992,2810.570083,2882.832337,2910.832695,2778.201999,2826.499974,2883.815894,2918.021571
2773.036499,2810.563645,2882.788419,2910.872033,2778.202452,2826.499994,2883.851930,2918.058449
2773.066531,2810.543390,2882.703770,2911.066398,2778.136006,2826.499885,2883.937819,2918.262122
2773.420978,2810.541838,2882.700787,2911.068714,2778.155502,2826.499328,2883.945291,2918.264611
2773.331712,2810.519677,2882.903299,2911.090415,2778.102254,2826.499751,2883.866749,2918.309289
2773.319667,2810.514895,2882.747169,2910.963921,2778.105314,2826.479695,2883.913475,2918.150710
2772.181491,2810.512754,2882.866744,2910.948268,2778.048696,2826.499998,2883.895978,2918.144181
2771.672088,2810.510372,2882.862958,2910.974106,2778.032860,2826.500000,2883.887126,2918.173495
2771.600231,2810.511243,2882.853084,2910.975210,2778.033470,2826.500000,2883.889900,2918.173530
2773.140786,2810.508955,2882.923019,2911.119010,2778.072872,2826.498927,2883.895055,2918.343209
2772.689625,2810.505455,2882.854105,2911.010028,2778.068513,2826.499325,2883.919787,2918.213718
2773.059141,2810.496553,2882.796231,2910.967061,2778.037368,2826.499874,2883.943424,2918.157539
2773.390863,2810.497594,2882.768546,2911.050887,2778.060870,2826.499034,2883.964408,2918.243267
2773.302554,2810.485336,2882.980136,2912.064934,2778.021597,2826.498280,2883.948926,2919.422619
2772.768470,2810.479070,2883.014120,2911.866381,2778.007977,2826.499858,2883.966884,2919.181458
2772.251921,2810.465266,2882.881540,2911.097499,2777.946566,2826.499996,2883.986365,2918.304477
2772.566004,2810.451366,2882.918949,2911.183382,2777.923879,2826.499942,2883.974314,2918.398420
2773.132653,2810.451686,2882.934939,2911.510196,2777.947965,2826.499791,2883.984703,2918.778213
2772.643105,2810.439818,2882.988719,2911.399612,2777.882395,2826.499471,2883.987494,2918.656749
2774.271992,2810.541684,2882.903074,2911.139556,2781.445795,2826.499999,2884.030800,2918.341435
2772.906962,2810.420521,2882.955316,2911.464378,2777.880326,2826.499794,2884.055177,2918.715434
2772.835956,2810.422412,2883.043726,2911.342901,2777.889883,2826.499760,2884.028683,2918.583262
2772.575296,2810.416780,2882.964809,2911.196030,2777.885169,2826.499974,2884.064803,2918.408312
2771.793350,2810.392074,2882.987547,2911.247838,2777.770822,2826.499930,2884.082039,2918.465215
2772.984130,2810.388789,2883.001750,2912.079581,2777.832340,2826.498414,2884.122988,2919.408574
2772.034581,2810.376107,2882.988078,2911.277725,2777.733163,2826.499999,2884.113294,2918.494149
2772.902697,2810.373587,2883.022827,2912.175739,2777.792594,2826.498672,2884.145907,2919.526739
2772.204578,2810.363697,2882.971399,2911.318964,2777.714723,2826.499954,2884.139173,2918.538795
2772.225865,2810.353898,2882.976878,2911.389423,2777.712170,2826.499809,2884.158074,2918.613642
2772.470736,2810.355237,2882.965753,2911.431825,2777.742314,2826.499082,2884.208140,2918.652550
2772.391984,2810.338091,2882.885604,2911.312066,2777.684962,2826.499912,2884.240538,2918.509411
2772.470983,2810.338120,2882.885648,2911.312791,2777.685193,2826.499912,2884.240740,2918.510202
2772.485709,2810.336307,2882.914304,2911.356123,2777.686690,2826.499759,2884.230020,2918.563277
2769.662342,2810.311618,2883.060991,2911.427131,2777.545104,2826.500000,2884.187436,2918.655537
2770.974597,2810.296713,2883.018589,2911.456471,2777.536105,2826.499999,2884.224905,2918.681120
2772.525172,2810.303297,2883.002062,2911.863028,2777.603855,2826.496374,2884.276246,2919.138118
2771.741929,2810.293917,2883.004265,2911.440635,2777.542913,2826.499947,2884.247786,2918.661674
2772.340384,2810.294188,2883.080930,2911.841579,2777.553767,2826.498838,2884.247438,2919.126363
2772.787006,2810.290248,2882.910805,2911.605498,2777.579927,2826.499102,2884.305093,2918.835520
2772.404091,2810.282032,2883.001450,2911.468562,2777.531566,2826.499906,2884.282898,2918.691105
2772.492649,2810.275807,2883.031492,2912.584998,2777.489037,2826.498598,2884.349860,2919.977323
2772.021192,2810.275199,2882.915713,2911.872608,2777.533259,2826.499907,2884.365124,2919.133337
2771.465988,2810.242141,2883.016599,2911.599964,2777.414806,2826.499999,2884.352677,2918.827365
2772.183241,2810.233925,2883.086125,2912.353858,2777.427200,2826.498213,2884.379947,2919.685441
2771.865897,2810.226252,2882.984892,2911.590802,2777.400907,2826.499981,2884.387597,2918.814306
2770.784967,2810.208810,2883.063358,2911.657644,2777.327615,2826.500000,2884.368711,2918.893249
2770.851567,2810.208651,2883.085930,2911.668809,2777.359422,2826.499999,2884.370844,2918.906989
2771.210610,2810.190008,2883.102530,2911.687942,2777.294830,2826.500000,2884.384974,2918.928753
2772.351219,2810.185906,2883.056654,2911.939399,2777.357136,2826.498534,2884.465823,2919.196150
2772.123484,2810.183816,2883.055395,2912.004151,2777.341735,2826.499139,2884.457601,2919.278959
2771.573913,2810.174871,2883.157004,2911.765916,2777.270483,2826.499992,2884.418880,2919.018573
2771.671296,2810.174041,2883.240213,2911.956592,2777.271130,2826.499584,2884.409627,2919.238857
2771.840565,2810.176264,2883.197515,2912.105967,2777.311535,2826.499438,2884.411771,2919.408489
2770.892615,2810.164078,2883.176921,2911.782438,2777.219947,2826.499998,2884.412820,2919.035119
2770.697175,2810.158537,2883.228888,2911.764647,2777.206277,2826.499585,2884.409804,2919.019724
2771.964801,2810.202124,2883.160127,2911.854877,2778.811807,2826.499932,2884.482532,2919.107393
2769.680156,2810.142315,2883.186019,2911.799896,2777.161224,2826.499999,2884.433669,2919.052258
2771.918882,2810.146736,2883.018867,2911.807258,2777.242056,2826.499731,2884.521829,2919.043749
2771.901715,2810.147376,2883.104788,2911.883309,2777.230625,2826.499138,2884.526370,2919.127936
2770.953035,2810.139028,2883.056087,2911.824173,2777.169672,2826.499940,2884.527480,2919.061562
2771.104655,2810.129867,2883.089506,2911.810269,2777.161945,2826.499990,2884.535502,2919.048836
2771.959554,2810.010369,2883.026506,2912.128372,2777.380839,2825.884952,2884.580478,2919.396722
2770.911132,2810.131615,2883.091958,2911.861514,2777.197455,2826.499913,2884.530965,2919.103843
2771.742708,2810.127866,2883.090980,2911.964923,2777.205567,2826.498903,2884.555861,2919.224371
2771.529215,2810.104273,2882.974094,2912.090777,2777.110703,2826.499915,2884.592319,2919.352724
2771.238518,2810.098075,2883.080366,2912.264541,2777.085536,2826.499780,2884.574999,2919.560312
2772.178991,2810.105838,2882.995786,2912.272664,2777.131879,2826.498672,2884.615110,2919.557870
2770.986578,2810.081815,2883.142456,2911.943265,2777.056069,2826.499987,2884.576922,2919.195694
2771.480951,2810.084404,2883.030883,2912.181093,2777.066885,2826.499083,2884.625568,2919.450539
2770.501505,2810.041791,2883.195498,2912.027354,2776.934802,2826.500000,2884.620533,2919.285327
2771.131195,2810.051198,2883.205978,2912.249104,2776.992028,2826.499583,2884.646035,2919.539145
2769.913960,2810.034643,2883.197114,2912.021907,2776.915788,2826.499999,2884.629519,2919.281674
2771.601699,2810.049403,2883.272366,2912.603423,2777.016323,2826.497390,2884.650247,2919.947473
2771.016298,2810.047097,2883.145176,2912.085563,2776.990939,2826.499707,2884.658452,2919.347172
2771.261735,2810.043543,2883.102907,2912.144517,2777.028623,2826.499548,2884.713067,2919.401571
2771.343082,2810.027782,2882.995460,2912.156610,2776.938896,2826.499725,2884.746552,2919.410095
2770.636683,2810.024304,2883.181943,2912.075414,2776.915149,2826.499912,2884.706214,2919.331183
2771.419054,2809.991179,2883.128610,2912.339041,2776.871719,2826.497298,2884.779441,2919.614919
2769.700751,2809.977062,2883.304964,2912.174904,2776.768122,2826.500000,2884.718829,2919.446576
2773.816633,2810.085655,2883.349944,2912.310795,2781.187915,2826.499972,2884.720759,2919.602645
2773.859049,2810.081061,2883.367211,2912.209101,2781.242483,2826.500000,2884.714465,2919.492488
2770.891460,2809.961911,2883.319815,2912.635385,2776.775003,2826.499911,2884.762246,2919.963975
2770.981507,2809.958764,2883.337104,2913.079962,2776.814351,2826.499912,2884.844507,2920.468419
2770.758285,2809.921398,2883.389118,2912.346662,2776.683691,2826.499928,2884.801537,2919.635268
2770.500350,2809.904924,2883.360451,2912.371085,2776.623329,2826.499565,2884.816524,2919.660455
2771.202695,2809.944235,2883.286251,2912.323421,2778.131253,2826.499960,2884.882533,2919.594210
2773.443614,2810.004259,2883.426414,2912.376784,2780.790094,2826.500000,2884.829263,2919.670503
2771.585045,2809.931991,2883.468545,2913.794879,2778.492818,2826.499454,2884.891754,2921.298687
2770.819845,2809.658282,2883.600834,2912.658595,2776.541276,2825.499916,2884.874681,2919.986930
2770.796374,2809.650550,2883.393932,2913.944756,2776.580151,2825.499457,2885.022141,2921.425273
2771.243939,2809.665225,2882.528343,2914.978661,2776.397772,2825.499764,2885.184599,2922.341804
2771.027045,2809.689022,2883.439937,2912.479248,2777.994337,2825.499418,2884.999177,2919.764590
2770.224950,2809.610263,2883.430524,2912.659969,2776.417806,2825.499997,2884.999512,2919.967175
2770.494653,2809.632959,2883.399554,2912.505270,2776.603562,2825.499996,2885.011045,2919.789226
2769.850278,2809.605699,2883.560128,2912.763038,2776.405568,2825.499985,2885.004955,2920.091347
2770.559687,2809.603214,2883.531613,2913.176892,2776.431669,2825.499720,2885.041814,2920.549495
2770.093527,2809.594061,2883.467519,2912.627843,2776.391095,2825.499999,2885.068514,2919.927180
2769.049311,2809.585673,2883.592853,2912.874152,2776.344405,2825.499777,2885.018475,2920.215625
2770.110132,2809.580774,2883.526665,2912.572498,2776.351310,2825.499999,2885.048170,2919.868203
2770.782230,2809.580343,2883.464391,2912.869347,2776.385082,2825.498832,2885.096592,2920.192978
2770.512432,2809.573844,2883.514896,2912.589418,2776.495373,2825.498373,2885.108285,2919.882201
2769.921480,2809.540769,2883.518624,2914.092662,2776.244254,2825.496748,2885.170834,2921.607711
2770.768647,2809.548416,2883.506714,2913.372294,2776.315040,2825.499996,2885.146488,2920.730456
2770.038888,2809.540948,2883.510336,2912.810814,2776.265901,2825.499967,2885.133811,2920.122139
2768.521007,2809.517457,2883.648044,2912.782263,2776.169881,2825.499999,2885.130415,2920.103070
2769.831170,2809.512894,2883.609741,2913.482983,2776.195365,2825.499970,2885.160524,2920.863296
2770.966009,2809.504271,2883.446230,2914.451423,2776.109609,2825.497310,2885.259981,2921.975261
2769.850098,2809.478571,2883.498985,2913.830872,2776.081592,2825.499894,2885.241048,2921.141696
2770.344458,2809.477745,2883.327433,2914.455653,2776.059914,2825.498841,2885.310536,2921.832730
2769.069238,2809.467389,2883.686055,2913.233225,2776.069346,2825.499999,2885.173283,2920.602999
2771.021654,2809.459583,2883.421809,2914.179976,2776.029093,2825.499036,2885.311170,2921.559255
2769.451658,2809.450819,2883.565576,2912.882186,2776.035171,2825.499192,2885.275209,2920.191468
2770.005537,2809.441086,2883.469831,2912.997741,2776.026487,2825.499910,2885.311297,2920.311944
2770.924363,2809.455186,2883.544721,2914.338820,2775.909345,2825.499302,2885.318679,2921.873779
2770.260376,2809.409048,2883.629334,2913.934758,2775.927291,2825.499899,2885.349400,2921.378532
2769.908423,2809.403858,2883.645449,2913.223973,2775.937874,2825.499980,2885.335874,2920.571475
2770.508060,2809.405320,2883.650664,2913.992741,2775.893111,2825.499697,2885.365692,2921.447274
2770.601565,2809.436805,2883.634394,2912.992585,2777.522801,2825.500000,2885.351742,2920.309652
2770.556681,2809.393444,2883.520466,2914.017434,2775.989797,2825.499724,2885.443561,2921.463635
2769.839080,2809.385590,2883.612027,2913.101170,2775.925870,2825.499999,2885.384993,2920.423933
2770.801044,2809.389603,2883.533946,2914.054345,2776.023305,2825.499594,2885.450609,2921.510753
2768.903588,2809.358826,2883.527045,2913.000089,2775.832685,2825.499995,2885.427923,2920.306753
2768.693549,2809.348823,2883.615968,2913.052478,2775.796425,2825.499998,2885.408020,2920.372755
2769.773994,2809.354486,2883.647357,2913.574708,2775.818284,2825.499220,2885.434471,2920.951258
2769.656243,2809.353654,2883.503866,2913.191692,2775.852670,2825.499867,2885.477854,2920.518272
2770.075224,2809.335587,2883.648571,2914.243578,2775.819086,2825.499604,2885.514450,2921.712561
2770.362564,2809.332709,2883.574021,2913.515447,2775.825641,2825.499396,2885.504523,2920.876429
2770.757915,2809.330317,2883.537966,2914.796437,2775.763736,2825.498072,2885.577491,2922.347683
2770.776213,2809.329626,2883.549182,2914.859476,2775.746510,2825.499157,2885.581388,2922.432108
2770.612287,2809.329385,2883.563490,2914.942903,2775.751157,2825.499324,2885.585010,2922.543285
2770.560785,2809.327038,2883.546397,2914.953726,2775.729974,2825.498744,2885.589618,2922.523398
2770.411084,2809.314903,2883.542359,2914.460662,2775.700010,2825.499299,2885.555955,2921.888313
2770.067954,2809.303001,2883.655976,2914.161129,2775.708328,2825.499066,2885.533677,2921.609391
2769.364774,2809.275786,2883.778100,2913.855498,2775.645463,2825.499100,2885.527880,2921.263688
2769.621122,2809.274353,2883.683211,2913.758884,2775.648331,2825.499755,2885.564683,2921.141732
2769.748890,2809.278780,2883.606109,2913.335787,2775.756000,2825.499996,2885.589710,2920.667982
2769.448733,2809.253380,2883.602187,2914.652499,2775.580049,2825.498789,2885.646370,2922.127820
2768.722649,2809.247702,2883.849284,2914.126960,2775.579388,2825.490562,2885.541645,2921.576161
2769.288985,2809.235618,2883.509860,2914.580850,2775.555902,2825.498961,2885.678338,2921.947669
2768.862285,2809.232932,2883.645765,2913.330605,2775.526856,2825.499989,2885.603839,2920.664783
2769.047890,2809.233132,2883.824955,2914.091993,2775.554001,2825.499519,2885.593828,2921.529272
2771.448009,2809.293503,2883.619794,2913.399861,2778.599761,2825.496558,2885.669942,2920.731564
2769.363688,2809.217001,2883.646309,2913.394111,2775.526686,2825.499593,2885.645952,2920.731908
2769.574612,2809.207035,2883.705954,2913.541959,2775.506393,2825.499398,2885.665093,2920.891107
2768.843605,2809.196739,2883.730629,2913.456434,2775.450327,2825.499962,2885.663905,2920.803282
2769.446485,2809.201618,2883.867269,2914.153516,2775.488985,2825.498246,2885.639157,2921.596312
2768.586697,2809.177897,2883.936620,2914.001550,2775.383319,2825.499676,2885.637614,2921.427934
2768.222149,2809.164984,2883.851722,2913.518201,2775.356821,2825.499486,2885.659527,2920.878281
2768.691975,2809.158515,2883.700765,2913.474373,2775.350842,2825.499996,2885.723650,2920.817170
2768.470932,2809.151244,2883.955561,2914.111919,2775.325862,2825.499609,2885.681004,2921.553848
2767.592040,2809.152502,2883.930128,2913.540516,2775.296698,2825.499999,2885.668608,2920.906888
2769.317634,2809.184146,2883.703190,2913.522866,2776.230085,2825.500000,2885.735472,2920.866358
2769.351913,2809.146789,2883.929522,2914.295124,2775.379138,2825.498590,2885.729821,2921.749623
2769.912444,2809.131481,2883.836843,2914.014938,2775.392271,2825.499849,2885.778947,2921.418799
2769.927260,2809.153634,2883.981817,2913.668214,2776.880805,2825.499334,2885.746950,2921.044300
2769.000181,2809.134174,2883.729797,2913.587459,2775.342054,2825.499984,2885.788044,2920.937420
2771.315427,2809.200238,2883.741429,2913.575542,2778.571658,2825.499156,2885.837961,2920.915629
2769.049511,2809.104395,2883.798018,2914.251333,2775.252349,2825.499841,2885.831064,2921.678807
2769.487491,2809.107975,2883.746385,2913.932963,2775.365441,2825.499244,2885.852888,2921.314372
2768.726133,2809.086500,2883.839263,2913.829750,2775.213643,2825.499864,2885.851547,2921.202463
2769.184074,2809.076035,2883.889391,2914.174776,2775.224037,2825.498823,2885.880032,2921.585308
2769.222264,2809.080937,2883.914543,2913.879993,2776.230258,2825.499966,2885.880874,2921.261255
2769.449165,2809.083894,2883.759515,2913.782791,2776.278121,2825.487199,2885.900921,2921.144046
2771.561548,2809.131452,2883.984621,2913.795737,2778.910799,2825.500000,2885.872175,2921.170464
2770.360923,2809.101778,2883.728267,2913.790354,2777.506356,2825.499176,2885.966377,2921.144530
2769.315790,2809.030995,2883.763841,2914.288404,2775.111860,2825.498813,2885.974346,2921.701600
2768.062088,2809.020436,2883.755100,2913.814808,2775.021159,2825.499998,2885.933581,2921.176459
2769.155766,2809.035419,2883.890915,2914.309150,2775.155549,2825.498672,2885.957230,2921.731648
2768.183289,2809.018499,2883.884401,2913.814404,2775.000456,2825.499976,2885.937950,2921.188254
2768.956372,2809.018978,2884.027504,2914.603620,2775.045104,2825.499906,2885.932467,2922.085975
2769.093540,2809.010202,2883.884016,2914.231820,2775.060967,2825.499981,2885.991930,2921.642115
2769.535535,2809.018747,2883.743634,2914.495237,2775.220731,2825.499698,2886.032294,2921.927448
2769.740137,2809.013482,2883.692897,2914.832779,2775.147527,2825.499691,2886.057795,2922.311631
2769.851534,2809.004247,2883.716484,2914.745500,2775.123997,2825.499131,2886.064438,2922.208900
2769.054603,2808.988378,2883.909339,2914.727238,2775.066214,2825.499534,2886.038367,2922.196663
2769.508865,2809.016479,2883.836560,2913.947122,2776.628369,2825.499997,2886.065158,2921.315570
2767.857903,2808.969873,2883.824932,2913.962466,2774.899170,2825.499996,2886.026121,2921.335675
2769.087908,2808.975502,2883.960523,2914.681366,2775.023732,2825.499401,2886.027925,2922.152940
2768.653433,2808.968119,2883.993250,2915.231444,2774.945021,2825.499175,2886.046709,2922.792609
2769.246626,2808.963259,2883.615827,2915.636753,2775.019439,2825.498517,2886.157290,2923.138979
2768.829754,2808.972859,2884.116844,2914.688814,2775.874884,2825.499934,2886.022799,2922.167253
2768.236524,2808.960810,2884.121951,2915.525617,2775.184391,2825.498975,2886.042829,2923.153923
2768.894191,2808.958741,2883.723509,2915.324956,2774.972992,2825.499731,2886.134546,2922.823924
2769.407383,2808.982698,2883.930869,2914.396929,2776.435937,2825.499856,2886.099292,2921.813244
2770.817182,2808.984208,2884.051240,2914.401684,2778.048359,2825.499961,2886.070093,2921.825907
2769.253809,2808.935744,2884.087401,2915.191382,2775.282011,2825.499808,2886.078638,2922.729969
2768.963846,2808.921272,2884.037622,2914.355689,2775.154555,2825.499743,2886.062231,2921.785063
2769.176371,2808.894548,2880.584117,2918.212213,2774.871325,2825.499241,2886.595510,2926.579947
2766.372360,2808.865352,2882.342311,2916.660238,2774.641564,2825.500000,2886.382948,2924.248817
2767.250514,2808.871489,2881.758470,2917.376164,2774.661024,2825.499985,2886.445137,2925.383576
2769.112479,2808.883941,2883.901820,2915.761321,2774.806288,2825.499046,2886.162714,2923.351864
2769.310170,2808.884511,2884.164386,2914.994545,2774.862144,2825.499154,2886.109952,2922.498143
2768.334568,2808.865060,2883.274173,2916.257695,2774.686669,2825.499999,2886.336512,2923.766599
2768.925107,2808.897880,2878.534718,2917.729125,2775.270856,2825.499053,2889.060520,2924.273422
2768.208303,2808.833974,2882.000692,2917.699766,2774.598986,2825.499861,2886.503213,2925.891284
2769.125223,2808.860992,2884.025267,2915.922053,2776.170559,2825.499405,2886.245819,2923.563549
2767.685450,2808.824795,2883.755695,2915.959037,2774.567556,2825.499991,2886.311057,2923.483375
2768.434581,2808.822252,2883.534065,2916.228313,2774.611681,2825.498456,2886.409575,2923.719457
2767.600613,2808.808392,2884.175449,2914.965502,2774.566884,2825.499829,2886.229301,2922.447929
2768.263021,2808.809683,2883.695386,2916.185293,2774.512759,2825.498736,2886.383289,2923.767896
2767.669976,2808.786981,2883.786325,2914.335780,2774.499386,2825.498636,2886.348922,2921.725326
2767.998461,2808.780198,2883.924423,2915.350788,2774.457135,2825.498389,2886.381239,2922.864604
2767.507598,2808.765340,2883.648972,2915.742100,2774.413583,2825.499699,2886.434674,2923.165527
2768.259534,2808.767208,2883.514921,2915.862046,2774.438755,2825.497951,2886.455877,2923.193436
2768.193013,2808.765368,2883.977252,2915.356039,2774.401463,2825.497481,2886.388656,2922.871438
2767.652942,2808.756828,2883.892549,2914.863470,2774.407197,2825.499765,2886.386449,2922.306151
2767.043800,2808.745517,2883.823490,2914.449078,2774.359895,2825.499999,2886.394690,2921.845200
2768.176198,2808.733432,2883.820927,2915.583098,2774.379595,2825.499393,2886.431048,2923.028186
2767.658709,2808.730498,2884.160627,2915.638039,2774.364437,2825.499889,2886.367132,2923.196682
2769.913328,2808.561750,2884.433741,2914.957904,2777.090134,2824.499994,2886.437686,2922.431222
2770.043984,2808.575221,2884.368677,2914.977127,2777.302790,2824.499917,2886.482038,2922.439222
2768.672813,2808.515801,2883.746345,2916.702501,2774.460339,2824.498109,2886.641735,2924.266808
2771.049474,2808.602540,2883.980153,2914.610826,2778.551402,2824.499906,2886.551264,2922.014738
2769.874174,2808.579052,2884.079585,2915.187568,2777.161667,2824.499525,2886.578034,2922.658768
2770.288304,2808.583021,2884.142545,2914.906884,2777.652234,2824.499675,2886.551363,2922.348020
2770.371064,2808.577413,2884.410865,2915.144614,2777.770407,2824.499807,2886.493221,2922.632178
2771.050939,2808.584434,2884.144936,2914.636188,2778.574252,2824.499997,2886.549764,2922.052636
2770.792316,2808.575708,2884.271330,2914.730587,2778.265292,2824.499979,2886.538916,2922.164169
2770.519205,2808.561512,2884.109309,2914.672012,2777.928097,2824.499947,2886.594004,2922.087124
2767.181428,2808.483562,2883.990976,2914.661436,2774.283711,2824.499999,2886.565390,2922.070843
2768.019402,2808.471029,2884.089680,2914.982077,2774.216666,2824.499764,2886.599095,2922.427376
2767.582605,2808.449334,2884.145630,2915.272480,2774.181894,2824.499368,2886.613529,2922.755236
2768.965216,2808.486674,2884.016043,2916.142656,2776.138817,2824.499478,2886.710009,2923.686577
2770.200772,2808.514818,2884.327497,2915.059767,2777.566756,2824.499991,2886.614399,2922.520349
2767.531044,2808.414217,2884.148598,2916.193008,2774.101340,2824.499925,2886.696509,2923.792061
2767.842729,2808.408781,2884.231461,2915.948045,2774.060027,2824.499989,2886.684448,2923.517639
2768.157761,2808.409235,2884.158475,2916.446959,2774.063701,2824.499966,2886.716940,2924.094152
2770.020393,2808.466925,2884.117915,2914.926787,2777.388639,2824.499995,2886.739153,2922.352229
2768.032867,2808.384346,2884.064586,2916.531871,2774.032807,2824.499617,2886.791305,2924.168702
2767.470393,2808.380792,2884.196016,2915.240861,2773.998355,2824.499961,2886.720760,2922.704966
2768.467348,2808.383894,2884.034574,2916.024465,2774.220329,2824.499810,2886.795100,2923.535187
2764.001783,2806.834567,2884.255840,2914.897863,2773.619909,2817.718271,2886.753800,2922.327786
2769.532004,2808.436390,2884.118253,2914.861224,2776.822598,2824.499448,2886.772420,2922.284916
2767.769035,2808.352630,2884.139438,2915.410898,2773.983772,2824.499686,2886.794017,2922.888309
2769.004461,2808.386516,2884.401535,2915.514783,2776.192020,2824.499653,2886.782148,2923.024587
2768.803796,2808.373350,2884.509033,2915.526031,2775.933647,2824.499636,2886.720435,2923.035689
2768.122864,2808.334056,2884.062571,2915.184005,2774.031769,2824.499136,2886.844345,2922.632969
2767.586532,2808.300561,2884.382112,2916.145539,2773.858962,2824.499017,2886.832983,2923.722781
2766.840252,2808.287382,2884.206795,2916.194546,2773.718394,2824.499560,2886.900020,2923.762531
2766.840113,2808.287148,2884.206713,2916.195287,2773.717840,2824.499561,2886.900416,2923.763319
2767.260498,2808.285771,2884.145636,2916.521300,2773.705355,2824.497926,2886.923606,2924.137003
2767.262920,2808.284976,2884.145418,2916.520653,2773.703739,2824.497938,2886.924802,2924.135782
2767.377991,2808.262750,2884.145861,2916.496262,2773.676752,2824.499370,2886.947573,2924.106167
2767.370469,2808.262230,2884.151071,2916.485410,2773.675321,2824.499389,2886.948512,2924.093964
2767.046225,2808.260313,2884.227344,2916.275897,2773.666290,2824.498673,2886.932660,2923.844078
2767.654779,2808.253603,2884.016012,2916.967836,2773.630391,2824.499354,2887.009527,2924.609946
2769.059590,2808.287394,2883.688676,2916.355385,2776.387190,2824.497650,2887.184922,2923.914118
2769.531151,2808.287880,2884.375811,2915.842258,2776.919500,2824.499820,2887.024866,2923.358207
2768.578667,2808.261157,2884.418978,2916.235780,2775.815725,2824.499109,2887.009738,2923.802857
2766.761045,2808.200263,2884.343435,2916.391810,2773.555046,2824.499919,2886.996229,2923.976917
2764.174227,2808.175573,2884.207633,2915.257757,2773.396630,2824.499999,2886.998719,2922.710814
2766.519890,2808.185918,2884.233932,2915.857534,2773.493696,2824.499959,2887.031721,2923.368643
2766.450098,2808.173483,2884.272094,2916.019351,2773.465584,2824.499806,2887.054584,2923.550044
2766.884441,2808.172614,2883.964627,2917.002226,2773.491263,2824.499369,2887.131912,2924.652381
2766.902072,2808.149768,2884.267154,2915.866115,2773.728310,2824.499636,2887.130326,2923.372414
2766.202205,2808.119257,2884.131682,2915.488605,2773.322927,2824.499950,2887.131599,2922.953698
2765.980054,2808.116117,2884.294817,2915.755060,2773.315094,2824.497550,2887.129474,2923.249820
2767.433881,2808.113234,2884.085645,2916.823939,2773.429993,2824.498793,2887.212856,2924.411280
2766.277520,2808.100255,2884.502933,2916.304260,2773.283968,2824.499552,2887.091865,2923.871008
2765.709361,2808.093283,2884.395484,2915.651323,2773.228106,2824.499755,2887.125138,2923.141971
2765.847126,2808.075498,2884.102187,2915.453193,2773.213433,2824.499471,2887.203806,2922.911450
2766.383965,2808.077388,2884.196819,2915.797391,2773.280414,2824.499156,2887.230068,2923.284441
2764.916546,2808.055873,2884.093501,2915.501469,2773.138191,2824.500000,2887.206327,2922.959526
2765.109363,2808.043264,2884.037146,2915.476771,2773.116040,2824.499915,2887.251709,2922.933085
2765.964037,2808.044300,2884.437703,2915.717427,2773.137985,2824.499785,2887.190109,2923.214585
2765.522356,2808.031603,2884.081976,2915.549001,2773.100272,2824.499989,2887.284281,2923.012743
2766.139240,2808.053287,2884.261436,2917.204868,2773.243463,2824.499031,2887.305280,2924.883249
2766.344608,2808.040344,2884.184851,2916.910701,2773.191315,2824.499021,2887.303421,2924.531018
2766.424906,2808.029824,2884.141858,2916.367765,2773.150179,2824.499584,2887.301989,2923.898486
2766.287577,2808.025496,2884.131476,2916.944011,2773.101989,2824.499470,2887.300772,2924.520413
2766.188067,2808.012827,2884.335532,2916.752637,2773.080934,2824.498441,2887.305219,2924.351664
2766.013973,2808.002755,2884.334724,2916.313971,2773.031509,2824.499840,2887.279417,2923.859847
2766.536345,2808.003589,2883.985172,2917.055758,2773.120174,2824.499554,2887.386519,2924.632987
2765.989843,2807.992379,2884.284808,2917.552544,2773.023377,2824.498292,2887.311538,2925.241431
2767.023675,2808.010055,2883.615077,2918.179659,2773.307949,2824.499571,2887.463888,2925.975073
2766.190872,2807.974346,2883.417997,2918.035991,2773.011523,2824.499128,2887.486352,2925.692651
2765.662517,2807.961774,2883.691225,2917.931443,2772.917037,2824.499999,2887.454069,2925.598559
2766.756555,2807.959698,2882.933138,2918.376228,2773.009332,2824.499482,2887.547656,2926.063093
2764.051537,2807.940796,2884.465819,2916.074898,2772.841085,2824.499995,2887.326967,2923.592913
2766.397587,2807.946036,2883.133891,2918.457486,2772.945958,2824.499391,2887.565502,2926.167958
2765.696754,2807.938015,2883.457395,2917.753250,2772.898222,2824.499755,2887.517433,2925.292892
2766.801241,2807.951032,2883.075914,2918.495549,2772.954323,2824.497721,2887.580157,2926.146101
2764.268769,2807.921238,2884.377896,2915.872115,2772.795909,2824.499998,2887.364050,2923.368552
2766.751817,2807.934797,2882.923186,2918.820724,2772.905585,2824.499168,2887.620188,2926.683098
2765.332945,2807.910980,2883.867612,2917.056590,2772.818441,2824.499978,2887.498235,2924.599172
2765.879932,2807.907806,2883.275837,2918.400827,2772.826132,2824.499861,2887.601689,2926.109101
2765.263933,2807.890808,2884.488173,2916.387942,2772.754453,2824.499625,2887.420221,2923.930998
2765.491600,2807.897694,2883.669879,2918.389442,2772.806174,2824.498865,2887.574308,2926.222187
2764.798648,2807.882689,2884.360858,2916.852928,2772.737735,2824.499933,2887.447010,2924.436977
2764.395822,2807.872492,2884.327611,2916.275553,2772.685919,2824.499966,2887.463165,2923.801059
2765.314315,2807.867071,2883.912527,2917.496930,2772.714067,2824.497110,2887.565996,2925.062264
2764.568997,2807.851427,2884.412503,2916.352404,2772.655831,2824.499993,2887.510896,2923.881632
2764.333774,2807.850986,2884.557488,2916.951524,2772.637366,2824.499883,2887.478841,2924.547196
2765.315260,2807.845997,2884.227329,2916.722138,2772.675546,2824.499905,2887.550726,2924.265106
2765.922265,2807.852007,2884.263637,2917.299569,2772.713120,2824.499102,2887.564043,2924.927410
2764.408675,2807.825376,2884.394725,2917.023614,2772.582384,2824.499613,2887.552188,2924.616837
2765.852346,2807.829568,2884.120796,2917.806617,2772.638947,2824.499138,2887.645796,2925.477495
2766.757706,2807.832313,2883.929770,2918.197466,2772.648974,2824.499490,2887.681466,2925.822181
2768.176111,2807.873255,2884.269456,2916.027842,2775.569176,2824.499845,2887.637093,2923.527147
2764.056106,2807.793262,2884.262834,2916.128333,2772.508663,2824.499923,2887.586516,2923.634042
2762.001932,2807.776959,2884.351227,2916.143369,2772.420532,2824.500000,2887.582892,2923.654997
2765.976255,2807.805571,2884.137860,2917.649581,2772.599519,2824.499627,2887.680746,2925.249653
2764.623700,2807.785372,2884.442266,2916.837659,2772.517381,2824.498679,2887.610078,2924.408007
2762.001251,2807.764239,2884.335776,2916.164254,2772.384771,2824.500000,2887.608818,2923.682474
2765.046818,2807.783302,2884.337349,2917.270266,2772.522015,2824.499741,2887.635521,2924.896314
2765.241713,2807.783011,2884.208276,2917.121597,2772.567483,2824.499887,2887.721197,2924.712509
2764.618093,2807.759612,2883.960426,2916.118988,2772.458710,2824.499911,2887.735492,2923.612892
2766.038923,2807.776941,2883.246235,2918.744042,2772.521094,2824.498682,2888.059645,2926.671405
2764.760865,2807.760173,2884.192735,2916.896859,2772.493919,2824.499914,2887.712912,2924.457917
2764.274443,2807.750564,2884.203605,2917.526986,2772.419141,2824.499900,2887.729773,2925.163462
2765.501288,2807.753952,2883.809523,2917.691488,2772.482292,2824.497829,2887.799160,2925.288846
2765.067749,2807.736004,2884.156786,2917.319634,2772.422433,2824.499544,2887.773618,2924.923991
2764.234326,2807.703436,2884.354117,2916.671923,2772.298218,2824.499991,2887.758872,2924.218364
2765.095407,2807.707359,2884.418695,2917.100793,2772.343919,2824.499800,2887.754679,2924.687755
2762.000002,2807.655349,2884.521002,2916.465498,2772.130418,2824.500000,2887.738979,2924.006384
2764.181395,2807.660048,2884.452016,2918.070286,2772.202852,2824.499990,2887.775104,2925.800663
2766.881519,2807.712596,2883.094749,2919.522689,2774.243848,2824.499716,2888.042954,2927.685090
2764.985207,2807.651580,2884.471347,2917.418598,2772.213897,2824.499831,2887.783106,2925.023253
2765.076964,2807.657008,2883.920921,2918.561175,2772.271041,2824.499319,2887.889504,2926.304695
2764.191937,2807.642705,2884.563859,2917.444108,2772.148467,2824.499993,2887.775692,2925.069904
2763.762024,2807.642591,2884.384671,2916.493723,2772.153604,2824.499992,2887.807353,2924.028640
2762.001778,2807.619076,2884.411002,2916.525697,2772.043184,2824.499999,2887.817953,2924.062530
2765.194903,2807.600913,2884.252725,2917.505571,2772.134496,2824.499375,2887.915542,2925.129624
2764.759522,2807.592005,2884.086282,2916.894052,2772.095275,2824.499941,2887.992123,2924.439818
2762.599762,2807.562401,2883.863640,2916.620250,2771.930896,2824.499951,2887.994247,2924.139378
2765.036828,2807.571935,2883.588229,2918.720118,2772.046600,2824.499600,2888.118472,2926.308670
2764.651437,2807.546917,2884.148568,2916.853400,2771.973082,2824.499829,2888.055839,2924.401636
2764.586025,2807.544477,2884.132746,2916.972864,2771.973596,2824.499993,2888.063021,2924.530445
2762.981565,2807.346638,2884.282221,2916.796262,2771.784159,2823.499998,2888.147359,2924.341015
2765.346469,2807.350934,2883.691420,2918.599411,2771.923825,2823.499486,2888.285283,2926.220162
2766.459488,2807.361389,2883.965967,2919.277898,2772.002994,2823.498618,2888.313297,2927.112810
2766.926445,2807.364137,2884.293135,2919.685231,2771.983376,2823.498825,2888.381252,2927.666502
2766.807262,2807.360796,2884.288316,2919.670017,2771.961278,2823.499466,2888.363103,2927.670821
2764.519964,2807.331525,2884.341582,2917.978050,2771.829859,2823.499987,2888.222018,2925.627144
2766.650271,2807.346290,2884.966792,2919.477429,2771.893492,2823.499637,2888.301723,2927.498816
2765.205311,2807.332565,2883.782245,2919.012271,2771.868719,2823.498679,2888.327799,2926.666303
2762.812499,2807.310083,2884.461328,2917.129027,2771.692542,2823.500000,2888.184546,2924.695766
2764.528467,2807.322036,2883.540311,2918.393666,2771.812119,2823.499875,2888.323543,2925.834804
2766.380111,2807.330897,2884.225219,2917.449904,2773.684814,2823.492624,2888.326220,2925.032160
2761.000150,2807.259212,2884.567343,2916.961761,2771.527219,2823.500000,2888.209956,2924.523659
2764.321608,2807.281569,2883.767508,2918.385628,2771.781634,2823.499573,2888.376782,2925.955383
2763.736219,2807.268092,2883.976053,2918.050199,2771.638019,2823.498458,2888.345414,2925.631766
2763.313848,2807.250306,2884.095690,2916.941733,2771.580407,2823.499999,2888.334143,2924.490982
2764.960454,2807.264723,2883.832280,2918.514367,2771.916462,2823.499433,2888.411408,2926.132398
2767.222834,2807.309342,2884.264751,2918.502989,2774.730447,2823.499356,2888.404377,2926.205045
2764.558557,2807.241894,2883.806513,2918.008973,2771.706529,2823.499993,2888.395658,2925.572028
2764.556756,2807.241529,2883.805583,2918.010462,2771.705533,2823.499993,2888.396310,2925.573521
2764.414278,2807.215291,2884.116022,2917.355654,2771.576048,2823.499796,2888.411948,2924.930534
2768.254981,2807.296649,2883.996741,2917.093450,2775.982723,2823.499812,2888.443461,2924.645719
2766.450132,2807.247704,2884.649437,2917.717263,2773.844666,2823.499859,2888.363887,2925.333281
2764.419943,2807.198276,2884.129108,2918.093469,2771.522913,2823.499990,2888.435249,2925.721779
2765.150295,2807.198098,2884.067826,2918.486788,2771.694994,2823.499740,2888.493258,2926.160768
2765.283705,2807.190196,2884.288196,2918.947594,2771.622292,2823.497845,2888.494950,2926.679819
2763.234629,2807.153396,2883.481920,2917.143476,2771.373681,2823.499985,2888.525503,2924.690725
2764.199973,2807.165005,2883.965916,2917.333830,2771.509668,2823.499999,2888.482344,2924.901354
2765.186038,2807.180885,2883.805748,2919.661490,2771.919834,2823.498207,2888.619643,2927.492301
2767.821095,2807.216803,2884.247818,2917.320799,2775.499294,2823.499996,2888.519551,2924.890812
2767.206920,2807.198240,2884.518154,2917.317915,2774.730183,2823.499996,2888.460939,2924.894316
2764.600126,2807.128195,2883.622622,2918.866387,2771.419239,2823.497815,2888.613476,2926.479439
2764.593964,2807.123818,2883.615281,2918.889815,2771.409629,2823.497947,2888.621737,2926.503233
2764.345116,2807.116264,2883.856580,2918.625224,2771.412488,2823.499352,2888.599984,2926.315596
2764.999365,2807.122957,2883.832079,2919.356990,2771.502462,2823.499570,2888.648747,2927.059981
2761.437156,2807.091765,2884.386201,2917.347783,2771.143778,2823.500000,2888.491341,2924.926389
2765.647182,2807.117147,2883.738372,2920.383502,2771.583586,2823.499453,2888.725695,2928.251466
2765.829407,2807.125031,2883.864238,2918.588151,2773.259237,2823.499994,2888.623455,2926.260026
2765.761056,2807.120233,2883.974036,2921.034351,2771.671595,2823.499104,2888.967979,2928.478961
2766.753823,2807.141912,2883.446040,2919.645045,2774.295835,2823.499910,2888.718877,2927.437029
2766.156644,2807.072244,2884.482618,2919.947592,2771.248596,2823.496576,2888.658314,2927.930527
2765.703767,2807.071967,2883.915707,2920.445341,2771.412730,2823.499269,2888.780569,2928.353571
2763.781498,2807.040945,2883.552235,2918.978074,2771.209626,2823.499976,2888.711498,2926.666415
2765.176946,2807.046920,2883.968666,2920.421082,2771.157438,2823.498801,2888.737563,2928.442567
2765.210501,2807.047515,2883.762478,2920.662550,2771.175483,2823.496954,2888.771803,2928.716294
2765.738999,2807.067991,2884.454525,2917.781096,2773.117974,2823.499999,2888.647383,2925.387537
2765.608598,2807.074413,2880.255698,2921.363374,2773.080722,2823.499999,2891.497549,2928.176280
2765.906988,2807.026686,2884.236304,2921.670252,2771.059541,2823.499413,2889.131052,2928.665175
2765.570109,2806.995021,2884.273905,2920.336122,2771.039877,2823.499146,2888.769947,2928.352778
2761.001010,2806.965064,2884.515911,2917.645547,2770.826735,2823.500000,2888.665495,2925.255256
2765.373346,2807.005724,2883.313472,2920.593160,2771.935360,2823.499947,2888.894551,2928.543248
2765.326993,2806.995897,2883.890512,2920.917247,2771.144697,2823.498628,2888.891116,2929.085137
2766.427987,2807.021167,2884.629316,2921.971027,2771.160936,2823.497617,2889.343664,2928.861571
2766.947811,2807.024734,2884.729905,2921.771655,2771.258320,2823.498629,2889.255765,2927.765238
2765.230434,2806.979045,2884.569659,2919.675286,2771.100601,2823.499069,2888.720839,2927.527163
2766.070803,2806.974579,2884.864485,2919.770202,2771.220584,2823.499245,2888.718246,2927.650160
2761.133284,2806.936673,2884.501079,2917.700833,2770.771140,2823.500000,2888.709262,2925.316673
2766.070748,2806.994985,2883.466318,2919.772832,2773.586724,2823.499921,2888.953317,2927.510882
2763.753044,2806.927246,2882.865869,2919.983572,2771.005940,2823.499993,2888.960186,2927.676679
2764.704009,2806.941647,2883.389071,2920.772418,2771.350663,2823.499188,2888.996995,2928.670310
2764.689886,2806.936704,2883.627288,2921.016576,2771.211078,2823.498273,2889.056068,2929.075609
2765.279270,2806.930328,2883.765583,2921.270554,2771.177439,2823.498922,2889.134852,2928.626350
2765.560118,2806.935614,2883.762342,2921.504927,2771.349074,2823.499104,2889.185902,2928.524180
2764.472049,2806.911480,2883.430578,2921.330806,2771.244637,2823.499091,2889.120451,2929.484573
2760.004522,2806.849944,2884.068973,2917.872410,2770.544908,2823.500000,2888.881488,2925.478681
2765.325600,2806.901708,2883.652333,2921.462255,2771.264462,2823.499227,2889.206014,2928.821888
2761.629054,2806.809810,2883.667262,2917.887337,2770.507803,2823.499997,2889.023992,2925.498594
2764.919516,2806.821375,2884.538619,2919.637231,2770.738524,2823.497309,2889.062346,2927.431468
2764.919361,2806.821356,2884.538618,2919.637344,2770.738409,2823.497310,2889.062387,2927.431597
2764.733789,2806.819106,2884.433758,2919.392870,2770.730357,2823.497908,2889.066740,2927.145521
2766.768881,2806.862627,2883.821886,2917.988990,2774.474863,2823.499991,2889.080606,2925.606250
2764.013066,2806.805856,2884.256766,2919.243796,2770.789048,2823.498883,2889.096907,2926.967998
2761.345176,2806.753600,2883.260766,2918.023261,2770.357780,2823.500000,2889.097232,2925.636358
2760.253276,2806.749615,2883.450361,2918.045528,2770.320409,2823.500000,2889.079137,2925.660926
2762.452734,2806.761554,2883.490721,2918.113087,2770.418746,2823.499943,2889.116231,2925.733162
2762.950737,2806.762363,2883.542494,2918.410359,2770.472619,2823.499878,2889.115813,2926.046682
2766.544581,2806.815730,2884.171742,2918.278851,2774.234715,2823.499998,2889.169214,2925.913622
2761.284014,2806.734970,2883.122172,2918.085021,2770.329285,2823.499999,2889.164339,2925.699195
2765.201830,2806.769897,2884.152909,2918.452774,2772.748941,2823.499915,2889.201377,2926.098235
2765.893810,2806.783451,2880.614403,2920.313260,2773.479808,2823.499990,2891.987803,2926.881641
2760.002388,2806.710656,2883.832657,2918.174913,2770.217122,2823.500000,2889.137664,2925.806963
2763.488557,2806.740445,2884.509737,2920.103195,2770.845154,2823.499401,2889.225926,2927.959607
2764.555230,2806.748278,2883.752724,2918.486473,2772.082040,2823.499892,2889.253002,2926.128036
2764.963013,2806.714342,2884.574602,2920.528208,2770.355065,2823.498896,2889.225268,2928.439456
2765.863357,2806.723152,2884.866301,2921.039995,2770.371665,2823.499075,2889.337649,2928.947774
2765.573746,2806.690434,2884.307640,2921.453034,2770.261462,2823.498777,2889.433729,2929.077642
2764.045723,2806.668754,2884.647629,2920.476608,2770.470231,2823.499727,2889.281043,2928.390190
2763.990173,2806.660283,2884.222666,2920.614349,2770.289597,2823.497780,2889.334190,2928.471383
2760.159101,2806.606717,2882.669706,2918.312977,2769.967248,2823.500000,2889.306142,2925.943862
2765.000221,2806.654489,2884.710406,2920.861249,2770.322420,2823.498268,2889.329532,2928.812634
2760.430605,2806.594650,2882.543293,2918.331072,2769.956405,2823.500000,2889.371495,2925.964077
2760.005557,2806.596123,2883.481489,2918.388537,2769.940866,2823.499991,2889.352272,2926.036289
2763.722518,2806.618843,2883.886551,2920.893405,2770.165351,2823.499823,2889.425422,2928.778042
2764.609068,2806.627830,2884.549712,2921.303514,2770.212640,2823.498750,2889.451854,2929.318285
2763.201006,2806.607275,2883.510603,2920.315093,2770.126316,2823.499575,2889.416544,2928.043475
2763.809127,2806.613595,2883.975363,2920.874724,2770.279328,2823.498215,2889.418533,2928.731150
2764.486594,2806.602822,2883.854851,2919.970476,2772.058389,2823.499548,2889.471461,2927.736892
2765.175349,2806.584841,2884.999208,2921.588665,2770.211575,2823.498820,2889.522916,2929.809291
2764.797159,2806.595643,2884.695317,2919.880192,2772.365682,2823.499174,2889.508211,2927.645651
2764.157971,2806.572948,2884.153799,2920.962383,2770.613121,2823.498849,2889.513716,2928.846880
2764.169468,2806.576737,2883.383341,2918.812674,2771.714069,2823.499997,2889.490872,2926.477996
2764.244293,2806.546642,2883.999944,2921.427903,2770.066179,2823.499009,2889.570464,2929.315913
2764.794171,2806.557635,2884.602607,2921.740208,2770.101078,2823.498039,2889.689752,2929.208616
2762.562793,2806.512144,2884.171737,2920.295864,2769.881715,2823.499598,2889.502190,2928.106798
2764.363252,2806.532469,2884.234385,2921.349583,2770.020556,2823.499520,2889.622044,2929.333109
2763.804224,2806.517353,2884.397452,2920.724729,2770.055105,2823.498679,2889.555682,2928.617951
2764.288249,2806.516084,2885.000802,2921.307897,2769.999484,2823.499645,2889.540459,2929.347272
2762.198680,2806.487438,2884.161136,2919.430552,2769.788458,2823.499064,2889.489026,2927.135802
2759.628652,2806.462675,2882.918307,2918.728507,2769.610258,2823.500000,2889.530215,2926.386028
2764.146878,2806.502807,2884.987809,2921.561249,2769.820909,2823.498730,2889.645705,2929.640914
2764.142251,2806.502627,2884.981362,2921.567858,2769.820156,2823.498729,2889.647725,2929.649179
2760.111600,2806.456595,2882.902884,2918.772673,2769.611433,2823.500000,2889.556365,2926.433382
2761.149978,2806.454877,2883.834757,2919.044243,2769.642793,2823.499927,2889.549963,2926.726609
2763.434446,2806.472970,2884.745919,2920.439910,2769.774893,2823.499370,2889.547032,2928.268821
2765.566978,2806.519356,2884.002390,2919.676405,2773.290392,2823.499776,2889.619660,2927.392759
2762.385441,2806.461404,2884.687210,2920.236599,2769.801594,2823.499661,2889.563675,2928.025539
2762.043218,2806.434545,2883.959599,2919.311059,2769.680586,2823.499994,2889.600043,2927.005804
2762.886930,2806.439452,2884.491404,2920.080099,2769.818726,2823.499520,2889.602581,2927.849717
2764.458219,2806.454496,2885.363574,2921.335990,2769.888491,2823.498138,2889.633321,2929.362183
2762.747605,2806.434574,2884.525181,2920.135615,2769.783323,2823.499764,2889.640948,2927.908042
2761.499392,2806.402886,2883.698222,2919.247751,2769.570055,2823.499985,2889.663588,2926.937226
2761.410348,2806.401256,2883.600616,2919.144612,2769.550463,2823.499991,2889.662990,2926.832055
2763.833479,2806.422067,2885.273866,2920.894254,2769.731277,2823.499602,2889.664007,2928.813447
2764.195600,2806.426223,2885.490934,2921.226643,2769.754810,2823.499182,2889.687784,2929.215716
2763.502135,2806.410626,2884.583517,2920.420149,2769.736304,2823.499260,2889.667638,2928.234265
2764.687814,2806.273968,2885.181437,2921.330390,2770.074178,2822.498358,2889.891515,2929.326203
2763.375399,2806.249886,2884.390113,2920.482721,2769.839684,2822.499798,2889.814839,2928.286335
2764.880090,2806.257895,2885.642794,2921.614453,2769.817529,2822.499285,2889.878078,2929.666901
2761.107969,2806.197379,2883.485588,2919.291701,2769.465888,2822.499886,2889.861783,2926.986255
2761.440440,2806.196781,2883.574215,2919.296720,2769.496152,2822.499857,2889.880284,2926.981996
2762.181305,2806.191590,2884.246951,2919.908589,2769.674778,2822.499141,2889.869557,2927.651135
2761.288881,2806.172372,2883.876863,2919.892505,2769.459120,2822.499968,2889.901202,2927.628522
2759.711977,2806.161210,2882.527766,2919.132176,2769.225930,2822.500000,2889.910845,2926.818603
2762.268121,2806.179440,2883.411286,2921.056054,2769.683067,2822.499442,2889.914519,2928.891611
2764.160345,2806.193550,2884.521416,2922.143549,2769.494934,2822.499346,2890.011091,2929.937080
2763.057648,2806.180545,2883.957054,2921.854942,2769.611896,2822.499120,2889.986987,2929.868559
2763.018633,2806.177389,2884.005764,2921.685778,2769.442409,2822.499332,2889.971538,2929.608045
2761.928929,2806.164621,2883.720661,2921.334405,2769.440294,2822.498605,2889.956014,2929.241436
2762.937881,2806.176677,2883.933743,2921.716841,2769.454067,2822.499202,2889.960008,2929.613484
2759.401837,2806.146177,2880.058853,2919.105448,2769.141684,2822.500000,2889.870997,2926.778986
2760.658905,2806.145003,2882.691218,2919.634002,2769.230617,2822.499988,2889.923943,2927.343615
2762.800711,2806.165832,2883.968655,2921.926474,2769.559495,2822.499736,2890.014122,2929.956797
2763.476423,2806.160907,2884.816007,2922.243009,2769.510650,2822.494674,2890.029312,2930.477036
2761.747287,2806.115824,2884.327042,2919.865185,2769.385296,2822.499675,2889.940628,2927.604479
2759.246260,2806.091541,2881.963908,2919.289255,2769.031057,2822.500000,2889.984282,2926.983125
2761.122555,2806.082606,2883.305930,2920.098100,2769.109818,2822.499960,2890.008064,2927.838296
2759.002677,2806.069836,2882.117152,2919.283724,2768.970453,2822.499994,2890.028448,2926.987420
2762.779958,2806.091476,2884.496590,2922.329080,2769.251661,2822.499309,2890.109225,2930.400884
2759.005547,2806.060229,2879.648947,2919.322062,2768.929704,2822.500000,2889.983700,2927.013781
2763.018650,2806.078709,2884.301250,2922.378212,2769.246117,2822.499290,2890.136890,2930.326403
2762.983820,2806.056990,2885.105094,2922.127058,2769.172218,2822.498825,2890.175620,2930.256500
2760.312306,2806.033406,2881.969640,2920.681652,2768.908217,2822.499999,2890.150739,2928.226371
2761.759518,2806.041769,2882.472957,2922.383563,2769.014814,2822.499713,2890.170201,2930.390375
2761.874046,2806.043179,2883.695433,2922.080621,2769.115830,2822.499886,2890.135280,2930.137571
2759.004086,2806.014888,2881.848388,2920.015181,2768.835695,2822.499996,2890.092067,2927.744983
2759.962468,2806.006627,2881.539711,2920.814676,2768.822659,2822.499997,2890.166015,2928.496830
2760.204133,2806.003564,2881.803554,2920.561056,2768.834188,2822.499998,2890.130121,2928.306652
2760.281203,2805.992326,2881.967684,2919.638131,2768.951769,2822.499998,2890.167321,2927.351577
2761.304741,2805.998111,2883.762966,2921.795221,2769.157409,2822.499931,2890.257995,2929.704596
2764.945872,2806.045872,2882.695277,2919.948271,2772.748226,2822.499709,2890.205393,2927.680354
2758.208060,2805.944525,2882.107787,2919.703392,2768.660941,2822.499999,2890.218071,2927.420730
2761.798724,2805.975255,2884.216388,2922.212271,2768.966926,2822.499817,2890.295685,2930.273301
2761.303321,2805.969059,2882.924707,2920.856106,2769.349342,2822.499991,2890.266007,2928.580382
2762.558289,2805.975798,2884.183600,2922.472809,2769.406492,2822.498261,2890.347979,2930.497405
2761.199657,2805.939860,2883.359053,2921.184541,2768.897806,2822.499890,2890.291486,2928.990954
2761.054516,2805.913605,2884.150344,2920.375370,2768.757157,2822.499262,2890.279160,2928.139721
2762.444504,2805.923809,2884.933035,2921.466850,2768.894997,2822.499795,2890.315304,2929.351970
2763.576318,2805.935049,2885.822033,2922.167787,2769.138060,2822.498944,2890.383085,2930.215457
2759.631373,2805.896735,2883.412348,2919.932002,2768.588764,2822.499958,2890.297541,2927.667218
2761.426241,2805.913991,2884.398870,2920.640642,2769.239387,2822.499804,2890.318899,2928.424709
2761.949069,2805.873563,2885.014615,2921.272772,2768.728717,2822.498488,2890.334829,2929.123378
2762.686257,2805.878399,2885.362239,2921.692884,2768.801594,2822.496944,2890.342572,2929.613632
2758.644929,2805.846350,2882.015382,2919.957232,2768.418774,2822.500000,2890.336907,2927.689763
2759.743950,2805.848687,2882.661577,2920.008645,2768.485094,2822.499987,2890.359611,2927.745519
2759.747435,2805.848559,2882.683023,2920.009386,2768.485168,2822.499986,2890.359968,2927.746460
2760.869675,2805.854263,2883.667131,2920.292289,2768.568322,2822.499956,2890.349040,2928.044119
2760.745017,2805.849597,2883.651813,2920.181742,2768.553897,2822.499985,2890.364903,2927.929604
2762.224015,2805.859326,2884.947299,2921.373075,2768.680931,2822.499632,2890.364096,2929.231458
2763.619406,2805.865859,2885.889994,2922.427596,2768.804417,2822.497027,2890.400769,2930.507980
2761.737049,2805.845866,2884.824431,2921.007213,2768.776031,2822.499481,2890.389198,2928.816969
2763.290547,2805.853801,2885.769626,2922.232075,2768.714551,2822.498008,2890.389656,2930.261842
2760.136893,2805.827173,2883.277808,2920.177273,2768.455619,2822.499986,2890.380323,2927.923980
2763.506981,2805.848560,2885.875834,2922.506339,2768.712398,2822.499383,2890.439880,2930.607281
2760.808309,2805.817484,2884.316252,2920.723577,2768.470613,2822.499937,2890.411507,2928.504060
2762.871157,2805.826309,2885.749498,2922.654154,2768.651560,2822.499057,2890.619251,2930.792557
2762.705830,2805.782717,2884.918914,2923.615199,2768.654100,2822.496163,2890.779218,2931.891751
2763.792196,2805.775758,2885.351583,2924.511826,2768.565277,2822.498112,2891.266175,2930.574484
2761.686334,2805.732681,2884.685614,2922.471703,2768.417851,2822.499071,2890.563732,2930.483760
2763.400721,2805.757077,2884.831566,2924.869477,2768.338254,2822.498583,2891.102387,2931.297211
2762.735077,2805.747951,2884.268084,2923.388297,2768.662327,2822.499042,2890.711608,2931.393148
2762.173308,2805.727286,2884.875024,2922.987700,2768.475549,2822.499554,2890.680182,2931.079533
2760.809009,2805.704425,2883.422537,2922.202606,2768.281288,2822.499967,2890.649548,2930.120711
2763.795783,2805.732095,2885.253375,2924.296550,2768.516947,2822.498864,2891.172243,2930.880041
2758.219873,2805.662886,2881.738966,2921.190783,2767.980204,2822.499989,2890.593932,2928.993241
2758.003799,2805.658826,2881.160065,2920.363646,2767.957845,2822.499999,2890.604631,2928.131636
2762.321924,2805.692607,2885.053341,2924.053207,2768.421887,2822.498788,2890.888426,2932.004401
2762.663104,2805.663178,2884.513766,2923.463531,2768.267663,2822.498558,2890.787394,2931.753633
2759.443190,2805.644967,2882.511488,2922.673316,2767.964895,2822.499977,2890.730943,2930.567217
2762.957955,2805.675503,2885.491895,2924.034229,2768.218928,2822.498791,2891.170360,2931.953658
2761.010575,2805.645434,2884.011824,2923.878376,2768.147136,2822.499868,2890.900594,2932.169812
2758.006763,2805.608330,2880.776779,2920.541259,2767.836993,2822.500000,2890.670527,2928.320023
2761.882500,2805.632314,2884.595993,2923.643269,2768.241150,2822.499520,2890.786538,2931.983749
2763.344590,2805.648413,2885.058955,2924.814397,2768.291965,2822.498971,2891.233181,2931.102301
2762.767900,2805.632989,2885.924295,2923.820301,2768.166505,2822.499490,2890.974320,2932.224469
2763.057050,2805.633981,2885.971713,2923.799919,2768.209522,2822.498047,2890.975154,2932.162398
2763.216909,2805.639696,2886.169215,2923.889967,2768.208031,2822.499090,2891.103219,2932.195551
2762.441677,2805.616169,2885.572766,2923.657142,2768.141424,2822.497513,2890.907987,2932.016575
2759.816781,2805.575271,2883.752420,2921.539331,2768.294870,2822.499662,2890.845893,2929.380140
2760.410101,2805.577413,2884.000638,2922.488487,2768.054318,2822.499589,2890.854256,2930.364393
2762.098847,2805.591370,2885.379911,2923.606285,2768.034560,2822.498749,2890.981222,2931.813530
2762.186047,2805.581082,2884.846846,2923.423540,2768.003932,2822.497596,2890.926218,2931.590430
2762.855413,2805.593934,2885.724669,2923.745699,2768.070290,2822.498485,2891.179322,2931.723099
2759.521236,2805.524220,2883.925688,2920.954585,2768.080820,2822.499924,2890.918233,2928.758359
2761.250130,2805.508965,2884.898014,2922.987033,2767.883807,2822.498970,2890.921133,2931.029328
2760.820116,2805.500385,2884.651213,2922.275485,2767.840342,2822.498922,2890.886587,2930.184746
2759.218168,2805.484726,2883.949483,2921.909441,2767.614661,2822.499952,2890.895153,2929.765619
2760.188072,2805.480585,2883.896815,2921.854606,2767.776353,2822.499496,2890.940062,2929.723086
2762.953015,2805.504267,2885.984802,2923.773004,2768.270185,2822.498903,2891.129529,2932.002283
2757.712810,2805.456431,2882.916643,2920.902216,2767.477118,2822.500000,2890.945771,2928.712019
2759.801454,2805.460964,2883.693476,2923.040780,2767.660252,2822.498772,2891.031561,2931.003438
2761.840444,2805.484137,2885.117937,2924.206020,2767.940480,2822.498320,2891.222984,2932.067871
2760.877946,2805.468657,2884.928391,2924.324545,2767.623378,2822.498759,2891.106717,2932.723766
2757.487595,2805.418698,2881.117693,2921.092346,2767.369075,2822.500000,2890.957474,2928.896370
2757.000042,2805.416775,2881.258451,2921.423780,2767.345557,2822.499999,2890.950657,2929.245234
2757.503350,2805.418305,2880.577640,2920.981173,2767.362382,2822.500000,2890.932360,2928.788988
2760.875447,2805.451448,2884.960513,2924.270885,2767.717600,2822.498783,2891.156836,2932.692866
2761.632892,2805.449236,2885.198143,2924.373222,2767.856376,2822.498521,2891.180629,2932.915402
2758.560819,2805.400789,2882.674309,2923.074298,2767.351904,2822.499996,2891.070119,2931.057983
2760.447686,2805.410209,2884.582958,2924.117627,2767.444908,2822.499604,2891.132142,2932.486201
2758.070977,2805.367243,2883.426072,2923.169445,2767.318545,2822.499993,2891.117028,2931.195592
2762.831774,2805.418472,2886.573212,2924.796974,2767.686753,2822.499168,2891.657363,2931.696789
2760.329611,2805.356367,2884.940934,2923.034428,2767.546527,2822.498882,2891.165918,2931.043935
2757.856147,2805.330387,2881.938715,2921.361646,2767.180128,2822.500000,2891.113686,2929.197206
2762.319337,2805.380170,2881.632470,2921.321310,2770.055487,2822.499996,2891.134357,2929.147496
2759.876912,2805.342415,2883.827401,2922.658434,2767.667877,2822.499974,2891.153212,2930.601347
2758.873242,2805.331759,2883.009077,2923.298439,2767.615186,2822.499977,2891.214265,2931.322980
2759.980436,2805.330293,2884.652404,2924.772040,2767.405503,2822.499939,2891.298278,2933.471509
2760.299322,2805.332874,2885.020998,2925.298750,2767.311430,2822.498230,2891.527375,2933.443498
2757.010058,2805.289886,2880.834390,2922.614701,2767.040665,2822.500000,2891.144422,2930.478801
2761.141188,2805.333110,2884.549983,2925.227339,2767.357852,2822.498235,2891.503102,2932.907657
2760.408981,2805.315850,2884.630119,2924.476689,2767.504408,2822.499447,2891.288946,2932.939560
2761.999811,2805.328286,2884.982081,2924.836256,2767.515891,2822.498885,2891.455122,2932.685966
2760.543973,2805.304169,2884.663334,2924.405042,2767.431194,2822.499069,2891.348644,2932.789366
2760.319019,2805.300531,2884.317039,2924.045516,2767.351776,2822.499861,2891.292193,2932.245066
2762.632749,2805.322045,2886.217404,2924.807223,2767.489061,2822.498531,2891.806915,2932.334516
2760.387734,2805.284306,2884.637718,2923.313363,2767.302387,2822.499565,2891.203648,2931.328595
2758.948543,2805.270507,2884.147652,2924.239382,2767.113686,2822.499593,2891.296894,2932.549231
2758.440376,2805.259003,2882.209669,2922.714374,2767.037637,2822.499996,2891.234407,2930.627224
2760.734253,2805.288381,2884.737937,2924.915335,2767.254877,2822.499160,2891.414622,2933.219319
2758.951734,2805.269389,2882.786226,2924.043315,2767.079266,2822.499967,2891.291148,2932.120183
2760.748274,2805.281181,2884.480422,2925.030765,2767.323021,2822.499771,2891.483614,2933.430638
2762.278033,2805.147317,2885.882332,2924.107117,2768.223235,2821.498453,2891.662839,2932.252331
2762.970856,2805.175336,2886.348536,2924.772846,2768.209485,2821.498252,2892.264884,2932.608206
2762.930018,2805.170906,2886.341577,2924.808956,2768.245964,2821.498274,2892.246206,2932.755894
2762.142351,2805.126243,2885.999841,2924.115341,2768.198568,2821.498273,2891.707619,2932.313521
2761.258042,2805.142048,2883.215699,2922.149202,2769.119230,2821.499999,2891.398935,2930.022108
2756.186943,2805.085718,2882.695546,2921.938781,2766.786518,2821.499271,2891.398301,2929.796537
2759.057438,2805.108154,2884.008934,2923.332044,2766.975154,2821.499971,2891.460921,2931.317937
2760.705458,2805.124369,2884.634657,2924.139805,2767.147158,2821.498137,2891.525942,2932.242839
2761.546121,2805.135701,2885.746438,2924.411781,2767.266335,2821.498785,2891.759572,2931.999273
2760.474682,2805.114395,2884.840879,2924.218124,2767.126484,2821.498677,2891.536485,2932.332481
2761.669514,2805.119268,2885.595373,2924.509301,2767.499599,2821.499069,2891.623244,2932.803338
2761.301420,2805.131670,2885.583651,2924.562363,2768.461306,2821.498362,2891.710529,2932.619731
2761.813772,2805.123514,2885.965951,2924.694082,2768.102638,2821.498085,2892.016402,2932.549916
2761.232276,2805.113218,2883.490139,2922.320102,2769.040887,2821.500000,2891.491994,2930.201564
2761.196772,2805.100874,2885.777364,2924.603226,2767.802966,2821.498573,2891.821549,2932.867275
2759.022679,2805.077705,2884.473016,2923.829529,2766.947636,2821.499929,2891.545718,2931.926913
2762.096623,2805.106897,2886.388287,2924.842669,2767.529871,2821.499341,2892.166357,2932.057556
2761.363525,2805.080494,2885.996174,2924.548021,2767.272924,2821.498666,2891.787107,2932.819702
2761.081274,2805.067404,2885.802084,2924.513223,2767.202723,2821.497746,2891.698577,2932.727971
2759.844751,2805.018973,2885.552302,2923.274464,2767.156093,2821.498842,2891.663654,2931.263612
2760.424002,2805.008311,2885.553447,2925.771400,2766.761708,2821.499153,2892.395863,2932.774917
2757.831781,2804.971578,2883.816405,2923.054914,2766.560996,2821.499892,2891.614030,2930.985103
2759.261066,2804.987514,2884.766549,2924.393196,2766.604381,2821.499706,2891.737489,2932.474137
2756.004400,2804.957850,2881.765382,2921.989557,2766.482465,2821.500000,2891.532409,2929.850012
2756.021824,2804.953096,2882.618279,2922.502597,2766.389576,2821.499996,2891.581488,2930.391124
2756.006585,2804.945966,2880.287587,2922.022326,2766.437384,2821.499991,2891.476955,2929.889553
2760.148905,2804.977218,2885.252349,2925.498456,2766.681173,2821.498172,2891.942357,2933.511406
2758.801409,2804.968992,2884.180167,2924.560938,2766.672207,2821.499551,2891.680094,2932.799260
2760.345684,2804.945264,2885.427887,2925.067265,2766.640987,2821.497614,2892.008263,2933.334105
2762.956275,2805.006751,2880.001915,2922.068881,2770.990063,2821.500000,2891.484614,2929.932251
2759.089117,2804.932693,2884.614124,2923.125670,2766.671392,2821.499984,2891.730242,2931.061346
2758.472028,2804.905029,2884.425520,2923.393726,2766.494492,2821.499081,2891.775244,2931.367618
2759.731971,2804.894789,2885.284772,2924.110768,2766.641836,2821.495619,2891.802608,2932.208197
2761.064414,2804.894710,2886.427374,2924.746703,2766.901921,2821.496819,2892.007008,2932.990348
2761.865154,2804.916232,2886.655486,2925.255957,2767.054056,2821.498769,2892.409257,2933.397774
2760.999336,2804.899585,2886.575996,2925.353713,2766.801990,2821.498045,2892.372703,2933.777796
2761.493143,2804.875052,2886.379553,2925.133051,2766.900709,2821.497746,2892.105378,2933.494997
2761.982134,2804.885096,2886.542737,2925.175737,2767.113682,2821.497741,2892.361014,2933.259591
2761.954602,2804.856375,2886.709697,2925.392860,2767.341572,2821.497541,2892.209832,2933.797883
2758.342572,2804.830941,2883.502138,2923.976640,2766.534562,2821.499797,2891.870830,2931.930484
2759.291234,2804.822093,2884.887809,2923.417747,2766.853345,2821.499364,2891.866721,2931.371427
2760.401120,2804.832483,2885.632767,2925.171393,2766.528633,2821.497653,2892.034374,2933.479940
2756.000637,2804.786387,2880.938950,2922.421896,2766.064949,2821.500000,2891.734325,2930.307718
2757.158341,2804.780724,2882.952938,2922.535158,2766.115949,2821.499940,2891.881856,2930.429410
2760.524780,2804.808433,2885.906795,2925.261407,2766.208261,2821.498907,2892.169925,2933.350318
2761.263707,2804.821786,2886.485812,2925.736291,2766.286935,2821.499028,2892.372565,2932.844583
2760.608965,2804.812936,2885.970729,2925.642850,2766.344112,2821.498930,2892.306668,2933.578155
2758.502134,2804.795082,2883.817044,2924.958482,2766.235045,2821.499282,2891.943535,2933.230331
2760.541411,2804.802082,2885.722411,2925.151980,2766.240702,2821.498874,2892.089745,2933.283586
2760.292782,2804.781473,2885.446857,2925.189905,2766.290682,2821.498631,2892.080774,2933.464107
2758.072864,2804.760456,2883.961141,2923.676207,2766.086931,2821.499970,2891.947127,2931.647750
2760.690434,2804.780211,2885.789739,2925.207899,2766.307426,2821.498824,2892.141244,2933.382531
2761.018643,2804.787719,2886.156308,2925.379782,2766.382967,2821.498896,2892.291510,2933.279399
2758.315184,2804.746504,2883.794664,2924.413390,2766.079252,2821.499910,2891.995172,2932.482050
2756.016166,2804.724674,2882.961164,2923.136392,2765.927973,2821.499972,2891.946793,2931.068526
2761.327350,2804.769192,2886.196930,2925.635287,2766.461642,2821.498972,2892.443829,2933.235366
2759.449975,2804.746204,2884.832611,2925.078074,2766.185639,2821.499250,2892.053935,2933.307691
2759.512898,2804.741663,2884.852447,2925.212986,2766.171266,2821.499481,2892.091666,2933.492046
2761.357628,2804.764681,2886.359217,2926.284212,2766.440663,2821.498321,2892.682859,2933.477909
2760.115954,2804.738367,2884.981196,2925.443161,2766.226275,2821.499197,2892.118804,2933.732723
2757.587170,2804.718763,2883.248225,2924.090385,2765.977133,2821.499973,2892.009285,2932.051126
2756.804543,2804.688782,2884.191161,2922.846708,2765.899899,2821.499844,2892.043314,2930.751229
2757.522389,2804.696349,2884.106570,2924.198303,2766.332665,2821.499799,2892.101383,2932.136399
2757.278437,2804.660394,2883.169401,2923.862589,2765.907625,2821.499930,2892.084192,2931.812866
2755.469330,2804.648964,2882.734273,2923.194154,2765.728928,2821.499995,2892.057780,2931.128067
2761.116314,2804.711269,2886.791881,2925.514194,2766.570812,2821.499118,2892.621608,2933.111269
2760.751581,2804.702055,2886.784652,2925.601724,2766.421689,2821.499049,2892.672102,2933.472638
2757.124031,2804.648395,2884.330146,2923.322454,2766.053510,2821.499990,2892.112101,2931.269336
2760.793875,2804.695420,2886.505230,2925.508766,2766.450027,2821.499210,2892.424059,2933.519636
2760.119237,2804.679239,2886.161009,2925.620855,2766.094081,2821.496014,2892.379889,2933.714808
2760.115389,2804.658519,2885.664011,2925.756056,2766.262683,2821.497817,2892.321737,2933.968690
2759.020757,2804.641204,2884.211969,2923.969052,2767.072386,2821.499865,2892.159505,2931.947400
2755.004332,2804.597974,2881.000539,2922.932169,2765.576909,2821.500000,2892.011718,2930.845930
2757.667658,2804.607705,2884.877361,2924.351525,2766.002203,2821.499855,2892.239887,2932.408927
2759.243071,2804.610790,2885.783692,2925.884303,2766.001456,2821.498096,2892.302861,2934.259731
2755.060663,2804.571502,2883.563155,2925.314745,2765.430758,2821.499966,2892.226027,2933.539938
2755.025454,2804.564887,2882.871921,2924.937348,2765.444323,2821.499991,2892.205723,2933.041638
2760.520082,2804.568411,2887.120548,2926.373963,2765.824673,2821.496478,2893.067797,2933.466044
2756.507335,2804.541959,2883.787641,2924.201226,2765.549682,2821.499920,2892.248124,2932.212403
2758.628036,2804.554330,2885.523873,2925.399494,2765.731377,2821.499176,2892.355230,2933.627899
2760.665881,2804.569969,2886.676503,2925.757720,2766.133948,2821.498469,2892.605650,2933.952302
2755.390933,2804.513260,2882.780296,2923.334238,2765.411628,2821.499920,2892.212369,2931.259831
2759.320323,2804.534087,2885.890966,2925.075574,2765.716711,2821.498243,2892.370025,2933.242685
2756.762513,2804.506173,2883.801866,2924.467691,2765.455953,2821.499860,2892.330555,2932.508463
2757.345166,2804.477391,2884.335099,2924.662912,2765.447909,2821.499975,2892.401944,2932.729761
2759.845752,2804.505891,2886.268732,2925.854151,2765.960402,2821.497694,2892.589624,2934.240418
2756.213806,2804.466726,2884.473974,2924.270309,2765.357877,2821.499995,2892.371751,2932.272882
2758.999311,2804.484151,2885.472867,2925.311656,2765.710568,2821.499593,2892.464230,2933.517922
2760.344839,2804.488109,2886.519218,2926.159084,2765.962050,2821.498320,2892.718462,2934.548042
2759.303281,2804.471791,2885.856466,2925.876987,2765.777609,2821.499287,2892.632065,2934.218386
2757.885984,2804.427616,2884.544573,2925.410255,2765.431956,2821.499882,2892.484673,2933.600825
2760.488816,2804.458357,2886.742351,2926.195993,2766.021566,2821.498688,2892.772236,2934.439514
2760.716106,2804.463628,2887.073082,2926.390054,2766.132684,2821.498648,2893.088538,2934.353852
2758.611636,2804.418630,2884.674755,2925.579120,2765.490245,2821.499048,2892.508267,2933.795540
2755.765201,2804.388952,2884.069058,2924.555357,2765.229884,2821.499992,2892.508406,2932.584118
2757.717438,2804.398482,2884.281793,2925.162752,2765.337212,2821.499781,2892.515888,2933.262831
2759.021545,2804.405498,2885.710040,2925.969626,2765.653348,2821.499207,2892.615217,2934.316101
2757.676315,2804.372601,2885.124464,2925.592644,2765.330524,2821.499983,2892.610040,2933.822213
2758.308282,2804.376367,2884.989336,2925.626731,2765.357750,2821.499731,2892.579416,2933.833047
2757.401254,2804.361951,2884.669868,2925.375910,2765.187611,2821.499981,2892.611838,2933.548169
2757.580000,2804.358735,2883.850595,2924.888051,2765.601894,2821.499775,2892.551306,2932.961403
2755.004982,2804.329962,2882.491295,2924.045500,2764.941232,2821.500000,2892.488006,2932.020274
2756.577654,2804.335869,2884.109626,2925.246018,2765.125965,2821.499954,2892.599666,2933.356102
2755.009863,2804.313246,2881.341916,2923.620284,2764.915588,2821.500000,2892.444988,2931.589857
2755.025961,2804.311501,2883.350931,2924.044764,2764.989957,2821.499946,2892.574344,2932.027837
2758.843173,2804.340183,2885.616844,2926.725045,2765.309604,2821.498704,2892.754058,2935.311674
2759.488627,2804.334634,2886.469716,2926.375074,2765.392542,2821.497897,2892.859670,2934.604106
2754.000105,2804.276143,2883.404583,2923.837590,2764.783851,2821.499999,2892.564273,2931.801673
2755.480920,2804.279900,2884.147905,2923.930828,2764.959350,2821.499996,2892.625208,2931.894088
2759.335989,2804.304894,2886.794692,2926.388071,2765.220139,2821.498400,2893.043205,2934.760074
2754.638546,2804.264679,2883.486801,2923.878829,2764.856303,2821.499994,2892.621033,2931.836353
2755.611696,2804.253610,2884.434518,2925.085682,2764.919074,2821.499228,2892.700164,2933.163787
2760.168945,2804.289996,2884.139211,2923.948079,2768.062868,2821.494728,2892.780595,2931.916777
2754.164455,2804.218627,2882.971133,2923.904337,2764.667871,2821.500000,2892.679199,2931.875470
2754.631995,2804.219548,2883.593107,2923.918194,2764.704222,2821.500000,2892.708694,2931.888897
2757.426217,2804.239686,2885.903313,2925.129574,2765.068060,2821.499596,2892.850886,2933.186802
2754.004434,2804.202406,2883.198971,2924.751043,2764.535490,2821.499871,2892.716893,2932.766128
2757.206336,2804.241488,2884.843878,2926.917082,2765.579606,2821.499263,2892.908904,2935.386361
2755.116005,2804.201420,2883.036923,2925.866444,2764.620865,2821.499985,2892.735263,2934.055768
2758.336276,2804.229879,2886.159832,2927.244154,2764.879186,2821.499102,2893.251542,2935.105455
2754.049405,2804.172941,2883.737002,2924.048805,2764.556238,2821.500000,2892.778924,2932.025923
2754.842127,2804.165078,2884.002835,2924.103568,2764.573628,2821.499995,2892.817448,2932.080511
2758.108493,2804.205404,2885.986415,2926.126509,2765.677459,2821.497900,2892.963429,2934.396668
2758.377838,2804.187902,2886.435569,2926.213218,2764.915619,2821.499573,2892.955930,2934.506525
2756.280745,2804.145612,2884.752220,2924.573498,2764.642940,2821.499890,2892.851883,2932.563882
2754.973300,2804.141958,2882.349431,2924.225502,2764.672598,2821.499999,2892.754762,2932.197254
2754.005280,2804.120012,2882.939891,2924.119827,2764.429635,2821.500000,2892.823560,2932.109518
2754.931989,2804.121566,2884.208172,2924.176405,2764.473486,2821.499962,2892.890144,2932.161607
2755.011100,2804.107724,2884.016820,2924.315016,2764.443232,2821.499993,2892.874816,2932.293645
2756.690380,2804.113539,2885.511620,2925.935398,2764.775406,2821.499111,2893.028450,2934.132878
2755.671981,2804.087417,2884.645936,2925.328397,2764.432367,2821.499075,2892.961907,2933.403049
2755.640168,2804.086019,2884.059150,2925.952931,2764.414209,2821.499879,2892.982514,2934.134137
2757.349855,2804.102490,2885.082476,2926.437041,2764.745703,2821.499356,2893.060320,2934.751198
2754.015629,2803.989248,2883.473235,2927.373703,2764.235095,2820.499998,2893.023450,2936.077724
2756.026267,2803.961272,2884.908324,2926.142482,2764.259623,2820.499732,2893.093778,2934.342513
2755.376750,2803.947884,2883.889499,2925.923778,2764.272729,2820.499985,2893.068838,2934.074043
2755.979983,2803.924139,2884.626430,2926.074363,2764.263553,2820.499962,2893.167860,2934.203249
2755.124144,2803.897270,2883.327614,2924.921183,2764.154560,2820.499998,2893.103990,2932.950403
2755.902732,2803.917373,2884.280975,2926.037856,2764.228543,2820.499899,2893.150259,2934.163790
2754.081371,2803.889043,2883.418499,2924.926531,2764.039412,2820.500000,2893.089242,2932.955858
2756.054393,2803.901549,2884.997460,2926.800420,2764.062551,2820.499371,2893.209293,2935.143755
2755.223567,2803.886527,2883.421654,2925.563311,2764.091244,2820.499999,2893.117251,2933.646607
2754.222527,2803.878224,2882.679705,2925.173728,2764.031894,2820.500000,2893.054234,2933.215203
2755.663593,2803.888952,2884.341779,2927.250101,2764.267873,2820.499974,2893.248260,2935.796155
2757.079977,2803.881448,2885.648682,2927.559892,2765.089791,2820.499223,2893.345555,2936.264304
2757.552149,2803.893592,2885.090426,2927.366120,2764.777422,2820.499651,2893.289346,2935.846002
2757.880240,2803.891936,2885.607989,2927.516395,2764.688614,2820.499443,2893.347388,2936.026292
2756.433665,2803.873730,2884.884977,2926.846874,2764.170328,2820.498999,2893.243696,2935.203529
2757.160008,2803.878643,2885.613445,2927.656244,2764.245099,2820.499364,2893.358184,2936.237221
2754.816590,2803.845645,2883.955225,2924.739247,2763.996178,2820.499993,2893.188184,2932.741239
2759.145052,2803.886801,2886.529702,2928.484808,2764.674785,2820.497454,2893.718396,2935.880482
2758.842854,2803.859476,2886.567839,2928.446546,2764.593697,2820.131417,2893.767488,2935.911589
2756.325607,2803.860701,2884.889999,2927.624538,2764.609048,2820.499910,2893.346963,2936.330349
2754.255965,2803.817341,2883.609686,2925.914153,2763.906496,2820.499997,2893.257998,2934.028347
2754.759091,2803.801459,2883.075793,2924.832608,2763.931559,2820.500000,2893.223418,2932.856864
2755.855965,2803.815873,2884.837578,2926.712423,2764.016189,2820.499931,2893.333601,2934.965823
2758.702079,2803.846401,2887.542434,2927.506362,2764.713882,2820.499257,2894.021332,2935.276529
2755.134896,2803.800079,2885.472593,2926.556720,2764.026849,2820.499992,2893.394921,2934.797347
2755.222763,2803.791312,2884.253196,2926.134340,2763.924107,2820.499967,2893.317615,2934.254821
2758.599361,2803.829200,2887.138771,2927.706453,2764.471777,2820.498367,2893.896580,2935.876045
2753.655590,2803.770025,2884.224336,2924.912914,2763.775686,2820.499998,2893.316827,2932.935146
2754.985132,2803.786444,2884.568763,2926.855998,2763.896247,2820.499936,2893.357696,2935.160692
2758.719217,2803.819679,2887.321464,2927.974573,2764.269446,2820.497460,2894.122337,2935.200110
2756.839853,2803.792115,2886.069676,2927.246437,2764.015922,2820.499139,2893.471203,2935.694311
2753.496396,2803.750217,2883.310558,2925.014720,2763.725968,2820.500000,2893.276115,2933.025596
2754.440932,2803.742583,2883.400816,2926.344764,2763.719046,2820.499987,2893.360272,2934.504674
2753.527614,2803.715577,2883.884082,2926.681862,2763.618398,2820.499996,2893.399194,2934.907195
2753.550099,2803.713253,2883.867405,2926.675466,2763.614608,2820.499997,2893.401256,2934.898052
2755.122941,2803.724600,2884.748221,2926.965994,2763.725376,2820.499985,2893.463412,2935.282406
2753.461415,2803.704176,2884.097428,2926.128198,2763.615462,2820.499984,2893.427427,2934.238319
2755.257507,2803.717456,2884.973391,2926.945866,2763.722073,2820.499850,2893.477927,2935.220469
2753.669794,2803.686116,2883.992973,2925.680267,2763.562063,2820.500000,2893.446333,2933.750193
2754.868744,2803.675710,2884.196234,2926.473193,2763.591570,2820.499972,2893.484612,2934.634725
2753.002430,2803.653842,2883.772079,2925.386208,2763.462708,2820.500000,2893.434033,2933.421707
2753.905143,2803.667374,2884.223542,2926.608603,2763.524170,2820.499991,2893.510007,2934.766223
2753.009450,2803.646032,2883.461941,2925.255964,2763.461340,2820.500000,2893.444233,2933.285963
2754.155546,2803.656521,2884.326787,2926.622812,2763.534928,2820.499970,2893.522413,2934.808637
2753.353314,2803.624758,2882.401634,2925.318619,2763.403066,2820.500000,2893.392235,2933.343650
2754.003334,2803.610404,2884.174145,2925.999294,2763.437357,2820.499901,2893.540667,2934.086623
2753.583162,2803.592106,2884.197380,2926.125324,2763.346920,2820.499999,2893.565139,2934.201298
2753.370825,2803.579673,2883.576580,2926.483832,2763.288794,2820.499999,2893.546432,2934.633569
2758.662994,2803.634561,2884.565780,2928.910482,2766.628816,2820.499978,2893.803133,2937.990694
2756.457338,2803.571962,2885.762333,2928.400062,2763.757035,2820.499328,2893.837567,2936.956991
2758.300355,2803.596908,2888.287732,2928.505746,2764.077183,2820.498446,2894.860183,2935.582411
2754.679305,2803.539229,2884.875206,2926.946137,2763.369748,2820.499832,2893.731161,2935.174141
2755.342099,2803.526514,2885.472996,2927.131767,2763.321668,2820.499752,2893.780574,2935.391594
2755.034175,2803.532141,2885.157161,2927.169491,2763.810474,2820.499938,2893.801079,2935.412615
2753.345467,2803.487201,2883.659466,2926.271058,2763.263129,2820.499999,2893.710474,2934.373577
2753.635725,2803.464237,2885.071314,2926.063658,2763.100729,2820.499998,2893.833920,2934.137182
2756.026966,2803.482518,2886.300256,2927.279872,2764.275120,2820.497950,2893.977896,2935.540928
2753.678149,2803.443191,2885.139598,2925.800881,2763.095351,2820.499998,2893.876144,2933.868199
2753.774358,2803.434269,2885.111260,2926.249533,2763.023409,2820.499998,2893.851610,2934.332138
2758.087661,2803.476268,2887.877379,2928.816610,2763.598398,2820.498499,2894.341272,2937.681841
2752.004293,2803.409207,2882.972626,2925.881234,2762.830188,2820.500000,2893.730561,2933.943093
2752.527658,2803.391970,2884.557592,2925.835697,2762.846741,2820.500000,2893.903344,2933.902048
2753.958293,2803.401516,2884.711947,2927.461331,2762.931632,2820.499948,2893.925637,2935.752323
2753.215876,2803.376683,2884.031405,2926.076012,2762.811825,2820.499994,2893.827368,2934.137831
2753.349238,2803.377846,2884.648925,2926.070640,2762.815541,2820.499994,2893.874036,2934.131460
2753.080679,2803.373889,2884.909107,2926.310520,2762.778720,2820.500000,2893.882528,2934.386743
2754.331391,2803.382980,2884.509999,2927.851457,2762.915606,2820.499947,2893.946742,2936.221679
2752.448637,2803.359006,2884.255783,2926.851910,2762.736653,2820.499969,2893.903552,2934.986099
2753.484106,2803.356737,2885.057097,2926.705763,2762.846035,2820.499971,2893.978549,2934.832777
2752.000001,2803.344584,2882.326930,2926.090000,2762.666733,2820.500000,2893.764091,2934.165294
2752.005989,2803.341149,2883.896655,2926.021798,2762.677795,2820.500000,2893.901761,2934.084026
2752.891156,2803.341607,2884.513488,2926.073216,2762.723297,2820.499994,2893.957820,2934.138728
2755.070234,2803.349510,2886.778563,2926.948139,2762.902012,2820.499844,2894.153513,2935.072512
2757.418753,2803.364302,2887.759974,2928.413989,2763.229743,2820.498993,2894.616763,2936.806366
2753.190695,2803.309673,2884.475081,2926.185607,2762.672227,2820.499982,2894.053029,2934.269769
2752.010449,2803.303231,2884.045203,2926.213125,2762.591911,2820.500000,2893.955188,2934.276814
2753.872601,2803.296523,2885.680548,2926.405414,2762.666583,2820.499963,2894.101813,2934.482888
2753.766583,2803.272099,2884.784010,2926.724335,2762.636935,2820.499957,2894.111360,2934.858416
2756.446484,2803.293169,2887.535526,2927.726988,2762.957213,2820.498667,2894.367188,2935.931126
2756.028868,2803.289990,2886.835335,2928.563707,2762.863064,2820.499636,2894.403025,2937.119551
2756.378235,2803.291163,2886.792026,2928.425290,2762.941296,2820.499635,2894.459633,2936.883151
2752.866167,2803.248113,2884.543559,2926.221364,2762.500857,2820.499999,2894.120485,2934.303383
2752.889590,2803.247954,2884.874276,2926.227313,2762.502927,2820.500000,2894.140676,2934.314475
2754.486009,2803.261647,2885.821643,2927.660297,2762.754359,2820.499626,2894.225779,2935.892335
2754.881059,2803.259066,2885.662126,2927.836088,2762.736916,2820.499704,2894.198186,2936.150668
2755.371806,2803.253141,2885.967996,2928.115860,2762.730085,2820.499656,2894.235140,2936.494988
2753.395518,2803.222499,2884.247424,2926.820922,2762.492058,2820.499905,2894.122534,2934.955921
2752.036519,2803.228927,2883.688838,2926.942521,2762.383579,2820.499999,2894.080465,2935.083520
2752.003148,2803.217500,2883.348752,2929.031099,2762.337113,2820.499995,2894.104425,2937.745462
2752.021118,2803.209994,2883.342260,2927.756884,2762.343548,2820.499317,2894.058882,2936.009749
2752.003262,2803.197613,2882.008862,2926.488194,2762.316330,2820.500000,2893.957877,2934.577553
2752.395990,2803.207833,2883.680458,2928.478449,2762.330613,2820.500000,2894.131304,2936.939637
2752.044655,2803.190254,2883.272732,2927.805200,2762.286819,2820.500000,2894.124935,2936.071490
2754.029401,2803.199012,2885.617269,2930.178604,2762.292289,2820.499420,2894.482929,2939.021468
2753.490430,2803.178540,2886.016189,2928.112014,2762.479484,2820.499807,2894.374872,2936.448004
2752.635461,2803.158357,2883.760867,2926.576276,2762.284370,2820.499999,2894.191744,2934.692550
2752.896614,2803.152666,2884.555153,2928.341420,2762.254562,2820.499870,2894.267808,2936.747536
2755.279364,2803.167839,2886.166079,2929.214449,2762.591637,2820.499506,2894.501282,2937.842107
2755.641558,2803.173040,2886.339895,2929.114297,2762.662404,2820.496620,2894.418612,2937.679800
2753.258532,2803.139888,2885.613955,2927.702732,2762.302848,2820.499986,2894.343791,2935.917384
2754.240198,2803.124425,2886.137242,2927.933664,2762.330973,2820.499633,2894.437282,2936.187142
2753.836390,2803.144092,2885.937712,2928.441946,2762.406231,2820.499144,2894.390433,2936.834035
2752.860537,2803.133377,2884.750182,2928.502190,2762.362625,2820.499847,2894.343107,2936.937402
2755.886422,2803.142813,2886.762245,2928.937831,2762.782906,2820.496882,2894.479944,2937.522114
2753.804435,2803.121167,2885.223286,2928.531775,2762.222716,2820.499972,2894.367001,2936.955907
2753.858650,2803.122725,2885.978273,2928.795728,2762.237555,2820.499882,2894.428408,2937.286170
2755.606272,2803.119967,2886.350019,2929.093927,2762.401475,2820.498068,2894.497766,2937.573485
2752.756992,2803.092009,2884.569757,2928.277719,2762.092553,2820.499997,2894.369506,2936.620633
2754.343951,2803.092186,2886.016787,2929.148370,2762.202314,2820.499681,2894.499623,2937.740872
2753.552670,2803.088797,2885.857251,2928.753588,2762.135631,2820.499905,2894.465672,2937.191861
2754.232454,2803.081747,2886.057992,2929.170020,2762.172368,2820.499898,2894.533662,2937.758689
2754.396550,2803.082028,2886.040111,2929.121562,2762.183860,2820.499804,2894.505387,2937.699018
2753.732099,2803.057656,2885.454168,2928.961721,2762.076946,2820.499971,2894.490613,2937.467872
2754.202536,2803.057546,2885.668791,2929.199430,2762.117681,2820.499917,2894.517594,2937.782379
2751.541273,2803.014521,2884.905490,2928.701340,2761.869980,2820.499999,2894.498116,2937.125956
2752.585174,2803.014515,2884.723035,2928.650793,2761.914193,2820.499956,2894.489581,2937.058419
2751.093025,2802.995362,2885.707861,2927.523397,2761.841276,2820.499990,2894.540953,2935.658279
2751.132803,2802.985836,2883.000755,2927.051853,2761.786102,2820.500000,2894.325768,2935.154643
2753.592007,2802.990924,2886.220977,2928.207216,2761.947131,2820.484831,2894.600348,2936.481021
2751.840340,2802.949012,2884.167315,2927.025411,2761.759637,2820.499999,2894.513519,2935.150338
2751.784037,2802.953249,2884.240454,2928.059416,2761.737674,2820.499995,2894.547933,2936.284002
2753.073720,2802.959620,2885.824605,2928.991970,2761.804175,2820.499846,2894.649229,2937.452497
2752.845464,2802.955008,2884.082124,2928.601762,2761.780623,2820.499959,2894.527358,2936.956799
2751.066419,2802.937441,2883.380418,2927.004509,2761.667935,2820.500000,2894.448536,2935.117059
2751.379976,2802.932251,2883.705903,2927.141980,2761.687662,2820.499999,2894.494836,2935.265331
2752.810514,2802.949813,2885.907817,2929.170934,2761.776306,2820.499514,2894.679567,2937.710733
2751.089742,2802.931308,2884.498210,2927.591279,2761.676213,2820.499989,2894.542496,2935.733431
2752.340358,2802.945575,2885.430924,2928.563465,2761.737898,2820.499997,2894.630558,2936.901431
2753.101014,2802.945152,2885.678844,2929.219923,2761.787738,2820.499348,2894.688244,2937.767182
2755.015322,2802.946403,2887.537959,2929.741230,2761.922561,2820.498039,2895.002164,2938.314569
2753.111340,2802.904347,2885.449060,2929.449456,2761.688995,2820.499597,2894.700310,2938.052303
2752.510650,2802.891028,2885.176788,2928.981567,2761.606697,2820.499970,2894.703300,2937.402887
2753.730300,2802.893595,2886.813058,2929.666971,2761.704484,2820.499838,2894.844721,2938.319710
2752.833616,2802.875544,2886.469059,2929.465892,2761.608510,2820.499685,2894.830467,2938.031861
2752.194821,2802.798224,2884.204761,2928.855663,2761.520209,2819.499998,2894.724537,2937.227064
2752.086702,2802.764566,2884.235882,2928.081391,2761.477371,2819.499999,2894.729454,2936.290152
2751.890288,2802.764405,2884.598543,2928.097813,2761.459728,2819.500000,2894.748570,2936.304473
2752.020138,2802.764747,2885.123440,2929.027780,2761.451622,2819.499993,2894.819378,2937.442506
2751.892738,2802.742661,2885.546588,2929.348931,2761.390677,2819.499995,2894.884724,2937.811460
2753.298505,2802.752698,2886.016137,2929.586048,2761.503878,2819.499881,2894.909719,2938.121929
2752.535257,2802.733286,2885.650831,2929.547636,2761.404945,2819.499978,2894.912774,2938.071239
2754.442506,2802.737303,2887.456272,2930.099115,2761.652183,2819.499489,2895.341839,2938.627231
2751.961816,2802.712191,2884.196342,2928.685660,2761.323026,2819.499997,2894.796252,2936.980615
2752.296730,2802.717758,2885.071506,2929.144634,2761.360074,2819.499992,2894.867130,2937.568094
2752.039513,2802.699907,2884.860200,2928.199221,2761.342271,2819.499998,2894.840567,2936.392622
2753.375291,2802.724689,2885.743558,2929.759838,2761.457300,2819.499910,2894.929007,2938.368776
2752.612503,2802.705484,2886.141701,2929.466019,2761.357346,2819.499994,2894.981293,2937.955753
2753.090866,2802.703963,2885.579800,2929.832175,2761.381343,2819.499961,2894.956316,2938.467894
2751.952788,2802.684525,2885.587791,2927.686509,2761.268790,2819.499999,2894.913270,2935.816709
2751.110300,2802.667260,2883.001503,2927.722728,2761.173277,2819.500000,2894.716557,2935.851154
2751.180493,2802.664915,2884.541069,2927.635847,2761.174334,2819.500000,2894.873288,2935.776086
2751.257869,2802.661114,2884.808040,2927.928849,2761.222705,2819.499997,2894.907816,2936.078443
2752.943874,2802.673374,2886.126116,2930.476048,2761.171925,2819.499896,2895.070649,2939.138682
2751.000045,2802.653973,2883.002432,2927.917097,2761.124067,2819.500000,2894.724859,2936.060878
2751.861670,2802.663534,2884.354114,2929.671908,2761.139965,2819.499991,2894.899854,2938.216810
2751.918960,2802.676664,2883.668640,2931.975557,2761.154192,2819.499990,2895.061205,2943.071175
2753.631974,2802.671342,2886.348061,2930.572568,2761.756976,2819.465496,2895.195790,2939.151470
2751.002688,2802.637655,2883.000002,2927.729879,2761.087537,2819.500000,2894.758867,2935.881410
2751.015833,2802.636301,2884.103216,2928.018240,2761.087501,2819.500000,2894.832630,2936.164273
2753.508518,2802.656201,2887.209548,2930.898815,2761.287040,2819.499439,2895.252770,2939.727839
2754.729558,2802.647357,2887.465253,2930.858912,2761.398253,2819.498847,2895.376019,2939.388762
2751.971309,2802.602520,2884.835791,2928.197361,2761.168684,2819.499994,2895.013036,2936.398105
2751.777029,2802.615730,2885.419965,2929.256037,2761.137031,2819.499999,2895.051676,2937.655272
2751.050608,2802.591554,2883.001119,2927.760548,2761.012153,2819.500000,2894.838585,2935.919924
2752.131082,2802.619969,2886.272629,2929.629281,2761.226599,2819.499972,2895.124973,2938.127634
2751.552581,2802.604051,2885.620521,2929.233267,2761.096208,2819.499994,2895.094813,2937.618278
2751.309689,2802.590438,2884.743354,2927.930080,2761.130415,2819.500000,2894.987538,2936.068440
2752.371607,2802.593115,2885.672248,2927.945282,2761.096419,2819.499920,2895.064689,2936.084406
2752.700236,2802.595999,2886.114667,2929.491196,2761.161521,2819.499906,2895.147132,2937.937449
2752.593155,2802.579853,2886.562648,2928.771712,2761.087935,2819.499986,2895.176580,2936.995542
2753.415820,2802.583847,2886.153358,2930.493941,2761.222429,2819.499932,2895.189741,2939.311593
2753.994249,2802.565005,2887.042922,2928.762214,2761.509665,2819.499963,2895.264820,2936.981200
2754.205008,2802.552805,2887.884794,2929.329554,2761.244135,2819.498958,2895.511584,2937.590186
2750.002324,2802.528619,2883.001513,2928.056930,2760.811049,2819.500000,2894.914368,2936.208906
2751.755611,2802.535648,2886.227149,2928.102581,2760.914859,2819.499999,2895.214918,2936.255696
2751.888092,2802.534433,2886.112712,2928.129176,2760.932975,2819.499990,2895.214638,2936.281521
2750.007383,2802.524286,2885.952133,2928.084786,2760.833404,2819.499986,2895.220820,2936.233995
2750.146798,2802.520152,2883.000956,2928.107958,2760.795120,2819.500000,2894.925593,2936.246518
2751.824231,2802.477976,2886.654620,2928.749598,2760.812228,2819.499993,2895.359250,2936.972454
2751.010804,2802.471158,2885.830309,2928.315987,2760.745353,2819.499998,2895.302070,2936.489959
2751.546755,2802.466423,2886.632422,2929.118796,2760.761148,2819.499941,2895.382703,2937.395338
2750.000722,2802.461549,2883.001038,2928.279612,2760.636941,2819.500000,2894.989634,2936.431939
2750.004292,2802.458885,2885.628933,2928.151649,2760.656851,2819.500000,2895.291414,2936.311453
2750.024964,2802.460881,2883.346782,2928.283473,2760.635125,2819.500000,2895.023981,2936.433099
2750.003424,2802.450018,2883.000730,2928.285930,2760.610037,2819.500000,2895.016014,2936.446015
2752.203556,2802.456140,2886.522807,2929.502873,2760.794475,2819.499851,2895.383556,2937.866103
2750.172603,2802.431099,2885.415574,2928.250212,2760.600829,2819.500000,2895.303277,2936.415050
2750.938429,2802.427793,2885.836245,2928.214152,2760.628590,2819.499993,2895.367803,2936.382203
2750.613257,2802.418069,2886.020988,2928.356363,2760.586710,2819.500000,2895.381416,2936.521948
2750.000137,2802.412283,2885.090517,2928.317636,2760.537667,2819.500000,2895.309695,2936.485229
2751.255456,2802.389615,2886.020592,2928.514702,2760.542682,2819.499993,2895.422717,2936.680821
2751.017495,2802.387792,2885.965094,2928.448157,2760.683995,2819.499936,2895.408284,2936.620986
2752.198497,2802.391192,2886.877714,2930.143968,2760.645650,2819.496661,2895.558887,2938.647642
2750.428558,2802.336429,2885.854594,2928.532800,2760.367180,2819.500000,2895.461522,2936.706343
2752.087404,2802.322904,2886.397943,2930.681131,2760.413630,2819.499966,2895.560650,2939.333006
2751.640130,2802.305992,2886.674655,2930.104446,2760.374874,2819.499731,2895.567249,2938.506606
2750.906063,2802.308262,2885.109111,2930.928454,2760.287562,2819.499997,2895.468383,2939.656274
2751.617403,2802.305329,2885.799866,2931.285468,2760.239270,2819.499952,2895.548774,2940.176823
2750.530762,2802.279106,2884.763496,2928.957021,2760.275257,2819.499998,2895.458488,2937.174355
2751.620631,2802.294458,2886.015754,2930.891065,2760.323954,2819.499974,2895.591499,2939.618090
2750.158051,2802.272575,2886.024232,2929.570888,2760.231346,2819.499999,2895.563509,2937.832465
2750.769043,2802.293584,2885.906757,2930.804853,2760.214805,2819.499990,2895.546441,2939.455194
2751.394249,2802.290303,2887.141345,2931.335316,2760.279398,2819.495599,2895.699555,2940.205527
2752.530446,2802.297305,2886.518301,2931.390791,2760.381457,2819.499540,2895.685212,2940.067467
2750.020152,2802.271981,2884.001246,2929.262821,2760.179455,2819.500000,2895.356351,2937.490222
2751.543252,2802.295714,2885.774535,2932.979385,2760.253687,2819.499991,2895.866493,2943.024348
2753.630996,2802.281471,2887.932438,2932.044709,2760.425864,2819.339181,2896.052532,2939.850705
2752.747084,2802.275919,2887.265628,2931.986481,2760.365720,2819.499004,2895.828053,2940.914812
2751.815140,2802.247681,2886.701237,2929.604341,2760.277548,2819.499869,2895.720746,2937.876008
2750.076968,2802.237688,2884.003685,2928.960394,2760.102896,2819.500000,2895.431435,2937.164875
2752.966556,2802.244906,2887.278531,2931.343682,2760.337592,2819.499652,2895.816308,2940.121364
2752.133857,2802.234633,2885.614351,2930.990603,2760.195627,2819.499899,2895.608371,2939.666911
2752.891440,2802.218401,2887.448099,2931.390698,2760.308008,2819.406358,2895.903062,2940.185773
2751.934110,2802.219141,2886.106505,2931.157307,2760.158280,2819.476055,2895.744328,2939.864973
2751.549236,2802.209105,2886.572655,2930.656648,2760.122474,2819.499980,2895.766520,2939.180765
2752.709648,2802.217951,2886.962085,2931.280039,2760.222360,2819.499901,2895.776039,2940.027712
2751.982989,2802.207651,2886.558488,2931.199639,2760.136291,2819.497744,2895.740315,2939.939661
2753.370482,2802.189893,2887.305875,2931.487863,2760.279789,2819.499735,2895.895572,2940.269894
2752.023255,2802.172038,2886.477304,2931.372438,2760.065686,2819.499942,2895.801187,2940.163598
2752.314651,2802.175796,2886.072202,2931.203050,2760.096110,2819.499921,2895.737885,2939.911071
2750.676818,2802.145511,2886.467071,2931.046128,2759.879931,2819.499925,2895.823300,2939.678804
2750.455267,2802.134194,2885.563072,2930.459588,2759.870501,2819.499993,2895.745976,2938.917891
2750.357407,2802.131389,2886.239074,2930.813649,2759.859274,2819.499955,2895.809517,2939.372405
2750.699977,2802.130417,2886.295161,2930.780519,2759.871532,2819.496875,2895.818411,2939.323790
2749.358093,2802.095295,2886.150640,2929.998438,2759.756881,2819.499998,2895.843280,2938.303580
2749.595827,2802.096952,2885.045910,2930.369986,2759.756425,2819.499816,2895.742908,2938.779918
2751.261111,2802.093303,2886.894622,2931.075847,2759.810882,2819.499199,2895.948705,2939.697283
2751.415743,2802.094998,2886.795215,2931.311292,2759.845253,2819.499004,2895.974900,2940.017877
2749.627203,2802.079027,2885.662732,2930.036495,2759.722789,2819.499993,2895.905153,2938.320775
2750.040494,2802.071766,2886.702643,2929.851529,2759.732166,2819.499992,2895.956886,2938.111476
2753.026217,2802.089061,2888.589003,2931.412018,2760.020067,2819.250514,2896.238510,2940.044880
2751.891465,2802.073629,2887.254851,2931.558377,2759.837660,2819.498768,2896.006693,2940.331351
2750.342060,2802.035062,2885.833839,2930.594669,2759.638213,2819.499998,2895.922282,2939.010401
2750.572872,2802.033352,2886.383398,2931.150352,2759.637867,2819.499995,2895.975208,2939.755254
2749.981716,2802.026141,2886.279608,2931.143950,2759.588417,2819.499966,2895.959131,2939.754667
2751.881635,2802.031110,2887.138985,2931.621951,2759.735572,2819.498736,2896.067300,2940.371289
2750.662239,2802.019167,2886.746384,2931.314191,2759.601462,2819.495774,2896.028422,2939.958880
2751.043479,2802.014724,2886.975883,2931.538740,2759.625149,2819.499845,2896.055793,2940.256700
2750.167547,2801.982132,2886.158919,2930.895590,2759.488109,2819.499219,2896.019074,2939.392107
2749.000000,2801.968311,2884.002326,2929.591775,2759.410031,2819.499998,2895.788071,2937.825009
2750.765341,2801.974760,2887.292525,2931.493251,2759.501442,2819.499314,2896.167462,2940.168101
2750.923556,2801.975466,2886.444848,2931.695703,2759.515525,2819.495925,2896.072580,2940.455421
2750.533170,2801.967562,2886.763171,2931.315615,2759.472185,2819.499116,2896.103325,2939.942633
2749.005425,2801.959030,2886.051486,2931.276711,2759.417857,2819.499987,2896.051976,2939.869478
2749.998229,2801.960321,2885.705609,2931.162263,2759.433889,2819.499969,2896.006488,2939.708158
2749.639955,2801.959415,2886.547787,2931.603126,2759.451697,2819.499954,2896.093347,2940.310468
2750.221974,2801.935743,2885.603834,2930.025811,2759.446280,2819.499974,2896.022104,2938.296384
2749.012581,2801.911153,2884.637736,2929.722637,2759.288411,2819.500000,2895.915237,2937.920307
2750.367690,2801.928773,2886.681169,2932.279232,2759.347812,2819.499804,2896.172083,2941.184049
2750.990084,2801.926254,2886.646900,2932.379362,2759.390459,2819.499237,2896.205541,2941.144301
2749.002421,2801.896731,2884.000756,2929.726364,2759.245350,2819.500000,2895.884207,2937.931136
2750.738761,2801.897781,2886.612251,2930.909074,2759.342404,2819.499969,2896.177909,2939.284709
2750.345480,2801.913896,2886.568321,2933.293337,2759.253179,2819.499778,2896.302088,2943.068725
2750.703644,2801.887840,2887.029433,2930.993955,2759.308810,2819.499956,2896.241653,2939.453383
2749.790641,2801.863742,2886.611232,2929.753004,2759.229633,2819.499996,2896.227690,2937.985213
2752.864703,2801.856534,2888.985297,2930.957651,2759.637710,2819.471580,2896.657569,2939.258240
2749.358225,2801.833245,2886.533643,2930.520401,2759.123377,2819.499999,2896.264482,2938.813730
2751.042206,2801.814573,2887.578989,2932.206767,2759.158970,2819.499748,2896.429671,2941.003293
2753.822849,2801.846719,2889.561989,2932.506638,2759.868486,2819.497148,2897.351203,2941.050127
2752.710615,2801.815232,2888.551360,2932.501393,2759.391057,2819.499752,2896.650418,2941.377141
2751.826810,2801.789729,2887.972813,2932.436166,2759.163291,2819.499642,2896.556437,2941.307647
2749.823224,2801.759999,2886.636674,2931.972942,2758.952710,2819.499473,2896.398552,2940.664486
2748.215100,2801.728548,2885.795515,2930.123771,2758.827460,2819.500000,2896.349025,2938.361630
2748.754967,2801.718823,2886.337835,2930.435626,2758.840972,2819.500000,2896.395462,2938.701581
2748.274894,2801.712371,2885.892080,2930.120724,2758.795344,2819.499997,2896.446112,2938.362124
2748.257245,2801.707615,2885.152330,2930.249254,2758.787892,2819.500000,2896.316113,2938.520289
2749.846398,2801.730146,2887.652577,2932.017629,2759.089886,2819.499876,2896.629990,2940.680282
2748.004203,2801.599667,2886.145791,2931.643286,2758.781111,2819.500000,2899.681648,2938.333715
2749.147021,2801.696723,2886.904638,2930.445921,2758.828303,2819.499842,2896.521919,2938.702068
2749.364499,2801.711329,2886.671908,2932.106591,2758.799281,2819.499964,2896.469080,2940.816417
2748.752991,2801.682322,2885.335785,2930.229759,2758.772172,2819.499999,2896.392081,2938.470358
2749.753715,2801.688970,2885.954968,2931.687922,2758.772109,2819.499938,2896.452537,2940.230718
2748.002362,2801.664446,2886.211253,2930.341041,2758.687565,2819.499999,2896.460729,2938.578157
2749.433797,2801.671979,2886.952876,2931.462685,2758.755449,2819.498962,2896.545531,2939.924328
2750.148616,2801.672789,2887.419331,2931.875463,2758.937091,2819.497355,2896.657177,2940.442536
2749.178888,2801.662456,2887.211986,2931.648073,2758.757877,2819.499995,2896.629274,2940.144925
2748.891306,2801.649697,2885.560523,2930.386482,2758.680286,2819.499996,2896.435520,2938.618944
2749.636282,2801.643769,2887.868429,2931.253741,2758.717357,2819.499885,2896.714959,2939.622515
2748.041075,2801.629482,2885.002164,2931.145688,2758.556451,2819.500000,2896.372464,2939.517575
2748.007611,2801.534780,2886.165814,2930.763219,2758.584345,2819.500000,2899.688851,2937.981742
2749.762778,2801.638752,2887.499099,2932.602653,2758.668349,2819.499877,2896.681368,2941.421334
2749.837274,2801.636815,2888.068479,2931.995002,2758.963066,2819.492789,2896.792319,2940.564501
2748.080884,2801.605250,2887.413132,2930.532418,2758.548634,2819.500000,2896.699160,2938.774704
2748.558601,2801.598329,2886.892721,2930.374723,2758.550228,2819.499970,2896.703348,2938.635517
2748.000216,2801.569348,2885.001646,2930.606416,2758.414254,2819.500000,2896.450785,2938.859367
2749.631250,2801.587778,2887.413579,2932.432300,2758.538860,2819.499345,2896.703637,2941.151855
2748.220074,2801.568059,2885.001982,2931.995668,2758.421548,2819.499998,2896.492366,2940.556732
2748.920989,2801.574163,2887.468601,2933.362456,2758.439804,2819.499813,2896.912231,2942.517966
2748.158832,2801.571394,2885.612659,2932.168304,2758.399259,2819.499999,2896.549535,2940.780963
2748.021390,2801.487178,2885.002992,2930.903765,2758.348211,2818.500000,2896.503891,2939.178902
2748.278689,2801.487250,2885.001984,2932.292464,2758.333551,2818.500000,2896.534438,2940.915366
2748.050252,2801.474743,2885.002686,2931.180834,2758.309399,2818.500000,2896.517324,2939.477234
2748.719253,2801.483517,2885.786782,2932.911274,2758.332989,2818.500000,2896.631259,2941.801778
2748.608816,2801.456181,2887.351731,2931.519511,2758.327877,2818.499999,2896.862600,2939.881982
2749.974695,2801.469243,2887.594749,2932.625845,2758.438216,2818.491708,2896.874039,2941.375179
2749.516444,2801.445475,2887.616118,2930.844892,2758.342224,2818.499997,2896.898928,2939.107103
2748.857139,2801.436894,2887.218371,2930.797451,2758.296523,2818.499999,2896.851782,2939.054751
2748.021847,2801.413964,2886.250314,2932.700432,2758.132817,2818.500000,2896.765441,2941.393698
2749.025816,2801.418722,2887.321301,2932.859862,2758.211624,2818.499605,2896.894705,2941.641452
2749.077889,2801.417659,2886.929856,2933.339192,2758.182986,2818.499983,2896.856985,2942.294551
2749.207412,2801.412014,2887.055544,2932.955874,2758.184393,2818.499968,2896.866184,2941.756220
2748.002757,2801.390846,2886.715853,2932.994332,2758.063909,2818.500000,2896.850386,2941.821227
2750.323550,2801.390278,2888.612264,2933.193647,2758.392716,2818.496513,2897.271969,2941.860769
2748.141551,2801.379558,2887.313048,2933.309242,2758.060552,2818.499978,2896.976411,2942.167212
2751.185563,2801.387913,2885.002400,2931.203928,2759.389565,2818.500000,2896.698453,2939.472789
2750.145523,2801.378348,2888.507038,2934.034629,2758.227552,2818.493971,2897.299497,2943.161195
2748.008075,2801.348725,2885.001017,2931.072522,2758.022744,2818.500000,2896.702760,2939.326184
2749.158852,2801.364241,2886.797144,2933.026453,2758.121771,2818.499952,2896.926797,2941.808183
2748.009107,2801.336035,2886.670757,2931.616962,2758.005479,2818.499795,2896.905235,2939.943734
2748.005943,2801.328148,2885.002382,2931.101223,2757.969885,2818.500000,2896.734366,2939.367363
2750.159505,2801.340675,2887.002345,2933.449638,2758.120703,2818.499744,2897.022289,2942.391525
2747.249235,2801.285572,2885.107901,2931.168404,2757.853611,2818.500000,2896.837726,2939.455882
2747.099312,2801.276177,2885.001900,2931.269575,2757.817862,2818.500000,2896.798687,2939.529226
2748.744877,2801.280371,2887.946636,2932.890751,2757.868604,2818.495103,2897.171721,2941.552179
2747.871760,2801.260418,2886.379440,2932.347537,2757.801897,2818.499798,2897.018355,2940.812613
2748.868820,2801.237087,2888.320402,2932.437285,2757.925757,2818.485488,2897.287115,2940.861173
2748.792930,2801.234834,2888.207978,2932.426238,2757.916200,2818.468489,2897.275617,2940.843801
2748.279198,2801.219247,2887.616288,2931.411940,2757.731193,2818.498796,2897.220893,2939.682890
2747.402096,2801.213353,2887.564976,2931.488273,2757.673354,2818.498843,2897.257653,2939.754172
2747.790059,2801.211306,2887.444034,2931.412409,2757.693638,2818.499999,2897.210926,2939.686957
2748.934784,2801.211194,2888.412456,2931.582549,2757.743238,2818.499855,2897.394349,2939.861200
2747.039150,2801.208143,2885.000572,2931.476710,2757.643816,2818.500000,2896.883632,2939.727590
2748.072998,2801.197883,2887.697158,2931.448881,2757.679740,2818.499099,2897.285625,2939.723825
2748.959904,2801.192321,2888.133701,2932.846416,2757.719309,2818.499735,2897.324051,2941.380393
2747.171072,2801.172439,2885.056726,2931.568779,2757.571825,2818.500000,2896.956451,2939.826559
2747.815101,2801.161806,2887.683411,2931.664423,2757.597131,2818.499855,2897.303748,2939.945080
2749.423653,2801.171520,2888.019747,2933.606929,2757.663816,2818.485736,2897.346632,2942.458949
2747.022913,2801.135224,2885.009787,2931.509010,2757.483634,2818.500000,2897.023673,2939.810981
2747.467427,2801.137528,2885.951752,2932.204771,2757.503391,2818.500000,2897.122996,2940.579030
2748.614959,2801.148547,2886.903782,2933.672232,2757.558684,2818.499986,2897.231415,2942.560332
2748.006239,2801.145084,2887.325148,2933.559638,2757.505346,2818.499995,2897.286504,2942.367588
2748.870546,2801.147399,2887.473531,2933.803809,2757.563856,2818.499913,2897.362845,2942.712433
2747.001297,2801.112713,2885.451319,2931.791881,2757.431515,2818.500000,2897.106829,2940.110218
2747.992617,2801.123780,2887.601865,2933.508825,2757.472751,2818.499998,2897.376865,2942.259958
2747.319559,2801.129528,2886.986097,2933.368781,2757.431486,2818.500000,2897.298306,2942.099512
2747.220216,2801.119457,2887.093345,2933.584202,2757.405131,2818.500000,2897.283534,2942.411853
2749.834706,2801.123746,2887.992918,2934.081456,2757.607072,2818.499688,2897.431483,2943.074089
2749.907140,2801.128151,2888.737832,2934.059940,2757.625565,2818.499516,2897.574391,2943.004846
2747.223933,2801.106071,2887.779454,2933.464811,2757.390438,2818.499996,2897.393408,2942.216509
2747.581777,2801.108552,2887.276884,2933.387375,2757.394138,2818.499998,2897.359522,2942.099546
2748.275743,2801.089672,2887.778048,2933.454755,2757.397359,2818.499910,2897.417772,2942.182394
2747.906150,2801.051085,2886.487965,2932.207397,2757.326733,2818.499997,2897.315107,2940.548643
2748.038929,2801.041395,2888.427185,2932.000847,2757.313146,2818.499904,2897.629217,2940.316607
2747.002538,2801.042227,2887.727294,2932.766746,2757.229537,2818.500000,2897.483642,2941.187345
2748.675053,2801.047229,2887.725969,2933.780487,2757.325426,2818.496916,2897.539495,2942.613797
2747.023548,2801.013540,2885.657876,2931.869928,2757.191355,2818.500000,2897.258023,2940.175492
2748.075567,2801.036782,2887.650740,2933.651491,2757.254960,2818.499996,2897.469598,2942.422718
2747.256280,2800.989868,2887.157870,2932.491712,2757.139697,2818.499997,2897.527670,2940.865304
2747.869362,2800.968758,2887.607288,2932.059169,2757.144980,2818.499843,2897.595831,2940.378233
2749.710304,2800.993165,2888.692563,2934.076746,2757.756750,2818.436095,2897.755774,2942.957399
2748.538636,2800.977575,2888.127486,2934.021839,2757.138648,2818.498815,2897.637180,2942.872286
2747.590642,2800.957488,2887.893130,2932.609367,2757.083938,2818.499998,2897.637476,2940.948047
2749.375542,2800.970493,2888.714449,2933.582892,2757.204613,2818.499863,2897.822569,2942.147965
2748.255819,2800.968251,2888.222700,2934.347611,2757.090531,2818.497238,2897.641708,2943.360594
2748.594337,2800.956300,2888.423319,2934.301585,2757.074251,2818.499854,2897.696543,2943.248669
2747.494008,2800.934626,2887.310734,2933.674413,2756.983004,2818.500000,2897.575723,2942.329866
2749.133931,2800.948726,2888.327947,2934.427960,2757.123039,2818.499829,2897.724421,2943.413570
2750.667464,2800.950355,2889.202688,2934.426075,2757.356774,2818.496680,2897.929488,2943.231131
2750.404213,2800.935521,2889.125168,2934.523674,2757.272137,2818.499830,2897.907029,2943.397254
2746.090091,2800.862443,2887.805206,2932.563960,2756.795278,2818.500000,2897.775001,2940.911230
2746.647997,2800.868281,2887.065042,2934.038234,2756.793501,2818.499967,2897.633914,2942.813763
2746.032490,2800.833269,2886.004436,2932.483241,2756.708517,2818.500000,2897.518905,2940.767684
2746.087412,2800.827793,2886.000979,2932.485679,2756.700488,2818.500000,2897.527787,2940.767798
2746.006332,2800.821728,2886.753743,2932.509867,2756.684632,2818.500000,2897.620450,2940.800802
2746.020436,2800.829036,2887.052567,2933.648677,2756.671462,2818.500000,2897.675307,2942.244842
2746.909548,2800.821576,2888.511639,2933.987272,2756.721833,2818.499947,2897.906371,2942.671568
2747.596425,2800.827058,2887.739598,2934.486080,2756.779489,2818.490553,2897.785267,2943.416189
2746.003973,2800.801564,2886.374335,2932.507878,2756.639078,2818.500000,2897.632394,2940.830599
2746.003502,2800.802077,2886.000833,2932.504456,2756.630616,2818.500000,2897.577565,2940.824097
2747.317180,2800.817645,2888.132936,2934.388856,2756.729679,2818.499676,2897.858933,2943.264460
2746.031687,2800.793480,2886.005916,2932.789529,2756.616587,2818.500000,2897.600410,2941.151380
2746.077304,2800.797523,2886.003922,2933.645691,2756.600602,2818.500000,2897.604739,2942.243436
2747.741658,2800.803507,2887.642867,2934.684019,2756.701528,2818.499890,2897.807150,2943.683584
2746.009196,2800.793856,2887.435134,2934.318274,2756.595146,2818.499999,2897.807118,2943.103596
2746.555032,2800.795119,2887.809757,2934.368562,2756.615782,2818.499999,2897.851374,2943.169471
2746.669942,2800.793768,2887.054278,2934.357360,2756.601895,2818.500000,2897.743558,2943.167245
2746.734922,2800.784333,2887.541307,2934.270498,2756.593036,2818.499995,2897.825974,2943.037396
2747.785679,2800.786498,2888.487528,2934.560079,2756.680628,2818.494471,2897.947357,2943.462264
2746.000807,2800.746283,2886.001005,2932.610131,2756.513644,2818.500000,2897.680987,2940.934923
2746.000932,2800.747535,2886.001363,2932.689703,2756.505304,2818.500000,2897.663456,2941.023268
2747.478741,2800.766576,2887.997549,2934.699444,2756.600270,2818.499213,2897.908448,2943.661176
2747.366013,2800.766226,2887.605080,2934.472843,2756.595847,2818.499935,2897.840009,2943.338953
2746.296139,2800.760668,2887.271397,2934.175412,2756.522779,2818.500000,2897.817938,2942.898003
2747.714743,2800.762307,2887.328324,2934.880211,2756.622782,2818.499989,2897.860375,2943.932628
2748.345100,2800.768712,2888.890891,2935.055227,2756.684352,2818.499788,2898.086592,2944.204610
2747.313310,2800.760677,2887.148626,2934.619804,2756.580742,2818.499951,2897.824641,2943.539927
2746.000000,2800.627304,2887.226834,2933.714610,2756.464306,2818.500000,2901.129712,2940.509857
2746.031629,2800.733957,2886.003046,2932.726207,2756.474259,2818.500000,2897.669283,2941.025584
2748.698482,2800.740213,2886.001885,2932.872635,2757.301885,2818.500000,2897.719358,2941.209929
2746.027121,2800.716454,2886.002478,2933.292349,2756.431991,2818.500000,2897.716315,2941.724051
2746.000023,2800.701038,2886.005566,2932.773234,2756.389533,2818.500000,2897.729279,2941.117511
2747.007709,2800.722201,2887.269714,2934.634801,2756.466629,2818.499937,2897.855721,2943.527572
2747.012108,2800.713645,2887.368589,2934.631885,2756.453191,2818.499969,2897.896875,2943.505772
2746.710599,2800.705643,2887.102140,2934.542181,2756.401240,2818.499985,2897.862310,2943.372939
2746.603619,2800.699301,2886.744062,2934.442855,2756.377042,2818.499999,2897.833289,2943.221193
2747.369597,2800.700151,2888.144586,2935.138570,2756.445344,2818.494823,2898.055389,2944.246415
2748.116459,2800.666242,2888.863017,2934.936632,2756.431712,2818.497195,2898.196507,2943.897860
2746.910388,2800.666903,2888.794393,2934.991762,2756.344017,2818.499960,2898.207103,2943.944881
2746.123392,2800.643136,2888.066121,2933.829982,2756.391325,2818.499999,2898.047254,2942.235542
2747.618984,2800.645168,2887.759953,2935.018715,2756.326798,2818.499980,2898.025626,2944.000429
2747.211893,2800.632510,2888.099869,2935.341973,2756.250532,2818.496537,2898.106445,2944.458055
2749.700468,2800.642277,2887.738525,2935.083897,2757.779460,2818.499950,2898.096545,2944.069486
2747.325853,2800.623289,2888.499707,2935.268667,2756.241924,2818.495999,2898.161650,2944.326287
2746.056243,2800.605178,2887.171612,2934.506607,2756.119877,2818.500000,2898.027070,2943.203324
2746.000071,2800.584182,2886.000949,2933.148938,2756.098445,2818.500000,2897.873280,2941.475934
2746.039565,2800.580554,2886.623009,2934.180330,2756.078994,2818.500000,2897.964840,2942.738246
2746.990172,2800.588100,2887.819920,2935.000394,2756.146382,2818.499983,2898.132115,2943.895320
2747.426398,2800.582519,2887.223648,2935.331275,2756.150156,2818.494577,2898.116986,2944.368551
2746.220613,2800.575439,2887.440327,2934.949612,2756.036157,2818.499999,2898.099668,2943.796706
2749.611910,2800.588504,2887.747574,2934.979464,2757.655783,2818.500000,2898.182587,2943.816409
2746.000871,2800.549281,2886.953423,2934.588574,2755.984689,2818.499987,2898.083346,2943.184326
2747.927044,2800.560095,2888.725281,2935.650586,2756.176341,2818.498291,2898.286796,2944.880656
2746.000000,2800.533434,2886.001732,2933.887858,2755.968982,2818.499998,2897.942971,2942.303899
2746.011533,2800.531880,2887.990088,2935.108866,2755.928091,2818.499984,2898.294356,2943.958647
2748.846342,2800.542680,2889.834596,2935.766087,2756.123258,2818.497002,2898.577406,2944.903245
2746.369714,2800.519313,2887.929825,2935.466601,2755.933369,2818.499982,2898.235418,2944.503917
2749.282522,2800.546654,2889.534724,2935.700868,2756.219132,2818.498814,2898.559256,2944.622900
2745.007967,2800.486277,2886.000505,2933.366255,2755.839225,2818.500000,2898.023288,2941.701315
2745.874408,2800.506651,2888.576698,2935.115378,2755.891346,2818.499974,2898.356735,2943.987569
2745.025655,2800.467091,2886.001009,2933.313188,2755.808415,2818.500000,2898.070567,2941.669781
2746.386106,2800.491238,2888.934127,2935.110901,2755.873800,2818.499972,2898.447945,2943.955639
2745.009415,2800.464899,2886.426639,2933.420757,2755.788945,2818.500000,2898.114865,2941.764473
2745.000708,2800.465405,2887.527398,2933.393548,2755.772182,2818.500000,2898.249088,2941.742580
2745.118566,2800.467881,2887.440832,2933.430401,2755.800496,2818.500000,2898.391289,2941.753368
2745.260709,2800.462842,2886.020703,2933.470866,2755.796974,2818.500000,2898.033781,2941.779121
2745.350028,2800.460473,2886.002214,2933.486290,2755.794552,2818.500000,2898.055771,2941.797532
2745.013226,2800.455371,2888.204392,2933.496260,2755.740615,2818.499998,2898.365316,2941.841497
2745.000141,2800.435998,2886.002655,2933.536098,2755.716061,2818.500000,2898.082742,2941.864307
2745.741585,2800.434672,2887.028559,2935.135733,2755.726470,2818.499999,2898.256652,2943.980035
2746.744664,2800.443933,2887.798815,2935.299368,2755.793599,2818.499983,2898.321262,2944.199507
2745.604552,2800.437229,2887.462360,2935.044522,2755.707863,2818.499986,2898.325305,2943.841573
2747.103743,2800.439547,2888.473391,2935.482363,2755.810961,2818.499965,2898.441672,2944.460789
2746.655367,2800.428167,2888.633772,2935.447069,2755.759982,2818.499994,2898.517495,2944.382506
2746.862730,2800.426971,2888.868804,2935.432480,2755.755885,2818.499972,2898.527254,2944.366080
2745.000072,2800.387256,2886.000649,2933.640699,2755.597023,2818.500000,2898.160291,2941.994382
2745.546352,2800.406307,2888.462119,2935.219051,2755.629688,2818.499784,2898.497034,2944.045453
2746.291315,2800.388152,2887.757815,2935.189738,2755.635732,2818.499968,2898.390557,2944.003843
2746.510216,2800.362110,2888.159467,2935.409010,2755.573574,2818.499995,2898.485888,2944.276798
2746.723810,2800.357616,2887.953117,2935.397674,2755.596627,2818.499965,2898.456509,2944.266492
2745.584648,2800.316166,2888.725187,2934.690527,2755.427546,2818.499865,2898.685807,2943.237153
2746.305691,2800.313691,2888.868194,2934.949380,2755.456312,2818.494239,2898.696426,2943.566406
2745.000166,2800.290567,2886.000804,2933.958201,2755.356066,2818.500000,2898.276990,2942.302317
2747.688966,2800.311861,2889.672400,2935.965397,2755.593350,2818.499235,2898.849207,2944.997090
2746.571327,2800.291364,2889.000486,2935.907321,2755.430213,2818.497683,2898.759104,2944.915664
2745.000387,2800.264662,2887.656696,2935.272213,2755.277152,2818.499998,2898.580858,2944.002497
2745.854849,2800.273185,2888.180667,2935.455665,2755.326901,2818.499994,2898.618482,2944.270015
2745.313677,2800.219167,2887.514203,2935.554292,2755.161305,2818.499999,2898.599150,2944.372537
2745.170216,2800.177027,2887.001286,2934.295348,2755.095809,2818.500000,2898.567112,2942.639041
2745.112124,2800.172432,2887.198416,2934.282733,2755.080860,2818.500000,2898.606063,2942.644398
2745.646035,2800.183104,2887.919651,2935.613343,2755.105383,2818.499916,2898.693242,2944.390417
2745.836984,2800.173381,2888.124074,2936.068239,2755.096473,2818.499634,2898.749471,2945.029517
2745.006793,2800.153085,2887.005420,2934.541808,2755.023416,2818.500000,2898.606075,2942.929661
2745.028990,2800.167008,2888.728867,2936.118688,2755.029319,2818.499280,2898.837734,2945.104789
2745.042387,2800.134818,2887.000784,2934.401444,2754.988499,2818.500000,2898.634855,2942.765180
2745.007513,2800.147425,2887.939003,2935.971266,2754.988554,2818.499994,2898.769050,2944.873705
2745.000000,2800.108380,2887.000428,2934.423100,2754.916047,2818.500000,2898.679845,2942.800682
2747.151358,2800.129456,2889.865296,2936.161915,2755.057310,2818.499421,2899.129522,2945.071626
2745.622275,2800.101546,2889.277388,2936.025255,2754.924348,2818.499886,2899.062928,2944.868594
2746.522078,2800.098608,2889.018148,2936.279014,2755.010472,2818.499767,2899.213549,2945.224268
2746.693655,2800.098204,2890.062705,2936.349619,2755.020687,2818.499517,2899.327631,2945.329639
2746.338445,2800.088792,2889.723872,2936.198730,2754.971512,2818.499600,2899.199244,2945.116089
2746.021892,2800.087795,2889.636343,2936.019043,2754.930966,2818.499804,2899.139273,2944.853728
2745.710562,2800.047010,2890.257230,2936.441909,2754.777205,2818.499917,2899.408149,2945.392501
2744.395658,2800.037799,2889.031783,2936.012858,2754.693763,2818.499999,2899.107920,2944.812667
2746.844227,2800.050337,2890.612401,2936.580526,2754.938165,2818.499470,2899.588979,2945.606010
2747.633301,2800.055033,2890.570977,2936.547457,2755.130119,2818.497664,2899.583154,2945.537548
2746.570818,2800.037920,2889.843672,2936.458400,2754.865526,2818.469954,2899.300705,2945.439511
2746.262165,2800.026429,2890.427623,2936.812309,2754.749416,2818.498155,2899.476564,2945.966146
2744.005968,2799.929237,2887.453553,2934.699188,2754.568799,2817.500000,2898.946072,2943.083795
2744.000015,2799.881414,2887.002679,2934.884862,2754.459171,2817.500000,2898.945743,2943.280903
2745.276743,2799.897049,2889.196705,2936.794774,2754.507590,2817.499997,2899.253937,2945.851608
2745.022502,2799.889014,2889.099836,2936.761245,2754.484773,2817.499985,2899.258655,2945.787591
2745.083253,2799.875529,2888.754649,2936.629966,2754.473621,2817.499482,2899.256302,2945.552581
2744.000285,2799.847294,2887.001871,2934.993947,2754.363912,2817.500000,2898.975139,2943.382095
2745.538896,2799.859990,2889.249815,2936.923633,2754.462451,2817.497467,2899.316411,2945.998708
2744.555735,2799.826724,2888.810338,2935.236285,2754.350352,2817.499997,2899.327350,2943.666186
2744.000552,2799.814987,2887.003371,2934.983631,2754.308572,2817.500000,2899.047146,2943.378835
2744.000896,2799.824845,2887.668590,2935.219972,2754.290084,2817.500000,2899.121421,2943.652980
2744.016221,2799.818599,2887.000925,2935.129187,2754.292302,2817.500000,2898.979463,2943.492306
2744.113402,2799.812634,2888.427528,2935.158517,2754.275037,2817.500000,2899.204948,2943.511634
2745.189351,2799.823124,2889.397553,2937.008423,2754.326058,2817.499468,2899.397803,2946.082910
2744.953857,2799.806922,2889.421048,2937.155648,2754.263290,2817.499557,2899.447924,2946.261523
2744.002203,2799.772337,2887.158256,2935.147840,2754.193170,2817.500000,2899.126552,2943.554747
2746.117557,2799.787535,2890.173383,2936.421991,2754.337272,2817.499972,2899.674779,2944.958254
2745.386645,2799.776095,2888.523567,2937.527623,2754.227397,2817.499983,2899.366774,2946.817274
2744.763356,2799.769598,2888.353624,2937.203543,2754.176742,2817.499999,2899.285141,2946.300768
2746.138030,2799.773788,2889.692563,2937.482609,2754.297803,2817.498959,2899.590371,2946.653976
2744.201408,2799.741431,2888.229212,2936.460069,2754.114126,2817.499999,2899.327201,2945.112749
2744.019409,2799.744921,2887.000827,2935.300783,2754.112524,2817.500000,2899.086486,2943.650591
2744.248685,2799.737732,2887.366506,2935.315805,2754.124952,2817.500000,2899.217178,2943.714464
2746.175071,2799.756277,2890.511927,2937.453461,2754.224689,2817.499854,2900.111640,2946.602780
2747.949056,2799.781775,2891.728831,2937.591830,2754.507443,2817.491096,2901.196424,2945.689225
2745.569084,2799.747273,2889.265151,2937.568082,2754.179704,2817.499990,2899.489859,2946.867000
2746.497302,2799.751943,2890.030227,2937.485284,2754.269146,2817.480290,2899.904852,2946.583580
2744.579635,2799.720697,2889.299498,2937.412299,2754.055156,2817.499998,2899.562339,2946.545742
2744.148342,2799.695571,2887.890909,2936.312972,2753.999476,2817.500000,2899.324424,2944.924521
2744.754605,2799.705474,2888.827672,2936.799487,2754.033190,2817.500000,2899.471507,2945.594018
2745.037853,2799.704659,2888.892918,2937.401054,2754.036854,2817.500000,2899.457813,2946.540059
2745.226146,2799.700932,2888.604473,2937.355875,2754.043329,2817.499999,2899.415823,2946.465456
2744.957304,2799.685579,2888.430643,2937.287513,2753.984692,2817.499998,2899.415858,2946.345159
2745.875578,2799.677674,2890.206495,2937.246629,2754.033713,2817.494309,2899.776369,2946.256806
2745.896424,2799.672338,2890.537230,2937.281135,2754.024405,2817.499743,2899.936583,2946.277918
2743.543045,2799.638131,2889.623511,2935.433297,2753.852250,2817.499997,2899.772441,2943.844928
2744.470926,2799.654829,2890.033905,2937.538139,2753.876345,2817.499980,2899.774030,2946.669305
2743.967095,2799.644030,2889.842507,2937.209308,2753.836613,2817.499722,2899.775989,2946.150540
2743.241706,2799.620361,2888.971844,2935.544867,2753.796351,2817.500000,2899.631961,2943.938961
2744.413418,2799.624231,2890.094081,2937.520945,2753.805818,2817.499998,2899.825150,2946.612264
2743.953255,2799.614278,2889.984491,2937.296395,2753.772322,2817.500000,2899.840036,2946.253409
2743.051551,2799.596983,2887.031640,2935.693596,2753.728085,2817.500000,2899.316585,2944.067793
2743.140310,2799.596821,2887.998060,2935.720693,2753.730181,2817.500000,2899.480775,2944.142784
2743.000104,2799.576201,2887.006996,2935.765923,2753.677976,2817.500000,2899.334345,2944.155354
2743.224583,2799.569181,2890.077044,2937.166131,2753.658142,2817.499853,2899.991469,2945.939659
2743.282660,2799.567651,2888.921715,2936.076729,2753.651314,2817.500000,2899.671936,2944.553007
2743.113511,2799.547699,2889.096398,2935.788639,2753.616940,2817.500000,2899.756714,2944.177664
2743.091722,2799.549542,2888.993647,2935.784866,2753.614632,2817.500000,2899.726623,2944.187079
2743.015691,2799.545587,2887.872063,2935.808107,2753.601328,2817.500000,2899.569983,2944.192665
2743.201668,2799.537319,2889.027321,2935.854812,2753.601669,2817.500000,2899.767728,2944.292040
2743.209110,2799.505846,2890.160519,2935.772744,2753.525875,2817.500000,2900.106734,2944.177067
2744.314700,2799.528726,2889.417845,2937.822009,2753.577838,2817.499529,2899.846614,2946.955935
2743.791432,2799.523267,2889.606560,2937.624691,2753.543288,2817.499813,2899.873552,2946.639701
2743.857030,2799.506855,2890.179648,2936.570542,2753.532454,2817.499823,2900.092344,2945.088692
2744.888546,2799.520287,2889.377946,2937.958855,2753.603633,2817.499271,2899.901474,2947.146622
2743.048766,2799.484042,2888.173136,2935.978690,2753.462093,2817.500000,2899.637169,2944.350786
2743.868903,2815.000000,2889.172689,2936.505982,2753.473769,2799.402039,2899.854348,2944.959170
2743.000976,2799.462144,2887.001178,2936.073075,2753.394342,2817.500000,2899.472282,2944.440069
2744.736455,2799.480054,2889.659884,2937.874052,2753.490269,2817.499941,2899.910861,2946.961705
2743.963213,2799.472430,2890.005273,2937.611588,2753.436646,2817.499998,2900.021508,2946.558799
2743.273364,2799.206065,2889.727320,2940.292335,2753.368077,2817.499996,2904.207383,2939.160863
2743.552306,2799.451027,2890.718457,2937.505545,2753.383767,2817.499999,2900.385121,2946.299100
2745.222441,2799.478390,2891.023057,2938.107067,2753.506682,2817.498127,2900.501182,2947.283655
2745.121687,2799.452710,2890.896610,2938.328855,2753.455485,2817.498272,2900.366558,2947.637765
2745.395915,2799.443017,2891.123789,2938.039888,2753.507619,2817.493656,2900.440144,2947.137655
2744.278064,2799.434707,2892.327933,2938.540191,2753.470704,2817.500000,2901.901504,2947.756247
2743.015387,2799.105797,2895.507715,2940.366079,2753.213656,2817.500000,2908.467139,2942.419669
2745.243221,2799.408839,2891.051343,2938.773407,2753.334442,2817.459997,2900.762699,2948.261910
2746.045726,2799.405932,2890.923170,2938.761640,2753.414841,2817.460195,2900.487586,2948.065689
2743.099441,2799.342562,2888.006915,2936.767964,2753.113923,2817.500000,2899.768279,2945.196876
2743.000013,2799.342555,2888.000132,2936.736639,2753.088884,2817.500000,2899.785960,2945.211451
2743.338542,2799.348906,2888.350806,2937.897265,2753.113866,2817.500000,2899.854427,2946.871633
2743.000934,2799.352092,2889.525676,2938.290704,2753.079326,2817.500000,2900.119875,2947.382639
2743.640822,2799.335302,2889.598586,2938.480808,2753.088452,2817.499999,2900.097315,2947.735803
2743.958601,2799.328988,2890.134516,2938.620886,2753.081207,2817.499993,2900.296166,2947.928352
2744.213318,2799.320543,2889.931700,2938.695442,2753.078993,2817.499777,2900.194459,2948.055725
2744.310779,2799.321387,2890.265513,2938.741729,2753.084233,2817.499951,2900.249505,2948.146302
2743.001687,2799.296228,2888.001770,2936.986976,2752.984748,2817.500000,2899.893025,2945.531241
2743.057620,2799.305381,2889.440628,2938.324628,2752.971746,2817.500000,2900.114955,2947.443902
2743.005142,2799.283562,2888.001197,2936.549582,2752.972866,2817.500000,2899.907254,2944.977758
2743.000003,2799.283623,2888.001405,2936.581501,2752.965846,2817.500000,2899.868108,2944.977250
2743.019292,2799.284073,2888.841340,2936.574977,2752.953602,2817.500000,2900.023121,2944.978386
2743.086539,2799.276474,2888.002058,2937.829168,2752.926476,2817.500000,2899.898483,2946.681862
2744.970520,2799.289347,2890.981752,2939.165118,2753.029889,2817.498952,2900.630426,2948.717663
2743.613390,2799.275327,2889.787916,2939.136530,2752.919917,2817.499996,2900.223867,2948.800423
2743.374600,2799.250031,2890.672158,2938.404617,2752.876386,2817.499989,2900.537893,2947.483500
2743.037635,2799.250134,2890.156681,2938.056878,2752.859925,2817.499998,2900.327156,2946.975949
2743.648356,2799.256315,2891.389729,2938.617168,2752.890987,2817.499834,2900.878636,2947.787023
2744.353781,2799.236577,2891.292378,2938.523531,2752.915541,2817.484817,2900.759502,2947.627316
2742.864186,2799.191787,2891.111926,2938.229655,2752.728037,2817.499996,2900.818652,2947.052413
2744.611516,2799.176325,2893.587807,2939.225200,2752.739629,2817.499363,2903.916343,2948.331271
2743.364318,2799.136134,2889.834180,2939.089294,2752.599151,2817.499882,2900.434365,2948.439588
2743.652927,2799.132303,2890.605789,2938.837452,2752.598620,2817.499993,2900.613906,2948.005497
2742.002480,2799.102477,2888.000260,2937.027497,2752.502115,2817.500000,2900.147637,2945.456069
2742.924249,2799.096360,2891.808658,2939.492260,2752.466878,2817.499992,2901.638597,2949.004175
2742.028269,2799.078514,2890.590456,2938.974617,2752.393766,2817.499999,2900.774971,2948.115720
2742.613970,2799.068861,2890.157823,2939.653018,2752.384788,2817.499999,2900.595363,2949.323526
2744.295766,2799.054657,2891.360230,2939.206252,2752.473077,2817.499919,2901.058742,2948.444528
2745.298869,2799.061269,2892.237057,2939.032307,2752.625783,2817.498946,2901.882848,2947.961272
2745.012207,2799.058050,2892.319605,2939.033287,2752.727539,2817.494788,2901.972726,2947.938915
2742.932671,2799.019344,2890.932027,2938.915566,2752.300594,2817.499552,2900.835839,2947.957484
2744.556706,2799.034760,2891.517111,2939.163853,2752.455998,2817.498041,2901.264375,2948.303612
2745.131449,2799.044943,2892.152124,2940.001854,2752.475072,2817.498185,2901.571624,2948.636199
2744.909850,2799.026298,2891.579225,2939.842662,2752.418546,2817.497901,2901.415939,2948.744579
2743.232044,2799.007662,2890.642309,2939.708947,2752.269973,2817.499983,2900.837514,2949.257544
2743.194106,2798.966048,2891.502002,2939.176460,2752.194062,2817.499983,2901.237090,2948.245790
2742.000255,2798.947526,2890.603773,2938.550006,2752.092015,2817.500000,2900.911463,2947.202594
2742.880965,2798.951129,2891.476628,2938.935840,2752.135789,2817.497625,2901.214624,2947.809651
2742.955330,2798.947386,2891.412129,2939.352685,2752.123532,2817.499997,2901.274592,2948.502037
2743.299945,2798.940580,2891.414262,2939.463448,2752.125090,2817.499994,2901.222386,2948.709654
2745.007497,2798.962680,2892.141844,2939.359056,2752.386951,2817.499493,2901.748935,2948.419347
2744.910404,2798.961805,2892.314302,2939.391674,2752.349546,2817.499537,2902.110563,2948.488262
2744.031737,2798.942465,2891.502431,2939.488867,2752.162159,2817.476491,2901.627029,2948.704535
2742.816858,2798.908435,2890.755014,2939.198980,2752.019679,2817.499930,2900.992800,2948.252196
2743.531074,2798.900994,2890.221598,2940.186517,2752.029686,2817.499594,2900.969378,2949.919706
2742.507979,2798.879630,2889.750382,2940.099925,2751.931356,2817.500000,2900.786151,2949.733068
2742.954340,2798.877207,2889.726626,2940.165684,2751.951929,2817.499989,2900.767557,2949.893977
2743.257446,2798.881151,2890.486997,2939.844353,2751.968383,2817.499979,2900.913895,2949.272162
2743.441458,2798.878906,2891.151004,2939.954179,2751.965923,2817.499927,2901.111927,2949.451667
2741.199858,2798.850135,2890.543083,2938.334566,2751.838346,2817.499998,2900.994406,2946.899002
2742.171795,2798.867528,2890.823239,2939.523165,2751.893349,2817.499995,2901.052804,2948.686875
2741.587605,2798.854198,2890.350637,2939.176343,2751.848515,2817.499997,2900.923127,2948.155886
2741.934877,2798.849674,2889.939117,2939.371871,2751.846916,2817.499999,2900.824595,2948.477492
2742.882230,2798.850895,2890.350701,2939.653555,2751.900793,2817.499384,2900.951731,2948.911662
2741.003937,2798.829170,2890.365272,2938.943530,2751.764949,2817.500000,2901.015239,2947.766247
2741.609513,2798.826850,2889.505773,2939.241490,2751.775139,2817.499999,2900.829292,2948.256562
2741.000000,2798.790000,2888.000300,2937.934059,2751.701321,2817.500000,2900.538270,2946.349984
2741.400088,2798.795944,2890.386650,2938.677065,2751.714427,2817.500000,2901.043086,2947.307769
2743.119819,2798.788491,2891.497662,2939.806960,2751.735249,2817.500000,2901.447635,2949.005390
2742.445704,2798.769818,2890.947064,2939.522619,2751.676683,2817.499960,2901.214813,2948.556386
2741.097265,2798.744922,2888.879873,2938.689253,2751.591987,2817.500000,2900.808814,2947.361448
2741.764988,2798.759006,2890.474257,2939.185309,2751.619097,2817.499999,2901.083408,2948.058568
2741.005419,2798.742755,2889.370843,2938.544681,2751.575804,2817.500000,2900.896939,2947.123166
2741.282737,2798.740206,2890.291828,2938.055109,2751.588673,2817.500000,2901.119796,2946.532187
2741.000000,2798.733154,2888.217627,2938.079200,2751.564319,2817.500000,2900.659078,2946.494588
2741.018226,2798.724418,2888.958075,2938.048439,2751.549223,2817.500000,2900.826237,2946.518388
2741.091979,2798.730398,2890.139413,2937.999590,2751.546395,2817.500000,2901.088856,2946.451407
2743.787287,2798.750076,2892.174464,2939.059558,2751.696579,2817.492368,2901.760179,2947.624113
2741.004100,2798.705831,2889.001514,2938.129988,2751.497536,2817.500000,2900.848290,2946.574695
2742.448380,2798.736586,2892.045327,2940.328949,2751.557729,2817.499959,2901.768777,2949.816084
2741.425988,2798.719923,2891.364706,2940.172683,2751.500948,2817.499995,2901.459094,2949.541830
2741.747324,2798.729137,2892.388231,2939.799923,2751.516640,2817.499989,2902.040025,2948.855339
2741.590940,2798.709425,2889.271374,2940.252578,2751.483465,2817.499905,2901.011450,2949.683868
2741.933634,2798.706001,2890.538052,2940.491720,2751.490757,2817.499995,2901.272625,2950.127747
2742.046965,2798.712140,2891.401967,2940.581580,2751.498277,2817.499996,2901.484149,2950.295512
2742.161262,2798.703609,2889.754923,2940.546346,2751.496696,2817.499913,2901.153820,2950.218095
2741.828303,2798.704305,2891.222769,2940.430755,2751.460730,2817.499649,2901.417034,2949.978838
2742.420781,2798.697806,2890.742704,2940.601582,2751.487363,2817.499974,2901.238937,2950.315545
2742.354537,2798.711725,2892.334529,2940.401384,2751.479549,2817.499927,2902.377847,2949.850381
2741.674082,2798.684682,2890.835194,2939.732827,2751.421097,2817.499995,2901.234861,2948.772105
2742.526625,2798.707852,2894.097781,2940.749813,2751.460617,2817.499972,2904.648486,2950.255509
2741.649133,2798.668979,2890.100755,2940.138293,2751.391070,2817.499984,2901.089113,2949.442212
2741.058555,2798.657220,2890.207755,2938.761764,2751.357873,2817.499998,2901.208953,2947.321589
2741.004413,2798.644787,2889.003252,2938.385581,2751.355122,2817.500000,2900.950820,2946.864963
2742.212800,2798.669816,2891.176339,2940.419772,2751.409433,2817.499942,2901.366648,2949.905531
2741.223317,2798.652092,2889.092819,2939.790325,2751.340194,2817.500000,2900.927779,2948.874827
2741.073538,2798.642314,2890.385151,2938.349128,2751.326446,2817.500000,2901.189205,2946.773493
2741.000131,2798.628106,2889.000439,2938.353290,2751.306375,2817.500000,2900.918377,2946.761051
2741.011651,2798.626570,2889.002342,2938.330682,2751.309993,2817.500000,2900.941607,2946.741463
2741.006055,2798.625744,2889.000380,2938.360678,2751.299520,2817.500000,2900.920949,2946.766787
2741.000000,2798.621160,2889.001966,2938.645159,2751.277607,2817.500000,2900.936503,2947.155104
2741.014118,2798.610731,2889.002415,2938.406848,2751.267258,2817.500000,2900.950214,2946.820364
2743.257091,2798.654931,2892.333219,2940.291314,2751.407369,2817.439159,2902.244150,2949.486673
2742.229282,2798.638640,2891.826959,2940.477381,2751.325472,2817.499974,2901.731912,2949.922937
2741.000005,2798.389990,2890.194320,2942.176736,2751.203292,2817.500000,2905.025730,2944.255341
2744.281483,2798.659723,2893.090783,2940.187459,2751.500183,2817.498778,2903.125392,2949.012997
2742.835135,2798.630170,2892.762804,2940.620845,2751.302731,2817.499925,2902.548373,2950.034985
2741.954218,2798.595127,2891.212114,2940.552499,2751.211199,2817.499990,2901.468399,2949.987993
2741.969538,2798.586340,2891.461381,2940.541892,2751.183686,2817.499990,2901.575685,2949.934200
2742.313875,2798.580962,2891.798223,2941.043273,2751.171615,2817.499961,2901.824457,2950.864239
2741.945547,2798.574702,2891.911556,2941.056606,2751.141049,2817.499995,2901.943721,2950.905949
2742.750350,2798.567405,2892.171896,2940.952604,2751.165589,2817.499781,2902.012433,2950.584246
2743.314125,2798.586733,2893.013385,2940.991794,2751.216808,2817.499530,2902.906618,2950.468031
2743.304342,2798.586735,2893.012027,2940.994162,2751.215936,2817.499535,2902.905522,2950.475543
2741.942694,2798.547732,2890.740217,2941.317665,2751.094767,2817.499989,2901.490443,2951.520681
2741.106481,2798.463870,2890.241021,2938.807256,2750.897413,2817.500000,2901.419548,2947.253117
2741.035638,2798.461991,2890.400613,2938.782721,2750.889575,2817.500000,2901.494947,2947.247130
2741.380564,2798.466933,2890.817243,2941.218161,2750.875866,2817.499971,2901.628564,2950.981516
2743.149794,2798.478931,2892.848131,2941.159613,2750.956083,2817.389331,2902.982494,2950.210965
2740.477309,2798.453692,2891.740896,2941.256489,2750.806311,2817.499999,2901.980426,2950.976169
2740.000000,2798.259746,2890.154543,2941.492736,2750.773608,2817.500000,2905.016237,2946.945484
2741.239701,2798.439454,2891.850376,2940.932233,2750.791453,2817.499690,2901.939544,2950.316599
2740.583598,2798.411468,2891.935534,2939.568006,2750.737026,2817.499745,2902.071677,2948.038310
2740.015428,2798.394437,2889.000650,2939.001138,2750.706008,2817.500000,2901.236526,2947.418081
2740.001745,2798.380868,2889.000916,2939.058837,2750.675418,2817.500000,2901.252259,2947.482743
2740.732632,2798.383700,2890.820322,2939.338256,2750.696534,2817.499756,2901.655720,2947.792313
2740.069860,2798.375706,2889.001389,2939.066835,2750.666106,2817.500000,2901.264053,2947.489326
2740.807465,2798.359782,2891.858852,2939.617044,2750.628014,2817.499849,2902.032370,2948.103251
2741.179237,2798.370361,2892.053707,2941.116482,2750.635441,2817.499986,2902.079183,2950.485342
2740.000001,2798.335750,2889.002859,2939.171713,2750.566485,2817.500000,2901.332258,2947.601042
2741.655505,2798.368399,2891.753155,2941.338696,2750.643729,2817.499905,2901.990136,2950.959969
2741.374031,2798.359075,2892.945897,2940.102337,2750.614478,2817.499823,2903.054890,2948.667884
2741.194926,2798.363078,2892.017878,2941.464092,2750.592287,2817.499993,2902.317363,2951.173933
2743.020125,2798.377059,2892.579882,2941.323925,2750.724038,2817.499393,2902.558150,2950.788811
2742.831589,2798.345897,2892.243104,2941.409838,2750.628907,2817.499409,2902.371984,2950.926276
2741.262183,2798.334502,2892.581156,2941.413295,2750.515605,2817.499606,2902.549345,2950.983554
2740.000005,2798.283845,2889.002853,2939.418007,2750.435943,2817.500000,2901.393100,2947.893446
2740.001177,2798.282092,2889.049749,2939.325288,2750.433830,2817.500000,2901.423372,2947.768878
2740.607246,2798.312646,2891.412751,2941.727291,2750.450372,2817.499678,2902.013471,2951.664203
2740.000392,2798.273938,2889.002069,2939.337057,2750.412147,2817.500000,2901.409566,2947.764404
2740.000013,2798.267356,2889.002474,2939.390859,2750.395339,2817.500000,2901.416233,2947.829075
2740.000008,2798.264979,2889.005041,2939.692772,2750.383982,2817.500000,2901.443809,2948.267480
2740.619359,2798.276575,2890.422986,2941.656549,2750.388331,2817.499969,2901.722246,2951.433458
2740.369720,2798.261218,2890.722464,2940.079170,2750.367857,2817.499998,2901.869231,2948.753545
2740.000224,2798.239616,2889.000900,2939.448501,2750.328932,2817.500000,2901.449406,2947.876986
2742.801830,2798.295352,2892.775464,2941.909741,2750.492469,2817.496475,2902.759776,2951.556293
2740.947175,2798.263929,2891.771957,2941.076259,2750.365082,2817.499955,2902.161243,2950.230584
2742.956463,2798.301649,2894.501103,2942.155365,2750.505784,2817.440495,2905.377050,2950.669024
2741.081598,2798.253026,2891.522160,2941.841335,2750.344334,2817.499967,2902.050853,2951.714867
2741.141371,2798.253241,2891.877920,2941.788103,2750.329298,2817.499824,2902.189700,2951.597136
2741.537398,2798.260148,2891.705776,2941.761568,2750.352348,2817.499972,2902.422853,2951.492080
2740.646114,2798.225995,2891.422655,2942.149063,2750.247669,2817.499990,2902.343225,2952.317774
2741.851157,2798.263239,2894.742819,2942.044549,2750.281149,2817.499573,2905.376145,2951.641870
2741.059757,2798.209744,2892.033425,2941.826760,2750.221871,2817.499984,2902.315057,2951.535345
2742.995325,2798.254290,2894.691677,2941.834825,2750.357897,2817.498120,2905.457108,2950.626102
2741.185198,2798.193885,2892.816712,2941.953043,2750.171848,2817.497013,2902.817035,2951.709761
2741.333571,2798.188844,2892.536832,2941.831291,2750.178684,2817.499464,2902.504272,2951.470020
2740.001553,2798.144947,2889.806721,2939.608721,2750.108125,2817.500000,2901.815538,2948.116864
2741.829915,2798.190198,2892.373479,2941.943844,2750.204864,2817.487602,2902.482841,2951.709130
2741.396844,2798.171818,2891.427678,2941.777336,2750.158028,2817.499883,2902.158800,2951.375269
2742.121176,2798.186778,2892.677224,2941.859333,2750.200474,2817.499824,2902.671312,2951.494942
2741.557269,2798.167439,2891.291714,2941.831788,2750.151783,2817.494645,2902.132579,2951.460341
2741.139533,2798.158155,2891.034788,2941.845040,2750.123448,2817.498796,2902.035922,2951.493286
2742.713732,2798.194860,2893.187169,2941.989545,2750.235979,2817.498933,2903.223444,2951.644877
2744.226481,2798.213542,2893.662636,2941.644395,2750.436462,2817.497398,2903.814743,2950.555233
2741.166122,2798.142288,2892.191920,2941.972000,2750.048390,2817.499813,2902.569666,2951.633901
2741.079313,2798.134032,2891.909140,2942.022909,2750.036384,2817.500000,2902.443560,2951.741179
2741.493555,2798.136205,2892.256836,2941.930392,2750.062160,2817.499888,2902.506978,2951.544740
2742.261901,2798.159999,2893.042446,2941.786031,2750.115893,2817.499359,2903.073279,2951.199015
2740.777516,2798.106616,2891.045841,2941.837587,2749.976221,2817.499998,2902.089895,2951.330280
2741.705769,2798.114705,2892.426118,2941.976794,2750.023214,2817.499714,2902.658391,2951.590445
2741.259729,2798.099462,2892.149641,2941.945527,2749.961676,2817.499938,2902.460556,2951.504998
2741.038397,2798.092368,2891.581060,2941.895665,2749.943314,2817.499995,2902.298851,2951.414250
2740.715699,2798.099934,2892.560386,2942.000238,2749.920997,2817.499994,2902.931782,2951.554913
2741.428692,2798.105743,2892.705885,2942.021150,2749.961069,2817.499823,2902.880433,2951.628867
2741.406721,2798.080189,2891.650287,2941.797180,2749.943395,2817.499999,2902.278986,2951.222686
2741.370215,2798.083417,2891.783784,2941.840154,2749.943629,2817.499999,2902.362698,2951.295240
2739.006345,2798.042774,2889.443886,2939.991449,2749.821370,2817.500000,2901.816252,2948.440297
2739.000000,2798.038372,2889.791306,2940.039985,2749.809825,2817.500000,2901.838365,2948.498175
2739.080436,2798.035894,2890.893976,2939.950226,2749.795534,2817.500000,2902.179423,2948.453064
2739.193898,2798.039086,2891.347092,2940.000806,2749.797943,2817.499999,2902.288526,2948.503844
2739.021078,2798.024568,2891.304145,2940.141679,2749.750382,2817.499993,2902.323705,2948.656575
2739.036006,2797.699296,2895.567695,2944.197413,2749.716126,2817.500000,2909.739513,2941.565131
2739.110526,2797.701004,2892.654051,2944.168933,2749.713818,2817.500000,2907.558613,2941.541612
2739.189908,2797.709079,2896.935397,2943.917723,2749.716228,2817.499995,2910.655805,2944.954260
2739.106169,2797.968337,2890.001303,2941.793540,2749.611039,2817.500000,2902.028207,2951.040000
2739.094969,2797.969598,2890.005414,2941.673312,2749.614118,2817.500000,2902.017671,2950.856217
2740.295010,2797.931766,2891.621806,2942.369957,2749.539433,2817.499988,2902.489676,2951.957922
2739.011216,2797.906642,2890.205915,2940.376945,2749.481448,2817.500000,2902.131352,2948.827809
2739.087038,2797.892729,2890.001220,2940.486058,2749.452058,2817.500000,2902.092243,2948.947847
2739.014830,2797.889142,2890.002191,2940.430335,2749.438240,2817.500000,2902.123701,2948.891681
2739.032121,2797.887196,2890.001092,2940.470088,2749.436598,2817.500000,2902.102172,2948.926618
2739.000827,2797.898328,2891.009614,2941.711732,2749.415522,2817.499998,2902.379717,2950.743806
2739.598500,2797.914247,2892.212999,2942.231751,2749.434008,2817.499992,2902.704633,2951.562012
2739.000007,2797.863989,2890.003354,2940.507383,2749.377610,2817.500000,2902.153500,2948.962912
2739.283201,2797.883765,2891.941838,2942.986558,2749.371184,2817.499944,2902.722173,2953.171295
2739.028222,2797.858868,2890.000741,2940.502794,2749.363629,2817.500000,2902.152592,2948.947571
2739.000000,2797.847719,2890.003378,2940.623435,2749.336716,2817.500000,2902.175745,2949.109408
2739.005564,2797.831468,2890.001349,2940.555563,2749.291421,2817.500000,2902.195312,2948.982177
2739.015712,2797.828437,2890.001881,2940.598287,2749.288531,2817.500000,2902.203716,2949.057630
2739.630517,2797.845372,2891.526492,2942.549680,2749.451455,2817.499935,2902.538638,2952.129029
2739.482528,2797.850582,2892.246327,2942.991568,2749.315059,2817.492328,2902.756321,2953.055935
2739.338176,2797.845276,2891.490216,2943.297055,2749.399569,2817.499997,2902.717032,2953.964440
2739.009686,2797.802297,2890.001042,2940.717991,2749.233826,2817.500000,2902.228611,2949.178563
2739.000580,2797.801132,2890.002632,2940.705977,2749.223359,2817.500000,2902.238573,2949.168479
2739.023893,2797.792938,2890.482090,2940.672242,2749.208081,2817.500000,2902.398350,2949.194822
2739.000445,2797.798170,2891.025100,2942.321624,2749.158949,2817.500000,2902.523463,2951.604255
2739.130795,2797.790907,2891.196045,2942.656914,2749.147943,2817.500000,2902.579128,2952.180978
2739.043266,2797.786555,2891.532035,2942.232038,2749.131291,2817.500000,2902.655746,2951.401115
2739.058968,2797.764522,2890.001481,2942.083913,2749.120717,2817.500000,2902.303353,2951.158868
2739.190537,2797.384392,2898.065323,2944.451096,2749.098366,2816.499997,2911.402992,2949.929673
2739.048773,2797.467695,2891.360201,2944.446535,2749.082911,2816.500000,2906.497212,2944.461225
2739.021917,2797.472038,2891.262427,2944.053127,2749.060069,2816.500000,2906.442198,2946.963063
2739.000000,2797.332846,2892.394395,2944.650948,2749.027214,2816.500000,2907.497331,2942.355429
2739.134666,2797.320343,2896.181465,2944.830651,2749.030316,2816.499999,2910.388202,2942.587647
2739.000523,2797.452957,2891.343596,2944.499172,2749.013335,2816.500000,2906.487382,2944.989665
2739.046393,2797.397024,2891.744654,2944.576813,2749.007180,2816.499999,2906.891893,2943.440995
2739.108794,2797.422028,2898.173270,2944.451428,2749.009915,2816.499998,2911.355500,2953.356360
2739.020120,2797.334734,2896.759278,2944.801481,2748.992346,2816.500000,2910.767285,2943.258663
2739.859449,2797.373477,2898.801898,2944.426719,2748.999420,2816.496010,2911.438471,2952.181486
2739.027561,2797.433945,2891.078896,2944.294486,2748.945728,2816.500000,2906.233960,2953.164472
2739.490135,2797.276995,2898.092156,2944.712588,2748.894827,2816.499726,2911.559549,2949.439747
2739.034812,2797.405295,2891.286982,2944.478976,2748.870160,2816.500000,2906.468675,2947.689032
2739.024109,2797.278341,2897.530474,2944.859107,2748.845840,2816.500000,2911.270261,2945.546323
2738.230598,2797.375722,2898.282175,2944.405735,2748.819958,2816.500000,2911.449923,2950.269128
2738.000003,2797.316871,2891.884098,2944.774232,2748.789972,2816.500000,2907.058567,2943.741456
2738.004011,2797.179019,2893.960500,2944.977841,2748.777068,2816.500000,2908.895459,2942.707644
2738.080557,2797.237254,2896.415490,2945.073199,2748.776300,2816.500000,2910.616544,2943.015800
2738.003290,2797.275773,2892.132260,2944.898213,2748.733000,2816.500000,2907.300293,2943.247665
2741.140758,2797.629918,2895.535759,2943.243524,2748.894939,2816.497602,2907.123870,2952.371077
2738.130732,2797.198013,2895.371637,2945.197719,2748.716210,2816.500000,2909.961012,2942.770428
2738.011292,2797.197246,2894.813944,2945.219846,2748.700134,2816.500000,2909.554727,2942.241718
2738.007435,2797.175854,2893.871920,2945.218841,2748.667956,2816.500000,2908.839889,2942.317225
2740.190053,2797.605187,2895.939444,2943.537192,2748.755567,2816.495689,2907.644089,2952.820540
2738.594605,2797.160619,2898.184188,2945.039773,2748.590376,2816.499929,2911.739456,2949.299381
2738.321430,2797.235158,2899.003514,2944.804291,2748.555617,2816.499234,2911.666938,2953.557642
2738.157229,2797.146015,2898.896501,2944.943191,2748.494700,2816.499801,2911.855003,2953.728360
2738.171074,2797.159712,2899.009889,2944.878258,2748.497500,2816.499672,2911.765317,2954.057353
2738.011144,2797.106937,2895.632401,2945.340411,2748.476366,2816.500000,2910.242836,2942.732593
2738.095378,2797.133883,2898.151376,2945.129480,2748.476373,2816.500000,2911.762170,2948.854183
2738.007890,2797.123777,2892.412647,2945.154874,2748.447935,2816.500000,2907.646162,2943.855029
2738.000000,2797.213263,2891.510765,2944.852103,2748.429227,2816.500000,2906.760669,2949.939059
2738.000000,2797.239262,2891.307605,2944.847554,2748.394237,2816.500000,2906.551134,2959.496865
2738.121458,2797.426880,2890.802827,2944.012515,2748.354242,2816.500000,2902.878439,2954.298812
2738.122023,2797.421300,2890.913707,2943.887486,2748.339380,2816.500000,2902.905750,2953.962476
2739.029803,2797.462147,2893.943791,2944.302747,2748.369387,2816.499980,2904.442393,2955.151088
2738.006006,2797.036536,2893.181613,2945.540820,2748.273360,2816.500000,2908.337927,2942.626943
2738.002480,2797.131153,2891.840413,2945.237900,2748.269548,2816.500000,2907.114207,2945.596122
2741.823257,2797.444776,2895.492130,2943.808705,2748.552719,2816.420297,2906.829927,2952.404331
2738.000004,2797.123959,2891.935076,2945.425598,2748.245002,2816.500000,2907.203111,2944.394239
2738.000261,2797.071921,2892.263203,2945.375582,2748.236706,2816.500000,2907.514757,2943.670286
2738.001784,2797.073072,2892.205935,2945.354496,2748.236461,2816.500000,2907.477087,2944.220101
2738.000000,2797.075812,2892.067952,2945.342079,2748.207073,2816.500000,2907.306254,2946.118974
2738.055762,2797.021379,2897.570146,2945.535288,2748.205418,2816.500000,2911.544297,2944.948151
2738.017149,2797.013445,2896.714353,2945.645259,2748.201349,2816.500000,2911.014923,2943.531660
2738.000001,2797.015541,2897.337537,2945.597175,2748.177703,2816.500000,2911.408732,2944.282177
2740.030106,2797.414952,2895.643883,2944.087292,2748.270152,2816.498840,2907.272408,2953.507767
2738.000011,2797.057386,2891.887859,2945.346712,2748.141777,2816.500000,2907.203911,2946.807049
2738.121375,2796.989310,2898.645995,2945.435074,2748.107553,2816.500000,2912.123400,2952.296552
2738.025945,2796.974673,2897.246132,2945.698817,2748.098274,2816.500000,2911.385653,2944.184455
2738.011154,2796.977484,2897.442991,2945.670831,2748.089522,2816.500000,2911.506961,2944.749044
2738.003276,2796.943747,2897.366992,2945.639893,2748.086187,2816.500000,2911.531706,2945.342050
2738.000000,2797.012782,2892.119403,2945.447605,2748.060504,2816.500000,2907.448867,2945.670995
2738.000502,2797.019678,2892.151072,2945.532872,2748.048781,2816.500000,2907.444072,2944.465464
2738.278429,2796.960330,2898.279584,2945.572624,2748.059476,2816.499996,2912.018652,2949.081944
2738.558366,2796.957737,2898.783619,2945.521460,2748.038439,2816.499830,2912.187453,2952.441687
2738.558211,2796.957797,2898.783489,2945.521497,2748.038400,2816.499828,2912.187367,2952.441271
2738.000007,2796.921922,2894.000222,2945.770780,2748.001096,2816.489144,2909.059832,2942.439231
2740.027078,2797.338098,2895.748524,2944.801779,2748.057170,2816.480984,2906.960369,2953.748182
2738.036102,2796.878500,2897.675556,2945.826595,2747.890844,2816.500000,2911.784207,2945.702876
2737.566763,2796.988499,2891.633281,2945.371152,2747.825144,2816.499999,2906.961583,2955.616069
2737.649645,2796.988750,2891.633985,2945.370441,2747.826667,2816.499988,2906.962479,2955.680898
2737.056745,2796.884204,2898.830939,2945.709758,2747.796290,2816.500000,2912.303734,2953.361515
2737.028328,2796.895442,2898.662325,2945.727859,2747.794306,2816.500000,2912.213333,2951.809543
2737.004945,2796.912925,2899.478074,2945.582631,2747.753867,2816.499819,2912.206469,2955.353217
2737.023370,2796.841392,2897.167615,2946.074998,2747.746378,2816.500000,2911.449033,2944.219566
2738.172940,2796.898860,2899.483468,2945.590815,2747.789066,2816.499394,2912.240834,2955.151248
2737.064135,2796.827769,2897.439024,2946.049143,2747.739519,2816.500000,2911.627007,2944.538372
2737.000216,2796.869364,2892.738567,2945.896373,2747.733426,2816.499997,2908.023884,2943.095496
2737.705225,2796.875976,2899.427742,2945.630712,2747.755610,2816.500000,2912.275519,2955.172496
2737.783510,2796.882872,2899.446628,2945.646674,2747.743470,2816.498603,2912.284354,2954.698089
2737.288827,2796.918105,2891.745480,2945.554872,2747.652889,2816.500000,2907.104486,2953.640538
2737.000292,2796.790218,2892.557433,2945.923121,2747.621061,2816.500000,2907.938793,2945.085158
2737.000065,2796.851394,2892.355058,2945.949727,2747.593714,2816.500000,2907.715471,2945.244143
2737.000025,2796.785765,2892.971849,2946.097492,2747.552749,2816.500000,2908.258290,2942.334470
2737.000000,2796.784682,2892.766434,2946.056394,2747.533323,2816.500000,2908.098360,2943.949106
2737.002854,2796.706401,2895.379002,2946.362336,2747.505167,2816.500000,2910.289019,2943.453831
2737.215436,2796.742361,2898.695910,2946.115115,2747.495530,2816.499999,2912.424419,2949.154271
2737.000000,2796.759640,2892.728930,2946.091767,2747.469366,2816.500000,2908.106084,2945.125587
2737.010436,2796.684708,2895.760545,2946.408419,2747.438121,2816.500000,2910.580835,2943.055998
2737.006213,2796.684596,2893.931881,2946.305958,2747.428410,2816.500000,2909.197677,2944.272993
2737.000000,2796.686551,2895.130779,2946.394131,2747.424995,2816.500000,2910.156966,2943.718792
2737.003445,2796.767339,2892.456170,2946.048955,2747.424918,2816.500000,2907.879011,2946.398478
2737.005957,2796.708186,2898.826534,2946.222869,2747.405151,2816.499999,2912.502777,2949.289434
2737.038103,2796.838288,2892.183624,2945.832880,2747.417593,2816.486206,2907.547662,2960.490364
2737.000000,2796.753410,2892.447133,2946.154932,2747.380517,2816.500000,2907.849839,2945.868045
2737.017206,2797.015649,2891.586278,2942.848112,2747.361470,2816.500000,2903.625177,2951.414762
2737.026928,2796.648833,2896.418366,2946.550863,2747.320133,2816.500000,2911.089793,2943.632865
2737.000205,2796.653652,2897.129054,2946.517656,2747.312683,2816.500000,2911.594335,2944.385226
2737.000678,2796.661832,2898.214068,2946.264159,2747.293474,2816.500000,2912.303927,2948.584649
2737.000108,2796.646205,2897.421840,2946.699767,2747.286087,2816.500000,2911.785582,2944.606993
2737.032064,2796.606435,2895.424321,2946.573427,2747.267821,2816.500000,2910.460431,2944.501890
2737.171542,2796.756914,2892.145584,2945.695571,2747.274559,2816.500000,2907.598315,2949.371644
2738.562255,2797.074067,2895.304102,2944.908247,2747.347844,2816.499806,2906.086372,2954.678414
2737.081726,2797.032944,2893.816860,2945.746114,2747.260936,2816.499998,2904.613815,2957.931706
2737.025765,2797.002117,2892.580090,2945.489730,2747.242916,2816.499998,2904.028726,2956.373880
2737.008645,2796.989129,2892.021720,2945.691098,2747.235784,2816.500000,2903.781788,2957.650331
2737.282298,2797.002415,2894.000118,2945.183250,2747.215268,2816.500000,2904.564971,2955.400465
2737.002376,2796.572051,2894.683177,2946.627668,2747.162260,2816.500000,2909.840334,2943.271026
2737.000004,2796.674749,2892.445312,2946.411795,2747.116088,2816.499998,2907.885156,2946.336700
2737.054014,2796.639422,2899.791138,2946.334930,2747.110026,2816.499946,2912.747303,2956.015819
2737.063335,2796.614660,2899.343648,2946.446795,2747.104350,2816.499998,2912.816627,2952.491930
2737.000000,2796.611944,2892.685143,2946.562115,2747.024255,2816.500000,2908.098575,2945.921302
2737.000431,2796.546130,2894.009465,2946.709533,2747.012378,2816.499999,2909.316088,2943.788651
2737.001310,2796.536987,2899.248216,2946.517465,2746.982606,2816.500000,2912.890644,2954.092517
2737.125467,2796.591902,2892.713850,2946.660046,2746.975222,2816.499998,2908.181299,2945.983361
2737.914916,2796.923705,2894.501208,2945.517222,2747.002395,2816.499970,2905.299042,2955.845903
2737.010174,2796.505639,2892.932884,2946.660417,2746.933255,2816.500000,2908.437761,2946.138980
2737.000000,2796.626939,2892.208803,2945.406376,2746.918406,2816.500000,2907.694212,2950.412910
2737.036844,2796.570137,2892.570701,2946.454530,2746.883828,2816.500000,2908.084629,2947.632276
2737.000006,2796.479608,2898.226296,2946.725451,2746.871528,2816.499997,2912.522860,2947.755770
2737.000002,2796.607340,2892.244158,2945.936300,2746.869059,2816.500000,2907.741367,2950.935319
2737.000097,2796.813016,2891.059027,2943.425175,2746.873698,2816.500000,2903.723661,2951.933096
2736.015771,2796.459356,2893.403403,2947.015757,2746.803297,2816.500000,2908.821724,2944.229381
2736.132546,2796.523168,2899.454059,2946.478655,2746.798008,2816.499995,2912.936935,2953.061948
2736.202720,2796.565453,2900.024184,2946.145457,2746.814357,2816.499959,2912.801279,2953.278788
2736.027300,2796.522155,2892.736085,2946.821247,2746.763506,2816.500000,2908.238051,2946.341755
2737.315668,2796.479682,2899.979465,2946.386073,2746.809662,2816.487419,2912.923360,2953.539358
2736.000001,2796.489539,2892.838638,2946.779449,2746.744734,2816.500000,2908.347257,2946.618865
2736.000852,2796.423817,2896.949902,2947.159729,2746.735975,2816.500000,2911.632796,2944.210143
2736.000000,2796.561330,2892.289941,2945.576701,2746.738476,2816.500000,2907.802674,2950.534952
2736.000134,2796.512271,2892.683680,2946.836506,2746.728787,2816.500000,2908.177323,2945.785217
2736.820830,2796.498521,2899.996303,2946.582500,2746.742822,2816.499988,2912.935784,2955.007577
2736.405888,2796.501780,2892.721756,2946.844624,2746.718258,2816.497168,2908.212386,2945.850879
2736.001066,2796.509078,2892.662408,2946.887567,2746.690073,2816.500000,2908.163303,2946.221025
2736.189111,2796.502470,2892.679945,2946.958904,2746.670492,2816.500000,2908.182839,2946.149214
2736.000000,2796.525040,2892.296170,2946.640742,2746.648956,2816.500000,2907.815700,2953.090450
2736.223675,2796.488179,2892.754892,2946.932140,2746.641320,2816.500000,2908.245271,2945.659759
2736.020519,2796.414267,2899.308200,2946.863342,2746.625524,2816.500000,2913.048225,2953.618168
2736.000000,2796.515094,2892.414550,2946.305376,2746.622754,2816.500000,2907.954056,2950.504642
2736.033851,2796.409992,2893.038088,2947.021591,2746.600226,2816.500000,2908.571586,2946.050116
2736.013208,2796.384415,2899.289475,2946.977213,2746.564954,2816.500000,2913.082367,2951.876635
2736.000000,2796.335393,2894.965425,2947.200422,2746.560579,2816.500000,2910.193690,2944.697849
2736.000012,2796.439161,2892.490472,2946.725296,2746.477594,2816.500000,2908.050515,2950.960837
2736.027044,2796.343056,2893.279986,2947.203332,2746.473946,2816.500000,2908.806582,2945.682506
2736.028674,2796.345984,2899.495758,2947.022881,2746.446397,2816.500000,2913.203867,2953.729194
2736.005685,2796.388400,2892.880890,2947.243299,2746.419920,2816.499994,2908.430770,2946.332919
2736.000000,2796.427671,2892.466855,2945.894417,2746.411505,2816.500000,2908.032185,2950.833054
2736.000000,2796.414449,2892.485383,2946.262182,2746.383703,2816.500000,2908.046858,2951.333275
2736.000000,2796.412946,2892.485110,2946.127983,2746.381843,2816.500000,2908.055223,2951.017464
2736.097122,2796.299964,2899.358404,2947.085505,2746.365395,2816.499996,2913.234907,2951.446240
2736.000000,2796.391237,2892.504118,2946.276340,2746.316250,2816.500000,2908.078923,2951.835067
2736.002308,2796.257477,2894.143387,2947.445685,2746.268268,2816.500000,2909.586452,2944.552601
2736.000000,2796.294431,2893.212692,2947.357853,2746.251493,2816.500000,2908.756134,2945.384488
2736.051840,2796.237225,2894.635586,2947.499623,2746.245844,2816.500000,2910.038949,2944.711541
2736.000001,2796.314653,2892.849960,2947.307579,2746.223751,2816.500000,2908.418325,2947.770360
2736.023704,2796.237358,2899.013023,2947.508980,2746.199479,2816.500000,2913.101673,2947.931028
2736.001090,2796.195276,2894.763687,2947.581756,2746.177764,2816.500000,2910.171323,2945.440553
2736.018235,2796.241817,2899.657768,2947.330287,2746.132895,2816.500000,2913.374436,2956.765898
2736.000000,2796.258799,2893.146468,2947.465268,2746.124895,2816.500000,2908.700571,2945.292698
2736.000000,2796.304679,2892.625231,2947.122606,2746.131968,2816.500000,2908.198778,2954.605350
2736.000001,2796.302626,2892.516397,2947.156444,2746.096155,2816.500000,2908.128148,2959.561834
2736.000000,2796.258237,2892.902575,2947.362475,2746.080364,2816.500000,2908.534238,2950.055854
2736.032254,2796.548676,2893.332054,2946.808838,2746.093268,2816.500000,2904.848930,2958.486370
2736.007384,2796.598727,2895.054924,2946.685340,2746.089725,2816.499174,2906.026533,2956.821193
2736.000001,2796.224114,2893.110945,2947.546908,2746.024709,2816.499995,2908.710075,2946.634842
2736.252698,2796.209954,2900.348826,2947.360266,2746.026733,2816.488763,2913.446848,2956.618717
2736.000000,2796.260007,2892.748405,2946.907656,2746.002562,2816.500000,2908.386818,2951.019345
2736.443556,2796.207646,2900.331356,2947.419193,2746.006459,2816.499942,2913.506494,2955.189019
2736.000000,2796.210246,2893.241504,2947.603343,2745.986485,2816.500000,2908.821533,2946.241026
2737.180182,2796.164783,2900.387944,2947.437005,2746.009273,2816.498787,2913.539360,2955.479171
2736.000000,2796.183087,2893.204921,2947.630350,2745.935709,2816.500000,2908.812720,2946.833586
2736.978652,2796.180724,2900.395386,2947.448606,2745.961044,2816.485538,2913.511003,2954.845799
2736.000000,2796.160598,2893.446258,2947.708714,2745.919461,2816.500000,2909.017671,2944.734457
2736.000000,2796.166057,2893.110382,2947.611364,2745.903702,2816.500000,2908.759452,2948.426230
2736.000002,2796.213302,2892.729343,2947.451485,2745.896146,2816.500000,2908.361882,2952.835917
2736.001171,2796.091672,2898.741786,2947.900222,2745.871156,2816.500000,2913.090046,2946.978602
2736.285336,2796.092922,2899.950956,2947.680874,2745.880329,2816.499998,2913.692801,2955.301024
2735.000000,2796.179009,2892.793434,2946.509980,2745.787238,2816.500000,2908.455243,2951.384007
2735.123834,2796.061173,2899.470464,2947.722121,2745.780019,2816.499995,2913.554545,2953.169615
2735.000004,2796.040796,2896.617411,2948.188086,2745.767681,2816.500000,2911.688115,2944.843813
2735.000004,2796.136021,2892.990654,2947.595811,2745.732420,2816.500000,2908.657024,2949.303341
2735.000000,2796.160456,2892.795422,2946.835092,2745.734460,2816.500000,2908.464907,2952.310471
2735.296972,2796.126112,2893.055118,2947.835535,2745.710587,2816.500000,2908.701349,2947.519220
2735.233394,2796.077169,2900.064015,2947.544614,2745.703336,2816.500000,2913.715322,2953.463098
2735.000000,2796.065550,2893.540999,2947.922982,2745.675744,2816.500000,2909.158058,2945.654841
2735.000009,2796.063158,2893.201429,2947.744088,2745.670428,2816.500000,2908.831592,2954.352767
2735.317060,2796.106452,2900.551579,2947.726186,2745.655083,2816.499989,2913.656364,2957.783182
2735.027870,2796.013679,2900.080197,2947.887335,2745.601035,2816.499984,2913.825061,2957.746741
2735.000003,2796.017533,2893.593129,2948.008015,2745.595083,2816.500000,2909.228749,2945.787315
2735.000000,2796.081397,2893.009692,2947.935353,2745.558267,2816.500000,2908.679889,2949.919244
2735.000093,2795.914032,2897.954259,2948.447882,2745.435570,2816.500000,2912.726876,2945.877190
2735.092151,2795.925850,2899.823463,2948.159161,2745.431415,2816.499999,2913.875934,2952.881737
2735.245843,2795.948252,2893.723391,2948.189694,2745.417538,2816.499992,2909.401882,2946.660429
2735.107518,2796.002991,2893.063492,2948.053176,2745.369376,2816.500000,2908.774785,2950.718703
2735.009694,2795.959382,2900.669840,2947.997463,2745.353918,2816.500000,2913.869501,2957.600262
2735.221044,2795.876518,2899.804395,2948.280528,2745.338108,2816.499851,2913.926539,2952.658109
2735.996459,2795.893706,2900.708010,2948.106731,2745.336258,2816.499955,2914.013202,2956.630775
2735.012581,2795.959450,2893.207549,2948.199863,2745.278497,2816.500000,2908.935902,2949.709525
2735.000000,2795.952578,2893.238907,2948.285084,2745.257993,2816.500000,2908.941864,2947.841586
2735.000000,2795.957637,2893.033293,2948.005591,2745.251042,2816.500000,2908.760607,2955.089570
2735.010834,2795.905039,2893.471437,2948.339348,2745.202187,2816.500000,2909.206841,2948.210586
2735.000644,2795.824236,2900.336231,2948.338495,2745.171223,2816.500000,2914.167312,2958.310209
2735.000000,2796.152766,2892.601088,2945.376975,2745.181684,2816.500000,2904.943547,2953.941938
2735.444005,2796.199375,2894.690183,2947.108297,2745.190087,2816.500000,2905.708669,2957.149101
2736.572692,2796.235548,2895.668569,2947.207629,2745.224624,2816.499982,2906.470203,2957.394048
2735.000000,2795.899138,2893.208154,2947.796277,2745.101290,2816.500000,2908.984772,2952.105526
2735.000070,2795.872805,2893.395630,2948.432484,2745.085343,2816.500000,2909.146447,2948.773631
2735.007520,2795.729824,2898.768205,2948.727346,2745.024717,2816.499999,2913.487030,2947.769764
2735.000559,2795.746883,2899.298689,2948.693641,2745.020355,2816.500000,2913.779052,2948.805677
2735.271695,2795.830301,2900.980167,2948.392764,2745.011455,2816.499998,2914.137856,2959.102169
2735.145461,2795.763265,2900.647234,2948.533760,2744.971346,2816.500000,2914.290802,2958.042455
2735.000003,2795.707248,2899.901571,2948.696396,2744.931564,2816.500000,2914.175382,2952.775230
2735.000000,2795.719844,2893.835235,2948.630895,2744.922290,2816.500000,2909.637994,2948.503032
2737.133412,2796.205198,2897.543042,2947.647762,2745.035917,2816.498360,2909.489830,2956.701737
2735.025137,2795.854109,2901.095497,2948.509727,2744.897790,2816.499648,2914.125493,2958.718951
2735.025619,2795.755326,2900.998837,2948.526183,2744.877565,2816.486165,2914.216268,2959.168977
2735.021545,2795.683588,2899.650975,2948.796928,2744.861376,2816.500000,2914.088362,2951.321460
2735.068913,2795.680489,2900.238188,2948.728043,2744.850655,2816.500000,2914.331086,2955.556302
2735.000086,2795.762698,2893.603202,2948.703081,2744.851272,2816.500000,2909.387627,2948.526391
2735.000000,2795.795969,2893.247254,2948.475115,2744.852086,2816.500000,2909.040156,2960.110121
2734.000000,2795.770751,2893.519942,2948.702030,2744.814124,2816.500000,2909.300538,2949.128277
2734.000000,2795.786511,2893.266916,2948.500499,2744.813606,2816.500000,2909.067869,2954.220983
2734.344980,2795.778044,2900.949472,2948.586168,2744.804106,2816.499984,2914.251607,2959.412497
2734.000009,2795.725929,2893.753347,2948.817338,2744.756276,2816.500000,2909.512999,2946.339935
2734.000000,2795.760995,2893.344611,2947.693171,2744.751112,2816.500000,2909.165313,2952.404115
2734.000000,2795.645427,2895.139837,2948.969904,2744.744477,2816.500000,2910.780735,2945.637758
2734.031605,2795.634170,2899.872304,2948.860342,2744.745936,2816.499998,2914.255339,2952.825291
2734.061097,2795.716123,2893.573853,2948.747795,2744.733938,2816.500000,2909.402749,2950.695304
2734.000011,2795.703866,2900.629052,2948.735939,2744.703934,2816.499999,2914.335827,2959.684948
2734.059473,2795.673293,2901.037822,2948.716751,2744.674012,2816.499973,2914.378145,2958.966259
2734.219638,2795.715697,2901.011873,2948.696898,2744.681710,2816.500000,2914.302898,2959.932950
2734.000000,2795.655879,2893.857959,2948.858111,2744.652588,2816.500000,2909.648243,2951.670083
2734.000197,2795.707860,2893.459377,2948.795780,2744.641373,2816.500000,2909.290762,2951.891475
2734.089666,2795.629178,2901.031422,2948.887797,2744.551096,2816.500000,2914.517793,2958.733811
2734.041299,2795.566609,2900.338340,2949.046985,2744.537195,2816.500000,2914.517372,2955.028137
2734.294589,2795.564629,2900.531627,2949.036687,2744.532391,2816.499511,2914.575032,2956.155955
2734.477381,2795.528308,2894.861258,2949.143902,2744.514198,2816.500000,2910.617698,2946.949581
2734.000059,2795.577583,2894.061173,2949.061626,2744.516552,2816.500000,2909.895011,2948.031619
2734.078486,2795.565006,2900.593247,2949.061839,2744.488385,2816.499999,2914.589018,2956.094865
2734.000092,2795.646830,2893.350276,2948.778136,2744.470312,2816.499996,2909.203192,2958.979718
2734.043849,2795.590566,2900.043490,2949.146084,2744.466409,2816.499981,2914.352366,2951.742338
2734.001066,2795.599036,2893.785944,2949.073734,2744.438538,2816.500000,2909.649593,2949.929581
2734.027651,2795.507011,2898.009526,2949.417686,2744.418848,2816.499997,2913.123030,2946.655441
2734.000000,2795.633381,2893.415110,2948.850982,2744.425344,2816.500000,2909.284638,2958.034671
2734.000125,2795.515775,2900.433700,2949.124895,2744.402530,2816.500000,2914.601594,2958.241754
2734.046452,2795.500450,2895.495147,2949.331272,2744.399446,2816.500000,2911.155921,2946.216704
2734.000027,2795.610491,2893.562066,2949.023891,2744.392380,2816.500000,2909.434655,2952.829586
2734.001699,2795.556507,2900.451877,2949.003425,2744.382707,2816.475372,2914.524643,2954.373690
2734.000000,2795.515610,2894.452139,2949.253482,2744.372425,2816.500000,2910.257270,2946.880062
2734.285403,2795.550360,2901.202818,2949.023630,2744.346721,2816.499980,2914.587733,2958.934666
2734.106438,2795.485941,2900.623845,2949.216822,2744.330988,2816.499989,2914.716002,2957.502856
2734.094869,2795.603064,2900.583853,2949.110716,2744.332944,2816.499954,2914.486984,2960.560671
2734.005587,2795.584833,2893.599482,2949.093770,2744.315789,2816.499984,2909.475330,2952.181216
2734.000000,2795.494186,2894.400518,2949.321922,2744.287545,2816.500000,2910.235354,2947.023308
2734.000278,2795.469945,2895.083068,2949.411806,2744.265460,2816.500000,2910.830604,2945.919662
2734.006309,2795.528772,2893.963302,2949.314848,2744.248362,2816.499999,2909.819762,2948.495338
2734.000000,2795.438739,2894.545512,2949.446447,2744.195137,2816.500000,2910.376168,2946.646425
2734.005747,2795.469881,2900.687885,2949.291127,2744.192798,2816.500000,2914.718259,2960.119476
2734.045756,2795.403125,2900.657085,2949.433639,2744.123070,2816.500000,2914.846422,2957.260748
2734.000309,2795.491101,2893.730696,2949.333396,2744.105246,2816.500000,2909.650780,2953.489035
2734.368482,2795.467162,2901.357255,2949.288710,2744.106071,2816.499992,2914.747228,2958.848181
2734.500907,2795.421048,2901.319241,2949.338056,2744.092165,2816.499961,2914.838758,2958.152119
2734.000038,2795.487761,2893.679065,2949.274049,2744.089307,2816.500000,2909.606896,2953.921014
2734.000000,2795.444375,2893.985055,2949.519678,2744.036728,2816.500000,2909.879053,2948.510855
2734.000199,2795.448598,2893.985411,2949.477598,2744.041499,2816.500000,2909.892738,2949.917272
2734.000000,2795.452925,2893.974618,2949.512315,2744.037839,2816.500000,2909.866987,2949.025540
2734.000001,2795.374470,2894.626808,2949.642256,2744.009098,2816.500000,2910.480731,2946.703256
2734.000000,2795.417796,2894.219416,2949.600790,2744.006132,2816.499997,2910.092798,2947.536316
2734.000000,2795.433747,2894.005128,2949.545576,2744.005416,2816.500000,2909.911985,2949.546803
2734.087637,2795.413408,2901.264373,2949.433361,2744.002490,2816.499967,2914.852238,2960.967984
2736.964406,2795.814400,2897.804264,2948.837256,2744.117996,2816.412370,2909.665375,2957.161128
2734.000000,2795.429257,2893.875454,2949.567285,2743.947540,2816.500000,2909.794203,2951.323210
2734.000000,2795.411725,2894.059954,2949.629379,2743.943759,2816.500000,2909.963127,2948.505720
2734.000000,2795.395033,2893.893527,2949.619944,2743.867677,2816.500000,2909.840200,2952.691420
2734.004458,2795.391141,2893.681621,2949.445198,2743.855318,2816.500000,2909.618611,2964.381295
2734.000000,2795.326580,2894.471916,2949.769301,2743.837923,2816.500000,2910.393974,2948.240896
2733.154408,2795.260315,2900.060006,2949.879901,2743.768061,2816.500000,2914.754097,2952.092610
2733.000000,2795.339079,2894.040434,2949.710259,2743.753903,2816.500000,2909.976018,2954.717672
2733.000013,2795.358164,2893.846637,2949.471862,2743.750305,2816.500000,2909.802241,2956.419670
2733.352401,2795.303581,2901.154024,2949.715675,2743.745855,2816.500000,2915.079786,2958.775095
2733.000000,2795.354099,2893.845761,2949.606595,2743.726061,2816.500000,2909.846874,2960.690512
2733.000000,2795.344415,2893.798579,2949.575630,2743.704883,2816.500000,2909.781722,2958.089914
2733.000002,2795.221574,2895.252973,2949.986859,2743.692326,2816.500000,2911.108287,2947.344871
2733.000001,2795.289848,2894.297668,2949.881735,2743.688009,2816.500000,2910.243929,2948.615841
2733.000000,2795.252844,2894.568241,2949.885143,2743.676970,2816.500000,2910.506083,2950.959584
2733.256863,2795.308824,2901.544462,2949.710569,2743.646252,2816.499979,2915.009910,2960.026108
2733.000019,2795.201159,2895.418386,2950.056601,2743.626864,2816.500000,2911.252063,2947.835433
2733.480116,2795.272225,2901.595279,2949.750417,2743.631507,2816.500000,2915.078506,2959.499680
2733.126499,2795.225578,2901.090846,2949.930903,2743.606075,2816.500000,2915.203353,2958.366671
2733.535685,2795.332153,2901.791326,2949.817266,2743.557580,2816.499991,2915.028343,2959.805468
2733.000000,2795.239103,2894.336782,2950.065219,2743.520759,2816.500000,2910.291877,2948.452543
2733.000037,2795.129231,2898.835840,2950.397975,2743.436378,2816.499996,2913.991505,2948.950397
2733.299177,2795.223312,2901.776722,2949.926674,2743.450873,2816.499993,2915.173128,2959.610050
2733.067208,2795.136749,2901.145823,2950.175394,2743.400401,2816.499996,2915.330163,2956.408460
2733.029873,2795.091780,2899.134802,2950.395194,2743.384655,2816.500000,2914.267795,2948.690568
2733.282023,2795.228439,2901.753262,2949.979868,2743.398083,2816.499983,2915.197805,2959.366702
2733.299337,2795.099204,2900.756056,2950.277233,2743.352713,2816.499978,2915.252386,2954.277360
2733.017683,2795.095280,2900.933376,2950.234907,2743.341793,2816.500000,2915.347660,2956.723734
2733.010854,2795.093479,2901.086073,2950.265816,2743.308468,2816.500000,2915.380299,2956.938894
2733.020562,2795.047972,2898.938552,2950.540032,2743.273780,2816.500000,2914.149307,2948.435508
2733.077886,2795.197292,2901.779230,2950.101971,2743.291013,2816.499988,2915.264945,2960.192046
2733.000985,2795.122194,2894.466621,2950.326791,2743.231867,2816.500000,2910.486396,2949.801547
2733.000000,2795.108424,2894.578388,2950.376528,2743.225409,2816.500000,2910.583135,2948.232955
2733.000004,2795.132917,2894.300623,2950.309105,2743.209786,2816.500000,2910.338470,2951.995861
2733.543744,2795.095973,2901.808748,2950.303190,2743.187996,2816.499944,2915.430580,2958.342637
2733.061229,2795.029740,2901.496165,2950.363688,2743.144023,2816.500000,2915.562155,2961.115159
2733.000019,2795.053784,2901.434734,2950.341518,2743.139390,2816.500000,2915.501341,2962.484984
2733.024180,2795.128264,2901.871486,2950.287203,2743.143066,2816.499999,2915.383570,2962.331087
2733.002279,2795.085015,2901.884904,2950.274749,2743.129902,2816.499999,2915.400957,2961.248640
2733.011621,2794.988405,2901.001451,2950.513098,2743.084690,2816.500000,2915.500716,2956.393868
2733.000000,2795.042853,2894.624906,2950.470483,2743.075682,2816.500000,2910.686718,2950.735031
2733.000113,2795.051460,2894.591475,2950.512282,2743.067902,2816.500000,2910.633220,2949.376674
2733.000003,2795.079483,2894.235950,2950.338348,2743.066624,2816.500000,2910.316586,2954.852332
2733.000000,2794.988080,2895.138246,2950.619579,2743.039913,2816.500000,2911.128596,2947.976565
2733.000001,2795.053631,2894.529014,2950.540070,2743.042656,2816.500000,2910.565084,2949.146315
2733.000000,2795.033625,2894.466361,2950.498557,2743.013470,2816.500000,2910.558256,2953.298118
2733.011958,2794.940209,2900.893876,2950.622473,2742.984460,2816.499998,2915.530296,2956.444696
2733.087953,2794.950411,2900.702475,2950.659114,2742.976597,2816.500000,2915.375677,2954.225243
2733.078013,2794.936632,2900.597151,2950.662084,2742.963674,2816.499997,2915.376374,2954.960544
2733.000000,2795.011810,2894.319417,2950.527468,2742.885370,2816.500000,2910.434801,2955.669523
2733.030077,2794.930106,2901.434231,2950.718796,2742.857135,2816.500000,2915.707330,2957.760995
2733.000105,2794.894851,2895.509457,2950.852224,2742.839329,2816.500000,2911.512573,2947.675160
2733.011714,2795.306828,2901.965488,2950.405939,2742.852825,2816.500000,2915.080390,2961.369923
2732.000000,2794.956612,2894.472203,2950.746838,2742.745858,2816.500000,2910.578328,2952.790657
2732.000413,2794.882827,2901.300528,2950.755454,2742.727942,2816.500000,2915.658940,2962.306071
2732.000003,2794.908136,2894.788071,2950.854477,2742.714538,2816.499999,2910.886256,2949.681841
2732.000061,2794.937795,2894.477509,2950.746566,2742.701160,2816.500000,2910.607899,2954.031680
2732.004116,2794.940601,2902.183169,2950.763114,2742.659510,2816.499989,2915.718488,2962.186838
2732.009047,2794.810095,2895.547694,2951.007627,2742.641054,2816.500000,2911.607169,2948.733273
2732.004116,2794.774002,2895.886442,2951.068024,2742.614255,2816.500000,2911.903750,2948.405129
2732.000071,2794.787031,2895.618218,2951.052136,2742.603899,2816.500000,2911.692388,2948.937926
2732.000132,2794.846975,2895.022527,2951.013228,2742.580758,2816.500000,2911.125753,2949.350087
2732.000042,2794.839276,2894.869754,2950.972526,2742.565988,2816.500000,2911.017092,2951.295053
2732.103481,2794.748379,2899.005758,2951.324468,2742.526539,2816.499998,2914.420724,2948.494966
2732.002298,2794.815865,2895.035374,2951.048932,2742.523957,2816.500000,2911.160473,2950.211580
2732.005575,2794.870890,2894.595609,2950.450999,2742.526530,2816.500000,2910.768091,2954.051092
2732.001191,2794.743608,2895.572212,2951.162556,2742.479025,2816.500000,2911.671051,2949.378800
2732.003077,2794.767431,2895.069660,2951.120002,2742.439252,2816.500000,2911.234677,2950.517369
2732.000000,2794.815359,2894.832018,2951.122703,2742.438515,2816.500000,2910.967468,2950.529715
2732.323542,2794.837659,2902.170697,2950.958980,2742.430666,2816.499970,2915.889486,2959.481468
2732.000000,2794.736953,2895.647728,2951.291733,2742.393618,2816.500000,2911.713707,2947.826924
2732.000000,2794.773261,2894.923637,2951.171259,2742.379902,2816.500000,2911.082691,2952.472603
2732.000000,2794.770703,2895.130814,2951.212215,2742.381257,2816.500000,2911.263234,2949.720153
2732.324658,2794.772031,2902.124322,2951.141069,2742.355809,2816.499988,2916.056451,2958.555565
2732.007718,2794.683420,2899.234550,2951.515512,2742.322845,2816.500000,2914.652453,2949.589886
2732.076075,2794.776129,2894.535959,2950.979507,2742.305104,2816.500000,2910.743625,2960.101795
2732.001040,2794.704203,2895.482367,2951.310666,2742.286270,2816.500000,2911.633927,2949.976474
2732.000000,2794.763032,2894.641836,2951.108322,2742.255677,2816.500000,2910.874822,2961.443974
2732.000000,2794.751048,2894.697022,2951.192456,2742.240861,2816.500000,2910.902115,2954.829933
2732.164787,2794.647472,2899.916269,2951.579744,2742.219609,2816.499773,2915.168650,2949.587728
2732.000000,2794.691831,2895.169721,2951.383160,2742.195002,2816.500000,2911.344694,2950.549295
2732.126168,2794.685020,2895.279973,2951.403755,2742.189510,2816.500000,2911.436571,2951.093125
2732.005485,2794.695307,2895.073094,2951.419427,2742.172849,2816.499997,2911.244528,2949.899364
2732.000000,2794.713516,2894.954113,2951.411440,2742.161761,2816.500000,2911.123961,2950.335819
2732.028278,2794.728803,2902.335486,2951.258867,2742.168099,2816.499996,2916.091178,2960.976747
2732.000040,2794.628027,2895.623939,2951.498195,2742.141841,2816.499995,2911.781124,2949.579017
2732.000000,2794.683092,2894.966394,2951.417978,2742.105145,2816.500000,2911.154162,2953.728686
2732.000000,2794.700612,2894.644926,2951.202323,2742.102370,2816.500000,2910.884604,2960.933908
2732.191953,2794.601482,2901.737526,2951.497124,2742.081132,2816.497652,2916.232263,2958.633563
2732.000000,2794.683123,2894.737630,2951.303121,2742.059343,2816.500000,2910.996612,2959.044043
2732.000046,2794.676348,2894.782515,2951.354948,2742.054327,2816.500000,2911.017687,2955.976115
2732.000000,2794.656847,2894.936502,2951.444958,2742.038014,2816.500000,2911.148169,2956.910131
2732.056427,2794.693340,2902.491545,2951.392144,2742.022090,2816.500000,2916.169121,2961.993139
2732.000000,2794.658503,2894.823222,2951.435881,2742.012480,2816.500000,2911.064935,2955.213269
2732.000000,2794.633833,2894.796708,2951.408984,2741.943405,2816.500000,2911.052347,2956.345092
2732.002950,2795.042747,2902.839560,2951.353142,2741.949958,2816.500000,2915.743584,2963.460986
2732.005464,2794.944268,2902.410857,2951.246522,2741.938778,2816.500000,2915.703340,2961.244348
2732.000002,2794.532655,2894.871359,2951.518990,2741.889878,2815.500000,2911.142225,2955.477679
2732.044115,2794.936450,2903.022308,2951.470933,2741.888269,2815.500000,2915.872842,2963.379881
2732.000043,2794.412093,2901.478249,2951.782391,2741.854639,2815.500000,2916.230249,2954.681276
2732.000000,2794.516135,2894.878290,2951.519617,2741.849913,2815.500000,2911.154407,2955.469297
2732.000304,2794.502296,2902.538467,2951.552314,2741.846720,2815.500000,2916.286900,2962.476501
2731.000000,2794.474294,2894.933804,2951.635733,2741.730844,2815.500000,2911.218361,2957.825687
2731.000000,2794.460342,2894.964675,2951.682609,2741.687276,2815.500000,2911.288073,2961.476599
2731.000000,2794.352167,2896.202851,2951.988658,2741.676515,2815.500000,2912.353344,2950.293865
2731.102932,2794.311902,2902.124462,2951.946520,2741.558728,2815.500000,2916.562827,2961.025260
2731.055342,2794.465759,2902.732319,2951.870990,2741.531050,2815.499999,2916.417780,2960.523327
2731.072239,2794.308186,2902.342741,2951.967293,2741.524804,2815.499868,2916.602766,2960.072062
2731.003332,2794.240001,2899.495434,2952.271712,2741.501362,2815.500000,2915.147059,2950.557818
2731.000000,2794.332334,2895.434493,2952.088803,2741.470133,2815.500000,2911.718491,2952.655960
2731.000000,2794.362408,2895.065749,2951.905857,2741.447483,2815.500000,2911.426087,2959.687517
2731.000082,2794.213941,2896.735541,2952.279326,2741.426538,2815.500000,2912.907097,2949.948007
2731.000000,2794.347124,2895.108035,2951.941899,2741.420786,2815.500000,2911.446588,2955.754547
2731.000000,2794.289677,2895.624845,2952.170845,2741.415434,2815.500000,2911.926200,2951.154165
2731.131239,2794.305716,2895.471886,2952.162497,2741.412618,2815.496487,2911.776117,2951.557974
2731.000000,2794.203473,2896.101175,2952.264276,2741.374420,2815.500000,2912.384318,2950.290425
2731.000004,2794.259025,2895.579433,2952.191027,2741.365550,2815.500000,2911.912262,2952.512200
2731.000000,2794.278112,2895.549204,2952.215375,2741.363272,2815.500000,2911.859260,2951.421070
2731.000000,2794.246653,2895.561087,2952.257735,2741.287252,2815.500000,2911.880104,2954.746971
2731.000001,2794.165524,2901.453690,2952.361491,2741.261313,2815.499988,2916.525824,2956.037851
2731.000001,2794.273515,2895.239326,2952.189683,2741.248364,2815.500000,2911.603798,2955.652973
2731.000033,2794.276868,2895.162824,2952.096628,2741.244120,2815.500000,2911.537077,2957.552844
2731.000017,2794.275056,2895.149775,2952.106257,2741.237883,2815.500000,2911.528910,2959.163914
2731.000000,2794.262711,2895.253928,2952.183736,2741.222901,2815.500000,2911.613332,2956.443340
2731.000003,2794.243675,2895.467705,2952.302022,2741.220154,2815.500000,2911.796868,2954.506508
2731.010747,2794.236471,2895.456597,2952.355479,2741.186646,2815.500000,2911.803631,2953.005889
2731.000000,2794.148596,2895.967687,2952.513177,2741.137768,2815.499997,2912.285662,2950.482525
2731.000000,2794.174369,2895.757287,2952.478524,2741.122010,2815.500000,2912.094442,2951.321350
2731.000000,2794.143367,2895.941584,2952.492320,2741.107122,2815.500000,2912.284563,2951.171352
2731.000000,2794.164248,2895.585410,2952.469765,2741.071380,2815.500000,2911.974118,2953.523469
2731.000000,2794.203609,2895.309524,2952.311714,2741.067681,2815.500000,2911.703485,2955.798764
2731.000000,2794.094848,2896.279134,2952.630625,2741.043771,2815.499952,2912.579399,2949.747284
2731.000000,2794.175294,2895.369685,2952.451592,2741.011182,2815.500000,2911.776046,2957.074334
2731.005107,2794.120876,2901.327603,2952.478898,2740.997818,2815.499992,2916.409804,2963.272781
2731.032273,2794.133728,2902.954072,2952.478799,2740.980242,2815.500000,2916.922970,2961.525781
2731.000669,2794.162548,2895.255693,2952.350484,2740.967987,2815.500000,2911.683025,2962.335423
2731.081289,2794.161433,2895.205132,2952.322593,2740.965502,2815.499964,2911.618994,2962.626481
2731.000032,2794.156929,2895.443539,2952.540362,2740.963681,2815.500000,2911.838546,2954.882735
2731.000000,2794.158753,2895.365819,2952.447525,2740.951829,2815.500000,2911.781691,2956.848256
2731.035149,2794.001825,2902.335087,2952.679909,2740.873255,2815.500000,2917.093666,2962.373385
2731.000002,2794.088820,2895.756036,2952.704216,2740.873335,2815.500000,2912.148834,2952.491953
2731.000000,2794.123728,2895.362555,2952.482878,2740.871880,2815.500000,2911.796176,2958.339190
2731.000016,2794.113927,2895.526789,2952.667234,2740.861048,2815.500000,2911.931562,2954.593309
2730.000000,2794.083394,2895.728866,2952.734321,2740.808225,2815.500000,2912.124845,2953.098351
2730.000021,2794.003277,2895.952347,2952.839132,2740.730936,2815.495839,2912.374503,2952.569916
2730.632879,2794.079827,2903.159400,2952.696449,2740.722998,2815.499953,2917.067480,2960.552926
2730.000000,2794.024353,2896.044240,2952.909708,2740.698084,2815.499998,2912.410152,2950.501892
2730.005919,2794.052058,2895.627407,2952.814216,2740.692651,2815.500000,2912.063363,2955.229698
2730.024695,2793.927283,2902.227309,2952.895251,2740.666899,2815.500000,2917.166096,2960.965680
2730.000000,2794.006040,2895.796678,2952.795357,2740.656534,2815.500000,2912.216212,2957.915762
2730.000000,2793.933911,2896.130522,2952.915944,2740.655187,2815.500000,2912.565247,2952.091381
2730.885963,2794.114298,2903.302533,2952.761928,2740.688374,2815.497656,2917.057962,2960.700302
2730.658427,2794.060564,2903.169494,2952.736761,2740.652951,2815.499881,2917.077883,2962.307873
2730.000084,2793.973930,2896.215766,2952.980642,2740.628975,2815.500000,2912.603011,2951.353445
2730.193174,2793.894883,2902.452801,2953.003752,2740.557858,2815.500000,2917.270858,2961.093607
2730.000000,2793.994897,2895.669529,2952.951054,2740.551263,2815.500000,2912.126262,2955.455494
2730.000000,2793.925494,2896.112752,2953.034513,2740.544845,2815.500000,2912.533159,2954.081962
2730.002539,2793.930234,2896.007531,2953.026663,2740.523564,2815.500000,2912.474461,2953.385326
2730.000000,2793.988594,2895.577645,2952.854943,2740.515109,2815.500000,2912.088424,2963.881559
2730.000000,2793.981505,2895.625135,2952.899356,2740.501914,2815.500000,2912.127214,2960.901744
2730.358969,2793.962291,2903.354541,2952.954866,2740.471388,2815.499999,2917.249920,2961.918677
2730.000600,2793.836894,2899.713533,2953.388097,2740.449471,2815.500000,2915.573481,2950.127151
2730.307984,2793.843454,2902.155507,2953.171084,2740.450095,2815.499948,2917.209007,2957.568080
2730.122306,2793.968764,2903.334190,2952.922445,2740.451624,2815.500000,2917.220524,2962.665866
2730.000000,2793.943917,2895.634471,2952.971193,2740.403546,2815.500000,2912.166243,2967.500000
2730.019591,2793.798468,2902.499066,2953.219439,2740.349920,2815.500000,2917.417661,2961.569955
2730.000000,2793.915210,2895.743975,2952.091066,2740.343108,2815.500000,2912.259648,2956.265660
2730.000000,2793.895648,2895.735298,2953.080288,2740.298729,2815.500000,2912.244483,2956.183115
2730.000028,2793.886598,2895.759886,2953.155961,2740.277768,2815.500000,2912.273425,2956.510648
2730.184591,2793.861145,2903.358470,2953.205360,2740.275884,2815.500000,2917.426050,2960.638447
2730.000000,2793.850555,2895.850707,2953.308696,2740.193400,2815.500000,2912.366949,2956.244117
2730.000000,2793.832485,2895.833317,2953.306482,2740.151711,2815.500000,2912.369682,2957.359664
2730.000038,2793.758405,2896.461118,2953.489896,2740.135995,2815.499986,2912.944554,2952.108141
2730.114166,2793.793744,2903.391157,2953.399870,2740.108558,2815.500000,2917.573300,2961.159098
2730.000000,2793.810691,2895.849838,2953.299868,2740.090078,2815.500000,2912.392629,2956.337267
2730.000000,2793.799709,2895.901375,2952.390245,2740.058853,2815.500000,2912.461871,2956.527350
2730.000000,2793.730995,2896.308590,2953.595114,2739.989140,2815.500000,2912.833733,2953.366959
2730.000000,2793.750607,2896.046221,2953.530294,2739.985604,2815.500000,2912.603437,2956.049043
2730.000006,2793.675068,2896.544524,2953.526578,2739.973998,2815.500000,2913.003555,2960.084679
2730.011159,2793.761450,2903.607073,2953.463938,2739.964185,2815.500000,2917.566726,2965.272275
2730.248140,2793.683676,2896.384109,2953.571473,2739.956477,2815.500000,2912.889174,2959.193395
2730.470349,2794.201648,2903.946178,2953.333277,2739.971966,2815.499995,2917.129302,2963.577476
2730.000000,2793.690102,2896.431000,2953.661419,2739.929699,2815.500000,2912.967404,2953.196504
2730.019004,2793.758497,2903.565300,2953.502892,2739.899816,2815.499936,2917.632213,2962.427694
2730.000000,2793.729544,2895.978030,2953.539527,2739.883290,2815.500000,2912.572805,2960.026427
2730.000000,2793.718354,2896.000112,2953.568926,2739.869560,2815.500000,2912.572144,2956.848522
2730.000462,2793.601662,2899.643141,2953.935235,2739.869670,2815.500000,2915.663546,2953.453956
2729.000028,2793.703990,2896.038700,2953.670819,2739.809634,2815.500000,2912.613128,2956.458225
2729.429743,2793.593850,2902.515128,2953.865394,2739.758427,2815.499966,2917.666310,2957.759462
2729.000007,2793.672187,2896.022470,2953.652170,2739.727597,2815.500000,2912.623331,2956.945554
2729.006228,2793.581695,2896.899538,2953.940634,2739.709134,2815.500000,2913.419142,2951.960851
2729.010002,2793.634198,2896.374481,2953.861074,2739.700640,2815.499701,2912.941786,2953.665097
2729.000051,2793.608940,2896.449728,2953.873908,2739.686236,2815.500000,2913.022840,2953.791003
2729.000001,2793.607016,2896.594967,2953.924216,2739.684796,2815.500000,2913.131830,2952.034695
2729.000000,2793.624929,2896.211771,2953.829436,2739.654537,2815.500000,2912.788866,2958.660148
2729.000000,2793.643322,2896.048428,2953.737926,2739.653438,2815.500000,2912.662887,2958.847795
2729.067604,2793.626637,2903.470121,2953.776506,2739.636368,2815.500000,2917.822739,2962.753798
2729.000000,2793.635787,2896.091129,2953.774377,2739.636416,2815.500000,2912.727791,2962.028636
2729.000307,2793.604198,2896.366821,2953.935163,2739.625676,2815.500000,2912.945352,2953.878863
2729.000000,2793.516568,2897.372372,2954.090264,2739.593355,2815.499993,2913.854705,2951.626887
2729.002860,2793.618950,2896.002045,2953.746327,2739.598173,2815.500000,2912.642517,2961.895342
2729.000000,2793.616212,2896.156864,2952.824425,2739.591520,2815.500000,2912.786761,2956.902153
2729.000000,2793.604374,2896.110016,2953.834278,2739.556413,2815.500000,2912.765456,2963.150509
2729.000000,2793.537748,2896.646930,2954.034909,2739.531030,2815.500000,2913.222196,2955.137527
2729.000000,2793.554422,2896.522716,2954.048896,2739.523149,2815.500000,2913.094573,2954.507870
2729.084538,2793.728944,2903.861463,2953.836597,2739.540370,2815.500000,2917.712196,2965.384769
2729.000002,2793.488965,2898.122583,2954.125506,2739.503054,2815.500000,2914.486294,2957.069905
2729.000000,2793.581911,2896.173964,2953.916086,2739.507294,2815.500000,2912.803253,2957.195334
2729.000000,2793.574785,2896.166118,2953.886038,2739.502749,2815.500000,2912.784052,2959.682235
2729.000005,2793.540457,2896.502535,2954.074798,2739.490334,2815.500000,2913.086762,2954.817085
2729.000000,2793.575312,2896.148450,2953.910795,2739.484350,2815.500000,2912.817757,2965.342988
2729.043336,2793.576779,2903.491038,2953.987013,2739.462243,2815.499976,2917.903404,2963.704737
2729.744952,2793.565542,2896.030560,2953.875114,2739.467190,2815.493065,2912.684113,2962.638604
2729.000013,2793.490010,2896.568702,2954.092545,2739.410824,2815.500000,2913.174827,2957.424299
2729.000002,2793.503048,2896.344024,2954.067953,2739.354721,2815.500000,2912.969641,2961.796084
2729.000000,2793.511720,2896.268011,2954.096544,2739.334302,2815.500000,2912.922806,2957.773494
2729.000000,2793.510244,2896.259247,2954.097050,2739.329739,2815.500000,2912.916237,2958.228812
2729.017010,2793.852832,2903.674805,2953.817608,2739.323878,2815.500000,2917.488583,2963.442794
2729.000000,2793.471729,2896.434927,2954.139129,2739.306729,2815.500000,2913.071102,2963.367120
2729.000000,2793.493271,2896.304564,2954.118688,2739.299591,2815.500000,2912.957669,2959.823085
2729.000002,2793.530275,2903.847752,2953.960393,2739.283700,2815.500000,2917.934551,2963.423407
2729.000000,2793.490419,2896.272625,2954.129163,2739.282839,2815.500000,2912.940024,2958.223642
2729.000000,2793.486096,2896.313323,2954.161305,2739.275657,2815.500000,2912.978025,2957.185027
2729.000000,2793.470018,2896.334932,2954.165957,2739.266592,2815.500000,2912.988133,2961.908681
2729.000000,2793.481519,2896.269334,2954.133869,2739.254721,2815.500000,2912.942568,2958.457445
2729.000000,2793.455131,2896.431456,2954.219118,2739.248211,2815.500000,2913.082046,2960.366177
2729.000000,2793.476417,2896.284080,2954.161954,2739.241002,2815.500000,2912.990927,2963.959144
2729.000341,2793.521961,2903.885351,2953.983847,2739.227205,2815.500000,2917.946484,2963.227085
2729.000000,2793.463467,2896.242055,2954.134752,2739.211528,2815.500000,2912.932181,2960.901194
2729.000000,2793.449183,2896.369218,2954.247800,2739.190116,2815.500000,2913.044901,2957.242636
2729.000000,2793.367052,2896.836770,2954.281307,2739.184003,2815.500000,2913.449725,2962.321900
2729.000000,2793.451002,2896.374574,2953.320926,2739.186315,2815.500000,2913.069923,2957.302338
2729.000000,2793.445596,2896.382959,2953.286073,2739.170013,2815.500000,2913.080259,2957.323841
2729.002134,2793.466020,2903.733112,2954.143449,2739.166849,2815.500000,2918.018517,2965.030521
2729.537855,2793.364860,2896.901316,2954.503778,2739.107460,2815.500000,2913.543133,2954.577096
2729.000004,2793.304289,2897.208211,2954.668116,2738.988858,2815.499999,2913.846730,2952.852634
2729.014739,2793.285241,2901.739016,2954.853890,2738.983203,2815.500000,2917.454673,2953.038400
2729.000009,2793.347643,2896.706621,2954.606709,2738.972549,2815.500000,2913.382677,2954.563316
2729.000000,2793.315568,2896.803337,2954.598341,2738.970098,2815.500000,2913.507269,2955.154005
2729.000156,2793.243484,2897.880906,2954.771092,2738.940320,2815.500000,2914.441052,2952.576657
2729.000000,2793.344608,2896.525526,2954.551424,2738.918156,2815.500000,2913.267609,2966.719775
2729.000000,2793.343566,2896.500544,2954.480505,2738.917123,2815.500000,2913.239425,2959.483073
2729.000000,2793.306588,2896.840252,2954.703680,2738.894409,2815.500000,2913.523158,2954.119124
2729.000001,2793.233404,2900.251428,2954.930726,2738.894538,2815.500000,2916.415362,2954.159510
2729.020664,2793.341940,2904.189779,2954.583828,2738.877331,2815.500000,2918.316618,2967.633194
2728.003213,2793.285238,2896.592340,2954.688622,2738.765899,2815.500000,2913.335574,2957.757117
2728.000000,2793.264871,2896.728505,2954.845934,2738.712082,2815.500000,2913.440005,2955.126027
2728.000000,2793.267031,2896.609588,2954.721889,2738.710737,2815.500000,2913.381416,2963.085570
2728.000000,2793.242856,2896.659451,2954.827858,2738.658441,2815.499999,2913.412775,2957.462667
2728.000511,2793.140195,2897.829892,2955.071503,2738.619419,2815.500000,2914.490224,2953.080493
2728.000000,2793.199694,2896.838942,2954.955654,2738.595556,2815.499234,2913.580440,2955.393353
2728.000000,2793.190694,2896.970725,2954.992576,2738.586303,2815.499992,2913.700989,2954.265601
2728.000001,2793.202833,2896.827627,2954.934616,2738.587846,2815.500000,2913.579155,2956.303828
2728.000000,2793.218598,2896.690405,2953.878754,2738.592909,2815.500000,2913.478115,2957.817878
2728.000000,2793.124591,2897.316660,2955.047175,2738.575784,2815.485050,2914.030902,2953.827114
2728.000000,2793.180444,2896.918436,2954.979832,2738.568253,2815.499651,2913.676133,2955.806492
2728.000003,2793.195548,2896.759867,2954.971615,2738.543002,2815.500000,2913.520462,2956.858667
2728.000010,2793.140862,2897.076896,2955.051631,2738.518263,2815.500000,2913.837044,2955.128448
2728.000000,2793.186037,2896.711076,2954.901385,2738.513844,2815.500000,2913.513633,2960.703818
2728.000000,2793.131594,2897.170112,2955.100718,2738.492543,2815.499806,2913.908466,2954.377202
2728.000000,2793.179405,2896.744368,2953.984722,2738.495816,2815.500000,2913.547232,2957.906765
2728.000000,2793.136443,2897.084584,2955.095563,2738.465476,2815.500000,2913.840014,2955.034327
2728.002975,2793.151611,2896.960877,2955.070252,2738.466323,2815.500000,2913.735575,2956.082528
2728.000001,2793.131303,2897.175545,2955.141622,2738.460615,2815.500000,2913.911612,2954.056360
2728.000068,2793.154556,2896.746892,2954.980242,2738.433639,2815.500000,2913.545892,2957.680319
2728.000000,2793.090950,2897.238811,2955.187117,2738.407992,2815.500000,2913.994879,2954.491809
2728.000000,2793.131089,2896.802883,2955.070167,2738.379768,2815.500000,2913.604201,2957.929005
2728.000000,2793.092147,2896.927632,2955.236010,2738.288835,2815.500000,2913.731966,2957.433191
2728.031698,2793.018462,2903.079101,2955.342937,2738.247807,2815.499999,2918.610965,2960.457142
2728.000000,2793.046379,2897.106315,2955.316367,2738.239821,2815.500000,2913.904331,2955.992516
2728.000000,2793.072120,2896.864110,2955.201668,2738.229541,2815.500000,2913.718704,2963.995617
2728.000000,2793.057904,2896.894462,2955.235618,2738.194615,2815.500000,2913.728836,2957.636954
2728.000000,2793.035488,2897.109125,2955.392571,2738.174885,2815.500000,2913.914305,2955.998293
2728.000000,2793.000000,2897.253109,2955.461932,2738.113903,2815.499999,2914.075277,2956.435165
2728.000000,2793.025600,2896.959670,2954.388720,2738.116240,2815.500000,2913.819167,2958.280381
2728.011724,2793.002401,2897.008077,2955.459203,2738.050089,2815.499993,2913.854792,2958.147339
2728.002201,2793.017808,2897.667385,2955.629379,2738.025868,2815.500000,2914.463779,2954.074573
2728.000000,2793.363825,2904.285450,2954.887581,2738.014303,2815.500000,2918.347452,2962.753146
2728.080447,2793.345399,2904.325492,2955.114822,2738.007822,2815.500000,2918.389722,2964.495812
2728.000000,2793.340745,2904.345726,2954.971637,2737.964354,2815.500000,2918.396545,2962.849957
2728.000000,2793.301053,2904.397357,2955.017096,2737.860281,2815.500000,2918.465072,2962.522982
2727.000000,2793.000000,2897.170886,2955.692695,2737.810333,2815.500000,2914.063946,2958.382016
2727.000000,2793.000000,2897.222049,2955.762073,2737.790402,2815.500000,2914.090252,2956.478096
2727.000009,2793.000000,2897.143102,2955.716653,2737.706038,2815.500000,2914.061532,2958.328964
2727.000000,2793.000000,2896.987266,2955.625172,2737.701138,2815.500000,2913.930805,2970.411993
2727.000000,2793.000000,2897.192368,2954.845017,2737.652886,2815.500000,2914.132351,2958.701792
2727.000000,2793.000000,2897.229261,2955.821261,2737.633677,2815.500000,2914.145786,2958.302834
2727.000002,2793.000000,2898.671056,2956.141942,2737.574078,2815.500000,2915.409623,2954.131591
2727.000114,2793.000000,2897.355368,2955.996766,2737.565345,2815.500000,2914.256925,2956.236163
2727.000156,2793.000000,2897.202278,2955.879669,2737.547104,2815.500000,2914.152924,2959.084490
2727.000000,2793.000000,2897.265335,2954.960498,2737.531369,2815.500000,2914.224049,2958.814067
2727.000000,2793.000000,2897.263970,2954.969168,2737.526777,2815.500000,2914.225975,2958.796485
2727.000000,2793.000000,2897.274714,2954.984110,2737.513420,2815.500000,2914.236570,2958.836569
2727.000000,2793.000000,2897.279716,2954.993624,2737.504171,2815.500000,2914.243221,2958.845307
2727.000000,2793.000000,2897.297127,2955.017244,2737.465948,2815.500000,2914.269949,2958.853974
2727.000000,2793.000000,2897.302242,2955.036510,2737.462551,2815.500000,2914.273164,2958.884432
2727.000000,2793.000000,2897.730956,2956.186701,2737.429323,2815.500000,2914.612486,2956.303149
2727.023185,2793.002513,2904.618743,2956.031653,2737.415121,2815.500000,2919.344844,2965.302301
2727.000000,2793.000000,2897.308451,2955.964921,2737.401033,2815.500000,2914.292965,2961.363135
2727.000000,2793.000000,2897.281126,2956.034356,2737.388271,2815.500000,2914.289988,2966.257746
2727.000000,2793.000000,2897.347845,2955.127604,2737.380827,2815.500000,2914.332837,2958.969865
2727.000000,2793.000000,2897.352135,2955.153723,2737.373510,2815.500000,2914.338984,2958.955171
2727.000630,2793.000000,2899.396177,2956.416614,2737.349848,2815.500000,2916.130874,2954.110599
2727.000000,2793.112901,2904.631580,2955.496583,2737.329228,2815.500000,2918.801334,2963.061728
2727.000000,2793.000000,2902.384520,2956.122695,2737.319181,2815.500000,2918.413078,2963.938296
2727.000000,2793.000000,2897.378406,2955.182744,2737.314785,2815.500000,2914.378523,2958.999610
2727.000000,2793.000000,2897.392738,2955.271325,2737.281568,2815.500000,2914.394522,2959.060205
2727.000000,2793.000000,2897.416353,2955.256928,2737.245214,2815.500000,2914.429028,2959.064406
2727.260988,2793.000112,2905.113973,2956.261732,2737.161772,2815.499904,2919.492687,2965.117022
2727.000000,2793.000000,2897.358390,2956.261852,2737.091367,2815.500000,2914.400655,2963.022593
2727.000320,2793.000000,2897.562423,2956.436787,2737.097085,2815.500000,2914.566569,2957.933121
2727.000000,2793.000000,2897.497370,2955.357980,2737.100041,2815.500000,2914.536755,2959.214212
2727.000079,2793.000000,2897.389116,2956.324186,2737.049974,2815.500000,2914.444215,2963.135091
2727.000000,2793.000000,2897.617168,2956.540956,2737.024622,2815.500000,2914.613304,2956.902986
2727.000000,2793.000000,2897.548268,2955.290241,2736.996871,2815.500000,2914.621720,2961.295157
2727.000000,2793.000000,2897.475336,2956.431624,2736.996295,2815.500000,2914.560669,2971.500000
2727.000018,2793.000000,2899.904281,2956.821870,2736.975048,2815.500000,2916.611066,2953.792388
2727.001607,2793.000000,2897.569621,2956.546947,2736.953278,2815.500000,2914.611515,2959.309738
2727.000000,2793.000000,2897.585579,2956.566242,2736.897450,2815.500000,2914.646845,2959.463617
2727.000004,2793.000000,2897.584514,2956.600977,2736.886722,2815.500000,2914.642607,2959.773821
2726.000000,2793.000000,2897.566519,2956.595533,2736.818437,2815.500000,2914.678540,2971.500000
2726.000000,2793.000000,2897.614474,2956.618880,2736.815319,2815.500000,2914.683831,2959.815852
2726.000000,2793.000000,2897.653235,2956.688822,2736.808831,2815.500000,2914.714917,2959.085148
2726.014452,2793.000000,2905.279810,2956.641085,2736.808468,2815.499994,2919.702310,2967.341858
2726.000861,2793.000003,2905.352356,2956.592270,2736.792924,2815.499976,2919.663021,2966.447419
2727.741080,2793.000014,2905.335760,2956.686987,2736.801030,2815.482880,2919.775616,2965.414160
2726.000629,2793.000000,2897.620580,2956.690686,2736.755340,2815.500000,2914.704603,2961.463440
2726.000000,2793.000000,2897.657833,2956.680505,2736.737732,2815.500000,2914.741001,2959.060398
2726.000000,2793.000000,2897.688425,2955.765056,2736.737178,2815.500000,2914.787119,2959.548663
2726.015336,2793.000016,2903.934593,2956.828467,2736.736797,2815.496909,2919.519115,2965.089464
2726.000003,2793.000000,2897.661282,2956.698105,2736.723378,2815.500000,2914.747556,2959.442646
2726.000000,2793.000000,2897.686701,2956.737527,2736.707227,2815.500000,2914.796523,2963.532198
2726.000000,2793.000000,2897.709955,2955.807808,2736.684121,2815.500000,2914.815510,2959.585537
2726.000000,2793.000000,2897.737624,2955.855939,2736.643794,2815.500000,2914.856619,2959.618457
2726.000000,2793.000000,2897.754332,2955.898277,2736.609826,2815.500000,2914.879000,2959.642265
2726.000000,2793.000000,2897.755088,2955.901224,2736.608499,2815.500000,2914.880042,2959.644254
2726.000000,2793.000000,2897.727759,2956.854350,2736.606771,2815.500000,2914.838157,2959.595348
2726.000007,2793.000000,2897.995854,2957.011456,2736.572285,2815.500000,2915.061877,2956.381109
2726.000295,2793.000000,2898.008136,2957.013575,2736.547642,2815.500000,2915.097399,2957.354134
2726.000015,2793.000000,2898.247062,2957.213402,2736.423884,2815.500000,2915.314848,2955.146254
2726.000000,2793.000000,2898.128105,2957.265383,2736.347254,2815.500000,2915.217591,2955.327605
2726.008705,2793.000000,2905.531586,2957.101838,2736.314416,2815.500000,2920.027345,2967.293059
2726.000037,2793.000000,2899.140314,2957.450387,2736.296982,2815.500000,2916.140087,2954.245178
2726.004340,2793.000000,2897.956639,2957.249097,2736.286441,2815.500000,2915.101064,2958.877679
2726.000000,2793.000000,2898.855101,2957.390216,2736.281116,2815.500000,2915.890758,2954.537865
2726.000000,2793.000000,2898.411240,2957.359509,2736.281109,2815.500000,2915.518238,2955.875751
2726.000001,2793.000000,2897.922417,2957.155306,2736.280428,2815.500000,2915.082177,2960.263179
2726.000000,2793.000000,2897.955155,2957.208200,2736.275084,2815.500000,2915.120562,2959.049908
2726.002852,2793.000000,2905.914898,2957.184018,2736.154100,2815.500000,2919.777268,2968.244432
2726.009522,2793.000000,2905.802579,2957.216433,2736.138761,2815.500000,2919.788592,2968.284282
2726.000000,2793.000000,2898.626145,2957.515861,2736.119900,2815.500000,2915.754557,2955.796911
2726.000001,2793.000000,2905.393839,2957.158971,2736.100263,2815.500000,2919.823461,2967.044435
2726.015244,2793.000000,2905.960029,2957.293359,2736.069308,2815.500000,2919.891827,2967.768170
2726.007117,2793.000000,2905.874859,2957.297442,2736.049701,2815.499999,2919.839019,2968.910927
2726.106377,2793.000000,2906.002567,2957.278773,2736.039739,2815.500000,2919.862279,2967.442674
2726.001558,2793.000000,2905.388576,2957.205514,2736.034345,2815.500000,2919.774050,2967.675244
2726.317494,2793.000000,2905.164262,2957.632142,2736.015271,2815.499976,2920.317249,2961.466257
2726.012257,2793.000000,2905.729952,2957.464285,2736.010274,2815.499995,2920.269235,2965.762975
2726.000000,2793.000000,2898.039230,2957.449229,2736.003700,2815.500000,2915.294017,2968.899194
2726.001783,2793.000000,2905.409900,2957.224232,2735.995760,2815.500000,2919.806609,2966.998631
2726.000000,2793.000000,2898.075733,2957.522057,2735.937553,2815.500000,2915.343810,2969.913344
2726.139306,2793.000000,2905.864333,2957.497425,2735.942118,2815.500000,2920.263328,2964.719316
2726.036330,2793.000000,2906.110938,2957.485859,2735.899458,2815.500000,2920.138074,2967.658360
2725.000027,2792.012376,2898.371713,2957.756811,2735.807998,2814.500000,2915.544253,2958.679325
2725.000000,2792.020648,2898.228136,2957.666125,2735.793276,2814.500000,2915.420397,2961.765758
2725.000000,2792.013912,2898.267724,2957.701382,2735.785883,2814.500000,2915.466740,2959.698005
2725.000000,2792.015834,2898.250150,2956.804842,2735.772346,2814.500000,2915.475311,2960.338449
2725.000000,2792.004091,2898.287457,2957.730267,2735.750466,2814.500000,2915.493308,2959.409749
2725.000072,2792.001507,2898.263875,2957.743670,2735.741895,2814.500000,2915.466839,2960.854508
2725.000000,2792.000000,2898.343717,2957.818557,2735.729800,2814.500000,2915.535930,2959.434541
2725.000000,2792.000000,2898.323909,2956.943136,2735.641308,2814.500000,2915.568015,2960.480610
2725.000942,2792.398293,2905.469486,2957.332317,2735.640696,2814.500000,2919.961246,2966.239492
2725.000000,2792.000000,2898.329449,2957.007538,2735.624303,2814.500000,2915.579756,2960.462716
2725.000000,2792.359774,2905.460486,2957.170966,2735.610371,2814.500000,2919.993344,2964.559335
2725.000001,2792.339267,2905.427625,2957.234041,2735.606560,2814.500000,2920.006711,2964.527765
2725.037910,2792.363190,2905.512888,2957.337090,2735.596162,2814.500000,2920.012055,2965.508758
2725.000000,2792.353901,2905.485078,2957.146782,2735.597679,2814.500000,2920.006868,2964.305349
2725.000000,2792.000000,2898.415173,2957.923849,2735.567509,2814.500000,2915.645405,2959.381152
2725.000000,2792.000000,2898.349621,2957.898468,2735.566856,2814.500000,2915.610964,2964.345361
2725.000000,2792.000000,2898.366881,2957.921224,2735.529131,2814.500000,2915.634457,2964.207742
2725.000126,2792.011158,2899.100234,2958.154048,2735.506827,2814.500000,2916.284529,2957.011681
2725.000000,2792.000000,2898.339081,2957.951599,2735.509372,2814.500000,2915.629045,2969.008307
2725.000000,2792.000000,2898.451304,2958.001938,2735.494154,2814.500000,2915.699561,2959.164548
2725.000001,2792.000000,2898.808646,2958.146959,2735.471416,2814.500000,2916.022734,2957.474197
2725.000000,2792.000000,2898.442438,2958.023373,2735.466987,2814.500000,2915.694583,2959.696983
2725.000000,2792.000000,2898.432789,2958.003680,2735.462255,2814.500000,2915.692586,2959.280615
2725.000000,2792.000000,2898.420020,2957.140590,2735.453262,2814.500000,2915.699615,2960.631311
2725.000013,2792.000000,2899.086938,2958.238500,2735.445091,2814.500000,2916.282097,2956.397266
2725.000000,2784.675468,2808.695396,2915.736343,2958.133084,2898.452274,2735.495463,2802.478500
2725.185039,2784.501011,2808.958929,2914.412383,2958.298615,2896.869494,2735.323633,2802.439215
2725.000000,2784.483105,2810.118534,2914.613021,2958.491423,2897.260310,2735.301009,2802.479694
2725.009218,2784.672989,2812.000000,2914.499097,2958.367516,2896.984664,2735.237992,2802.863204
2725.000000,2785.668836,2812.000000,2915.843788,2958.245319,2898.546167,2735.258809,2803.463586
2725.000000,2785.600928,2812.000000,2915.850332,2958.260603,2898.548580,2735.250886,2803.840876
2725.000000,2785.600000,2812.000000,2915.851535,2958.262479,2898.549361,2735.251726,2803.840366
2725.000417,2785.563842,2812.000000,2915.895683,2958.325418,2898.584660,2735.121777,2803.814509
2725.000000,2785.563095,2812.000000,2915.901507,2958.334374,2898.588980,2735.108900,2803.818073
2725.000000,2785.560403,2812.000000,2915.904611,2958.339138,2898.591401,2735.105593,2803.816288
2725.000000,2785.548280,2812.000000,2915.923154,2958.365845,2898.605270,2735.153547,2803.809532
2725.000058,2785.542204,2812.000000,2915.929912,2958.374322,2898.613419,2735.079007,2803.802386
2725.000000,2785.540376,2812.000000,2915.934096,2958.381452,2898.613545,2735.140922,2803.804787
2725.000000,2785.533360,2812.000000,2915.943807,2958.395686,2898.621343,2735.126102,2803.800657
2727.015382,2785.484183,2811.999971,2915.928884,2958.415239,2898.607777,2735.528770,2803.746465
2725.000000,2785.516859,2812.000000,2915.963181,2958.423357,2898.636484,2735.127581,2803.789063
2725.000000,2785.503513,2812.000000,2915.981893,2958.450359,2898.651068,2735.103993,2803.781198
2725.005887,2785.494658,2812.000000,2915.991525,2958.465073,2898.658133,2735.075491,2803.775980
2725.000000,2785.493835,2812.000000,2915.998959,2958.475102,2898.664290,2735.053570,2803.777259
2725.000000,2785.477961,2812.000000,2916.021083,2958.507115,2898.681540,2735.024466,2803.767851
2725.000000,2785.470764,2812.000000,2916.035358,2958.524947,2898.696677,2735.009951,2803.763945
2725.000000,2785.467439,2812.000000,2916.035849,2958.528361,2898.693037,2735.005607,2803.761656
2725.000000,2785.467120,2812.000000,2916.036389,2958.529331,2898.693205,2735.008013,2803.761677
2725.000000,2785.462201,2812.000000,2916.039507,2958.533430,2898.695936,2735.029263,2803.756746
2725.000000,2785.463105,2812.000000,2916.039906,2958.533792,2898.696783,2734.917897,2803.758190
2725.000000,2785.445473,2812.000000,2916.066208,2958.572255,2898.716670,2734.965514,2803.748573
2725.000238,2785.270572,2812.000000,2916.078770,2958.591166,2898.726205,2734.935029,2803.560997
2725.000000,2785.430011,2812.000000,2916.087736,2958.603313,2898.733435,2734.937570,2803.739407
2725.000000,2785.414704,2812.000000,2916.110145,2958.633620,2898.755089,2734.824054,2803.729694
2725.000000,2785.409054,2812.000000,2916.111480,2958.637165,2898.753725,2734.821081,2803.723271
2725.000000,2785.410844,2812.000000,2916.117483,2958.645084,2898.756362,2734.903308,2803.728755
2725.000000,2785.407145,2812.000000,2916.119646,2958.649317,2898.758281,2734.896542,2803.725894
2725.000000,2785.462789,2812.000000,2916.122277,2958.649873,2898.759067,2734.895742,2803.393993
2725.000000,2785.401677,2812.000000,2916.127125,2958.660219,2898.764110,2734.886853,2803.722612
2725.000000,2785.401979,2812.000000,2916.127010,2958.660527,2898.763960,2734.890807,2803.723301
2725.831102,2785.315357,2812.000000,2916.181915,2958.709304,2898.797285,2734.967908,2803.501070
2725.000000,2785.373496,2812.000000,2916.166429,2958.716935,2898.794719,2734.836342,2803.705954
2725.192706,2785.367676,2812.000000,2916.172306,2958.726251,2898.798469,2734.879176,2803.701100
2725.000000,2785.359152,2812.000000,2916.181943,2958.741413,2898.806804,2734.815127,2803.697243
2725.000000,2785.359549,2812.000000,2916.185759,2958.744781,2898.809764,2734.811142,2803.697645
2724.000003,2785.338673,2812.000000,2916.208143,2958.777669,2898.827834,2734.647469,2803.683048
2724.021396,2785.168762,2811.998866,2916.252311,2958.805793,2898.865285,2734.636417,2803.509831
2724.000006,2785.294165,2812.000000,2916.227511,2958.808091,2898.842997,2734.649344,2803.640298
2724.000000,2785.320264,2812.000000,2916.234805,2958.816393,2898.848655,2734.609616,2803.673679
2724.000515,2785.314684,2812.000000,2916.247855,2958.834728,2898.857762,2734.629890,2803.672489
2724.000000,2785.120517,2811.998447,2916.259174,2958.858721,2898.864911,2734.563412,2803.472712
2724.000000,2785.278890,2812.000000,2916.296246,2958.903260,2898.895957,2734.567077,2803.649350
2724.000659,2785.272482,2812.000000,2916.301256,2958.912634,2898.899545,2734.557170,2803.645184
2724.000000,2785.266728,2812.000000,2916.308751,2958.923107,2898.906272,2734.506859,2803.641590
2724.000000,2785.264629,2812.000000,2916.308966,2958.923742,2898.905990,2734.504069,2803.638787
2725.919240,2785.244249,2811.999982,2916.239139,2958.950521,2898.842476,2734.864221,2803.616853
2724.000000,2785.246207,2812.000000,2916.336255,2958.963148,2898.927216,2734.474417,2803.628909
2724.159672,2785.207320,2812.000000,2916.375532,2959.021089,2898.957451,2734.436182,2803.599060
2726.607432,2785.132896,2811.997190,2916.321790,2959.039583,2898.915535,2734.538022,2803.514019
2724.000004,2785.213396,2812.000000,2916.385675,2959.033823,2898.965279,2734.398994,2803.611578
2724.000000,2785.197334,2812.000000,2916.407752,2959.066119,2898.982979,2734.372034,2803.601103
2724.000000,2785.175653,2812.000000,2916.439968,2959.112326,2899.008110,2734.326140,2803.589903
2724.000000,2785.163872,2812.000000,2916.453348,2959.131943,2899.018624,2734.307158,2803.580623
2724.000000,2785.152361,2812.000000,2916.471768,2959.158469,2899.035360,2734.274397,2803.574248
2724.000003,2785.147644,2812.000000,2916.478099,2959.167435,2899.039995,2734.274629,2803.571318
2724.000000,2785.145435,2812.000000,2916.482853,2959.173821,2899.046257,2734.275135,2803.569386
2724.000026,2785.139580,2812.000000,2916.488178,2959.181291,2899.047132,2734.264368,2803.565598
2724.000000,2785.140725,2812.000000,2916.488930,2959.183190,2899.046521,2734.258995,2803.569070
2724.000000,2785.123537,2812.000000,2916.517866,2959.224960,2899.071524,2734.225318,2803.560435
2724.000002,2785.116621,2812.000000,2916.520043,2959.228382,2899.069810,2734.233531,2803.553737
2727.917399,2792.604644,2812.000000,2916.540655,2959.283235,2899.078575,2735.825923,2792.979529
2724.701206,2788.798764,2812.000000,2916.608052,2959.293307,2899.134425,2734.551690,2796.656973
2725.683872,2788.793246,2812.000000,2916.628047,2959.322145,2899.149375,2734.723483,2796.651954
2724.657509,2788.783896,2812.000000,2916.633637,2959.330450,2899.154378,2734.513159,2796.643795
2724.359548,2788.806645,2812.000000,2916.636757,2959.382203,2899.161114,2734.445391,2796.665101
2727.820240,2792.572795,2812.000000,2916.596124,2959.362712,2899.122241,2735.732860,2792.948774
2724.000000,2785.030135,2812.000000,2916.627990,2959.385173,2899.153014,2734.101227,2803.498274
2724.001559,2785.020215,2812.000000,2916.638534,2959.398264,2899.163264,2734.052021,2803.488640
2724.000931,2785.007079,2812.000000,2916.654911,2959.422565,2899.175645,2734.028784,2803.480456
2724.000015,2785.015678,2812.000000,2916.655590,2959.423306,2899.175924,2734.024604,2803.491329
2724.000000,2785.014192,2812.000000,2916.662871,2959.433850,2899.181869,2734.015962,2803.492977
2724.946400,2788.720900,2812.000000,2916.743343,2959.488785,2899.239575,2734.434309,2796.587754
2724.953496,2788.712505,2812.000000,2916.756659,2959.508313,2899.250133,2734.419330,2796.580397
2724.000000,2784.966521,2812.000000,2916.730922,2959.531782,2899.235160,2733.922168,2803.465377
2725.805356,2788.697447,2812.000000,2916.791326,2959.565693,2899.294603,2734.581176,2796.568221
2724.353430,2788.689245,2812.000000,2916.797026,2959.567779,2899.281753,2734.263326,2796.559866
2724.707957,2788.644001,2812.000000,2916.875233,2959.680326,2899.342402,2734.231758,2796.519580
2724.687580,2788.623644,2812.000000,2916.909413,2959.732320,2899.367842,2734.185445,2796.501561
2724.000000,2784.852424,2812.000000,2916.889634,2959.760311,2899.358928,2733.701645,2803.397415
2724.984026,2788.600742,2812.000000,2916.939365,2959.774578,2899.387445,2734.217599,2796.481329
2725.132389,2788.602433,2812.000000,2916.964485,2959.808243,2899.420910,2734.223826,2796.483295
2724.526331,2788.570103,2812.000000,2917.000079,2959.864253,2899.436106,2734.044760,2796.454138
2725.368908,2788.584703,2812.000000,2917.009892,2959.873338,2899.441946,2734.226401,2796.466988
2725.282315,2788.557581,2812.000000,2917.029686,2959.902992,2899.457693,2734.171992,2796.442999
2723.000015,2786.546765,2808.317311,2917.216190,2959.957727,2899.633516,2733.635406,2793.812989
2725.237955,2788.541424,2812.000000,2917.258823,2960.018913,2899.714800,2733.984100,2796.433195
2724.536626,2788.531292,2812.000000,2917.068058,2959.962465,2899.490635,2733.967532,2796.419645
2725.046865,2788.543335,2812.000000,2917.085115,2959.988798,2899.518321,2734.066711,2796.430886
2724.374275,2788.526278,2812.000000,2917.078555,2959.976836,2899.500508,2733.925729,2796.415187
2723.000081,2786.524032,2808.298837,2917.255372,2960.015786,2899.664425,2733.675493,2793.791496
2723.490431,2788.515863,2812.000000,2917.093746,2960.007373,2899.510928,2733.671830,2796.406309
2723.000000,2783.213298,2812.000000,2917.061629,2960.018819,2899.470275,2733.404724,2801.640043
2724.127640,2788.494821,2812.000000,2917.133290,2960.058910,2899.541784,2733.813978,2796.387941
2725.768063,2788.480804,2812.000000,2917.090556,2960.069062,2899.503570,2734.175171,2796.375274
2724.306370,2788.475141,2812.000000,2917.147567,2960.075781,2899.548399,2733.835471,2796.369616
2723.895044,2784.682036,2812.000000,2917.018574,2960.100970,2899.455736,2733.519818,2803.290304
2725.793771,2784.615394,2811.999736,2917.056082,2960.086096,2899.479892,2733.871757,2803.212200
2724.249966,2788.478406,2812.000000,2917.157770,2960.093031,2899.558714,2733.804701,2796.372712
2725.699165,2788.496110,2812.000000,2917.163026,2960.134350,2899.563315,2734.123485,2796.388996
2724.289578,2788.461071,2812.000000,2917.188952,2960.138042,2899.584253,2733.775533,2796.357463
2724.650482,2788.462051,2812.000000,2917.191471,2960.141761,2899.584713,2733.847932,2796.358204
2726.193993,2788.483879,2812.000000,2917.141318,2960.157350,2899.541014,2734.256814,2796.377944
2725.660615,2788.466084,2812.000000,2917.191265,2960.200895,2899.582274,2734.064374,2796.360929
2725.282202,2788.408834,2812.000000,2917.232495,2960.211383,2899.615907,2733.947167,2796.311512
2725.168121,2788.467191,2812.000000,2917.260761,2960.239989,2899.644067,2733.900598,2796.362749
2724.936102,2788.431542,2812.000000,2917.260678,2960.239853,2899.642325,2733.834935,2796.331811
2724.131133,2788.404418,2812.000000,2917.285395,2960.277953,2899.658207,2733.629994,2796.307097
2724.722196,2788.436188,2812.000000,2917.297564,2960.290603,2899.665307,2733.741786,2796.336103
2724.687756,2788.403001,2812.000000,2917.309728,2960.312539,2899.677679,2733.717148,2796.306511
2724.092575,2788.387901,2812.000000,2917.314949,2960.320815,2899.681250,2733.587471,2796.292467
2724.326209,2788.394976,2812.000000,2917.332351,2960.340641,2899.699674,2733.619987,2796.299015
2724.260605,2788.376400,2812.000000,2917.326612,2960.339303,2899.688156,2733.604828,2796.282888
2724.877064,2788.402076,2812.000000,2917.334202,2960.347546,2899.694772,2733.733300,2796.305150
2724.808122,2788.379940,2812.000000,2917.415610,2960.414341,2899.815440,2733.694021,2796.286744
2723.514925,2788.366199,2812.000000,2917.367162,2960.401117,2899.725436,2733.366753,2796.274084
2724.991212,2788.373972,2812.000000,2917.369680,2960.399341,2899.726220,2733.735720,2796.280121
2723.777397,2788.351336,2812.000000,2917.384429,2960.420172,2899.739197,2733.450959,2796.260008
2723.805633,2788.349972,2812.000000,2917.387555,2960.424838,2899.741568,2733.452160,2796.258792
2723.734124,2788.345875,2812.000000,2917.397620,2960.438099,2899.749815,2733.428751,2796.255139
2725.141705,2788.324059,2812.000000,2917.408713,2960.477724,2899.751744,2733.708991,2796.237061
2723.881586,2788.330262,2812.000000,2917.432574,2960.488932,2899.777231,2733.411899,2796.241315
2724.847229,2788.380457,2812.000000,2917.428920,2960.494216,2899.769232,2733.611182,2796.285759
2725.289340,2788.355165,2812.000000,2917.398227,2960.498035,2899.742720,2733.727778,2796.261286
2723.899533,2788.322144,2812.000000,2917.447622,2960.513139,2899.785338,2733.393510,2796.234117
2724.751896,2788.326436,2812.000000,2917.466327,2960.540545,2899.808804,2733.569541,2796.238013
2723.877374,2788.313557,2812.000000,2917.466799,2960.540887,2899.799779,2733.366161,2796.226352
2724.601593,2788.318550,2812.000000,2917.476339,2960.553213,2899.807381,2733.512381,2796.231041
2725.126220,2788.343615,2812.000000,2917.476453,2960.552605,2899.806355,2733.643716,2796.252672
2725.137260,2788.341447,2812.000000,2917.491712,2960.575947,2899.816380,2733.630818,2796.250558
2724.191867,2788.291899,2812.000000,2917.511151,2960.603863,2899.834018,2733.379580,2796.207262
2724.556016,2788.286740,2812.000000,2917.517168,2960.612448,2899.841705,2733.453628,2796.203129
2725.114002,2788.301996,2812.000000,2917.468634,2960.610949,2899.798013,2733.592994,2796.215634
2724.245492,2788.288554,2812.000000,2917.536423,2960.643590,2899.853941,2733.361342,2796.204302
2724.163698,2788.290368,2812.000000,2917.535590,2960.642517,2899.851617,2733.347941,2796.205202
2724.355826,2788.272724,2812.000000,2917.556679,2960.672129,2899.870886,2733.363268,2796.190318
2724.631339,2788.277084,2812.000000,2917.562672,2960.713399,2899.888210,2733.402058,2796.194806
2723.470313,2788.258813,2812.000000,2917.586163,2960.714530,2899.892918,2733.150193,2796.177736
2724.828486,2788.256274,2812.000000,2917.548952,2960.717959,2899.862208,2733.433324,2796.175869
2724.121898,2788.249101,2812.000000,2917.604301,2960.739612,2899.906754,2733.252872,2796.169210
2723.590398,2788.242869,2812.000000,2917.622490,2960.766750,2899.921483,2733.127534,2796.163566
2723.328499,2788.237104,2812.000000,2917.636571,2960.785603,2899.936243,2733.068451,2796.158470
2723.797137,2788.232106,2812.000000,2917.639243,2960.790196,2899.934175,2733.150658,2796.154190
2724.063730,2788.228416,2812.000000,2917.657364,2960.829490,2899.947879,2733.183097,2796.151084
2723.681624,2788.230575,2812.000000,2917.668889,2960.834098,2899.956029,2733.092499,2796.152133
2723.577460,2788.212354,2812.000000,2917.681800,2960.852152,2899.968910,2733.057113,2796.136757
2723.271305,2788.215373,2812.000000,2917.681828,2960.853060,2899.967590,2733.000471,2796.139101
2723.352198,2788.206665,2812.000000,2917.701458,2960.881368,2899.983027,2732.990291,2796.131365
2723.972196,2788.189384,2812.000000,2917.726183,2960.922789,2900.005149,2733.072882,2796.116279
2723.497552,2788.182312,2812.000000,2917.737344,2960.933914,2900.018312,2732.977230,2796.110531
2723.831185,2788.177849,2812.000000,2917.765500,2960.977151,2900.032285,2733.006594,2796.105983
2722.686835,2788.167000,2812.000000,2917.779018,2960.994345,2900.049043,2732.792759,2796.096649
2723.264473,2788.166913,2812.000000,2917.790465,2961.010194,2900.052230,2732.868076,2796.095904
2723.895779,2788.160523,2812.000000,2917.801741,2961.026222,2900.071324,2732.986627,2796.090912
2723.003194,2788.161485,2812.000000,2917.803630,2961.028133,2900.066348,2732.811139,2796.091127
2723.251118,2788.157797,2812.000000,2917.810579,2961.039253,2900.067863,2732.841440,2796.087710
2722.961041,2788.152676,2812.000000,2917.820979,2961.054631,2900.076793,2732.781622,2796.083311
2722.296390,2788.141116,2812.000000,2917.826379,2961.068754,2900.081753,2732.593963,2796.073761
2724.183767,2788.138049,2812.000000,2917.762683,2961.073926,2900.024007,2732.790835,2796.071280
2723.149370,2788.138400,2812.000000,2917.853385,2961.101431,2900.101189,2732.771985,2796.070509
2723.852362,2788.131184,2812.000000,2917.856453,2961.107795,2900.102865,2732.893410,2796.064167
2723.814478,2788.134786,2812.000000,2917.857269,2961.109893,2900.102137,2732.899130,2796.067189
2723.702918,2788.127020,2812.000000,2917.865734,2961.122571,2900.110358,2732.860502,2796.060956
2724.167469,2788.142321,2812.000000,2917.835291,2961.122518,2900.082776,2732.968026,2796.072781
2722.344350,2788.119429,2812.000000,2917.887370,2961.145857,2900.136535,2732.609358,2796.054215
2723.820146,2788.114872,2812.000000,2917.891570,2961.170257,2900.131672,2732.853072,2796.050021
2723.325594,2788.116044,2812.000000,2917.910331,2961.186875,2900.157631,2732.759138,2796.050992
2722.876071,2788.111555,2812.000000,2917.912485,2961.187197,2900.148612,2732.655138,2796.046742
2722.006508,2788.090133,2812.000000,2917.938530,2961.225605,2900.171762,2732.427555,2796.028285
2722.000000,2785.955839,2807.884003,2918.000000,2961.270107,2900.228937,2732.449094,2793.264244
2722.724864,2788.082275,2812.000000,2917.975655,2961.278791,2900.196889,2732.552347,2796.020677
2722.547176,2788.070803,2812.000000,2917.951019,2961.299977,2900.175593,2732.417064,2796.010863
2722.946433,2788.074495,2812.000000,2917.994542,2961.307089,2900.212857,2732.566101,2796.013757
2722.777126,2788.073616,2812.000000,2917.993956,2961.308438,2900.211273,2732.536996,2796.012980
2722.481645,2788.052723,2812.000000,2918.000000,2961.372825,2900.212610,2732.435815,2795.994404
2723.395749,2788.076974,2812.000000,2917.970139,2961.395341,2900.185128,2732.574268,2796.016747
2723.550265,2788.035262,2812.000000,2918.000000,2961.413776,2900.207251,2732.599124,2795.979108
2722.404059,2788.032581,2812.000000,2918.000000,2961.436663,2900.207331,2732.369678,2795.976356
2722.756065,2788.027608,2812.000000,2918.000000,2961.455157,2900.204153,2732.409513,2795.971648
2722.424979,2788.026783,2812.000000,2918.000000,2961.455668,2900.204343,2732.356046,2795.970916
2722.310588,2788.004932,2812.000000,2918.000000,2961.527308,2900.202350,2732.280144,2795.951438
2722.000005,2785.833659,2807.799740,2918.000000,2961.569959,2900.200896,2732.183569,2793.152333
2722.000000,2785.826822,2807.795558,2918.000000,2961.585159,2900.199138,2732.170293,2793.146194
2722.000255,2785.467332,2807.467914,2918.000000,2961.702245,2899.879733,2732.107421,2792.809630
2722.000014,2785.813340,2807.785818,2918.000000,2961.619267,2900.196324,2732.140279,2793.133734
2722.000102,2785.812950,2807.786306,2918.000000,2961.620130,2900.195468,2732.138917,2793.133526
2722.000000,2785.806775,2807.781503,2918.000000,2961.635871,2900.195495,2732.125991,2793.127817
2722.000987,2785.777115,2807.761093,2918.000000,2961.708408,2900.189658,2732.062668,2793.100639
2722.502517,2787.956249,2812.000000,2918.000000,2961.711690,2900.202127,2732.162528,2795.907141
2722.000015,2785.761352,2807.750245,2918.000000,2961.746775,2900.185981,2732.028430,2793.086181
2722.388635,2787.939674,2812.000000,2918.000000,2961.734773,2900.184478,2732.114490,2795.892887
2722.431870,2787.939424,2812.000000,2918.000000,2961.737923,2900.187913,2732.120623,2795.892673
2722.351810,2787.928282,2812.000000,2918.000000,2961.771459,2900.182596,2732.079058,2795.882714
2722.286114,2787.924968,2812.000000,2918.000000,2961.782627,2900.185194,2732.059194,2795.879826
2722.019793,2787.924201,2812.000000,2918.000000,2961.783627,2900.185227,2732.018326,2795.879164
2722.945424,2787.915270,2812.000000,2918.000000,2961.790355,2900.187573,2732.157372,2795.871694
2721.038636,2787.816416,2812.000000,2918.000000,2961.813589,2900.181989,2731.866415,2795.747707
2722.068925,2787.906694,2812.000000,2918.000000,2961.838878,2900.178153,2731.976847,2795.863348
2722.644183,2787.892702,2812.000000,2918.000000,2961.861078,2900.179746,2732.049874,2795.851699
2721.000054,2782.710823,2812.000000,2918.000000,2961.887846,2900.185963,2731.534108,2801.500000
2721.000000,2782.731845,2812.000000,2918.000000,2962.118964,2899.991659,2731.495775,2801.500000
2721.027257,2782.729245,2812.000000,2918.000000,2962.020565,2899.826995,2731.502452,2801.500000
2721.000002,2782.685049,2812.000000,2918.000000,2961.992232,2900.178942,2731.432088,2801.500000
2721.000000,2782.671329,2812.000000,2918.000000,2962.016758,2900.208512,2731.398735,2801.500000
2721.000000,2782.701469,2812.000000,2918.000000,2962.155261,2899.849167,2731.378504,2801.500000
2721.000000,2782.668628,2812.000000,2918.000000,2962.026911,2900.205713,2731.387167,2801.500000
2721.000000,2782.648672,2812.000000,2918.000000,2962.112886,2900.203612,2731.305293,2801.500000
2721.000000,2782.648314,2812.000000,2918.000000,2962.112845,2900.200239,2731.304822,2801.500000
2721.000085,2782.633921,2812.000000,2918.000000,2962.205930,2900.170767,2731.225780,2801.500000
2721.000000,2782.650206,2812.000000,2918.000000,2962.451143,2899.956819,2731.160235,2801.500000
2721.000001,2782.623827,2812.000000,2918.000000,2962.246792,2900.170119,2731.187505,2801.500000
2721.000000,2782.607691,2812.000000,2918.000000,2962.313960,2900.169875,2731.123447,2801.500000
2721.000003,2782.607480,2812.000000,2918.000000,2962.313694,2900.165732,2731.122024,2801.500000
2721.000000,2782.626652,2812.000000,2918.000000,2962.546698,2899.947555,2731.063693,2801.500000
2721.000000,2782.622844,2812.000000,2918.000000,2962.562086,2899.946120,2731.048193,2801.500000
2721.000000,2782.621782,2812.000000,2918.000000,2962.566335,2899.945717,2731.043898,2801.500000
2721.000000,2782.620182,2812.000000,2918.000000,2962.572823,2899.945278,2731.037427,2801.500000
2721.000001,2782.578985,2812.000000,2918.000000,2962.433161,2900.162497,2731.010129,2801.500000
2721.000087,2782.574015,2812.000000,2918.000000,2962.453111,2900.161683,2730.988787,2801.500000
2721.000000,2782.595131,2812.000000,2918.000000,2962.678116,2899.935831,2730.931875,2801.500000
2721.000000,2782.559890,2812.000000,2918.000000,2962.512164,2900.160404,2730.934776,2801.500000
2721.000006,2782.551217,2812.000000,2918.000000,2962.546825,2900.159618,2730.899757,2801.500000
2721.000123,2782.547486,2812.000000,2918.000000,2962.571309,2900.158745,2730.879848,2801.500000
2721.000519,2782.548921,2812.000000,2918.000000,2962.695943,2899.804569,2730.854175,2801.500000
2721.000220,2782.546059,2812.000000,2918.000000,2962.709353,2899.800881,2730.841319,2801.500000
2721.000000,2782.531780,2812.000000,2918.000000,2962.626176,2900.158395,2730.823309,2801.500000
2721.000000,2782.531383,2812.000000,2918.000000,2962.629973,2900.161355,2730.822113,2801.500000
2721.000003,2787.577122,2812.000000,2918.000000,2962.709112,2900.149080,2731.078046,2795.546631
2721.135653,2787.568496,2812.000000,2918.000000,2962.731291,2900.148642,2731.077954,2795.537836
2721.978634,2787.534327,2812.000000,2918.000000,2962.826010,2900.153320,2731.143012,2795.501567
2721.934496,2787.536602,2812.000000,2918.000000,2962.831275,2900.149666,2731.130274,2795.502945
2720.502457,2787.519777,2812.000000,2918.000000,2962.844429,2900.148380,2730.897033,2795.489014
2720.000000,2784.849870,2807.009517,2918.000000,2963.002349,2899.900743,2730.779532,2792.231857
2720.099631,2787.515068,2812.000000,2918.000000,2962.853230,2900.148656,2730.842620,2795.484530
2720.332222,2787.506697,2812.000000,2918.000000,2962.874126,2900.148603,2730.850903,2795.475887
2720.087401,2787.496120,2812.000000,2918.000000,2962.900926,2900.148668,2730.802651,2795.465267
2720.000377,2787.492349,2812.000000,2918.000000,2962.911554,2900.151618,2730.785955,2795.461541
2720.000041,2787.481114,2812.000000,2918.000000,2962.937847,2900.151709,2730.762344,2795.450223
2720.102962,2787.472443,2812.000000,2918.000000,2962.957238,2900.148886,2730.754306,2795.441414
2720.000015,2787.470840,2812.000000,2918.000000,2962.960126,2900.148980,2730.741409,2795.439814
2720.000302,2787.458141,2812.000000,2918.000000,2962.990618,2900.149129,2730.713763,2795.427000
2721.969371,2787.255551,2811.999999,2918.000000,2963.140989,2899.821527,2730.977031,2795.218314
2720.106466,2787.415922,2811.000000,2918.000000,2963.084963,2900.147676,2730.648387,2795.395474
2720.000567,2787.394396,2811.000000,2918.000000,2963.140037,2900.147044,2730.590844,2795.376123
2720.000000,2787.394744,2811.000000,2918.000000,2963.153344,2900.146281,2730.576621,2795.376400
2720.018541,2787.387323,2811.000000,2918.000000,2963.177607,2900.146531,2730.557918,2795.369795
2720.787755,2787.369000,2811.000000,2918.000000,2963.217767,2900.150938,2730.621556,2795.354215
2720.572810,2787.221518,2811.000000,2918.000000,2963.328907,2899.835664,2730.580314,2795.218525
2720.601649,2787.219569,2811.000000,2918.000000,2963.369071,2899.896422,2730.576293,2795.215884
2720.077996,2787.363585,2811.000000,2918.000000,2963.251882,2900.147671,2730.497694,2795.348633
2720.000000,2781.575273,2811.000000,2918.000000,2963.292356,2900.154972,2730.173236,2800.500000
2720.000000,2781.572624,2811.000000,2918.000000,2963.303790,2900.155319,2730.154142,2800.500000
2720.000000,2781.566127,2811.000000,2918.000000,2963.328563,2900.155827,2730.130126,2800.500000
2720.000159,2781.562012,2811.000000,2918.000000,2963.341963,2900.156567,2730.115531,2800.500000
2720.000000,2781.557039,2811.000000,2918.000000,2963.367238,2900.157144,2730.093308,2800.500000
2720.000000,2781.550680,2811.000000,2918.000000,2963.392877,2900.157915,2730.068721,2800.500000
2720.000047,2781.535854,2811.000000,2918.000000,2963.523083,2899.818206,2730.037128,2800.500000
2720.001199,2781.534175,2811.000000,2918.000000,2963.535199,2899.821551,2730.028300,2800.500000
2720.000000,2781.536028,2811.000000,2918.000000,2963.451951,2900.159907,2730.012087,2800.500000
2720.000000,2781.520015,2811.000000,2918.000000,2963.588250,2899.821186,2729.972116,2800.500000
2720.000000,2781.527152,2811.000000,2918.000000,2963.487957,2900.161171,2729.977971,2800.500000
2720.000000,2781.526848,2811.000000,2918.000000,2963.488721,2900.161234,2729.976839,2800.500000
2720.000000,2781.525639,2811.000000,2918.000000,2963.493739,2900.161428,2729.972137,2800.500000
2720.000013,2781.523028,2811.000000,2918.000000,2963.498890,2900.161799,2729.965868,2800.500000
2720.000000,2781.515689,2811.000000,2918.000000,2963.534007,2900.163000,2729.933734,2800.500000
2720.000001,2781.511579,2811.000000,2918.000000,2963.553506,2900.163255,2729.916205,2800.500000
2720.000057,2781.497797,2811.000000,2918.000000,2963.609534,2900.167217,2729.855736,2800.500000
2720.000004,2781.497476,2811.000000,2918.000000,2963.611917,2900.166519,2729.860459,2800.500000
2720.000000,2781.493842,2811.000000,2918.000000,2963.622346,2900.166871,2729.849414,2800.500000
2720.000000,2781.492792,2811.000000,2918.000000,2963.626522,2900.167084,2729.845271,2800.500000
2720.000732,2781.469892,2811.000000,2918.000000,2963.794602,2899.843152,2729.778260,2800.500000
2720.000000,2781.468214,2811.000000,2918.000000,2963.801992,2899.848918,2729.769517,2800.500000
2720.000000,2781.478564,2811.000000,2918.000000,2963.683924,2900.169955,2729.790503,2800.500000
2720.144228,2787.159636,2811.000000,2905.547737,2922.733143,2964.002778,2730.115273,2795.148856
2720.794153,2787.173164,2811.000000,2903.450161,2920.954949,2964.092061,2730.206572,2795.162303
2720.017451,2787.144722,2811.000000,2903.488842,2921.012569,2964.126880,2730.045938,2795.136176
2720.017819,2787.137552,2811.000000,2903.900209,2921.384588,2964.116510,2730.038573,2795.128788
2720.000005,2787.105440,2811.000000,2906.476409,2923.442697,2964.112050,2729.995339,2795.093275
2719.086215,2787.002880,2811.000000,2918.000000,2963.937667,2899.775959,2729.838544,2794.995651
2719.012613,2787.147969,2811.000000,2918.000000,2963.848558,2900.172428,2729.854113,2795.146328
2719.208607,2786.943526,2811.000000,2918.000000,2963.965205,2899.892284,2729.861005,2794.941033
2719.001052,2787.138838,2811.000000,2918.000000,2963.869226,2900.173807,2729.835010,2795.137164
2719.003683,2787.131603,2811.000000,2918.000000,2963.887041,2900.174698,2729.819753,2795.129856
2719.000000,2787.126247,2811.000000,2918.000000,2963.898918,2900.175500,2729.808599,2795.124565
2719.824567,2787.121742,2811.000000,2918.000000,2963.903841,2900.175565,2729.901854,2795.120318
2719.001586,2787.109972,2811.000000,2918.000000,2963.937760,2900.177880,2729.774216,2795.108187
2719.511603,2786.907269,2811.000000,2918.000000,2964.051294,2899.888112,2729.818900,2794.904138
2719.006495,2787.098526,2811.000000,2918.000000,2963.965004,2900.179651,2729.750441,2795.096782
2719.010872,2787.070329,2811.000000,2918.000000,2964.030728,2900.184151,2729.692791,2795.068538
2719.045724,2786.858413,2811.000000,2918.000000,2964.168127,2899.891259,2729.665726,2794.855053
2719.706404,2787.186231,2811.000000,2911.200055,2914.794360,2964.509479,2729.716503,2795.157369
2719.000204,2781.349950,2811.000000,2906.400682,2923.429699,2964.392799,2729.370552,2800.500000
2719.000000,2781.339635,2811.000000,2905.428144,2922.713395,2964.446448,2729.318594,2800.500000
2719.714317,2787.041918,2811.000000,2908.990300,2924.000000,2964.465222,2729.662785,2795.022965
2719.312662,2787.040124,2811.000000,2908.967004,2924.000000,2964.467699,2729.607223,2795.021298
2719.408392,2787.128184,2811.000000,2911.281652,2915.725285,2964.645386,2729.564863,2795.098915
2721.493343,2786.991894,2811.000000,2908.427839,2924.000000,2964.521204,2729.963710,2794.975893
2719.002229,2786.936583,2811.000000,2903.233254,2920.858204,2964.642704,2729.489916,2794.927285
2719.610276,2786.933199,2811.000000,2903.407530,2921.030543,2964.679698,2729.523030,2794.920892
2719.147508,2786.916054,2811.000000,2903.260408,2920.892858,2964.691659,2729.463429,2794.906429
2719.042349,2786.913350,2811.000000,2903.263637,2920.896957,2964.697697,2729.445794,2794.903738
2719.429580,2786.913365,2811.000000,2907.100608,2923.837210,2964.745310,2729.443998,2794.895623
2719.563519,2786.889005,2811.000000,2903.401576,2921.042562,2964.780921,2729.394705,2794.876212
2719.784119,2786.887583,2811.000000,2903.813709,2921.425694,2964.770746,2729.394454,2794.875277
2719.099425,2786.873969,2811.000000,2903.312536,2920.959579,2964.789982,2729.370028,2794.863893
2719.000720,2786.860316,2811.000000,2903.328163,2920.979522,2964.820672,2729.330793,2794.850210
2719.046744,2786.855961,2811.000000,2903.334683,2920.987929,2964.831864,2729.326563,2794.845716
2719.013498,2786.836305,2811.000000,2903.357922,2921.017596,2964.876757,2729.282916,2794.825924
2720.490140,2786.847081,2811.000000,2903.672839,2921.319073,2964.892879,2729.498079,2794.832715
2719.012271,2786.823595,2811.000000,2903.375702,2921.040106,2964.907432,2729.255063,2794.812973
2719.023720,2786.819854,2811.000000,2903.379799,2921.045610,2964.916520,2729.248620,2794.809171
2719.011034,2786.818950,2811.000000,2903.380606,2921.046692,2964.918428,2729.245338,2794.808267
2719.912076,2786.792648,2811.000000,2903.638720,2921.305721,2965.003984,2729.296223,2794.778753
2719.003701,2786.774351,2811.000000,2903.435350,2921.116656,2965.022308,2729.152092,2794.763159
2719.026791,2786.754596,2811.000000,2903.460115,2921.148320,2965.068851,2729.113797,2794.743114
2719.000000,2786.749696,2811.000000,2903.466022,2921.155929,2965.080216,2729.100810,2794.738165
2719.015199,2786.733215,2811.000000,2903.488139,2921.184176,2965.120036,2729.067374,2794.721356
2719.012815,2786.732977,2811.000000,2903.488463,2921.184602,2965.120685,2729.066429,2794.721095
2721.094144,2786.755575,2810.999986,2907.595159,2924.489343,2965.119408,2729.460923,2794.734382
2719.000084,2786.718532,2811.000000,2903.505790,2921.206748,2965.154421,2729.034952,2794.706663
2719.667132,2786.703727,2811.000000,2903.619372,2921.316915,2965.163018,2729.127709,2794.693869
2719.594909,2786.725538,2811.000000,2903.772139,2921.455764,2965.157870,2729.115796,2794.711502
2719.000108,2786.706200,2811.000000,2903.521347,2921.226528,2965.183331,2729.010914,2794.694333
2720.575420,2786.704282,2811.000000,2903.868765,2921.547865,2965.183076,2729.273272,2794.690882
2719.419007,2786.678030,2811.000000,2903.828844,2921.523322,2965.200653,2729.033315,2794.669062
2719.002162,2786.694238,2811.000000,2903.536628,2921.246151,2965.212090,2728.984443,2794.682312
2718.032576,2786.661233,2811.000000,2903.578478,2921.299393,2965.288979,2728.805618,2794.649434
2719.090460,2786.674294,2810.999874,2903.782994,2921.491908,2965.284135,2728.918213,2794.659612
2718.055537,2786.654255,2811.000000,2903.586452,2921.309888,2965.305581,2728.792118,2794.642433
2718.108495,2786.651510,2811.000000,2903.590566,2921.315046,2965.312526,2728.791421,2794.639654
2718.112237,2786.646164,2811.000000,2903.597336,2921.323686,2965.325171,2728.781025,2794.634274
2719.706947,2786.656763,2811.000000,2903.754690,2921.473217,2965.328259,2728.990922,2794.641958
2719.974823,2786.624309,2811.000000,2903.780930,2921.505304,2965.362624,2729.014590,2794.613604
2720.031627,2786.637557,2811.000000,2903.938179,2921.654947,2965.357556,2729.029916,2794.624281
2718.000011,2786.612837,2811.000000,2903.638175,2921.375971,2965.403595,2728.698004,2794.600901
2718.000833,2786.608488,2811.000000,2903.644831,2921.384545,2965.414989,2728.687587,2794.596439
2718.000197,2786.602737,2811.000000,2903.651504,2921.392953,2965.428020,2728.675860,2794.590726
2720.584327,2786.594785,2811.000000,2903.939055,2921.665291,2965.429965,2729.067833,2794.583655
2721.037752,2786.624894,2810.999995,2906.985209,2924.015221,2965.475006,2729.195162,2794.604605
2718.032407,2786.582516,2811.000000,2903.677467,2921.426158,2965.476611,2728.635415,2794.570366
2718.023924,2786.569479,2811.000000,2903.695239,2921.448875,2965.508456,2728.605891,2794.557185
2718.027292,2786.561353,2811.000000,2903.705885,2921.462455,2965.528158,2728.588473,2794.548988
2718.042892,2786.561216,2811.000000,2903.706108,2921.462813,2965.528890,2728.589575,2794.548807
2718.000000,2786.557621,2811.000000,2903.709577,2921.467161,2965.536381,2728.578110,2794.545298
2718.071991,2786.541811,2811.000000,2903.730853,2921.494519,2965.575492,2728.550851,2794.529264
2726.468268,2780.058477,2811.000000,2903.743257,2921.518861,2965.642483,2733.561865,2799.500000
2726.455557,2780.054812,2811.000000,2903.750351,2921.527941,2965.655888,2733.547434,2799.500000
2726.440952,2780.049843,2811.000000,2903.759763,2921.539976,2965.673971,2733.535162,2799.500000
2726.435198,2780.048321,2811.000000,2903.762536,2921.543582,2965.679511,2733.527735,2799.500000
2726.424051,2780.044817,2811.000000,2903.769199,2921.552122,2965.692385,2733.517445,2799.500000
2726.414056,2780.041549,2811.000000,2903.775491,2921.560143,2965.704121,2733.507932,2799.500000
2726.378897,2780.030029,2811.000000,2903.797137,2921.587951,2965.746028,2733.475002,2799.500000
2726.368997,2780.027043,2811.000000,2903.802796,2921.595190,2965.756891,2733.464713,2799.500000
2726.345493,2780.019435,2811.000000,2903.817376,2921.613826,2965.784515,2733.442653,2799.500000
2726.338752,2780.017454,2811.000000,2903.821160,2921.618699,2965.791799,2733.435404,2799.500000
2726.336191,2780.016568,2811.000000,2903.822781,2921.620779,2965.795009,2733.433243,2799.500000
2726.322849,2780.012142,2811.000000,2903.830898,2921.631233,2965.811075,2733.420720,2799.500000
2726.282478,2779.999237,2811.000000,2903.855360,2921.662605,2965.858028,2733.380956,2799.500000
2738.000000,2780.049983,2811.000000,2903.859862,2921.668107,2965.884916,2727.729442,2799.500000
2738.000000,2780.049908,2811.000000,2903.860448,2921.668785,2965.885175,2727.729522,2799.500000
2727.708273,2781.374511,2802.597452,2833.745690,2903.409792,2924.091673,2965.724410,2889.818423
2727.689946,2781.201141,2802.562707,2833.579244,2903.718934,2924.121858,2965.726898,2889.798982
2727.705429,2781.346129,2802.609535,2833.730368,2903.516799,2924.104750,2965.731306,2889.818915
2727.574814,2780.205607,2801.732072,2833.434709,2904.828075,2924.215667,2965.749516,2889.738416
2727.536725,2780.121754,2801.803987,2832.502312,2904.181997,2924.177026,2965.796072,2889.781155
2727.615856,2781.129046,2802.711411,2832.103681,2903.792860,2924.201341,2965.819667,2889.793459
2727.617978,2781.145431,2802.709906,2832.191211,2903.808161,2924.206795,2965.818136,2889.788747
2727.582114,2781.128918,2802.721761,2831.846839,2907.152169,2924.550462,2965.791524,2889.142743
2727.435455,2780.981788,2802.478590,2832.502847,2904.072773,2924.308692,2965.977947,2889.947619
2727.444087,2781.030276,2802.658005,2831.990446,2903.741613,2924.305954,2965.986974,2889.861558
2727.444670,2781.040614,2802.670467,2831.993359,2903.736861,2924.304846,2965.993674,2889.877605
2727.439861,2780.976529,2802.653135,2831.877130,2903.590877,2924.290513,2965.997334,2889.889018
2727.412064,2781.156535,2802.712613,2831.217649,2903.927433,2924.327234,2966.003022,2889.891241
2727.280515,2780.204150,2801.731454,2831.505492,2904.743830,2923.010122,2966.192004,2882.571429
2727.409026,2781.023847,2802.643465,2832.184069,2904.125305,2924.363528,2966.029610,2889.876643
2727.403270,2781.003349,2802.664758,2831.860772,2903.683912,2924.326451,2966.035775,2889.892080
2727.327315,2781.392425,2802.741264,2830.506158,2904.704535,2924.447409,2966.064654,2889.996180
2727.308210,2781.326369,2802.713455,2830.510840,2904.778926,2924.470296,2966.086460,2889.989070
2727.333319,2780.929412,2802.623213,2831.871180,2903.594512,2924.358530,2966.104769,2889.938665
2727.324864,2780.928285,2802.621776,2831.869291,2903.593748,2924.364884,2966.112896,2889.939442
2727.253661,2780.979130,2802.606468,2831.211923,2904.232489,2924.446781,2966.161972,2889.931659
2727.238311,2780.633817,2802.373393,2832.501440,2903.821318,2924.431754,2966.194802,2890.000690
2727.210087,2780.956784,2802.527521,2831.505428,2904.318751,2924.484303,2966.218643,2890.008586
2727.193781,2780.760211,2802.432424,2832.499994,2913.345698,2913.361560,2966.031367,2882.714286
2727.179877,2780.831550,2802.570960,2831.969903,2913.366995,2913.351021,2966.067890,2882.714693
2727.169838,2780.873944,2802.586781,2831.890471,2913.385765,2913.370655,2966.059861,2882.715510
2727.109661,2781.183736,2802.553470,2831.506544,2904.686643,2923.008729,2966.392171,2882.714286
2727.160417,2780.801129,2802.543190,2832.036953,2904.975077,2923.217353,2966.429555,2882.714286
2727.160373,2780.828245,2802.572064,2831.932403,2904.977746,2923.219213,2966.432494,2882.714286
2727.150286,2780.853717,2802.496635,2831.504035,2904.902849,2923.183654,2966.436114,2882.714286
2727.123868,2781.226284,2802.583968,2832.560887,2913.411780,2913.389780,2966.132539,2882.714286
2727.111117,2781.089689,2802.634512,2832.242379,2904.870809,2923.200289,2966.365276,2882.714286
2727.099148,2781.018183,2802.584995,2830.504254,2904.571560,2924.578211,2966.318019,2890.069664
2727.090020,2780.764415,2802.535390,2831.920132,2905.001471,2923.271575,2966.501364,2882.571429
2727.042288,2780.826730,2802.507664,2831.212588,2904.366370,2924.596055,2966.371478,2890.041719
2727.039529,2780.747893,2802.522362,2831.937494,2905.015695,2923.314358,2966.550509,2882.428571
2727.017123,2780.789172,2802.535243,2831.856713,2903.645811,2924.565180,2966.423493,2890.083661
2727.004468,2780.740316,2802.489113,2831.871895,2903.795615,2924.573790,2966.430332,2890.067237
2726.950652,2780.354865,2802.144147,2831.486730,2904.625616,2924.704812,2966.468167,2890.026850
2726.934036,2779.731958,2801.643241,2832.479770,2904.934661,2924.735924,2966.465114,2889.934729
2726.941044,2780.912054,2802.565605,2831.281017,2904.319813,2924.664697,2966.485729,2890.090416
2726.856001,2780.839122,2802.525926,2831.190685,2904.379243,2924.723143,2966.565213,2890.127416
2726.848099,2780.891640,2802.556861,2831.231686,2904.178882,2924.710822,2966.578990,2890.140249
2726.858761,2780.721691,2802.498530,2831.838272,2903.819708,2924.681245,2966.586536,2890.150960
2726.825743,2780.851529,2802.544788,2831.493965,2904.153833,2924.729971,2966.609841,2890.120746
2726.786946,2780.791397,2802.496544,2831.194526,2904.279049,2924.753366,2966.636692,2890.170412
2726.774437,2780.660286,2802.461256,2831.855846,2903.796459,2924.724416,2966.671423,2890.203517
2726.760315,2780.654269,2802.463262,2831.852125,2904.033702,2924.764519,2966.685848,2890.176691
2726.714051,2780.812601,2802.492970,2831.226551,2904.321800,2924.803606,2966.710167,2890.185469
2726.638662,2780.637997,2802.406356,2831.183335,2904.509048,2924.862933,2966.778328,2890.232693
2726.610485,2780.554393,2802.404911,2831.871291,2904.079694,2924.858187,2966.836768,2890.263177
2726.589589,2780.569279,2802.400456,2831.842871,2903.898541,2924.852975,2966.849868,2890.275735
2726.576373,2780.595344,2802.384258,2831.749792,2904.132377,2924.875435,2966.857282,2890.232442
2726.432651,2780.699965,2802.439184,2831.327342,2904.548506,2925.009718,2967.001095,2890.276532
2726.427819,2780.518037,2802.368357,2831.835114,2903.828292,2924.956543,2967.017316,2890.349649
2726.375663,2780.672622,2802.413058,2831.385521,2904.272375,2925.023056,2967.054209,2890.336381
2726.335700,2780.644917,2802.411149,2831.187268,2904.593978,2925.074225,2967.094105,2890.353851
2726.285252,2780.643484,2802.409350,2831.215859,2904.548085,2925.102601,2967.147319,2890.380519
2726.275155,2780.413114,2802.314461,2831.844237,2904.092382,2925.072245,2967.174809,2890.414784
2726.272914,2780.427546,2802.325103,2831.837682,2904.262679,2925.089268,2967.177013,2890.403723
2726.262504,2780.453419,2802.326045,2831.828304,2904.236882,2925.060887,2967.180440,2890.356139
2726.248179,2780.610512,2802.396741,2831.285357,2904.614290,2925.132879,2967.186970,2890.373261
2726.204211,2780.589972,2802.371882,2831.245357,2904.780750,2925.173010,2967.229383,2890.367065
2726.200398,2780.594175,2802.375314,2831.254601,2904.781119,2925.176237,2967.233685,2890.367505
2726.164202,2780.292716,2802.192736,2831.201305,2904.608292,2925.160001,2967.252045,2890.462973
2726.140418,2780.368834,2802.242797,2831.166140,2904.786274,2925.197141,2967.279014,2890.433337
2726.124082,2780.182627,2802.109873,2831.265874,2904.533886,2925.164323,2967.291883,2890.487438
2726.113252,2780.365229,2802.276819,2831.824537,2904.094540,2925.184503,2967.332659,2890.455238
2726.059618,2780.365946,2802.283170,2831.787637,2904.226721,2925.225319,2967.394099,2890.504660
2726.044157,2780.334153,2802.260490,2831.797592,2904.219663,2925.234396,2967.405631,2890.498925
2726.009742,2780.300900,2802.242510,2831.826946,2904.124667,2925.246311,2967.441302,2890.529566
2725.953611,2780.174740,2802.087020,2831.147277,2904.854234,2925.343447,2967.473049,2890.528073
2725.949057,2780.183559,2802.120529,2831.070232,2904.795508,2925.345016,2967.487234,2890.534300
2725.927931,2780.153599,2802.088713,2831.101998,2904.847539,2925.359195,2967.502483,2890.543992
2725.911167,2780.114342,2802.117565,2832.061075,2904.583671,2925.355029,2967.535632,2890.545193
2725.897788,2780.117304,2802.111002,2832.360136,2904.539949,2925.347786,2967.550956,2890.582451
2725.879902,2780.164636,2802.120369,2831.088532,2904.832496,2925.390970,2967.554683,2890.566355
2725.888961,2780.045970,2802.101414,2831.889859,2904.429670,2925.349451,2967.564399,2890.590281
2725.834810,2780.096152,2802.042562,2831.127568,2905.068781,2925.422040,2967.571761,2890.534260
2725.847529,2780.155969,2802.104035,2831.090961,2904.834525,2925.404481,2967.579612,2890.577000
2725.799727,2780.095544,2802.060138,2831.119455,2904.948302,2925.442160,2967.620197,2890.584313
2725.796665,2780.094203,2802.057617,2831.119377,2905.003045,2925.448501,2967.622026,2890.564122
2725.811735,2780.148625,2802.128292,2831.077941,2904.915812,2925.438011,2967.628290,2890.579326
2725.781238,2780.098698,2802.099718,2831.165608,2905.137767,2925.471543,2967.656283,2890.547628
2725.739895,2780.100232,2802.110662,2831.162708,2905.069362,2925.500712,2967.696463,2890.608145
2725.734201,2780.080638,2802.091415,2831.177038,2905.123529,2925.501059,2967.697747,2890.592282
2725.716914,2780.118958,2802.119830,2831.117880,2904.956458,2925.492953,2967.722171,2890.627824
2725.706490,2780.015693,2802.066186,2832.207910,2904.722761,2925.476920,2967.741612,2890.623348
2725.682151,2780.068738,2802.046750,2831.121794,2904.880315,2925.495429,2967.741071,2890.642729
2725.683924,2780.085303,2802.071906,2831.116073,2904.891376,2925.504989,2967.748308,2890.639892
2725.666768,2780.111742,2802.122910,2831.073564,2904.873732,2925.517807,2967.775628,2890.660474
2725.646237,2780.053490,2802.085884,2831.181159,2905.236899,2925.568652,2967.785850,2890.600530
2725.638797,2780.081165,2802.107187,2831.086109,2905.032478,2925.552847,2967.802222,2890.620865
2725.624321,2780.094826,2802.115372,2831.137819,2905.022642,2925.558814,2967.815477,2890.655075
2725.600585,2780.141737,2802.122925,2831.297686,2904.933386,2925.566808,2967.835842,2890.702900
2725.586869,2780.101919,2802.118995,2831.165031,2904.959580,2925.580411,2967.852443,2890.696664
2725.544710,2780.050933,2802.095285,2831.148125,2905.114668,2925.619779,2967.891109,2890.668879
2725.507667,2780.054168,2802.070200,2831.146361,2904.886794,2925.615885,2967.927156,2890.736571
2725.463069,2780.044138,2802.095912,2832.064262,2904.419700,2925.610601,2967.992943,2890.791884
2725.416662,2780.039631,2802.078994,2831.168357,2904.163312,2925.571576,2967.966653,2890.917501
2725.401496,2780.167116,2802.133531,2831.517402,2903.272698,2925.437347,2967.975084,2891.169119
2725.400718,2780.067363,2802.097324,2832.131645,2904.417986,2925.642170,2968.053182,2890.832195
2725.389473,2780.092483,2802.109561,2832.111103,2904.692096,2925.679681,2968.062445,2890.775523
2725.372892,2780.118116,2802.102012,2831.313445,2904.860430,2925.691890,2968.066429,2890.800455
2725.336736,2779.998393,2802.036446,2831.110245,2904.975213,2925.712603,2968.089106,2890.783725
2725.352897,2780.073632,2802.106590,2831.034241,2904.714981,2925.693720,2968.087766,2890.839957
2725.336553,2780.125443,2802.093386,2831.439298,2904.834471,2925.713335,2968.098482,2890.826873
2725.326363,2780.036858,2802.060188,2831.131241,2904.962822,2925.727134,2968.102721,2890.798674
2725.306548,2780.002267,2802.041775,2831.102311,2904.961707,2925.732197,2968.122352,2890.801186
2725.296028,2780.006289,2802.038260,2831.053343,2904.822271,2925.721987,2968.132368,2890.813894
2725.306185,2780.032769,2802.088695,2831.055447,2904.899814,2925.739778,2968.137622,2890.823149
2725.270474,2780.037928,2802.098187,2831.096008,2905.042973,2925.781786,2968.172110,2890.816072
2725.243212,2780.106787,2802.114415,2831.134833,2904.828614,2925.768110,2968.188543,2890.863297
2725.240497,2779.954153,2802.065168,2831.808743,2904.604614,2925.756760,2968.209257,2890.874479
2725.239126,2780.040370,2802.102984,2831.025685,2904.747895,2925.776133,2968.211007,2890.862194
2725.235962,2780.017648,2802.091013,2831.912195,2904.330719,2925.745232,2968.222250,2890.906648
2725.224320,2780.056736,2802.109280,2830.955602,2904.665465,2925.780808,2968.225189,2890.886525
2725.224441,2780.057431,2802.109861,2830.955071,2904.660032,2925.780303,2968.225172,2890.886989
2725.196193,2779.997023,2802.058907,2831.110565,2905.060336,2925.816813,2968.245998,2890.812102
2725.191138,2779.979382,2802.046088,2831.153800,2905.193402,2925.833404,2968.245931,2890.801012
2725.111232,2780.097568,2802.110300,2831.195960,2904.717444,2925.849209,2968.334687,2890.936148
2725.092789,2780.040706,2802.071977,2831.110884,2904.770379,2925.854720,2968.349068,2890.921172
2725.068391,2780.043821,2802.119754,2830.902337,2904.722790,2925.885813,2968.385158,2890.943757
2725.060372,2780.051072,2802.130185,2830.918379,2904.779382,2925.890403,2968.394996,2890.937462
2725.039733,2780.119535,2802.134090,2831.228501,2904.758174,2925.900264,2968.406340,2890.954565
2725.031557,2780.087188,2802.124096,2830.950219,2904.689036,2925.891563,2968.413253,2890.970144
2725.017161,2780.058439,2802.117664,2830.893118,2904.660134,2925.907582,2968.429539,2890.973534
2725.002721,2780.089604,2802.128537,2831.100181,2904.798961,2925.920886,2968.446244,2890.966821
2724.994221,2780.088534,2802.127960,2831.058789,2904.783687,2925.924725,2968.455976,2890.972581
2724.979788,2780.029789,2802.093115,2830.906846,2904.758975,2925.930491,2968.464268,2890.984963
2724.973413,2780.106551,2802.134996,2831.222358,2904.634761,2925.933265,2968.483970,2890.995786
2724.962423,2780.037543,2802.102575,2831.072961,2904.792436,2925.943276,2968.486114,2890.992031
2724.941748,2780.042839,2802.081774,2831.003308,2904.767530,2925.957498,2968.502805,2890.995804
2724.949288,2780.057570,2802.101446,2831.833123,2904.411951,2925.927729,2968.511866,2891.027715
2724.946953,2780.061843,2802.098531,2831.904278,2904.444382,2925.927286,2968.515311,2891.020076
2724.914909,2780.037361,2802.106722,2830.925659,2904.714928,2925.971623,2968.536417,2891.017782
2724.905491,2780.116567,2802.132339,2831.149229,2904.669350,2925.974253,2968.537982,2891.021070
2724.868120,2780.055308,2802.121169,2830.832843,2904.684160,2926.002371,2968.587650,2891.033667
2724.823252,2780.116292,2802.134388,2831.236634,2904.591754,2926.024322,2968.630691,2891.071560
2724.826947,2780.038386,2802.114032,2830.758860,2906.104829,2924.798701,2968.771480,2882.428571
2724.778227,2780.080447,2802.107003,2831.903548,2904.325929,2926.028241,2968.686962,2891.099564
2724.771458,2780.046527,2802.119910,2830.688842,2904.687483,2926.070465,2968.693000,2891.080519
2724.643865,2780.084998,2802.112345,2831.136454,2904.689547,2926.134685,2968.807862,2891.146454
2724.639951,2780.067991,2802.107104,2831.096073,2904.757801,2926.140679,2968.811540,2891.146480
2724.630577,2780.079313,2802.110238,2831.255092,2904.558178,2926.141013,2968.830527,2891.152551
2724.598030,2780.079639,2802.109029,2831.113892,2904.646948,2926.162712,2968.859406,2891.164040
2724.540310,2780.075604,2802.106513,2831.211106,2904.643839,2926.203633,2968.921248,2891.187116
2724.499643,2780.057747,2802.099181,2830.895138,2904.505894,2926.221153,2968.958458,2891.218766
2724.437783,2780.048538,2802.093911,2830.741539,2904.449763,2926.262482,2969.027604,2891.251766
2724.427258,2779.530448,2801.780469,2831.785306,2904.976317,2926.321075,2969.036743,2891.237477
2724.414940,2779.521052,2801.769543,2831.778876,2904.947547,2926.325225,2969.043314,2891.242389
2724.422707,2779.544374,2801.786649,2831.770653,2904.815985,2926.317853,2969.043781,2891.232810
2724.410812,2780.034012,2802.082351,2831.053105,2904.296061,2926.269169,2969.059124,2891.269737
2724.401302,2780.049524,2802.092370,2830.958717,2904.387876,2926.285538,2969.068488,2891.268350
2724.390414,2780.048321,2802.091106,2830.700815,2904.502093,2926.295450,2969.075593,2891.269882
2724.334835,2779.975228,2802.053449,2831.071016,2904.365242,2926.321183,2969.137486,2891.301299
2724.323567,2780.042939,2802.078054,2830.975239,2904.312381,2926.328302,2969.144816,2891.307181
2724.325727,2780.035289,2802.079251,2830.954051,2904.352180,2926.327979,2969.143814,2891.302729
2724.326790,2779.974582,2802.057270,2830.877865,2904.291124,2926.323389,2969.146443,2891.309620
2724.312045,2779.964515,2802.049957,2830.948910,2904.265343,2926.334650,2969.162319,2891.318525
2724.291336,2780.041337,2802.079237,2830.668776,2904.394408,2926.352314,2969.176227,2891.320141
2724.194783,2779.889969,2802.037212,2831.048330,2900.001091,2925.414001,2969.191907,2892.954126
2724.186196,2779.972664,2802.073778,2830.627127,2900.000618,2925.341118,2969.186758,2893.042185
2724.186890,2779.978843,2802.075021,2830.672000,2900.000407,2925.346212,2969.185742,2893.027128
2724.184704,2779.951198,2802.071541,2830.582947,2900.002025,2925.281237,2969.184835,2893.150536
2724.160040,2779.961730,2802.067755,2830.743293,2900.001478,2925.295181,2969.208940,2893.169697
2724.128615,2779.967116,2802.064358,2830.665431,2900.001104,2925.360803,2969.242042,2893.097945
2724.108700,2779.959626,2802.057644,2830.672215,2900.001592,2925.455106,2969.284743,2893.030063
2724.090862,2779.957845,2802.055711,2830.669244,2900.000513,2925.398031,2969.283058,2893.115786
2724.089901,2779.956854,2802.055873,2830.645099,2900.001289,2925.393303,2969.298566,2893.248627
2724.062291,2779.884966,2802.004970,2831.110641,2906.596881,2925.368442,2969.537751,2882.285714
2724.064133,2779.875095,2802.000399,2830.828616,2906.578652,2925.359834,2969.537434,2882.285714
2724.025497,2779.841037,2801.997896,2830.963833,2906.721462,2925.276086,2969.576451,2884.497234
2723.998528,2779.842430,2801.984649,2830.873288,2906.631948,2925.419530,2969.602295,2882.285714
2723.980907,2779.837308,2801.980922,2830.861514,2906.641655,2925.431744,2969.620029,2882.285714
2723.969446,2779.809042,2801.981242,2830.868081,2906.753542,2925.317701,2969.630781,2884.481052
2723.972904,2779.834995,2801.979231,2830.856268,2906.646071,2925.437297,2969.628082,2882.285714
2723.965471,2779.848902,2801.979539,2830.765581,2906.631405,2925.426758,2969.636782,2882.285714
2723.928732,2779.850594,2801.978441,2831.127213,2906.672540,2925.460272,2969.671010,2882.285714
2723.876248,2779.823003,2801.964849,2830.913315,2906.703785,2925.489726,2969.717306,2882.296620
2723.878978,2779.861275,2801.977035,2830.885546,2906.693310,2925.490147,2969.717313,2882.285752
2723.883411,2779.827117,2801.961831,2830.731002,2906.675711,2925.482480,2969.719237,2882.285714
2723.873159,2779.823991,2801.959487,2830.699957,2906.680405,2925.489246,2969.729653,2882.285714
2723.840238,2779.796105,2801.950603,2830.771810,2906.719224,2925.529231,2969.761555,2882.285714
2723.829395,2779.880512,2801.970795,2830.710784,2904.377610,2926.654134,2969.649482,2891.529686
2723.828428,2779.888166,2801.972856,2830.681098,2904.351139,2926.653350,2969.650153,2891.531205
2723.817293,2779.762431,2801.931481,2830.868295,2904.798200,2926.678116,2969.663149,2891.516764
2723.766629,2779.884628,2801.968353,2830.490209,2904.507814,2926.698635,2969.711206,2891.552367
2723.764663,2779.841606,2801.952592,2830.643739,2904.644349,2926.704916,2969.710847,2891.543794
2723.753698,2779.843249,2801.953118,2830.686512,2904.574830,2926.707750,2969.722520,2891.560385
2723.672187,2779.840659,2801.938006,2830.403546,2904.318447,2926.751892,2969.805110,2891.601071
2723.664719,2779.855404,2801.943300,2830.320090,2904.373909,2926.756744,2969.812823,2891.593154
2723.654520,2779.830695,2801.933788,2830.405948,2904.497894,2926.770259,2969.824002,2891.610414
2723.626116,2779.815600,2801.928323,2830.400911,2904.566890,2926.795217,2969.852810,2891.616373
2723.606251,2779.792170,2801.918800,2830.510594,2904.668603,2926.809763,2969.874657,2891.627424
2723.574967,2779.801462,2801.911045,2830.330576,2904.399514,2926.821300,2969.905361,2891.644720
2723.565793,2779.798804,2801.906482,2830.302571,2904.311151,2926.823520,2969.914175,2891.647948
2723.517142,2779.725707,2801.883196,2830.550954,2904.689655,2926.872155,2969.965333,2891.665445
2723.476030,2779.755565,2801.883650,2830.378415,2904.470260,2926.887454,2970.007754,2891.692268
2723.466769,2779.730748,2801.876366,2830.400040,2904.573832,2926.901096,2970.017943,2891.694143
2723.439188,2779.704067,2801.866269,2830.487291,2904.847119,2926.927693,2970.042591,2891.684823
2723.420902,2779.723052,2801.872114,2830.283436,2904.547794,2926.934415,2970.065611,2891.705274
2723.409471,2779.657024,2801.848335,2830.853277,2904.838810,2926.942398,2970.075604,2891.716650
2723.387052,2779.674303,2801.875907,2830.327829,2900.001455,2925.746690,2970.000668,2893.755872
2723.372178,2779.645038,2801.840974,2830.707558,2904.978841,2926.971652,2970.104436,2891.709017
2723.341323,2779.665031,2801.867070,2830.238201,2900.000151,2925.854795,2970.044513,2893.594181
2723.331637,2779.554764,2801.793571,2831.157090,2904.661486,2926.987213,2970.152977,2891.765401
2723.303855,2779.665338,2801.835925,2830.530717,2904.439303,2926.991531,2970.182707,2891.767116
2723.290268,2779.619763,2801.840168,2830.407549,2900.000730,2925.963949,2970.112832,2893.508650
2723.267393,2779.463425,2801.795396,2830.658556,2900.000600,2925.814298,2970.117018,2893.833081
2723.246884,2779.595904,2801.833329,2830.361917,2900.000695,2925.816471,2970.140057,2893.829221
2723.189339,2779.412027,2801.761848,2830.804579,2900.001089,2925.911624,2970.196616,2893.755892
2723.090176,2779.532638,2801.788060,2830.306294,2900.000312,2926.057399,2970.299270,2893.635517
2723.074790,2779.528098,2801.784289,2830.274191,2900.000353,2926.065545,2970.322617,2893.681622
2723.051574,2779.520042,2801.779950,2830.255618,2900.000737,2926.049447,2970.346909,2893.739299
2723.033112,2779.510458,2801.777894,2830.242219,2900.000179,2925.968804,2970.352759,2893.934867
2722.990851,2779.490711,2801.767110,2830.262940,2900.000250,2925.966610,2970.393703,2894.039692
2722.975861,2779.361307,2801.692415,2830.851313,2904.894149,2927.234924,2970.516871,2891.910684
2722.962530,2779.460252,2801.722884,2830.698721,2904.647559,2927.234304,2970.530344,2891.923708
2722.921783,2779.433447,2801.707820,2830.729079,2904.653936,2927.262666,2970.573725,2891.941495
2722.888219,2779.456199,2801.713309,2830.556508,2904.631877,2927.272108,2970.602647,2891.955455
2722.883060,2779.469945,2801.719872,2830.439418,2904.830551,2927.284367,2970.607501,2891.968017
2722.871982,2779.350174,2801.671125,2830.517501,2904.365966,2927.220245,2970.619908,2892.132557
2722.840887,2779.424657,2801.697389,2830.614551,2904.761329,2927.311251,2970.648669,2891.986463
2722.820662,2779.403850,2801.690848,2830.672784,2904.977816,2927.332891,2970.668514,2891.988637
2722.808997,2779.430131,2801.702785,2830.399164,2905.103055,2927.340738,2970.690009,2891.977485
2722.804802,2779.435088,2801.701934,2830.393536,2904.999766,2927.345160,2970.687898,2891.992490
2722.716918,2779.418476,2801.684207,2830.251097,2907.369870,2926.104559,2970.907905,2884.884122
2722.705104,2779.481099,2801.684200,2830.202276,2907.295474,2926.287268,2970.904663,2882.142865
2722.685041,2779.472954,2801.672157,2830.134558,2907.301809,2926.300785,2970.924152,2882.142857
2722.623119,2779.409460,2801.662973,2830.130645,2905.764253,2924.959483,2970.755747,2883.395593
2722.623113,2779.430410,2801.653015,2830.134728,2907.319532,2926.340709,2970.987101,2882.142857
2722.612413,2779.413705,2801.663332,2830.135536,2905.830130,2925.123790,2970.768074,2882.532080
2722.610873,2779.412238,2801.661522,2830.132511,2905.811023,2925.062713,2970.769218,2882.915847
2722.599344,2779.404002,2801.657055,2830.131127,2905.802749,2925.038109,2970.780819,2883.076590
2722.572619,2779.326473,2801.636509,2830.258417,2905.821025,2925.095827,2970.807754,2882.865649
2722.570261,2779.389498,2801.647327,2830.136962,2905.831297,2925.083480,2970.810235,2882.969168
2722.487936,2779.360106,2801.621399,2830.115500,2905.836554,2924.920924,2970.893742,2884.431067
2722.442133,2779.257467,2801.612408,2830.237840,2905.657868,2924.627587,2970.894627,2895.837654
2722.433520,2779.263682,2801.608941,2830.234302,2905.711301,2924.639994,2970.924346,2894.264114
2722.438947,2779.046459,2801.610991,2830.307096,2906.729638,2924.067706,2970.909841,2898.701642
2722.407720,2779.219941,2801.603623,2830.147657,2900.001405,2926.211904,2970.978341,2894.640898
2722.392786,2779.211531,2801.599470,2830.152008,2900.000342,2926.219275,2971.003894,2894.721341
2722.377256,2779.297365,2801.593061,2830.131482,2905.935299,2925.219398,2971.004926,2883.008344
2722.367966,2779.200456,2801.592726,2830.148290,2900.000082,2926.230188,2971.020136,2894.702217
2722.318362,2779.301142,2801.577656,2830.121756,2905.943051,2924.956592,2971.064264,2885.524056
2722.315208,2779.268795,2801.577418,2830.124463,2905.969381,2925.267384,2971.068413,2882.983720
2722.313540,2779.268323,2801.574357,2830.113130,2905.924267,2925.052018,2971.069695,2884.387391
2722.283787,2779.168883,2801.563958,2830.146595,2907.434724,2915.138047,2971.087551,2901.450499
2722.265669,2779.049227,2801.549367,2830.280233,2911.094116,2913.487936,2971.135738,2898.000211
2722.216138,2779.127125,2801.547855,2830.157184,2900.000001,2926.368144,2971.182688,2894.765621
2722.206956,2779.046540,2801.545401,2830.289992,2916.791252,2916.633290,2971.240873,2901.468975
2722.175420,2779.105686,2801.533330,2830.153167,2907.706819,2915.174184,2971.208870,2901.298034
2722.162047,2779.093862,2801.530299,2830.190982,2900.000144,2926.447266,2971.231397,2894.648073
2722.149218,2779.098096,2801.530888,2830.124151,2900.000224,2926.410680,2971.247206,2894.783875
2722.141373,2779.092662,2801.527110,2830.125806,2900.000128,2926.428314,2971.253974,2894.747689
2722.118311,2779.068903,2801.514061,2830.217400,2907.692437,2915.197009,2971.259365,2901.389123
2722.091491,2778.981657,2801.487339,2830.409932,2908.075627,2915.088727,2971.295348,2901.294375
2722.079988,2779.063878,2801.515467,2830.155420,2908.142011,2915.107308,2971.304437,2901.190601
2722.070451,2779.067731,2801.506710,2830.120948,2907.486506,2915.276908,2971.312899,2901.597638
2722.053339,2779.051062,2801.500226,2830.139204,2907.820504,2915.214603,2971.331543,2901.404288
2722.040893,2779.042671,2801.494026,2830.181213,2907.541411,2915.287580,2971.334001,2901.567533
2722.028723,2779.046902,2801.495150,2830.125306,2907.579192,2915.252473,2971.352270,2901.635530
2722.026649,2779.050254,2801.494011,2830.132585,2907.565331,2915.261421,2971.354713,2901.496516
2722.024024,2779.047002,2801.491286,2830.141379,2907.500421,2915.339315,2971.352933,2901.536531
2721.988666,2779.009027,2801.463252,2830.157936,2907.541416,2915.335580,2971.385599,2901.566058
2721.976668,2779.014876,2801.475707,2830.134030,2907.617807,2915.332600,2971.401778,2901.551667
2721.963296,2778.997057,2801.468877,2830.182899,2907.721847,2915.304692,2971.415505,2901.565335
2721.958775,2778.984336,2801.456454,2830.145171,2907.740774,2915.209305,2971.429055,2901.175795
2721.937626,2778.954301,2801.440501,2830.171308,2907.905395,2915.143105,2971.452361,2900.989984
2721.860928,2778.961165,2801.437291,2830.125612,2907.728881,2915.316485,2971.511634,2901.396859
2721.810836,2778.940311,2801.432037,2830.135492,2907.741389,2915.361746,2971.566778,2901.664741
2721.803763,2778.945633,2801.432656,2830.113757,2907.741247,2915.409908,2971.567700,2901.671663
2721.791953,2778.925904,2801.418642,2830.142094,2907.779729,2915.411339,2971.582982,2901.658246
2721.779532,2778.885014,2801.409412,2830.166299,2908.357532,2915.206614,2971.616379,2900.806367
2721.782062,2778.907403,2801.420084,2830.217818,2907.897798,2915.373296,2971.595419,2901.666770
2721.768149,2778.937953,2801.428248,2830.170287,2907.666282,2915.467573,2971.589609,2901.627355
2721.775315,2778.928992,2801.424173,2830.105842,2907.763299,2915.395920,2971.604472,2901.745526
2721.766934,2778.857919,2801.390583,2830.509639,2900.000537,2926.898814,2971.636380,2894.413796
2721.732753,2778.885086,2801.406854,2830.144411,2901.000465,2926.828590,2971.668621,2894.567625
2721.714553,2778.869290,2801.397878,2830.187111,2901.000498,2926.937345,2971.694868,2894.414209
2721.690080,2778.884239,2801.375991,2830.371642,2905.333080,2928.084709,2971.820019,2892.496704
2721.655420,2778.844945,2801.367190,2830.461064,2906.295651,2928.153363,2971.852109,2892.459656
2721.563360,2778.747493,2801.339906,2830.415602,2901.000356,2926.944784,2971.840059,2894.590086
2721.553554,2778.804743,2801.333289,2830.461347,2905.700081,2928.190075,2971.950426,2892.556197
2721.541425,2778.803898,2801.329047,2830.458662,2905.384467,2928.186363,2971.960123,2892.574046
2721.543454,2778.636765,2801.272128,2831.027286,2906.205912,2928.222109,2971.959540,2892.521703
2721.544391,2778.806724,2801.335055,2830.285674,2906.366130,2925.789617,2971.847542,2883.231364
2721.531440,2778.829770,2801.317156,2830.395485,2907.836450,2927.102464,2972.083456,2881.857143
2721.525352,2778.753025,2801.296957,2830.462792,2907.802125,2927.106817,2972.092007,2881.857143
2721.508207,2778.732580,2801.311865,2830.386101,2905.813511,2927.494309,2971.867122,2892.682793
2721.469536,2778.752795,2801.311744,2830.331334,2916.551269,2916.542358,2971.940034,2881.857143
2721.451404,2778.677237,2801.278627,2830.474866,2916.516432,2916.526023,2971.962763,2881.857143
2721.459085,2778.674952,2801.328717,2830.302669,2917.262457,2917.108968,2972.001641,2899.436725
2721.419444,2778.713941,2801.271557,2830.369015,2906.412110,2925.716520,2971.973646,2884.260429
2721.407650,2778.708294,2801.268280,2830.368338,2906.418441,2925.723664,2971.985512,2884.275596
2721.407374,2778.703400,2801.267410,2830.389627,2906.417553,2925.725987,2971.985694,2884.258179
2721.384095,2778.692918,2801.268478,2830.603037,2905.658608,2928.300422,2972.117402,2892.635151
2721.360106,2778.705850,2801.297990,2830.207737,2901.000933,2927.117983,2972.046016,2894.663032
2721.331071,2778.680896,2801.282548,2830.333758,2901.002370,2927.266852,2972.085871,2894.456920
2721.312061,2778.576916,2801.221622,2830.965778,2905.926982,2928.357618,2972.191500,2892.660243
2721.310162,2778.676690,2801.280587,2830.249692,2901.001419,2927.255730,2972.095646,2894.484616
2721.271404,2778.690367,2801.259590,2830.285054,2905.553779,2928.369320,2972.232604,2892.695908
2721.186498,2778.644563,2801.230749,2830.356613,2905.476380,2928.419089,2972.318662,2892.738241
2721.175153,2778.641988,2801.232847,2830.348198,2905.602737,2928.429160,2972.337000,2892.731393
2721.081361,2778.591981,2801.225926,2830.076767,2908.268019,2915.803475,2972.302040,2901.999706
2721.057609,2778.580263,2801.196919,2830.306212,2905.733190,2928.516443,2972.452516,2892.791393
2721.017618,2778.515721,2801.165678,2830.611727,2905.774205,2928.540499,2972.490124,2892.809664
2721.015209,2778.526483,2801.169342,2830.516368,2905.882239,2928.547861,2972.492502,2892.801713
2721.013543,2778.514579,2801.166952,2830.587616,2905.960452,2928.552324,2972.495576,2892.800651
2720.999755,2778.548949,2801.178512,2830.350473,2905.858849,2928.555312,2972.511139,2892.820440
2720.992868,2778.508667,2801.161926,2830.555694,2905.789044,2928.559829,2972.517148,2892.820500
2720.936270,2778.532753,2801.164059,2830.208471,2905.678048,2928.592997,2972.574873,2892.849780
2720.923040,2778.509309,2801.154383,2830.330975,2905.829522,2928.608328,2972.586460,2892.850216
2720.865888,2778.509148,2801.152979,2830.184560,2905.958085,2928.651289,2972.653151,2892.865481
2720.864132,2778.505860,2801.152225,2830.189120,2906.076733,2928.657238,2972.655906,2892.862239
2720.833870,2778.479539,2801.135286,2830.220452,2906.070450,2928.674025,2972.679145,2892.880076
2720.815175,2778.456682,2801.126378,2830.302173,2906.160733,2928.693147,2972.696546,2892.881496
2720.761933,2778.392592,2801.094311,2830.554678,2905.852189,2928.717122,2972.749275,2892.927643
2720.733303,2778.396737,2801.098765,2830.434899,2906.327109,2928.755424,2972.781200,2892.911843
2720.709608,2778.385225,2801.088202,2830.459341,2905.925257,2928.753469,2972.804661,2892.949857
2720.704767,2778.338298,2801.076202,2830.534413,2901.000295,2927.783580,2972.713662,2894.500520
2720.681198,2778.399182,2801.085503,2830.286104,2905.436390,2928.758298,2972.828974,2892.960656
2720.665969,2778.360399,2801.066283,2830.477761,2905.549164,2928.771217,2972.844208,2892.974749
2720.660930,2778.367564,2801.071031,2830.415537,2905.649760,2928.775547,2972.850986,2892.983583
2720.652938,2778.216995,2801.021287,2830.885759,2906.313311,2928.806446,2972.862010,2892.958106
2720.634611,2778.360641,2801.061402,2830.335789,2905.460862,2928.783331,2972.880257,2892.983342
2720.628087,2778.316840,2801.051656,2830.617414,2905.794954,2928.804900,2972.886438,2892.993938
2720.625655,2778.331623,2801.056790,2830.520655,2905.723257,2928.805167,2972.890624,2892.995263
2720.574671,2778.331157,2801.071394,2830.077546,2901.000540,2927.770624,2972.874133,2894.854617
2720.569476,2778.330816,2801.070539,2830.062775,2901.001669,2927.774733,2972.877014,2894.876056
2720.556895,2778.178430,2800.989769,2830.735404,2905.684011,2928.853671,2972.960023,2893.018575
2720.480606,2778.309809,2801.046073,2830.058951,2908.436848,2916.172375,2972.898708,2901.999596
2720.439575,2778.270744,2801.038066,2830.075816,2908.825778,2916.132427,2972.953571,2901.999806
2720.421383,2778.295874,2801.032612,2830.077951,2906.576642,2926.114733,2972.953852,2882.142857
2720.413019,2778.292059,2801.030302,2830.077137,2906.581920,2926.121593,2972.962020,2882.142857
2720.382865,2778.277548,2801.021676,2830.075329,2906.598085,2926.142921,2972.992712,2882.142857
2720.373609,2778.181754,2800.992030,2830.286422,2906.610421,2926.155681,2973.002811,2882.142857
2720.328676,2778.159939,2800.979134,2830.284993,2906.635242,2926.188139,2973.048319,2882.142857
2720.262373,2778.183482,2800.966652,2830.238952,2907.051886,2926.662625,2973.143953,2883.661746
2720.257643,2778.183495,2800.966868,2830.233125,2907.070485,2926.713710,2973.148854,2883.395781
2720.184959,2778.109594,2800.915802,2830.349937,2907.072384,2926.564812,2973.221880,2884.622035
2720.125844,2778.202123,2800.946544,2830.054621,2907.138522,2926.752376,2973.282229,2883.746939
2720.120588,2778.186763,2800.931689,2830.071714,2907.112649,2926.587457,2973.286795,2884.808806
2720.119386,2778.199386,2800.944674,2830.052576,2907.142087,2926.756971,2973.288746,2883.747952
2720.104291,2778.178678,2800.927102,2830.071781,2907.121416,2926.598748,2973.303306,2884.816349
2720.081856,2778.097171,2800.916194,2830.230236,2907.164102,2926.832151,2973.326602,2883.463356
2720.054627,2778.078622,2800.905525,2830.246397,2907.162475,2926.801922,2973.354008,2883.745600
2720.041984,2778.077618,2800.904710,2830.229481,2907.185372,2926.859144,2973.366916,2883.477768
2720.028525,2778.127585,2800.899724,2830.105889,2907.164483,2926.647511,2973.380084,2884.888012
2719.993750,2778.053940,2800.890818,2830.228718,2907.211087,2926.891726,2973.415688,2883.495800
2719.984324,2778.085326,2800.907489,2830.058420,2906.818674,2926.431006,2973.396329,2882.142857
2719.965640,2778.076309,2800.902101,2830.057494,2906.828872,2926.444343,2973.415313,2882.142857
2719.927360,2777.965222,2800.863927,2830.273049,2906.857022,2926.478001,2973.454773,2882.142857
2719.894938,2778.042202,2800.881942,2830.053863,2906.867813,2926.495447,2973.486953,2882.142857
2719.894337,2777.949030,2800.854408,2830.272184,2906.875288,2926.501932,2973.488221,2882.142857
2719.878791,2777.997464,2800.857676,2830.226939,2907.274205,2926.977001,2973.531971,2883.478984
2719.859577,2778.025108,2800.871750,2830.052692,2906.887511,2926.521061,2973.522753,2882.142857
2719.852296,2777.928659,2800.842347,2830.270986,2906.898541,2926.532308,2973.530802,2882.142857
2719.849109,2778.019958,2800.868723,2830.053541,2906.893640,2926.528743,2973.533325,2882.142857
2719.845548,2778.018430,2800.867754,2830.051930,2906.895360,2926.531287,2973.536919,2882.142857
2719.792141,2778.032881,2800.848963,2830.035798,2907.287919,2926.922016,2973.619192,2884.101318
2719.748590,2777.933639,2800.820220,2830.224683,2907.341903,2927.057607,2973.663572,2883.585731
2719.723278,2777.998561,2800.828670,2830.040022,2907.339186,2927.015637,2973.688305,2883.844421
2719.697958,2777.981470,2800.811715,2830.053248,2907.334407,2926.886675,2973.714047,2884.804440
2719.664587,2777.892014,2800.795651,2830.224609,2907.386611,2927.113731,2973.748508,2883.620777
2719.615497,2777.864881,2800.779119,2830.232480,2907.399094,2927.104489,2973.798064,2883.876555
2719.611181,2777.866190,2800.780647,2830.222618,2907.415273,2927.150635,2973.802508,2883.636026
2719.606591,2777.950430,2800.798250,2830.035530,2907.433641,2927.163732,2973.807410,2883.540693
2719.596298,2777.937435,2800.791489,2830.034410,2907.398990,2927.068952,2973.817306,2884.107036
2719.575868,2777.925557,2800.784386,2830.040316,2907.423838,2927.116922,2973.837833,2883.950257
2719.569807,2777.933253,2800.787715,2830.029587,2907.438722,2927.145627,2973.844447,2883.787465
2719.519336,2777.862745,2800.774604,2830.034273,2907.083607,2926.793643,2973.869005,2881.857143
2719.470789,2777.839525,2800.760754,2830.030322,2907.110557,2926.829071,2973.918086,2881.857143
2719.462486,2777.740094,2800.730517,2830.260599,2907.121234,2926.840319,2973.927334,2881.857143
2719.446776,2777.827971,2800.753864,2830.027883,2907.123501,2926.846129,2973.942553,2881.857143
2719.439061,2777.824202,2800.751702,2830.028710,2907.128056,2926.852004,2973.950280,2881.857143
2719.410909,2777.730788,2800.693274,2830.340090,2907.487197,2927.097274,2974.004546,2884.852181
2719.405540,2777.758864,2800.715544,2830.239591,2907.523122,2927.278591,2974.010451,2883.777686
2719.364258,2777.836177,2800.718565,2830.049256,2907.527815,2927.061588,2974.051089,2885.487555
2719.324175,2777.696797,2800.672135,2830.303681,2907.533616,2927.153492,2974.092142,2884.907031
2719.306914,2777.663862,2800.685849,2830.256706,2907.203882,2926.940049,2974.084055,2882.000000
2719.288837,2777.655074,2800.680694,2830.256250,2907.213919,2926.953191,2974.102369,2882.000000
2719.285936,2777.749296,2800.707749,2830.025153,2907.208588,2926.949014,2974.104867,2882.000000
2719.213419,2777.714243,2800.687016,2830.022600,2907.248528,2927.001190,2974.178528,2882.000000
2719.175940,2777.696098,2800.676263,2830.022978,2907.270572,2927.029426,2974.216073,2882.000000
2719.167966,2777.692399,2800.673989,2830.021762,2907.275127,2927.035502,2974.224014,2882.000000
2719.116566,2777.667350,2800.659311,2830.020507,2907.302921,2927.071823,2974.276543,2882.000000
2719.088971,2777.557703,2800.623323,2830.251800,2907.324914,2927.098304,2974.304815,2882.000000
2719.085356,2777.555915,2800.622271,2830.251830,2907.326918,2927.100921,2974.308478,2882.000000
2719.047182,2777.537330,2800.611332,2830.251028,2907.348168,2927.128677,2974.347145,2882.000000
2718.980719,2777.500424,2800.590108,2830.299072,2907.210714,2927.094445,2974.340369,2881.857143
2718.966243,2777.593455,2800.615504,2830.036703,2907.190766,2927.076425,2974.354895,2881.913273
2718.948557,2777.582931,2800.608012,2830.039781,2907.160445,2926.962908,2974.362923,2883.120382
2718.945903,2777.574551,2800.609472,2830.067971,2907.161393,2926.984010,2974.369416,2882.901403
2718.899016,2777.551381,2800.594628,2830.066015,2907.327454,2927.186008,2974.462623,2881.866092
2718.884705,2777.458039,2800.564650,2830.249212,2907.442604,2927.260522,2974.512633,2881.857143
2718.872307,2777.451984,2800.561088,2830.249065,2907.449536,2927.269556,2974.525193,2881.857143
2718.855747,2777.443900,2800.556365,2830.248680,2907.458714,2927.281615,2974.541972,2881.857143
2718.838008,2777.526550,2800.580625,2830.034854,2907.209768,2927.004041,2974.477298,2883.556975
2718.808075,2777.420259,2800.542506,2830.250352,2907.490024,2927.330636,2974.591196,2881.714286
2718.691100,2777.462681,2800.537840,2830.000969,2907.543450,2927.393883,2974.709007,2881.857143
2718.680171,2777.358073,2800.505932,2830.246046,2907.556592,2927.409510,2974.719833,2881.857143
2718.678208,2777.357109,2800.505371,2830.246009,2907.557707,2927.410952,2974.721822,2881.857143
2718.655807,2777.444998,2800.527111,2830.006808,2907.491173,2927.383011,2974.713610,2881.857152
2718.625994,2777.331553,2800.490371,2830.245355,2907.586807,2927.449004,2974.774715,2881.857143
2718.600475,2777.319079,2800.483046,2830.244951,2907.601046,2927.467607,2974.800567,2881.857143
2718.577358,2777.307780,2800.476430,2830.244604,2907.613963,2927.484482,2974.823989,2881.857143
2718.576397,2777.307294,2800.476156,2830.244613,2907.614483,2927.485183,2974.824963,2881.857143
2718.571339,2777.405443,2800.503643,2829.995134,2907.612467,2927.483726,2974.829082,2881.857143
2718.548419,2777.293570,2800.468106,2830.244389,2907.630082,2927.505578,2974.853304,2881.857143
2718.497272,2777.360542,2800.481089,2830.017450,2907.629413,2927.516920,2974.903872,2881.885384
2718.469603,2777.354035,2800.474264,2829.994047,2907.659504,2927.550166,2974.932898,2881.857143
2718.443813,2777.242417,2800.438123,2830.242827,2907.688460,2927.581896,2974.959283,2881.857143
2718.436184,2777.238673,2800.435906,2830.242921,2907.692730,2927.587453,2974.967006,2881.857143
2718.379861,2777.211599,2800.419899,2830.239405,2907.719527,2927.614228,2975.023126,2882.000000
2718.375343,2777.310341,2800.447710,2829.987516,2907.716702,2927.612081,2975.026872,2882.000000
2718.347523,2777.356785,2800.437146,2829.980923,2918.353670,2918.355300,2975.076238,2881.878257
2718.269376,2777.286576,2800.416689,2829.985765,2918.400143,2918.420982,2975.140667,2881.857143
2718.251233,2777.284672,2800.407034,2830.038374,2918.393412,2918.394489,2975.179292,2881.867042
2718.221950,2777.263589,2800.403154,2829.983899,2918.427827,2918.448748,2975.188024,2881.857143
2718.214047,2777.259522,2800.400871,2829.984590,2918.432812,2918.453410,2975.195829,2881.857143
2718.206878,2777.256118,2800.398826,2829.983991,2918.436980,2918.457562,2975.203004,2881.857143
2718.202275,2777.147259,2800.371718,2830.246726,2918.430214,2918.452550,2975.206980,2881.857143
2718.178536,2777.242513,2800.390741,2829.982265,2918.453516,2918.474141,2975.231278,2881.857143
2718.155260,2777.170990,2800.368271,2830.109440,2918.463981,2918.487036,2975.254515,2881.857143
2718.143217,2777.211486,2800.378264,2830.040473,2918.468774,2918.489504,2975.266355,2881.857148
2718.133483,2777.221711,2800.362228,2830.014177,2908.182004,2927.951974,2975.296010,2885.442699
2718.044426,2777.096149,2800.329086,2830.206035,2908.240937,2928.174450,2975.386545,2884.427320
2718.018228,2777.138321,2800.345891,2829.973675,2907.899194,2927.864548,2975.389520,2881.857143
2718.012251,2777.135537,2800.344182,2829.972045,2907.901867,2927.868405,2975.395640,2881.857143
2717.993630,2777.125152,2800.338140,2829.986343,2907.863590,2927.862986,2975.389156,2881.857143
2717.948499,2777.101997,2800.325560,2829.983151,2907.899602,2927.894050,2975.447291,2881.857143
2717.936021,2777.027572,2800.298871,2830.155760,2907.795221,2927.854638,2975.395660,2881.857143
2717.881948,2777.113183,2800.304651,2829.979098,2908.345972,2928.297036,2975.550972,2884.393061
2717.871304,2777.067278,2800.304095,2829.967494,2907.970381,2927.960895,2975.538565,2881.857143
2717.856824,2776.959897,2800.270924,2830.217229,2907.978456,2927.971774,2975.553473,2881.857143
2717.854424,2776.958750,2800.270243,2830.217037,2907.979607,2927.973344,2975.555905,2881.857143
2717.804182,2777.036878,2800.285324,2829.958786,2907.891469,2927.965858,2975.556819,2881.714286
2717.779317,2776.966129,2800.252918,2830.203460,2908.382450,2928.351858,2975.654573,2884.540942
2717.768370,2777.023621,2800.276489,2829.986228,2907.873410,2927.813217,2975.571760,2885.034536
2717.760387,2777.020298,2800.278369,2830.004477,2907.817134,2927.816072,2975.554796,2884.562054
2717.766050,2777.038028,2800.273599,2829.932848,2908.283945,2928.356694,2975.675791,2882.317632
2717.764997,2776.961146,2800.250572,2830.197459,2908.403791,2928.405390,2975.669126,2884.293724
2717.712280,2776.972099,2800.255411,2830.032495,2907.884662,2927.986722,2975.636468,2881.803936
2717.706375,2776.984472,2800.256394,2829.970500,2907.973957,2928.042445,2975.675332,2881.714311
2717.683261,2776.888112,2800.224994,2830.171944,2908.011238,2928.068495,2975.710554,2881.715463
2717.609526,2776.939208,2800.229272,2829.963036,2908.021982,2928.106297,2975.773054,2881.714649
2717.555304,2776.816943,2800.185653,2830.195370,2908.111520,2928.164905,2975.859559,2881.714286
2717.516835,2776.895981,2800.203003,2829.953729,2908.128789,2928.188550,2975.898111,2881.714286
2717.436890,2776.851711,2800.180197,2829.953567,2908.146673,2928.236148,2975.969063,2881.717230
2717.414496,2776.839559,2800.173489,2829.962767,2908.185908,2928.259949,2975.999067,2881.857161
2717.379968,2776.823795,2800.163674,2829.958391,2908.203931,2928.282716,2976.034151,2881.880225
2717.365118,2776.727999,2800.132812,2830.162537,2908.217805,2928.296050,2976.051152,2881.860048
2717.333358,2776.707971,2800.122483,2830.184337,2908.238550,2928.318264,2976.083896,2881.857143
2717.308699,2776.696110,2800.115491,2830.183072,2908.250650,2928.334508,2976.108869,2881.857143
2717.217838,2776.736584,2800.118190,2829.969875,2908.307383,2928.400581,2976.191954,2882.308798
2717.212013,2776.748813,2800.116270,2829.941052,2908.290483,2928.393177,2976.205874,2881.857143
2717.185697,2776.735881,2800.108793,2829.942534,2908.303661,2928.410566,2976.232458,2881.857143
2717.113075,2776.534727,2800.035318,2830.521244,2919.032191,2919.050237,2976.301904,2881.952090
2717.058302,2776.585377,2800.044167,2830.226109,2919.108649,2919.133643,2976.356050,2882.022198
2717.044712,2776.667723,2800.067126,2829.922729,2919.083156,2919.101821,2976.371893,2881.925949
2717.029442,2776.542181,2800.029381,2830.308920,2919.110649,2919.138837,2976.383573,2881.996766
2717.028268,2776.506525,2800.019136,2830.397940,2919.086685,2919.110978,2976.386092,2881.954953
2717.018720,2776.557847,2800.030918,2830.259475,2919.127571,2919.155285,2976.395840,2882.029584
2716.989234,2776.649863,2800.051182,2829.955055,2919.142467,2919.169194,2976.424778,2881.985288
2716.969237,2776.541759,2800.018691,2830.225243,2919.163066,2919.188137,2976.446251,2882.054570
2716.956295,2776.525878,2800.012569,2830.269061,2919.166887,2919.193658,2976.459274,2882.056176
2716.930900,2776.516121,2800.005929,2830.257208,2919.182118,2919.209990,2976.485132,2882.063752
2716.924769,2776.601417,2800.032798,2829.959733,2919.157431,2919.181716,2976.492218,2881.960111
2716.924326,2776.459416,2799.992491,2830.349284,2919.151230,2919.176998,2976.491661,2881.993392
2716.911781,2776.589688,2800.030068,2829.943333,2908.448083,2928.599759,2976.498940,2882.262683
2716.884259,2776.590751,2800.023187,2829.926574,2908.449783,2928.608179,2976.537186,2881.857143
2716.868438,2776.584861,2800.018390,2829.928863,2908.390763,2928.594624,2976.515543,2881.857143
2716.863479,2776.482958,2799.988912,2830.168472,2908.463130,2928.624355,2976.559304,2881.857143
2716.853365,2776.488666,2799.988808,2830.118633,2908.424915,2928.615983,2976.541552,2881.969480
2716.847782,2776.475419,2799.984459,2830.167705,2908.470814,2928.634682,2976.575200,2881.857143
2716.822074,2776.550975,2800.003762,2829.965181,2908.422489,2928.629441,2976.573620,2881.824572
2716.780928,2776.532237,2799.993026,2829.929369,2908.492206,2928.675731,2976.643069,2881.828880
2716.766245,2776.519171,2799.987678,2829.961159,2908.438379,2928.664971,2976.629513,2881.792028
2716.745568,2776.511204,2799.982605,2829.941240,2908.516311,2928.704445,2976.673812,2882.003751
2716.746036,2776.498725,2799.981075,2829.977795,2908.546173,2928.712253,2976.667576,2882.509434
2716.661240,2776.469092,2799.957661,2829.942480,2908.590438,2928.768346,2976.754097,2882.399212
2716.654368,2776.464288,2799.956195,2829.945562,2908.559672,2928.761273,2976.771137,2881.961833
2716.608227,2776.456537,2799.944622,2829.920256,2908.573725,2928.786830,2976.818271,2881.714286
2716.590798,2776.350686,2799.912118,2830.143373,2908.593691,2928.805566,2976.837216,2881.714286
2716.588371,2776.349496,2799.911434,2830.143326,2908.594882,2928.807170,2976.839676,2881.714286
2716.584729,2776.445112,2799.937961,2829.919889,2908.585189,2928.802222,2976.841764,2881.714286
2716.580998,2776.443474,2799.936970,2829.917422,2908.586772,2928.804763,2976.845969,2881.714286
2716.551344,2776.429089,2799.928552,2829.916896,2908.601427,2928.824341,2976.875985,2881.714286
2716.528229,2776.417910,2799.921967,2829.916851,2908.612853,2928.839534,2976.899229,2881.714286
2716.524867,2776.416322,2799.920916,2829.918090,2908.626696,2928.845230,2976.901818,2881.857143
2716.511767,2776.409990,2799.917313,2829.914599,2908.620813,2928.850445,2976.916119,2881.714286
2716.507085,2776.407534,2799.915954,2829.915968,2908.623510,2928.853738,2976.921018,2881.714286
2716.489250,2776.301581,2799.883322,2830.138982,2908.644308,2928.873022,2976.940137,2881.714286
2716.486697,2776.397780,2799.910153,2829.915263,2908.633576,2928.867210,2976.941410,2881.714286
2716.483269,2776.366639,2799.905113,2830.014927,2908.638395,2928.873058,2976.943606,2881.949651
2716.449443,2776.379344,2799.899485,2829.915323,2908.652585,2928.892233,2976.979196,2881.714286
2716.403713,2776.358053,2799.886669,2829.909331,2908.686420,2928.925755,2977.024610,2881.857143
2716.388683,2776.350475,2799.882337,2829.911464,2908.694273,2928.935968,2977.040079,2881.857143
2716.361685,2776.337339,2799.874615,2829.912748,2908.707972,2928.953898,2977.067060,2881.857143
2716.345317,2776.326739,2799.869965,2829.910411,2908.712748,2928.964519,2977.083589,2881.857261
2716.334727,2776.324292,2799.867050,2829.911223,2908.721299,2928.971924,2977.094534,2881.857143
2716.296633,2776.305967,2799.856243,2829.907409,2908.740162,2928.997398,2977.133446,2881.857143
2716.295606,2776.305563,2799.855949,2829.907037,2908.740562,2928.997986,2977.134322,2881.857143
2716.282107,2776.299309,2799.852085,2829.906818,2908.746975,2929.006619,2977.147323,2881.857143
2716.273062,2776.294745,2799.849547,2829.906258,2908.751704,2929.012909,2977.156955,2881.857143
2716.250549,2776.278004,2799.842968,2829.910746,2908.755957,2929.026814,2977.178201,2881.869688
2716.247170,2776.282438,2799.842190,2829.905182,2908.764383,2929.029926,2977.182737,2881.857143
2716.232502,2776.275115,2799.838093,2829.903569,2908.771992,2929.040093,2977.198290,2881.857143
2716.230141,2776.273845,2799.837387,2829.904760,2908.773333,2929.041743,2977.200783,2881.857143
2716.185395,2776.252218,2799.824612,2829.904785,2908.795723,2929.071474,2977.245765,2881.857143
2716.183782,2776.247176,2799.823784,2829.909890,2908.792194,2929.071940,2977.246874,2881.859162
2716.163440,2776.241264,2799.818463,2829.902977,2908.806209,2929.086177,2977.267803,2881.857143
2716.123673,2776.222545,2799.807145,2829.902510,2908.826286,2929.112432,2977.307895,2881.857143
2716.110220,2776.204180,2799.802358,2829.927019,2908.824322,2929.120738,2977.319993,2881.892545
2716.079451,2776.100716,2799.766577,2830.130270,2908.858386,2929.149266,2977.354681,2881.857143
2716.053389,2776.093324,2799.759365,2830.130865,2908.864997,2929.162022,2977.380061,2881.857143
2716.041384,2776.180838,2799.783163,2829.909692,2908.781586,2929.137870,2977.344688,2881.859268
2716.004464,2776.066709,2799.745664,2830.123628,2908.899130,2929.200353,2977.430403,2881.857143
2716.002740,2776.062210,2799.744453,2830.132683,2908.898365,2929.201015,2977.431606,2881.857143
2715.980066,2776.054908,2799.738741,2830.122611,2908.911482,2929.216726,2977.455136,2881.857143
2715.971923,2776.148774,2799.764035,2829.898830,2908.902911,2929.214171,2977.462121,2881.857143
2715.908654,2776.051727,2799.718985,2830.182889,2909.390221,2929.632911,2977.545816,2885.182712
2715.902271,2776.046938,2799.716470,2830.190573,2909.392800,2929.634226,2977.552258,2885.203368
2715.898052,2776.142027,2799.737125,2829.917748,2909.388934,2929.595994,2977.555660,2885.424512
2715.897562,2776.144994,2799.737366,2829.920718,2909.399548,2929.615392,2977.556789,2885.326148
2715.883811,2775.950097,2799.704685,2830.145520,2909.160865,2929.601629,2977.529818,2881.714286
2715.728845,2775.934655,2799.664494,2830.215463,2919.921671,2919.947698,2977.702412,2882.506438
2715.727573,2775.934033,2799.664131,2830.215454,2919.922449,2919.948477,2977.703702,2882.506913
2715.722761,2776.040346,2799.690400,2829.942182,2919.928200,2919.954049,2977.707412,2882.477844
2715.672803,2776.019275,2799.678131,2829.893707,2919.955439,2919.982220,2977.758236,2882.478325
2715.670787,2776.017733,2799.677148,2829.905180,2919.958421,2919.984623,2977.760497,2882.483831
2715.663375,2776.016251,2799.674963,2829.883423,2919.961566,2919.986994,2977.767860,2882.487577
2715.658783,2776.015302,2799.674750,2829.885027,2919.968062,2919.995638,2977.771910,2882.493443
2715.631163,2776.005642,2799.666131,2829.892431,2919.988576,2920.014845,2977.801156,2882.514774
2715.614635,2775.989586,2799.662032,2829.884442,2919.988301,2920.015348,2977.817274,2882.488780
2715.602989,2776.008396,2799.656615,2829.898612,2919.985480,2919.990802,2977.849220,2882.650118
2715.606560,2775.996597,2799.659043,2829.894459,2920.007016,2920.032286,2977.826388,2882.535472
2715.571558,2775.967363,2799.648877,2829.907368,2920.019086,2920.045590,2977.859598,2882.521126
2715.562424,2775.963479,2799.647079,2829.890628,2920.021228,2920.047659,2977.870160,2882.512019
2715.559243,2775.960340,2799.644689,2829.921554,2920.027099,2920.052405,2977.872963,2882.533052
2715.558525,2775.960898,2799.644092,2829.927792,2920.028738,2920.053583,2977.874409,2882.535647
2715.544458,2775.821747,2799.606342,2830.303920,2920.026749,2920.053964,2977.887815,2882.561332
2715.523118,2775.920637,2799.628167,2830.048289,2920.017120,2920.023953,2977.928352,2882.703124
2715.512880,2775.829021,2799.602937,2830.214208,2920.053893,2920.080065,2977.921113,2882.585284
2715.479908,2775.842556,2799.597341,2830.178593,2909.621035,2929.925360,2977.979247,2885.339778
2715.466086,2775.805750,2799.593585,2830.095376,2909.158526,2929.560346,2977.978353,2881.618811
2715.461484,2775.830916,2799.588409,2830.189372,2909.631378,2929.932840,2977.997874,2885.380285
2715.431575,2775.789245,2799.583720,2830.096414,2909.181357,2929.584183,2978.012502,2881.714286
2715.424981,2775.815021,2799.580625,2830.181218,2909.650792,2929.961302,2978.034777,2885.370227
2715.415706,2775.870081,2799.607941,2829.851399,2909.545526,2930.036080,2978.047715,2881.889049
2715.401103,2775.872043,2799.601066,2829.886099,2909.141459,2929.428573,2977.953083,2886.064947
2715.373070,2775.852713,2799.593763,2829.908851,2909.143312,2929.595055,2978.035177,2881.891900
2715.326068,2775.738069,2799.553869,2830.092431,2909.235263,2929.655316,2978.119507,2881.714286
2715.312200,2775.866409,2799.571997,2829.905581,2909.726228,2930.033782,2978.148756,2885.430357
2715.273729,2775.743232,2799.539462,2830.172442,2909.742961,2930.099934,2978.187721,2885.222936
2715.268705,2775.835548,2799.549887,2829.916885,2909.725185,2929.933685,2978.192011,2886.270198
2715.244872,2775.698991,2799.530734,2830.092963,2909.284651,2929.710917,2978.200576,2881.857143
2715.240755,2775.696980,2799.529552,2830.092854,2909.286764,2929.713693,2978.204753,2881.857143
2715.224807,2775.689254,2799.525043,2830.092231,2909.294891,2929.724431,2978.220926,2881.857143
2715.210119,2775.779707,2799.548209,2829.873248,2909.286434,2929.724395,2978.234315,2881.857143
2715.207876,2775.779291,2799.547730,2829.870249,2909.286965,2929.725699,2978.236550,2881.857143
2715.193600,2775.772162,2799.543673,2829.871257,2909.294496,2929.735427,2978.251155,2881.857143
2715.187382,2775.769148,2799.541909,2829.871325,2909.297671,2929.739575,2978.257365,2881.857143
2715.143379,2775.781289,2799.526379,2829.895361,2909.807221,2930.148246,2978.319428,2885.413256
2715.098923,2775.762629,2799.513598,2829.893676,2909.837324,2930.185190,2978.364339,2885.414653
2715.086856,2775.759095,2799.510123,2829.897719,2909.849017,2930.189800,2978.376556,2885.523531
2715.078161,2775.754200,2799.506491,2829.897267,2909.853694,2930.194999,2978.385352,2885.528768
2715.069605,2775.662020,2799.484890,2830.102876,2909.848484,2930.211016,2978.394031,2885.434161
2715.051617,2775.733418,2799.500712,2829.889411,2909.846592,2930.197090,2978.411974,2885.548133
2715.033608,2775.732469,2799.494465,2829.892576,2909.876409,2930.226781,2978.430451,2885.514612
2715.015845,2775.724877,2799.490144,2829.893229,2909.898760,2930.284177,2978.448446,2885.209546
2715.011178,2775.722633,2799.488819,2829.892944,2909.902224,2930.290255,2978.453165,2885.195294
2714.992221,2775.713571,2799.483424,2829.893722,2909.911526,2930.294449,2978.472294,2885.297917
2714.959204,2775.589429,2799.449917,2830.172523,2909.911718,2930.313645,2978.505676,2885.331932
2714.959267,2775.694083,2799.472666,2829.890964,2909.912983,2930.278206,2978.505598,2885.490507
2714.939733,2775.685158,2799.468674,2829.887383,2909.922000,2930.294672,2978.525302,2885.445200
2714.937771,2775.579264,2799.443933,2830.169946,2909.925085,2930.333935,2978.527367,2885.307516
2714.936324,2775.578468,2799.443512,2830.170353,2909.925023,2930.331120,2978.528813,2885.338915
2714.917966,2775.670997,2799.462092,2829.899350,2909.931636,2930.308682,2978.547441,2885.458488
2714.916118,2775.676710,2799.461627,2829.890386,2909.945894,2930.327843,2978.549206,2885.409650
2714.909689,2775.673774,2799.460042,2829.890232,2909.946246,2930.320288,2978.555674,2885.496558
2714.885953,2775.553937,2799.429187,2830.169851,2909.954228,2930.375772,2978.579784,2885.266720
2714.878520,2775.550140,2799.427056,2830.170524,2909.958110,2930.380416,2978.587290,2885.273609
2714.850196,2775.559001,2799.423863,2830.071398,2909.976602,2930.396933,2978.615921,2885.320050
2714.842136,2775.640134,2799.440847,2829.893849,2909.984051,2930.367755,2978.623964,2885.542602
2714.841882,2775.549683,2799.420108,2830.105872,2909.981883,2930.399200,2978.624258,2885.355128
2714.809637,2775.516642,2799.407497,2830.169848,2909.993337,2930.416913,2978.656867,2885.392528
2714.799053,2775.511539,2799.404508,2830.169334,2909.999448,2930.425942,2978.667581,2885.382604
2714.784938,2775.533223,2799.406305,2830.054805,2910.012929,2930.435756,2978.681927,2885.394828
2714.758415,2775.600473,2799.417256,2829.888243,2910.031188,2930.430715,2978.708596,2885.538318
2714.709539,2775.573194,2799.402924,2829.894719,2910.048917,2930.450426,2978.758115,2885.572674
2714.706372,2775.438162,2799.378538,2830.074073,2909.563069,2930.073997,2978.746153,2881.924010
2714.648723,2775.524066,2799.388661,2829.856255,2920.581958,2920.609967,2978.795608,2882.847164
2714.630226,2775.397502,2799.351703,2830.210578,2920.594715,2920.621413,2978.814920,2882.908068
2714.566078,2775.499898,2799.359609,2829.877858,2910.116129,2930.526376,2978.902520,2885.771940
2714.534372,2775.498601,2799.353823,2829.846386,2910.083254,2930.509648,2978.934263,2884.970487
2714.534975,2775.382789,2799.329520,2830.167251,2910.143263,2930.614920,2978.934579,2885.393656
2714.523859,2775.349924,2799.326944,2830.068985,2909.660155,2930.197188,2978.930594,2881.998785
2714.520455,2775.334945,2799.320849,2830.138767,2909.519203,2930.149825,2978.856187,2882.104700
2714.517532,2775.416621,2799.345973,2829.981835,2909.612751,2930.168309,2978.849404,2883.405015
2714.500912,2775.482773,2799.344133,2829.855465,2910.132920,2930.443767,2978.966869,2886.547733
2714.444576,2775.420126,2799.326818,2829.881217,2920.681215,2920.689860,2979.022808,2883.027787
2714.379280,2775.306605,2799.285269,2830.168034,2910.225732,2930.711087,2979.091907,2885.549778
2714.359058,2775.293166,2799.278490,2830.189167,2910.225358,2930.697308,2979.112347,2885.630984
2714.356387,2775.401669,2799.302619,2829.900119,2910.243814,2930.697004,2979.114960,2885.690565
2714.354953,2775.217943,2799.268412,2830.185369,2909.772106,2930.349064,2979.026951,2884.820509
2714.352553,2775.290236,2799.276837,2830.184007,2910.230943,2930.704804,2979.118913,2885.673558
2714.324270,2775.344823,2799.272309,2830.029969,2910.236547,2930.587045,2979.146715,2886.572017
2714.318471,2775.375591,2799.290134,2829.922064,2910.263522,2930.716597,2979.153260,2885.794055
2714.295977,2775.394759,2799.284303,2829.863270,2910.260401,2930.557879,2979.174242,2886.936780
2714.273126,2775.373491,2799.278066,2829.867008,2910.257528,2930.612281,2979.197507,2886.446151
2714.272011,2775.232888,2799.250590,2830.227265,2910.262765,2930.753583,2979.199925,2885.733429
2714.268839,2775.251777,2799.253686,2830.171142,2910.276501,2930.759302,2979.203523,2885.744507
2714.254984,2775.203308,2799.237148,2830.381863,2910.243800,2930.683108,2979.216222,2886.088705
2714.240496,2775.345501,2799.270809,2829.872314,2910.297514,2930.769618,2979.231988,2885.718561
2714.235480,2775.354202,2799.267657,2829.860546,2910.277599,2930.638087,2979.235672,2886.484346
2714.189330,2775.325386,2799.256192,2829.871196,2910.339662,2930.823641,2979.283845,2885.715268
2714.160195,2775.198784,2799.222828,2830.170772,2910.335521,2930.834545,2979.313339,2885.778952
2714.154720,2775.190180,2799.216316,2830.200021,2910.337570,2930.829226,2979.318860,2885.838476
2714.140699,2775.290147,2799.241070,2829.906987,2910.350541,2930.837289,2979.332945,2885.779922
2714.135790,2775.299678,2799.241168,2829.869475,2910.364942,2930.846279,2979.337921,2885.831768
2714.079281,2775.233103,2799.216945,2830.010950,2920.914187,2920.919202,2979.399419,2883.249856
2714.039527,2775.139477,2799.187982,2830.172491,2910.399739,2930.912332,2979.435319,2885.852054
2714.031778,2775.248974,2799.211876,2829.868680,2910.420467,2930.916383,2979.443073,2885.864789
2714.005097,2775.232627,2799.204853,2829.849576,2910.424287,2930.928386,2979.470435,2885.848114
2713.981927,2775.226118,2799.197752,2829.859970,2910.447639,2930.949016,2979.493474,2885.903721
2713.971067,2775.214799,2799.195048,2829.848244,2910.438254,2930.957510,2979.504048,2885.714975
2713.970271,2775.214864,2799.195276,2829.847942,2910.442309,2930.969362,2979.505146,2885.628988
2713.929187,2775.199614,2799.181976,2829.860329,2910.476538,2930.992179,2979.546747,2885.831462
2713.925755,2775.200593,2799.182276,2829.851688,2910.472728,2931.004549,2979.550033,2885.430779
2713.894479,2775.183517,2799.172646,2829.855903,2910.496071,2931.011743,2979.582214,2885.919625
2713.884166,2775.178448,2799.170319,2829.861145,2910.500305,2931.015942,2979.592267,2885.935973
2713.858968,2775.099844,2799.132606,2829.990071,2910.489523,2930.904119,2979.617220,2886.760260
2713.815295,2775.137597,2799.152262,2829.817027,2910.494860,2930.968904,2979.660744,2886.399617
2713.781299,2775.122049,2799.142282,2829.841167,2910.545159,2931.102623,2979.695932,2885.732335
2713.752556,2775.000895,2799.107524,2830.166412,2910.564531,2931.139869,2979.725431,2885.778818
2713.744257,2774.980337,2799.081927,2830.221099,2910.543858,2931.006020,2979.733373,2886.614617
2713.712844,2775.090189,2799.122077,2829.849462,2910.578375,2931.120951,2979.765056,2885.992566
2713.705087,2774.977212,2799.093907,2830.169462,2910.586431,2931.161128,2979.773391,2885.858379
2713.664041,2774.950037,2799.080401,2830.207033,2910.603135,2931.176058,2979.814888,2885.933906
2713.659490,2774.954272,2799.080450,2830.171362,2910.605717,2931.174084,2979.819479,2885.981277
2713.640121,2774.945225,2799.075453,2830.169856,2910.617611,2931.193133,2979.839063,2885.952636
2713.608407,2774.928825,2799.064878,2830.173811,2910.633555,2931.207560,2979.871115,2886.010148
2713.546514,2774.899144,2799.048259,2830.171544,2910.667363,2931.252784,2979.933681,2886.014916
2713.518783,2774.861962,2799.035726,2830.230722,2910.643959,2931.200623,2979.960482,2886.302541
2713.474839,2774.931066,2799.060471,2829.902900,2910.195895,2930.878388,2979.895828,2885.745769
2713.463431,2774.939971,2799.056718,2829.863267,2910.159851,2930.768545,2979.891693,2886.598421
2713.409928,2774.948883,2799.036221,2829.848926,2910.756348,2931.345303,2980.071631,2886.024797
2713.400176,2774.944113,2799.033185,2829.849821,2910.762554,2931.346829,2980.081467,2886.118842
2713.399775,2774.942997,2799.032146,2829.851919,2910.762465,2931.345398,2980.081858,2886.130315
2713.396839,2774.824743,2799.005609,2830.179132,2910.748033,2931.354894,2980.084970,2886.071847
2713.388994,2774.938949,2799.030143,2829.848430,2910.771122,2931.365867,2980.092785,2886.034040
2713.381561,2774.936296,2799.028653,2829.840809,2910.783222,2931.396040,2980.100676,2885.897557
2713.353038,2774.922648,2799.020637,2829.839909,2910.797831,2931.410556,2980.129531,2885.952296
2713.301068,2774.886710,2798.992722,2829.862505,2910.794468,2931.289577,2980.180899,2886.938548
2713.292427,2774.776597,2798.977225,2830.165883,2910.813545,2931.454955,2980.190537,2885.947003
2713.239927,2774.749682,2798.961453,2830.171622,2910.833256,2931.462281,2980.243585,2886.130212
2713.207525,2774.708255,2798.946601,2830.272849,2910.836915,2931.481872,2980.276142,2886.047547
2713.194282,2774.728857,2798.949492,2830.165231,2910.867670,2931.527320,2980.289769,2885.939736
2713.167606,2774.715738,2798.941906,2830.165833,2910.881655,2931.543105,2980.316724,2885.971470
2713.160718,2774.711821,2798.939802,2830.169920,2910.884999,2931.547372,2980.323668,2885.970841
2713.144781,2774.700881,2798.934310,2830.186902,2910.892662,2931.554718,2980.339764,2886.008915
2713.139222,2774.701917,2798.933880,2830.165931,2910.896630,2931.560530,2980.345404,2885.998324
2713.137187,2774.700949,2798.933292,2830.165913,2910.897740,2931.561869,2980.347460,2885.999390
2713.096388,2774.782737,2798.946788,2829.884606,2910.914325,2931.562117,2980.388458,2886.051594
2713.065620,2774.666166,2798.913082,2830.165248,2910.936946,2931.613277,2980.419813,2886.005789
2713.064090,2774.665303,2798.912624,2830.166013,2910.937195,2931.611403,2980.421342,2886.030499
2713.049581,2774.657816,2798.907909,2830.166924,2910.936913,2931.594455,2980.435986,2886.189519
2713.037765,2774.652473,2798.905172,2830.166074,2910.951461,2931.629444,2980.447952,2886.040109
2713.007028,2774.754419,2798.922966,2829.841762,2910.980685,2931.635285,2980.478868,2886.136103
2713.007045,2774.754640,2798.923030,2829.840892,2910.985112,2931.648625,2980.478839,2886.062138
2712.993853,2774.629774,2798.892052,2830.171884,2910.966936,2931.632732,2980.492316,2886.209172
2712.984291,2774.626432,2798.890054,2830.166011,2910.980430,2931.666093,2980.502003,2886.059654
2712.977976,2774.735287,2798.915192,2829.827627,2910.979954,2931.641449,2980.508396,2886.101890
2712.967319,2774.725828,2798.909870,2829.871889,2910.957624,2931.534270,2980.516485,2886.769167
2712.928887,2774.710993,2798.900398,2829.819130,2910.977578,2931.572814,2980.556497,2886.688555
2712.904648,2774.680970,2798.888815,2829.893503,2911.030080,2931.693407,2980.582277,2886.252420
2712.845728,2774.558878,2798.850866,2830.166422,2911.055811,2931.762620,2980.642063,2886.097825
2712.835691,2774.552853,2798.847427,2830.171420,2911.052484,2931.740514,2980.652187,2886.270894
2712.763230,2774.624533,2798.852000,2829.885898,2911.107055,2931.785908,2980.725235,2886.335735
2712.761656,2774.630100,2798.855411,2829.810077,2911.084944,2931.765501,2980.726800,2886.336545
2712.759324,2774.515529,2798.825579,2830.172155,2911.093767,2931.791872,2980.729376,2886.305245
2712.753566,2774.633089,2798.851857,2829.829489,2911.117134,2931.806373,2980.735053,2886.238988
2712.746849,2774.627696,2798.848655,2829.811176,2911.039554,2931.667094,2980.753688,2886.434604
2712.722534,2774.497542,2798.814962,2830.172624,2911.114849,2931.820769,2980.766568,2886.297178
2712.719231,2774.496060,2798.814205,2830.172019,2911.116330,2931.822206,2980.769907,2886.303061
2712.699051,2774.466257,2798.785885,2830.266607,2911.109683,2931.730071,2980.789575,2886.942565
2712.696138,2774.595418,2798.823676,2829.840813,2911.121868,2931.710625,2980.792338,2887.111525
2712.689483,2774.591907,2798.822557,2829.839272,2911.123526,2931.718842,2980.799027,2887.066290
2712.668001,2774.586789,2798.825635,2829.828527,2911.154770,2931.847299,2980.821249,2886.383941
2712.649355,2774.573846,2798.819676,2829.820646,2911.147594,2931.829282,2980.840294,2886.514410
2712.640716,2774.458807,2798.792878,2830.168452,2911.166594,2931.901409,2980.849270,2886.186991
2712.583389,2774.550670,2798.803897,2829.827020,2911.207434,2931.914029,2980.907042,2886.370555
2712.574913,2774.537708,2798.790516,2829.832270,2911.180083,2931.808736,2980.914833,2886.895721
2712.568156,2774.542725,2798.798807,2829.827232,2911.214207,2931.918556,2980.922414,2886.414340
2712.558839,2774.416978,2798.769192,2830.179597,2911.209832,2931.955683,2980.932036,2886.220698
2712.553570,2774.532096,2798.795547,2829.802655,2911.184068,2931.832256,2980.936180,2886.842661
2712.468515,2774.496286,2798.772019,2829.811202,2911.229624,2931.888076,2981.018505,2886.844758
2712.467273,2774.502348,2798.771071,2829.807017,2911.240704,2931.848135,2981.021570,2887.265596
2712.460404,2774.485717,2798.769639,2829.812494,2911.259822,2931.994215,2981.030986,2886.326188
2712.432232,2774.357627,2798.734084,2830.166130,2911.280338,2932.048125,2981.060043,2886.232271
2712.380553,2774.329708,2798.718368,2830.180950,2911.299363,2932.053169,2981.112235,2886.434726
2712.375039,2774.324072,2798.716422,2830.197810,2911.301858,2932.057621,2981.117793,2886.432137
2712.313270,2774.298397,2798.699774,2830.172989,2911.336183,2932.099842,2981.180241,2886.456353
2712.311750,2774.298823,2798.700049,2830.167624,2911.344747,2932.126410,2981.181791,2886.310590
2712.309601,2774.372363,2798.731571,2829.774778,2910.671161,2931.360840,2981.004253,2888.549760
2712.278546,2774.282386,2798.690598,2830.168968,2911.363181,2932.151950,2981.215372,2886.298638
2712.257090,2774.271386,2798.684473,2830.171009,2911.367634,2932.143997,2981.237039,2886.434778
2712.256575,2774.270133,2798.683928,2830.179773,2911.374475,2932.164371,2981.237524,2886.329259
2712.245744,2774.266716,2798.681471,2830.167307,2911.380758,2932.172536,2981.248516,2886.329878
2712.175636,2774.232578,2798.661637,2830.167947,2911.418879,2932.220689,2981.319370,2886.355374
2712.168007,2774.228867,2798.659485,2830.167793,2911.423073,2932.226214,2981.327087,2886.356029
2712.158055,2774.223296,2798.656493,2830.172146,2911.423853,2932.221244,2981.337144,2886.406618
2712.148725,2774.340921,2798.681492,2829.815952,2911.442303,2932.207908,2981.346337,2886.557413
2712.144223,2774.216409,2798.651188,2830.174109,2911.435586,2932.238757,2981.351102,2886.387917
2712.139336,2774.195710,2798.642486,2830.258615,2911.425283,2932.209357,2981.356185,2886.575111
2712.125713,2774.172392,2798.618423,2830.376334,2911.420352,2932.132006,2981.369334,2887.094741
2712.062985,2774.300213,2798.657571,2829.810121,2911.488772,2932.269027,2981.433008,2886.554000
2712.056237,2774.216385,2798.636973,2829.988695,2911.485189,2932.279620,2981.440047,2886.538157
2712.035044,2774.163090,2798.621650,2830.173450,2911.487021,2932.290812,2981.461457,2886.557967
2711.998725,2774.143022,2798.609865,2830.187168,2911.506817,2932.314948,2981.498167,2886.576931
2711.988636,2774.139169,2798.607753,2830.181200,2911.512338,2932.322632,2981.508368,2886.575565
2711.983934,2774.138886,2798.607460,2830.170683,2911.522762,2932.351990,2981.513148,2886.426828
2711.982552,2774.137570,2798.606884,2830.173434,2911.515801,2932.328048,2981.514506,2886.569696
2711.942749,2774.119227,2798.595953,2830.168824,2911.545277,2932.380538,2981.554760,2886.440574
2711.922037,2774.222455,2798.606332,2829.821603,2911.541380,2932.250173,2981.574696,2887.304462
2711.914782,2774.095235,2798.583171,2830.228811,2911.551739,2932.370702,2981.582998,2886.620093
2711.872991,2774.083848,2798.575429,2830.176158,2911.575182,2932.401761,2981.625248,2886.619709
2711.859675,2774.171406,2798.604473,2829.744799,2911.497408,2932.481068,2981.650831,2883.744625
2711.799437,2774.044613,2798.553478,2830.197409,2911.615178,2932.453284,2981.699588,2886.640632
2711.791271,2774.162776,2798.581865,2829.800508,2911.628072,2932.461400,2981.707515,2886.590120
2711.769590,2774.034949,2798.547144,2830.169697,2911.639335,2932.499656,2981.729781,2886.502153
2711.763907,2774.029493,2798.544494,2830.184279,2911.634328,2932.477255,2981.735508,2886.655840
2711.761657,2774.079289,2798.542440,2829.976294,2911.625028,2932.367546,2981.736698,2887.337966
2711.750566,2773.968092,2798.508003,2830.707612,2911.618076,2932.390324,2981.748361,2887.118187
2711.725676,2774.120696,2798.553357,2829.938218,2911.639187,2932.393301,2981.773186,2887.081957
2711.692808,2773.979168,2798.517554,2830.264761,2911.669103,2932.520636,2981.807314,2886.711138
2711.691487,2774.112196,2798.541612,2829.812457,2911.668504,2932.406971,2981.807767,2887.425967
2711.685786,2773.992399,2798.522421,2830.179185,2911.677069,2932.530864,2981.814465,2886.685108
2711.679132,2773.987880,2798.517621,2830.186103,2911.681347,2932.532324,2981.821183,2886.709096
2711.668569,2773.985940,2798.518685,2830.169860,2911.693242,2932.565722,2981.831857,2886.558171
2711.608387,2774.075987,2798.528885,2829.793077,2911.727777,2932.573856,2981.892684,2886.757765
2711.601972,2774.071018,2798.525850,2829.791712,2911.724067,2932.564548,2981.898573,2886.813134
2711.583140,2774.067451,2798.523601,2829.792114,2911.745386,2932.600096,2981.918056,2886.677052
2711.576706,2773.939407,2798.492082,2830.179651,2911.736952,2932.608952,2981.924717,2886.705774
2711.554137,2774.045703,2798.504836,2829.805742,2911.740646,2932.507222,2981.946457,2887.419555
2711.525803,2773.937837,2798.483880,2830.056707,2911.767544,2932.644625,2981.976143,2886.720519
2711.516295,2773.910780,2798.475547,2830.175632,2911.770007,2932.652157,2981.985782,2886.712378
2711.513634,2774.014516,2798.488798,2829.876679,2911.765053,2932.531126,2981.987478,2887.484194
2711.510178,2774.033987,2798.502569,2829.796225,2911.790777,2932.654318,2981.991714,2886.722304
2711.476426,2773.891433,2798.464305,2830.175573,2911.792027,2932.680097,2982.026080,2886.729098
2711.476038,2774.017933,2798.493435,2829.795508,2911.809627,2932.677078,2982.026207,2886.751839
2711.473906,2773.893793,2798.463805,2830.184946,2911.796613,2932.679397,2982.028637,2886.734161
2711.456866,2774.014672,2798.485509,2829.782515,2911.795018,2932.552410,2982.044129,2887.566451
2711.451819,2773.916127,2798.451491,2830.054061,2911.796027,2932.575979,2982.050200,2887.491238
2711.434281,2773.862804,2798.450443,2830.205654,2911.809677,2932.717669,2982.068888,2886.551576
2711.425670,2773.867607,2798.450245,2830.171876,2911.826166,2932.735864,2982.077386,2886.628142
2711.419615,2773.845549,2798.439889,2830.272415,2911.817750,2932.707450,2982.083679,2886.817288
2711.402529,2773.855967,2798.443616,2830.173348,2911.835826,2932.747033,2982.100809,2886.629902
2711.385322,2773.836755,2798.435647,2830.234269,2911.838025,2932.745091,2982.118210,2886.674730
2711.375917,2773.843424,2798.436253,2830.171829,2911.853278,2932.770519,2982.127681,2886.642663
2711.345012,2773.837846,2798.424575,2830.185899,2911.845561,2932.651972,2982.155890,2887.498979
2711.308430,2773.825958,2798.420276,2830.079398,2911.849623,2932.714430,2982.192878,2887.033339
2711.311653,2773.796152,2798.414854,2830.213833,2911.871992,2932.800335,2982.192401,2886.646354
2711.310616,2773.810779,2798.417594,2830.176803,2911.882407,2932.796022,2982.193676,2886.768224
2711.309848,2773.809589,2798.417123,2830.182717,2911.885267,2932.805572,2982.194464,2886.712356
2711.292778,2773.796989,2798.411950,2830.177651,2911.885099,2932.809876,2982.211796,2886.660993
2711.237044,2773.774869,2798.396723,2830.179051,2911.924313,2932.851437,2982.268007,2886.777427
2711.210274,2773.743978,2798.389914,2830.050582,2911.842375,2932.880826,2982.306212,2884.803717
2711.201104,2773.756339,2798.386536,2830.183917,2911.940963,2932.869980,2982.304370,2886.804603
2711.169898,2773.721909,2798.372441,2830.271944,2911.949664,2932.887974,2982.336144,2886.786097
2711.159239,2773.724814,2798.372385,2830.161599,2911.923953,2932.845072,2982.345287,2886.865757
2711.138601,2773.713432,2798.366565,2830.202935,2911.960436,2932.905340,2982.367577,2886.765780
2711.108122,2773.796777,2798.369974,2830.008153,2911.983272,2932.816581,2982.397131,2887.582726
2711.090882,2773.823256,2798.375879,2829.789388,2911.989939,2932.834795,2982.414636,2887.468046
2711.067150,2773.820906,2798.378331,2829.784876,2912.031176,2932.953495,2982.439435,2886.935974
2711.052729,2773.813399,2798.373419,2829.783347,2912.038370,2932.960577,2982.454019,2886.959917
2711.045167,2773.811488,2798.372963,2829.778270,2912.044328,2932.973740,2982.461756,2886.906376
2711.037847,2773.798437,2798.360043,2829.790399,2912.018425,2932.872102,2982.468282,2887.438977
2711.036814,2773.796809,2798.359095,2829.796103,2912.020635,2932.870502,2982.469271,2887.491027
2711.031905,2773.795103,2798.357015,2829.795691,2912.026898,2932.866712,2982.474324,2887.601328
2711.031551,2773.804962,2798.369159,2829.777890,2912.050968,2932.979928,2982.475508,2886.933309
2711.030374,2773.793961,2798.357262,2829.794991,2912.024834,2932.873369,2982.475810,2887.517657
2711.023778,2773.792390,2798.365959,2829.775055,2912.044409,2932.986731,2982.482765,2886.903850
2711.012551,2773.696935,2798.325247,2830.021656,2912.033569,2932.885092,2982.494045,2887.590570
2711.000839,2773.784629,2798.359140,2829.772911,2912.058112,2932.991495,2982.506570,2886.976518
2710.963921,2773.762440,2798.337799,2829.795151,2912.065380,2932.911261,2982.543023,2887.666856
2710.929354,2773.660148,2798.315557,2830.071093,2912.058696,2932.953987,2982.576989,2887.179982
2710.906931,2773.615343,2798.304301,2830.175624,2912.108139,2933.092194,2982.601678,2886.819735
2710.895842,2773.730753,2798.332322,2829.743212,2912.081673,2932.997820,2982.611502,2887.242474
2710.895003,2773.732613,2798.331879,2829.766201,2912.112213,2933.074710,2982.613118,2886.898367
2710.884721,2773.603007,2798.297629,2830.184653,2912.120267,2933.109141,2982.624138,2886.812936
2710.861510,2773.685753,2798.303063,2829.932750,2912.118080,2932.987958,2982.646453,2887.646597
2710.857889,2773.590185,2798.288953,2830.182925,2912.128102,2933.101519,2982.651233,2886.979252
2710.829358,2773.697629,2798.300392,2829.791787,2912.137246,2933.007494,2982.678993,2887.664324
2710.825044,2773.538897,2798.251912,2830.410210,2912.127818,2933.035365,2982.683929,2887.506650
2710.821625,2773.537161,2798.250925,2830.410668,2912.129687,2933.037776,2982.687408,2887.507585
2710.803401,2773.684790,2798.293515,2829.791693,2912.150185,2933.027476,2982.705225,2887.643328
2710.791504,2773.679672,2798.291228,2829.785829,2912.157632,2933.034244,2982.717252,2887.696181
2710.789325,2773.678645,2798.290143,2829.785930,2912.158059,2933.036948,2982.719434,2887.661304
2710.770655,2773.641882,2798.277676,2829.927648,2912.167440,2933.051528,2982.738327,2887.668653
2710.743426,2773.534648,2798.257185,2830.183458,2912.190276,2933.180601,2982.766920,2887.018637
2710.740293,2773.657624,2798.285426,2829.765734,2912.193742,2933.172108,2982.769420,2886.932912
2710.694750,2773.642656,2798.274565,2829.770218,2912.234439,2933.211313,2982.815868,2887.061249
2710.670764,2773.479903,2798.228811,2830.287656,2912.225390,2933.225493,2982.840500,2887.072604
2710.640560,2773.609356,2798.258975,2829.761648,2912.247827,2933.238447,2982.869904,2887.069208
2710.570611,2773.573425,2798.229189,2829.781341,2912.276677,2933.189837,2982.940452,2887.713922
2710.542853,2773.560255,2798.221315,2829.779761,2912.290750,2933.211191,2982.968518,2887.681274
2710.521792,2773.558509,2798.226226,2829.773543,2912.328244,2933.329161,2982.990565,2887.131832
2710.487655,2773.543508,2798.217259,2829.763006,2912.354458,2933.377668,2983.025463,2886.996950
2710.451938,2773.393132,2798.175813,2830.185586,2912.349093,2933.382646,2983.061523,2887.115858
2710.446567,2773.391256,2798.174815,2830.181676,2912.356177,2933.404202,2983.066978,2886.989436
2710.400776,2773.340752,2798.155621,2830.238823,2912.338577,2933.379392,2983.112662,2887.145502
2710.395449,2773.360222,2798.157097,2830.219929,2912.379339,2933.419136,2983.118609,2887.152488
2710.346130,2773.337901,2798.145969,2830.183347,2912.401041,2933.465662,2983.168821,2886.944810
2710.319604,2773.328960,2798.139142,2830.185507,2912.420765,2933.474372,2983.195279,2887.151438
2710.295438,2773.316871,2798.130197,2830.188344,2912.436228,2933.493877,2983.219667,2887.154639
2710.258499,2773.299627,2798.121840,2830.185540,2912.457058,2933.525116,2983.257002,2887.132110
2710.218123,2773.404499,2798.131688,2829.768322,2912.469492,2933.433703,2983.296626,2887.859897
2710.216623,2773.403522,2798.130550,2829.772339,2912.470914,2933.433386,2983.298169,2887.869473
2710.214777,2773.402940,2798.130065,2829.770258,2912.471114,2933.436101,2983.300038,2887.840826
2710.209564,2773.276413,2798.108424,2830.182512,2912.487728,2933.572111,2983.306484,2887.073871
2710.162276,2773.246937,2798.092581,2830.222707,2912.506097,2933.580869,2983.354268,2887.229888
2710.160201,2773.251312,2798.093418,2830.189258,2912.508208,2933.583092,2983.356367,2887.225551
2710.151549,2773.248253,2798.092145,2830.183022,2912.519303,2933.611871,2983.365120,2887.096488
2710.132366,2773.336190,2798.099666,2829.900442,2912.516465,2933.493520,2983.383405,2887.896160
2710.105286,2773.349227,2798.112639,2829.711825,2912.455478,2933.585761,2983.423203,2885.990814
2710.094631,2773.347342,2798.106130,2829.753620,2912.548278,2933.620123,2983.422398,2887.228215
2710.073107,2773.209131,2798.069582,2830.189613,2912.555671,2933.644327,2983.444392,2887.249133
2710.050120,2773.324107,2798.083153,2829.768253,2912.563875,2933.545777,2983.466675,2887.962515
2710.031546,2773.323005,2798.088431,2829.756472,2912.595433,2933.667247,2983.486051,2887.297772
2709.998107,2773.298950,2798.068781,2829.768303,2912.590752,2933.585156,2983.519027,2887.929211
2709.934726,2773.277634,2798.062993,2829.748614,2912.656333,2933.769712,2983.584236,2887.062292
2709.912906,2773.266669,2798.055893,2829.750242,2912.660764,2933.749210,2983.606277,2887.349307
2709.874210,2773.239318,2798.034517,2829.765879,2912.659108,2933.669739,2983.644232,2888.001936
2709.840978,2773.060148,2797.975473,2830.439680,2912.664157,2933.719802,2983.678537,2887.820167
2709.817995,2773.212084,2798.018573,2829.766724,2912.688676,2933.711080,2983.701026,2887.975356
2709.776653,2773.064738,2797.986324,2830.195739,2912.717267,2933.848721,2983.743987,2887.356378
2709.772507,2773.026913,2797.956071,2830.442613,2912.701609,2933.767223,2983.747716,2887.843086
2709.712718,2773.016356,2797.962725,2830.313501,2912.752858,2933.905212,2983.808636,2887.287589
2709.707863,2773.030721,2797.967102,2830.201075,2912.760723,2933.917065,2983.813524,2887.260951
2709.705693,2773.029569,2797.966473,2830.201929,2912.760028,2933.912449,2983.815713,2887.296440
2709.697107,2773.027515,2797.964714,2830.189034,2912.766548,2933.923447,2983.824385,2887.270866
2709.687223,2773.022476,2797.961891,2830.190489,2912.771827,2933.930077,2983.834376,2887.275507
2709.682889,2773.019077,2797.960303,2830.198188,2912.769391,2933.917646,2983.838760,2887.365221
2709.676196,2773.111199,2797.980093,2829.934420,2912.725104,2933.829500,2983.860491,2887.436831
2709.667089,2773.149584,2797.988663,2829.742132,2912.794139,2933.923831,2983.854434,2887.353760
2709.660346,2773.091323,2797.976002,2829.946716,2912.700861,2933.848782,2983.865251,2887.373576
2709.626566,2772.977625,2797.940250,2830.274898,2912.795075,2933.956286,2983.895703,2887.334158
2709.623713,2773.058881,2797.959118,2829.896304,2912.814620,2933.956015,2983.898368,2887.412550
2709.622146,2773.072755,2797.961484,2829.851182,2912.816510,2933.954869,2983.900052,2887.423024
2709.620233,2772.983638,2797.940308,2830.230885,2912.801981,2933.955155,2983.902071,2887.422790
2709.530373,2772.928073,2797.909084,2830.300131,2912.848002,2934.012012,2983.993077,2887.484300
2709.522870,2772.928124,2797.909038,2830.287880,2912.854424,2934.020806,2984.000452,2887.468180
2709.518854,2772.940240,2797.913979,2830.195513,2912.859819,2934.032453,2984.004543,2887.415469
2709.475907,2772.919508,2797.902419,2830.195975,2912.885756,2934.071270,2984.047935,2887.377859
2709.461378,2772.910646,2797.897885,2830.206881,2912.889113,2934.066315,2984.062627,2887.469756
2709.435241,2772.900337,2797.891343,2830.192544,2912.908921,2934.102621,2984.089045,2887.373601
2709.420054,2772.891868,2797.886722,2830.199375,2912.911839,2934.094922,2984.104388,2887.484151
2709.400213,2772.882505,2797.881256,2830.198006,2912.922776,2934.108970,2984.124439,2887.488998
2709.382116,2772.874677,2797.876513,2830.192669,2912.938701,2934.141796,2984.142732,2887.378641
2709.366146,2772.865909,2797.871696,2830.198760,2912.941262,2934.132055,2984.158873,2887.504056
2709.365446,2772.866577,2797.871843,2830.192960,2912.947794,2934.153284,2984.159580,2887.384761
2709.360228,2772.867165,2797.871325,2830.173364,2912.945130,2934.136797,2984.164847,2887.501887
2709.290987,2772.817341,2797.846537,2830.280614,2912.982767,2934.194294,2984.234859,2887.442170
2709.288911,2772.798720,2797.840548,2830.360970,2912.970233,2934.177492,2984.237136,2887.516295
2709.263056,2772.813899,2797.842188,2830.212829,2912.997487,2934.203946,2984.263043,2887.536595
2709.225884,2772.797831,2797.832436,2830.201024,2913.017907,2934.229072,2984.300621,2887.553640
2709.222032,2772.804276,2797.833896,2830.149719,2913.021158,2934.232480,2984.304494,2887.550060
2709.203688,2772.787100,2797.826182,2830.201113,2913.030095,2934.244564,2984.323052,2887.560512
2709.191982,2772.781398,2797.822746,2830.201606,2913.036517,2934.252473,2984.334873,2887.565736
2709.170542,2772.771794,2797.817267,2830.197444,2913.053045,2934.284013,2984.356533,2887.477198
2709.124986,2772.745007,2797.802921,2830.227522,2913.072499,2934.298384,2984.402595,2887.592547
2709.115837,2772.719900,2797.794312,2830.325406,2913.067402,2934.299605,2984.411688,2887.596221
2709.093406,2772.733596,2797.795097,2830.202810,2913.090384,2934.320368,2984.434503,2887.602806
2709.077057,2772.725785,2797.790897,2830.202238,2913.099581,2934.333532,2984.451028,2887.596843
2709.048706,2772.711987,2797.782659,2830.210929,2913.115756,2934.351267,2984.479702,2887.621387
2709.047515,2772.702629,2797.779637,2830.261463,2913.119586,2934.373180,2984.480907,2887.478847
2709.031099,2772.686869,2797.772337,2830.306740,2913.120425,2934.363979,2984.497471,2887.583440
2709.012566,2772.690635,2797.771564,2830.228724,2913.135277,2934.381905,2984.516197,2887.593136
2708.967735,2772.813610,2797.794014,2829.732829,2913.177149,2934.403509,2984.561016,2887.675730
2708.950774,2772.686902,2797.761268,2830.098891,2913.176134,2934.423006,2984.578432,2887.640578
2708.907857,2772.607040,2797.714156,2830.467779,2913.173614,2934.369342,2984.621573,2888.120419
2708.877512,2772.718075,2797.757483,2829.947495,2913.220923,2934.465374,2984.652197,2887.714933
2708.860179,2772.620521,2797.730184,2830.206136,2913.217754,2934.481835,2984.670201,2887.684568
2708.820468,2772.645452,2797.730770,2829.963485,2913.245424,2934.511733,2984.710174,2887.682324
2708.801242,2772.593057,2797.714056,2830.200886,2913.255851,2934.542361,2984.729730,2887.591255
2708.754592,2772.565121,2797.699287,2830.234966,2913.274905,2934.554646,2984.776909,2887.723323
2708.748305,2772.560735,2797.697178,2830.243770,2913.278152,2934.559121,2984.783268,2887.724871
2708.735921,2772.633213,2797.708431,2830.066188,2913.270353,2934.480274,2984.794279,2888.231251
2708.722709,2772.553905,2797.691517,2830.208176,2913.293295,2934.577955,2984.809124,2887.726968
2708.722573,2772.552508,2797.691393,2830.216258,2913.292759,2934.577036,2984.809262,2887.733359
2708.720917,2772.553114,2797.690883,2830.207787,2913.294915,2934.581220,2984.810937,2887.715933
2708.708064,2772.495159,2797.652580,2830.663768,2913.281526,2934.506573,2984.823480,2888.175875
2708.694119,2772.537728,2797.682910,2830.223584,2913.308499,2934.597445,2984.838021,2887.738877
2708.624724,2772.497785,2797.661422,2830.267054,2913.345363,2934.644041,2984.908145,2887.772425
2708.569361,2772.605815,2797.680069,2829.796862,2913.393305,2934.679021,2984.963607,2887.816990
2708.567972,2772.618050,2797.682241,2829.742591,2913.395438,2934.679934,2984.964979,2887.816067
2708.546651,2772.468245,2797.642260,2830.212999,2913.389341,2934.699028,2984.987043,2887.793984
2708.523059,2772.439714,2797.629812,2830.326508,2913.398943,2934.714078,2985.010899,2887.795479
2708.520063,2772.442297,2797.629193,2830.302387,2913.402308,2934.714398,2985.013936,2887.824353
2708.519253,2772.456076,2797.635231,2830.206658,2913.409763,2934.736857,2985.014738,2887.694853
2708.507021,2772.589585,2797.665322,2829.740267,2913.428355,2934.722875,2985.026588,2887.814275
2708.487644,2772.583182,2797.660459,2829.722856,2913.439660,2934.735523,2985.046122,2887.843907
2708.445087,2772.563365,2797.648991,2829.719020,2913.462816,2934.767073,2985.089167,2887.824655
2708.435149,2772.414553,2797.611600,2830.212298,2913.450289,2934.776720,2985.099730,2887.830243
2708.381302,2772.513234,2797.627405,2829.809839,2913.432364,2934.693393,2985.160401,2888.232522
2708.322264,2772.323211,2797.550649,2830.484737,2913.493698,2934.777264,2985.213395,2888.308969
2708.299581,2772.312177,2797.544304,2830.485426,2913.506161,2934.792917,2985.236326,2888.318584
2708.263948,2772.331569,2797.563242,2830.215885,2913.544262,2934.895085,2985.272735,2887.892325
2708.232330,2772.279602,2797.525520,2830.487444,2913.542950,2934.839871,2985.304273,2888.339437
2708.216126,2772.307986,2797.548877,2830.219149,2913.570363,2934.926199,2985.321053,2887.922486
2708.201900,2772.267374,2797.518112,2830.466774,2913.559877,2934.860417,2985.335039,2888.354917
2708.190667,2772.296083,2797.542967,2830.216991,2913.584294,2934.945907,2985.346786,2887.917633
2708.179617,2772.289053,2797.538482,2830.227942,2913.590146,2934.951725,2985.357950,2887.933603
2708.085799,2772.244881,2797.513785,2830.221488,2913.641403,2935.017881,2985.452772,2887.958743
2708.043011,2772.223468,2797.501562,2830.226867,2913.664940,2935.048226,2985.496008,2887.969545
2708.037876,2772.172594,2797.480103,2830.531500,2913.637571,2934.997313,2985.500726,2888.225900
2708.037366,2772.173922,2797.478759,2830.551109,2913.639583,2934.990388,2985.500847,2888.266898
2708.009197,2772.219506,2797.496026,2830.147809,2913.684957,2935.071721,2985.530136,2887.980624
2707.948220,2772.318157,2797.502409,2829.705271,2913.702512,2935.030389,2985.590538,2888.279896
2707.925021,2772.314863,2797.505119,2829.701103,2913.746385,2935.129872,2985.614710,2887.940374
2707.924634,2772.314669,2797.504926,2829.703487,2913.747195,2935.127731,2985.615071,2887.986464
2707.909098,2772.305279,2797.499198,2829.703296,2913.753952,2935.137635,2985.630814,2887.987256
2707.884864,2772.290853,2797.491654,2829.701117,2913.762477,2935.145379,2985.655121,2888.089247
2707.874649,2772.151703,2797.457975,2830.166726,2913.758250,2935.165136,2985.666110,2888.026826
2707.848798,2772.115390,2797.441101,2830.327309,2913.769438,2935.179178,2985.692248,2888.062968
2707.847179,2772.124349,2797.444652,2830.259423,2913.771537,2935.181297,2985.693921,2888.056743
2707.844516,2772.127393,2797.445692,2830.230180,2913.773557,2935.184148,2985.696588,2888.050201
2707.805146,2772.109018,2797.435429,2830.226421,2913.795132,2935.212157,2985.736386,2888.059177
2707.789194,2772.241832,2797.457570,2829.706986,2913.795438,2935.128532,2985.751097,2888.546075
2707.734749,2772.074771,2797.415989,2830.227891,2913.833409,2935.263862,2985.807541,2888.041564
2707.728416,2772.072224,2797.414396,2830.225226,2913.837085,2935.266184,2985.813923,2888.075214
2707.720910,2772.042023,2797.402208,2830.404610,2913.835394,2935.269748,2985.821616,2888.054831
2707.696322,2772.032007,2797.396829,2830.372394,2913.846691,2935.285804,2985.846301,2888.067646
2707.676246,2772.172688,2797.432849,2829.752744,2913.821484,2935.253344,2985.870807,2887.721624
2707.671787,2772.045455,2797.398888,2830.222299,2913.872992,2935.321698,2985.871144,2888.007337
2707.653341,2772.036690,2797.393781,2830.221798,2913.883150,2935.334507,2985.889780,2888.013707
2707.632761,2772.024764,2797.387349,2830.234920,2913.889307,2935.331278,2985.910582,2888.123042
2707.623122,2772.019980,2797.384586,2830.236002,2913.894615,2935.338077,2985.920331,2888.125332
2707.598529,2772.009322,2797.378210,2830.228192,2913.908311,2935.355642,2985.945171,2888.130294
2707.592278,2772.006233,2797.376448,2830.228720,2913.911753,2935.360095,2985.951500,2888.131546
2707.561852,2772.007258,2797.374818,2830.069327,2913.922918,2935.386206,2985.981943,2888.081934
2707.546767,2771.980692,2797.362520,2830.253291,2913.936116,2935.390733,2985.997494,2888.154292
2707.534047,2771.974811,2797.359085,2830.251627,2913.943094,2935.399339,2986.010344,2888.161094
2707.526270,2771.973453,2797.358775,2830.203840,2913.943186,2935.404672,2986.018248,2888.145242
2707.509814,2771.963169,2797.352371,2830.251536,2913.956381,2935.416112,2986.034831,2888.170047
2707.504272,2771.960179,2797.350712,2830.253688,2913.959378,2935.420039,2986.040429,2888.170769
2707.424417,2771.923453,2797.329151,2830.242600,2914.003726,2935.477825,2986.121132,2888.176382
2707.396169,2771.907194,2797.320466,2830.260023,2914.018489,2935.495131,2986.149669,2888.207553
2707.395425,2771.911047,2797.321699,2830.232105,2914.019670,2935.496779,2986.150420,2888.199804
2707.362997,2771.895079,2797.312560,2830.234494,2914.037254,2935.518315,2986.183197,2888.218214
2707.339157,2771.984351,2797.332242,2829.860068,2914.064180,2935.533136,2986.206661,2888.239020
2707.335055,2771.888461,2797.306087,2830.223821,2914.057555,2935.537793,2986.211347,2888.237332
2707.328243,2771.872046,2797.301541,2830.249526,2914.051835,2935.541475,2986.218440,2888.219852
2707.323615,2771.862780,2797.296779,2830.323102,2914.056232,2935.545995,2986.222954,2888.211566
2707.304646,2771.858218,2797.292495,2830.295433,2914.068264,2935.557323,2986.242175,2888.248901
2707.225955,2771.977203,2797.312260,2829.676306,2914.122891,2935.611298,2986.321407,2888.203128
2707.197815,2771.812157,2797.265508,2830.258790,2914.127642,2935.633653,2986.350101,2888.271139
2707.170022,2771.942294,2797.295124,2829.687219,2914.125167,2935.575255,2986.376804,2888.641799
2707.152996,2771.907008,2797.281366,2829.854364,2914.112112,2935.598387,2986.390679,2888.334735
2707.135618,2771.783988,2797.247949,2830.246742,2914.162025,2935.675103,2986.412947,2888.304543
2707.099934,2771.873919,2797.268573,2829.863681,2914.123125,2935.619372,2986.457583,2888.294347
2707.102191,2771.768108,2797.239706,2830.246386,2914.181533,2935.704355,2986.446715,2888.279350
2707.097359,2771.914153,2797.275242,2829.681694,2914.191327,2935.692340,2986.450598,2888.327676
2707.060778,2771.894104,2797.256133,2829.690373,2914.195129,2935.636800,2986.487110,2888.772500
2707.003187,2771.779347,2797.216553,2830.184431,2914.222121,2935.682381,2986.545556,2888.810957
2707.001105,2771.865013,2797.239028,2829.695788,2914.229595,2935.674887,2986.547320,2888.848127
2706.996867,2771.704887,2797.204411,2830.333415,2914.236622,2935.769813,2986.553237,2888.364628
2706.942733,2771.837238,2797.222716,2829.695174,2914.262930,2935.712768,2986.606329,2888.911842
2706.926805,2771.644565,2797.162473,2830.543945,2914.252893,2935.761424,2986.623681,2888.595956
2706.891346,2771.625211,2797.152045,2830.564164,2914.271134,2935.788906,2986.659572,2888.567646
2706.855034,2771.732588,2797.181994,2830.077269,2914.304006,2935.785572,2986.694610,2888.851617
2706.841469,2771.627726,2797.150205,2830.449281,2914.304800,2935.802614,2986.709950,2888.738572
2706.829515,2771.634757,2797.161717,2830.262256,2914.329955,2935.886539,2986.722274,2888.419271
2706.713563,2771.718293,2797.157172,2829.750750,2914.389096,2935.871590,2986.837952,2889.017727
2706.682922,2771.555810,2797.118726,2830.321988,2914.409034,2935.988355,2986.870422,2888.470272
2706.676804,2771.715897,2797.154582,2829.726333,2914.401391,2935.906882,2986.875017,2888.624164
2706.674492,2771.713622,2797.153874,2829.726287,2914.401079,2935.912798,2986.877516,2888.573530
2706.648600,2771.531977,2797.105047,2830.374418,2914.426350,2936.009227,2986.905172,2888.500515
2706.621949,2771.523304,2797.099096,2830.344698,2914.442296,2936.028609,2986.932004,2888.506265
2706.590252,2771.623360,2797.114443,2829.958091,2914.452378,2935.965115,2986.962336,2888.991976
2706.556559,2771.484925,2797.078610,2830.369771,2914.472320,2936.069669,2986.998093,2888.542859
2706.545598,2771.500295,2797.085112,2830.248853,2914.486162,2936.086597,2987.009160,2888.500280
2706.530481,2771.456755,2797.052634,2830.532055,2914.474710,2936.028367,2987.024152,2888.871804
2706.508392,2771.450846,2797.048832,2830.490384,2914.486429,2936.044911,2987.046457,2888.853756
2706.503257,2771.443876,2797.044978,2830.532399,2914.490249,2936.045857,2987.051681,2888.901738
2706.481526,2771.432257,2797.040284,2830.582048,2914.498604,2936.066825,2987.073463,2888.767460
2706.457228,2771.445765,2797.055626,2830.337091,2914.533158,2936.144903,2987.098542,2888.552174
2706.454875,2771.438028,2797.052346,2830.358794,2914.530149,2936.143898,2987.101046,2888.561252
2706.449117,2771.488733,2797.055521,2830.065607,2914.528305,2936.064591,2987.105980,2889.023399
2706.444076,2771.451178,2797.056582,2830.251599,2914.541570,2936.155134,2987.111744,2888.548193
2706.434597,2771.408981,2797.027450,2830.622989,2914.524099,2936.099119,2987.121103,2888.761686
2706.432310,2771.416811,2797.030436,2830.538882,2914.527664,2936.095885,2987.123213,2888.823192
2706.423580,2771.421850,2797.030672,2830.482258,2914.535580,2936.095141,2987.132150,2888.930665
2706.400605,2771.394306,2797.016584,2830.534562,2914.546593,2936.117677,2987.155400,2888.935026
2706.396424,2771.576831,2797.072459,2829.682094,2914.562710,2936.094146,2987.158289,2889.085220
2706.363389,2771.554844,2797.061601,2829.722301,2914.581640,2936.115271,2987.191701,2889.136237
2706.361855,2771.560300,2797.063063,2829.681150,2914.581204,2936.119174,2987.193219,2889.081411
2706.237203,2771.389803,2797.000875,2830.345823,2914.634911,2936.228732,2987.319441,2888.806868
2706.211927,2771.320087,2796.984605,2830.373630,2914.663541,2936.312397,2987.346247,2888.648909
2706.176044,2771.271013,2796.951080,2830.716288,2914.661190,2936.291183,2987.382704,2888.705819
2706.156035,2771.260936,2796.945301,2830.728534,2914.672431,2936.303544,2987.402877,2888.734318
2706.126036,2771.259299,2796.940409,2830.557815,2914.694270,2936.315715,2987.432905,2888.926724
2706.122779,2771.288947,2796.953067,2830.507987,2914.699895,2936.305305,2987.436088,2888.963053
2706.092474,2771.281434,2796.959646,2830.258924,2914.734701,2936.400462,2987.467032,2888.665171
2706.078385,2771.317118,2796.955580,2830.270005,2914.726742,2936.334462,2987.479970,2889.047693
2706.077179,2771.274111,2796.955253,2830.258861,2914.743280,2936.411448,2987.482484,2888.668667
2706.062824,2771.231543,2796.923190,2830.541492,2914.732023,2936.353522,2987.496741,2889.046065
2706.046437,2771.412607,2796.982011,2829.698948,2914.748582,2936.359637,2987.521995,2888.707367
2706.039820,2771.255735,2796.944144,2830.261749,2914.763577,2936.435471,2987.520216,2888.694261
2706.035445,2771.235570,2796.936099,2830.367798,2914.760437,2936.435222,2987.524893,2888.709657
2705.939973,2771.189523,2796.909565,2830.375806,2914.813603,2936.502572,2987.621005,2888.739279
2705.938029,2771.200675,2796.914290,2830.306180,2914.818477,2936.506018,2987.623063,2888.731011
2705.889477,2771.148113,2796.875263,2830.545351,2914.827225,2936.474410,2987.671944,2889.103637
2705.886253,2771.146588,2796.874331,2830.545686,2914.829005,2936.476596,2987.675195,2889.104800
2705.850133,2771.129147,2796.864389,2830.546228,2914.848848,2936.501941,2987.711690,2889.116442
2705.845491,2771.149812,2796.885685,2830.353326,2914.868618,2936.569308,2987.716590,2888.770635
2705.840562,2771.142544,2796.882328,2830.382580,2914.869713,2936.571601,2987.721744,2888.777925
2705.815203,2771.147685,2796.882940,2830.264717,2914.887289,2936.594098,2987.747202,2888.757442
2705.721537,2771.102393,2796.857177,2830.267378,2914.938274,2936.657548,2987.841849,2888.800291
2705.711521,2771.257084,2796.894054,2829.657858,2914.961712,2936.660016,2987.851146,2888.812178
2705.690939,2771.184518,2796.871845,2829.969557,2914.913766,2936.606410,2987.880242,2888.862519
2705.675745,2771.080374,2796.844579,2830.267728,2914.963583,2936.690121,2987.888129,2888.811779
2705.665971,2771.074643,2796.841408,2830.275251,2914.968797,2936.696488,2987.898004,2888.818010
2705.663426,2771.066795,2796.837676,2830.322548,2914.969183,2936.696341,2987.900580,2888.832040
2705.616880,2771.064255,2796.835238,2830.040953,2914.931310,2936.693043,2987.953696,2888.300527
2705.613562,2771.050321,2796.827306,2830.269051,2914.997724,2936.735515,2987.950967,2888.804159
2705.608370,2771.038696,2796.821619,2830.335171,2914.999340,2936.734495,2987.956210,2888.852001
2705.593182,2771.039003,2796.821116,2830.280530,2915.008717,2936.747106,2987.971541,2888.843477
2705.586997,2771.168032,2796.856775,2829.685269,2914.969049,2936.742837,2987.973596,2888.347258
2705.542611,2771.178232,2796.848710,2829.651486,2915.055945,2936.779644,2988.021782,2888.861537
2705.530187,2771.169801,2796.844981,2829.644441,2915.058164,2936.791023,2988.034500,2888.792936
2705.511851,2770.969600,2796.773493,2830.556306,2915.034552,2936.736556,2988.053364,2889.208791
2705.489160,2770.970937,2796.783350,2830.393077,2915.060074,2936.812910,2988.076708,2888.914237
2705.478464,2771.063137,2796.811746,2830.017204,2915.026316,2936.778911,2988.094220,2888.737528
2705.466131,2770.936166,2796.766868,2830.547420,2915.049487,2936.789298,2988.099408,2889.061835
2705.463325,2770.936508,2796.768447,2830.518337,2915.049776,2936.799246,2988.102448,2888.998275
2705.442341,2770.966540,2796.779484,2830.281974,2915.091666,2936.852291,2988.123977,2888.891542
2705.437849,2770.966133,2796.778932,2830.270091,2915.097403,2936.866067,2988.128486,2888.835451
2705.385082,2770.940794,2796.764396,2830.270241,2915.126643,2936.903665,2988.181811,2888.848733
2705.367605,2771.042142,2796.786984,2829.893563,2915.101770,2936.854692,2988.199639,2888.811852
2705.330904,2770.879056,2796.721564,2830.555770,2915.133858,2936.865261,2988.236387,2889.283405
2705.329263,2771.017539,2796.774381,2829.911455,2915.119301,2936.891687,2988.236782,2888.796741
2705.323946,2770.875727,2796.719369,2830.557061,2915.137237,2936.871394,2988.243415,2889.261892
2705.305061,2770.902245,2796.742275,2830.272315,2915.170575,2936.958771,2988.262652,2888.880410
2705.303161,2770.992493,2796.762385,2830.024982,2915.145866,2936.885256,2988.263989,2889.064614
2705.295384,2770.889272,2796.736004,2830.330916,2915.171530,2936.952437,2988.272492,2888.960678
2705.285532,2770.845798,2796.711433,2830.650065,2915.147570,2936.918713,2988.282392,2888.956174
2705.202927,2770.843905,2796.709739,2830.340576,2915.222397,2937.016126,2988.365882,2888.997618
2705.187199,2770.901925,2796.714936,2830.193801,2915.218949,2936.951595,2988.380717,2889.380971
2705.164267,2770.980695,2796.732028,2829.716057,2915.240549,2936.953090,2988.403256,2889.523737
2705.155835,2770.798276,2796.674633,2830.531146,2915.229819,2936.988574,2988.413248,2889.315498
2705.105763,2770.805700,2796.686579,2830.280264,2915.276987,2937.085013,2988.464035,2889.022770
2705.092168,2770.764656,2796.655399,2830.560490,2915.265533,2937.031397,2988.477633,2889.367349
2705.035703,2770.771637,2796.667510,2830.283928,2915.315592,2937.134864,2988.534823,2889.040300
2704.963979,2770.902189,2796.689595,2829.635182,2915.373545,2937.179052,2988.606806,2889.094138
2704.947269,2770.887681,2796.675100,2829.647425,2915.360917,2937.103331,2988.622453,2889.603046
2704.945463,2770.694270,2796.614854,2830.564035,2915.346301,2937.133645,2988.625886,2889.416938
2704.907364,2770.840077,2796.681884,2829.553090,2915.318793,2937.345513,2988.654079,2885.791604
2704.901754,2770.866131,2796.662769,2829.644914,2915.385665,2937.135735,2988.668567,2889.607153
2704.899862,2770.865402,2796.663725,2829.637875,2915.382532,2937.145130,2988.670594,2889.480371
2704.899977,2770.872850,2796.672689,2829.635304,2915.410051,2937.226067,2988.671093,2889.100755
2704.860790,2770.836991,2796.660275,2829.658576,2915.391252,2937.198667,2988.709722,2889.266295
2704.860020,2770.653162,2796.591527,2830.564438,2915.393268,2937.193632,2988.712220,2889.444509
2704.859312,2770.685986,2796.618662,2830.292703,2915.412496,2937.257379,2988.713067,2889.104259
2704.844259,2770.846230,2796.657492,2829.632779,2915.439983,2937.266222,2988.727448,2889.082454
2704.838982,2770.843727,2796.656020,2829.633550,2915.444336,2937.274583,2988.732733,2889.062332
2704.830532,2770.839829,2796.653674,2829.633917,2915.448215,2937.274013,2988.741248,2889.127330
2704.829481,2770.839221,2796.653366,2829.634804,2915.448816,2937.275151,2988.742281,2889.124104
2704.808817,2770.828403,2796.647774,2829.628941,2915.457239,2937.292710,2988.763470,2889.035260
2704.807441,2770.826207,2796.647195,2829.628034,2915.455800,2937.291038,2988.764712,2889.075612
2704.775526,2770.800903,2796.637044,2829.621513,2915.433137,2937.265975,2988.797594,2889.060332
2704.743394,2770.612965,2796.579999,2830.400889,2915.471997,2937.337433,2988.830189,2889.142962
2704.726117,2770.788493,2796.625347,2829.628011,2915.501712,2937.350563,2988.846824,2889.058429
2704.717344,2770.618332,2796.579696,2830.289319,2915.489868,2937.357320,2988.856556,2889.113227
2704.705537,2770.780027,2796.619470,2829.631844,2915.516017,2937.362820,2988.867502,2889.121733
2704.704706,2770.778805,2796.619407,2829.627291,2915.514190,2937.367845,2988.868414,2889.033122
2704.648041,2770.747770,2796.604391,2829.618711,2915.535104,2937.400105,2988.925918,2889.052760
2704.642816,2770.733253,2796.600142,2829.681331,2915.530731,2937.397715,2988.930615,2889.073333
2704.635990,2770.744041,2796.601113,2829.620548,2915.548688,2937.414588,2988.938083,2889.085417
2704.628283,2770.736703,2796.599239,2829.622530,2915.547597,2937.421726,2988.945309,2889.069305
2704.621892,2770.740281,2796.596801,2829.626298,2915.561625,2937.419697,2988.952256,2889.157982
2704.577216,2770.718615,2796.584631,2829.624462,2915.585143,2937.455802,2988.997344,2889.089102
2704.575859,2770.716075,2796.584370,2829.623683,2915.582491,2937.451043,2988.998431,2889.170190
2704.564593,2770.713164,2796.580927,2829.629083,2915.594140,2937.460188,2989.009891,2889.192487
2704.551920,2770.701030,2796.577496,2829.618428,2915.589891,2937.470964,2989.022618,2889.130201
2704.507391,2770.680298,2796.566745,2829.608214,2915.608759,2937.495033,2989.067980,2889.164236
2704.506712,2770.679343,2796.565006,2829.631113,2915.616135,2937.499727,2989.068754,2889.139710
2704.490718,2770.628704,2796.549674,2829.839783,2915.577197,2937.458116,2989.087286,2889.134818
2704.455893,2770.492809,2796.507740,2830.295237,2915.634565,2937.537071,2989.120681,2889.253459
2704.447212,2770.488663,2796.504940,2830.295154,2915.639419,2937.542613,2989.129447,2889.260178
2704.357605,2770.614003,2796.524082,2829.629770,2915.707989,2937.602579,2989.218965,2889.282390
2704.329817,2770.432635,2796.473260,2830.294571,2915.706812,2937.635133,2989.248062,2889.238861
2704.269369,2770.403452,2796.456549,2830.296948,2915.739302,2937.674282,2989.309137,2889.277053
2704.258431,2770.397882,2796.453393,2830.299378,2915.743480,2937.675170,2989.320198,2889.318695
2704.229812,2770.384542,2796.445787,2830.297010,2915.761856,2937.704487,2989.349093,2889.276359
2704.228482,2770.340296,2796.422149,2830.625272,2915.732639,2937.650710,2989.350224,2889.463793
2704.224264,2770.547984,2796.488085,2829.614017,2915.772665,2937.695396,2989.353463,2889.257347
2704.219010,2770.480832,2796.469162,2829.781102,2915.783295,2937.705714,2989.359137,2889.306328
2704.165666,2770.519719,2796.471428,2829.614990,2915.806876,2937.742671,2989.413177,2889.204235
2704.163136,2770.516101,2796.472535,2829.603696,2915.797855,2937.734892,2989.415204,2889.286066
2704.162966,2770.516493,2796.472300,2829.603714,2915.796759,2937.730329,2989.415560,2889.309460
2704.153585,2770.314316,2796.397550,2830.575286,2915.782289,2937.687531,2989.426063,2889.679863
2704.049464,2770.297886,2796.396099,2830.300892,2915.861302,2937.830133,2989.531318,2889.339748
2704.027005,2770.432582,2796.431645,2829.639749,2915.846038,2937.829946,2989.556728,2888.828442
2704.020185,2770.432802,2796.426975,2829.689126,2915.844582,2937.809375,2989.559114,2889.003254
2704.019117,2770.435240,2796.428118,2829.657956,2915.842949,2937.812875,2989.560265,2888.992788
2704.002444,2770.275215,2796.383148,2830.302306,2915.886609,2937.860788,2989.578833,2889.368330
2703.942766,2770.417241,2796.411016,2829.620909,2915.936874,2937.891603,2989.638044,2889.429227
2703.942244,2770.416899,2796.410873,2829.621690,2915.937310,2937.892325,2989.638570,2889.428695
2703.929785,2770.400880,2796.407049,2829.606320,2915.906211,2937.845111,2989.650243,2889.608304
2703.912732,2770.232141,2796.358474,2830.304408,2915.936328,2937.924048,2989.669468,2889.395856
2703.893143,2770.387310,2796.396881,2829.633994,2915.957873,2937.929322,2989.688402,2889.369812
2703.836985,2770.346614,2796.377594,2829.678395,2915.955155,2937.916450,2989.743975,2889.519730
2703.783623,2770.152827,2796.316359,2830.407237,2915.998414,2938.005695,2989.799987,2889.444634
2703.774989,2770.146854,2796.313636,2830.406923,2915.999316,2938.009018,2989.808658,2889.444218
2703.772423,2770.331559,2796.365332,2829.606344,2916.018449,2938.011113,2989.809958,2889.386594
2703.760075,2770.325461,2796.361318,2829.614767,2916.028824,2938.022388,2989.823050,2889.382772
2703.746689,2770.152077,2796.312718,2830.310115,2916.025742,2938.031970,2989.837245,2889.499101
2703.745382,2770.146723,2796.310396,2830.342776,2916.025631,2938.031778,2989.838622,2889.506845
2703.734024,2770.146329,2796.309389,2830.307898,2916.034648,2938.047811,2989.850036,2889.463418
2703.662375,2770.111589,2796.289549,2830.312174,2916.072136,2938.090333,2989.922432,2889.531059
2703.661906,2770.109871,2796.288808,2830.322402,2916.072116,2938.090180,2989.922914,2889.534319
2703.656427,2770.109104,2796.288102,2830.309104,2916.077612,2938.102626,2989.928441,2889.486539
2703.607979,2770.255964,2796.319811,2829.606887,2916.116989,2938.128066,2989.976583,2889.478318
2703.582034,2770.242195,2796.313623,2829.599829,2916.127016,2938.150414,2990.001972,2889.432671
2703.546418,2770.224437,2796.304506,2829.587942,2916.133360,2938.153346,2990.037995,2889.527693
2703.497997,2770.032951,2796.244551,2830.313515,2916.164266,2938.210207,2990.088508,2889.559071
2703.490197,2770.197417,2796.288924,2829.595709,2916.178150,2938.222319,2990.095263,2889.412028
2703.479190,2770.187128,2796.281196,2829.628502,2916.151445,2938.171956,2990.106408,2889.403320
2703.465568,2770.185727,2796.282238,2829.594785,2916.191481,2938.240020,2990.120105,2889.413504
2703.434530,2770.155125,2796.270022,2829.617419,2916.158096,2938.230045,2990.159709,2889.026379
2703.426835,2770.154911,2796.268397,2829.609024,2916.159577,2938.221724,2990.171600,2889.064866
2703.399735,2770.121754,2796.246374,2829.805342,2916.209666,2938.192164,2990.185810,2890.066148
2703.398020,2770.131328,2796.260105,2829.626907,2916.171417,2938.285018,2990.182967,2888.806977
2703.363106,2769.931604,2796.182179,2830.610225,2916.213019,2938.251949,2990.224888,2889.775036
2703.318782,2770.094746,2796.239085,2829.617827,2916.219373,2938.317030,2990.267731,2889.213092
2703.292387,2769.907234,2796.165085,2830.581998,2916.257416,2938.288949,2990.296318,2889.936199
2703.274164,2769.925665,2796.183209,2830.317527,2916.288442,2938.368443,2990.314656,2889.626221
2703.259509,2769.918346,2796.179034,2830.320282,2916.294694,2938.371960,2990.329463,2889.669542
2703.238886,2770.058957,2796.216081,2829.669912,2916.286862,2938.335188,2990.348251,2889.837314
2703.232538,2769.905400,2796.171633,2830.320745,2916.309473,2938.390381,2990.356715,2889.681253
2703.214726,2770.061586,2796.211317,2829.637514,2916.327680,2938.394298,2990.373313,2889.675578
2703.154678,2770.004042,2796.190584,2829.691812,2916.297936,2938.385405,2990.451815,2889.512290
2703.144903,2769.863513,2796.147685,2830.321515,2916.358613,2938.454366,2990.445258,2889.695857
2703.136456,2769.859421,2796.145377,2830.321998,2916.363595,2938.462407,2990.453800,2889.680349
2703.082383,2769.991176,2796.172027,2829.657655,2916.371430,2938.448122,2990.506717,2889.672673
2703.077750,2769.988246,2796.171750,2829.644789,2916.373762,2938.451749,2990.511610,2889.730468
2703.075758,2769.984211,2796.170106,2829.666986,2916.370664,2938.464937,2990.514024,2889.493054
2703.063366,2769.977802,2796.166623,2829.667778,2916.379017,2938.469744,2990.525938,2889.602638
2703.036044,2769.969581,2796.159064,2829.655472,2916.395748,2938.486391,2990.554527,2889.563163
2703.029062,2769.964955,2796.157709,2829.645105,2916.396353,2938.496199,2990.562843,2889.498213
2702.999159,2769.917487,2796.148374,2829.731934,2916.381873,2938.550994,2990.592641,2889.003621
2702.979841,2769.784253,2796.102391,2830.326021,2916.448833,2938.565916,2990.612030,2889.774868
2702.942801,2769.927756,2796.135476,2829.641290,2916.420525,2938.498983,2990.661087,2889.884295
2702.925330,2769.850412,2796.114781,2829.989059,2916.490193,2938.599249,2990.666309,2889.822342
2702.924168,2769.930706,2796.134058,2829.598591,2916.492171,2938.600664,2990.667026,2889.749757
2702.918217,2769.755017,2796.085676,2830.324743,2916.484582,2938.615450,2990.674291,2889.759120
2702.901112,2769.919132,2796.127649,2829.588889,2916.502655,2938.623137,2990.690654,2889.657818
2702.894559,2769.916827,2796.126241,2829.586168,2916.506300,2938.621238,2990.697280,2889.747569
2702.886498,2769.916678,2796.123554,2829.598374,2916.519958,2938.627474,2990.705109,2889.803239
2702.882411,2769.914381,2796.122539,2829.594003,2916.520761,2938.634274,2990.709449,2889.726520
2702.877914,2769.907334,2796.122623,2829.579024,2916.513311,2938.641675,2990.713580,2889.684213
2702.874518,2769.911245,2796.120375,2829.596300,2916.528531,2938.643168,2990.717238,2889.763738
2702.856899,2769.877820,2796.110333,2829.676988,2916.495383,2938.614410,2990.734004,2889.746492
2702.829983,2769.882966,2796.109283,2829.554801,2916.514546,2938.612738,2990.761980,2890.008139
2702.829274,2769.702585,2796.058414,2830.356560,2916.521972,2938.667147,2990.764017,2889.789469
2702.803642,2769.872817,2796.102587,2829.574229,2916.549307,2938.685248,2990.788770,2889.685400
2702.790791,2769.801758,2796.079983,2829.753501,2916.571919,2938.704726,2990.802237,2889.795994
2702.738872,2769.846534,2796.083733,2829.588364,2916.600874,2938.744258,2990.854660,2889.659202
2702.737051,2769.846348,2796.083202,2829.591326,2916.605510,2938.739883,2990.856433,2889.821362
2702.732202,2769.838620,2796.083260,2829.573161,2916.588957,2938.731584,2990.861207,2889.809449
2702.718218,2769.659220,2796.030943,2830.328361,2916.594913,2938.755484,2990.876362,2889.820753
2702.662640,2769.632271,2796.015570,2830.332515,2916.623755,2938.785892,2990.932509,2889.895264
2702.501405,2769.555000,2795.971437,2830.336319,2916.712798,2938.897914,2991.095394,2889.955704
2702.501213,2769.555017,2795.971449,2830.335436,2916.712966,2938.898583,2991.095595,2889.952203
2702.429461,2769.512482,2795.948431,2830.385762,2916.750192,2938.947106,2991.168263,2889.986871
2702.413236,2769.513194,2795.947554,2830.334890,2916.763273,2938.966536,2991.184486,2889.945605
2702.345016,2769.659995,2795.976665,2829.586740,2916.820264,2939.020005,2991.252062,2889.833709
2702.331767,2769.653528,2795.973068,2829.584964,2916.825206,2939.023850,2991.265480,2889.850333
2702.313006,2769.430061,2795.902970,2830.556716,2916.790072,2938.991926,2991.285387,2890.149355
2702.290162,2769.444854,2795.909081,2830.335926,2916.804151,2939.003861,2991.307511,2890.211587
2702.280880,2769.449823,2795.911366,2830.338166,2916.836121,2939.057575,2991.318198,2890.000447
2702.278228,2769.447895,2795.910354,2830.342725,2916.836081,2939.053699,2991.320900,2890.034828
2702.206023,2769.591725,2795.939113,2829.578404,2916.888580,2939.103221,2991.392293,2889.964983
2702.198163,2769.581782,2795.937149,2829.561188,2916.859868,2939.065603,2991.399529,2890.045891
2702.184682,2769.579322,2795.934317,2829.572693,2916.898776,2939.130444,2991.413565,2889.869027
2702.181699,2769.576760,2795.933760,2829.569144,2916.897934,2939.128769,2991.417338,2889.915381
2702.155394,2769.563559,2795.924932,2829.563038,2916.882479,2939.098354,2991.442639,2889.935106
2702.135671,2769.367511,2795.855692,2830.442754,2916.895471,2939.101597,2991.464523,2890.301600
2702.117038,2769.366064,2795.864229,2830.379789,2916.924509,2939.165479,2991.483785,2890.098042
2702.032801,2769.373373,2795.846921,2830.300711,2916.955910,2939.165147,2991.567975,2890.377061
2702.032532,2769.304240,2795.821834,2830.587373,2916.951699,2939.175258,2991.569391,2890.313980
2702.017813,2769.497014,2795.887743,2829.561934,2916.962328,2939.184550,2991.581651,2890.203752
2701.993848,2769.342211,2795.843025,2830.173910,2917.002492,2939.253104,2991.608087,2890.129240
2701.979104,2769.460105,2795.871985,2829.718176,2917.018994,2939.259133,2991.621849,2890.149601
2701.953194,2769.292983,2795.821885,2830.345433,2917.016804,2939.284594,2991.649278,2890.125278
2701.880786,2769.237254,2795.791488,2830.487699,2917.029351,2939.297425,2991.722286,2890.226526
2701.873332,2769.224850,2795.785301,2830.541832,2917.033622,2939.301854,2991.729945,2890.258037
2701.870981,2769.353720,2795.827155,2829.981990,2917.040929,2939.294217,2991.731100,2890.219142
2701.830419,2769.397071,2795.832641,2829.631854,2917.063575,2939.326594,2991.771681,2890.117099
2701.774471,2769.207787,2795.773254,2830.347012,2917.116195,2939.411014,2991.829834,2890.181370
2701.768443,2769.204793,2795.771587,2830.346989,2917.119256,2939.416869,2991.835925,2890.158739
2701.766019,2769.203579,2795.770840,2830.348872,2917.119940,2939.413346,2991.838364,2890.204730
2701.745390,2769.193678,2795.765228,2830.349179,2917.130952,2939.426236,2991.859212,2890.220826
2701.672342,2769.158865,2795.745361,2830.349993,2917.171848,2939.479082,2991.933011,2890.236383
2701.666852,2769.156176,2795.743833,2830.350537,2917.174423,2939.481112,2991.938560,2890.248632
2701.663101,2769.330609,2795.792775,2829.571569,2917.180248,2939.479004,2991.941099,2890.163369
2701.658144,2769.148203,2795.739785,2830.377878,2917.178537,2939.485949,2991.947407,2890.260162
2701.646835,2769.268977,2795.764451,2829.906167,2917.176782,2939.422622,2991.956809,2890.633225
2701.629629,2769.321405,2795.782853,2829.577821,2917.214535,2939.504835,2991.974726,2890.231108
2701.588395,2769.296690,2795.772444,2829.567472,2917.228075,2939.542306,2992.016490,2890.116647
2701.551764,2769.281040,2795.762549,2829.566556,2917.249838,2939.565473,2992.053032,2890.158020
2701.550700,2769.277434,2795.760641,2829.596067,2917.253278,2939.563064,2992.054809,2890.202321
2701.542793,2769.275709,2795.760025,2829.565998,2917.249477,2939.565565,2992.061913,2890.168905
2701.501027,2769.257465,2795.748740,2829.566826,2917.280627,2939.607853,2992.104459,2890.126070
2701.482150,2769.249409,2795.743681,2829.563830,2917.289601,2939.609351,2992.123730,2890.239677
2701.475934,2769.050058,2795.686178,2830.432059,2917.272524,2939.612099,2992.131437,2890.304881
2701.463588,2769.059284,2795.688573,2830.353065,2917.287961,2939.626964,2992.143910,2890.299086
2701.442914,2769.229015,2795.733442,2829.558523,2917.310091,2939.641644,2992.163869,2890.219197
2701.416895,2769.035804,2795.675345,2830.361986,2917.312428,2939.654725,2992.191102,2890.343745
2701.407086,2769.210980,2795.722708,2829.574633,2917.327523,2939.664955,2992.199042,2890.178616
2701.385425,2769.201266,2795.717548,2829.566365,2917.342641,2939.684585,2992.221092,2890.221055
2701.376543,2769.197712,2795.715868,2829.554498,2917.340911,2939.678589,2992.230377,2890.304548
2701.319608,2768.990671,2795.649437,2830.354757,2917.367673,2939.727614,2992.289362,2890.349779
2701.316681,2768.974688,2795.642964,2830.434587,2917.361793,2939.723966,2992.292067,2890.366850
2701.300306,2768.975484,2795.641511,2830.397696,2917.376305,2939.735571,2992.308924,2890.390033
2701.293161,2769.063294,2795.668791,2829.835128,2917.391829,2939.743954,2992.315230,2890.358845
2701.246766,2768.951662,2795.627774,2830.385508,2917.406059,2939.773487,2992.363012,2890.400950
2701.235164,2768.940913,2795.622249,2830.422375,2917.411693,2939.781214,2992.374792,2890.407187
2701.232818,2768.949023,2795.625733,2830.358023,2917.414753,2939.784472,2992.377035,2890.402600
2701.198906,2768.929952,2795.615275,2830.377594,2917.432505,2939.807743,2992.411347,2890.404172
2701.189670,2768.899567,2795.590167,2830.604298,2917.419597,2939.762739,2992.420912,2890.679713
2701.179005,2768.916900,2795.608780,2830.390719,2917.441287,2939.820674,2992.431511,2890.421467
2701.159127,2768.913980,2795.605748,2830.358434,2917.456020,2939.837732,2992.451504,2890.418655
2701.140417,2768.905010,2795.600630,2830.359210,2917.465929,2939.848952,2992.470405,2890.435820
2701.134766,2768.889847,2795.593309,2830.447583,2917.466961,2939.851076,2992.476270,2890.450006
2701.113772,2768.884618,2795.590036,2830.411644,2917.478809,2939.867829,2992.497396,2890.423981
2701.110383,2768.890806,2795.592533,2830.358645,2917.483470,2939.873523,2992.500748,2890.426157
2701.106689,2768.889279,2795.591640,2830.357018,2917.485240,2939.874962,2992.504470,2890.434038
2701.106744,2768.872017,2795.585121,2830.444043,2917.474460,2939.867269,2992.504261,2890.452515
2701.090027,2769.066473,2795.637050,2829.569217,2917.513670,2939.882229,2992.519783,2890.422633
2701.086115,2769.064849,2795.636039,2829.567167,2917.515620,2939.885492,2992.523744,2890.412873
2701.069105,2768.871002,2795.581255,2830.360407,2917.505482,2939.899046,2992.542454,2890.459829
2701.058393,2769.045611,2795.628182,2829.577850,2917.524246,2939.906266,2992.552149,2890.369700
2700.984197,2769.017019,2795.608657,2829.563428,2917.571916,2939.953462,2992.626724,2890.485298
2700.915873,2768.984987,2795.590247,2829.561769,2917.610129,2940.001859,2992.695758,2890.507710
2700.887407,2768.784411,2795.532050,2830.362648,2917.606588,2940.027981,2992.726013,2890.513934
2700.877231,2768.966313,2795.579790,2829.564504,2917.631502,2940.026883,2992.734952,2890.545622
2700.866000,2768.961160,2795.576601,2829.564249,2917.638022,2940.035445,2992.746072,2890.546026
2700.862768,2768.959320,2795.575702,2829.566067,2917.639904,2940.038705,2992.749335,2890.537314
2700.807261,2768.778768,2795.522245,2830.150895,2917.656266,2940.081628,2992.806407,2890.554114
2700.788422,2768.923990,2795.555688,2829.563234,2917.680226,2940.094533,2992.824447,2890.498632
2700.761957,2768.724608,2795.497868,2830.365220,2917.675457,2940.112872,2992.852760,2890.574408
2700.691176,2768.799130,2795.511401,2829.935315,2917.726715,2940.157800,2992.922926,2890.619249
2700.687973,2768.690502,2795.478277,2830.358499,2917.716545,2940.164241,2992.927484,2890.602832
2700.656060,2768.674170,2795.469134,2830.366920,2917.734123,2940.186732,2992.959742,2890.613263
2700.630180,2768.646539,2795.455849,2830.456830,2917.743744,2940.207203,2992.985746,2890.581221
2700.609718,2768.652129,2795.456598,2830.367050,2917.759743,2940.218909,2993.006542,2890.631153
2700.591581,2768.643556,2795.451710,2830.367102,2917.770543,2940.234587,2993.024886,2890.620428
2700.541216,2768.756144,2795.467993,2829.847302,2917.788962,2940.197513,2993.073172,2891.003608
2700.515842,2768.790721,2795.475085,2829.555351,2917.804415,2940.215606,2993.099030,2890.921318
2700.508695,2768.749163,2795.463041,2829.774520,2917.809405,2940.217528,2993.106796,2891.021724
2700.499489,2768.633263,2795.425056,2830.390650,2917.804660,2940.239916,2993.116801,2890.944375
2700.487003,2768.607516,2795.416697,2830.432934,2917.812386,2940.247690,2993.130243,2890.958678
2700.476298,2768.559783,2795.397353,2830.648216,2917.814408,2940.263588,2993.141814,2890.880043
2700.470010,2768.557703,2795.395709,2830.607702,2917.818391,2940.267323,2993.148022,2890.925992
2700.357603,2768.532147,2795.388277,2830.370973,2917.899670,2940.395738,2993.261255,2890.718040
2700.334261,2768.493232,2795.359023,2830.609102,2917.893681,2940.362622,2993.285196,2890.971705
2700.289258,2768.471894,2795.346908,2830.609043,2917.918626,2940.394223,2993.330666,2890.986758
2700.278333,2768.471532,2795.346584,2830.576409,2917.923735,2940.405057,2993.341550,2890.929006
2700.270913,2768.511068,2795.361344,2830.269881,2917.931118,2940.402211,2993.347452,2890.979891
2700.254460,2768.522394,2795.377594,2829.991529,2917.931258,2940.437382,2993.363465,2890.844516
2700.251787,2768.466682,2795.354307,2830.435910,2917.946447,2940.464733,2993.367745,2890.744121
2700.241626,2768.632230,2795.401581,2829.703217,2917.981122,2940.472438,2993.376875,2890.770331
2700.197653,2768.456099,2795.345014,2830.372356,2917.988966,2940.511055,2993.422843,2890.749267
2700.187644,2768.444775,2795.340513,2830.389165,2917.987138,2940.513466,2993.432900,2890.750919
2700.141382,2768.397595,2795.313354,2830.574233,2917.992913,2940.516398,2993.479553,2890.842950
2700.130383,2768.609966,2795.378734,2829.551220,2918.038009,2940.554400,2993.488968,2890.697860
2700.053379,2768.376211,2795.301777,2830.430650,2918.064136,2940.611421,2993.568855,2890.780266
2700.036576,2768.565225,2795.353870,2829.544797,2918.089145,2940.622891,2993.582943,2890.728874
2699.992702,2768.331083,2795.267109,2830.609706,2918.082807,2940.603161,2993.630271,2891.075480
2699.952121,2768.332700,2795.276135,2830.409187,2918.121940,2940.680422,2993.670888,2890.842462
2699.945528,2768.336133,2795.276767,2830.376823,2918.128179,2940.683637,2993.677549,2890.867602
2699.928220,2768.296244,2795.254015,2830.608820,2918.113716,2940.660212,2993.695041,2890.976962
2699.918263,2768.295753,2795.257060,2830.524910,2918.117152,2940.677736,2993.704920,2890.910484
2699.888122,2768.479661,2795.307163,2829.611404,2918.139228,2940.699113,2993.736673,2890.549044
2699.868539,2768.286715,2795.250358,2830.458540,2918.166510,2940.738031,2993.755435,2890.859611
2699.858881,2768.453006,2795.298084,2829.673497,2918.150216,2940.737581,2993.764467,2890.300565
2699.861707,2768.457639,2795.302864,2829.580974,2918.133220,2940.750453,2993.775844,2890.045391
2699.817410,2768.461114,2795.295471,2829.534479,2918.205718,2940.777132,2993.805359,2890.749912
2699.755249,2768.432033,2795.277841,2829.547881,2918.246483,2940.818634,2993.868374,2890.824321
2699.743952,2768.429227,2795.275055,2829.540695,2918.254697,2940.823263,2993.879832,2890.870972
2699.688861,2768.214346,2795.207493,2830.379016,2918.270709,2940.863332,2993.936826,2890.959225
2699.681891,2768.194682,2795.199448,2830.459748,2918.268460,2940.871050,2993.943851,2890.924729
2699.681081,2768.210541,2795.205356,2830.379797,2918.275368,2940.870320,2993.944696,2890.953091
2699.650804,2768.191912,2795.195281,2830.409027,2918.290870,2940.888962,2993.975305,2890.976802
2699.631078,2768.158472,2795.176367,2830.571428,2918.277912,2940.869209,2993.995136,2891.077951
2699.619510,2768.171506,2795.185189,2830.427033,2918.304717,2940.914560,2994.007134,2890.930454
2699.604775,2768.142976,2795.166674,2830.610769,2918.292781,2940.888423,2994.022011,2891.062951
2699.585893,2768.350006,2795.228723,2829.566144,2918.312942,2940.886772,2994.037383,2890.959367
2699.507142,2768.127149,2795.157997,2830.387684,2918.371081,2940.989707,2994.120448,2891.023559
2699.490781,2768.312009,2795.206568,2829.545032,2918.399831,2940.998691,2994.135294,2890.991130
2699.482310,2768.100911,2795.146183,2830.448462,2918.374790,2941.004959,2994.145380,2891.011291
2699.430905,2768.091725,2795.137807,2830.383219,2918.414045,2941.044438,2994.197434,2891.048304
2699.403330,2768.054623,2795.117331,2830.545742,2918.405050,2941.027780,2994.225356,2891.171420
2699.344364,2768.212731,2795.160778,2829.676033,2918.461544,2941.086305,2994.282703,2891.131827
2699.341306,2768.034821,2795.108172,2830.452606,2918.454658,2941.104653,2994.287874,2891.054900
2699.336695,2768.234193,2795.164493,2829.557882,2918.481190,2941.110619,2994.291032,2890.985251
2699.318584,2768.213425,2795.156825,2829.564621,2918.452642,2941.104009,2994.310018,2890.727868
2699.308690,2768.031837,2795.104000,2830.397951,2918.481476,2941.128939,2994.320932,2891.098406
2699.288432,2767.994188,2795.084165,2830.567370,2918.466927,2941.114114,2994.341228,2891.167204
2699.233014,2767.966422,2795.065961,2830.618032,2918.499166,2941.150021,2994.397627,2891.176319
2699.219543,2767.963909,2795.066988,2830.548516,2918.504243,2941.165009,2994.410549,2891.146887
2699.210752,2767.956298,2795.060403,2830.611199,2918.510765,2941.168289,2994.420002,2891.142448
2699.204286,2767.967716,2795.069928,2830.476288,2918.532276,2941.207512,2994.426452,2891.020273
2699.156488,2768.144400,2795.115172,2829.577689,2918.578403,2941.233754,2994.473047,2891.077730
2699.126368,2767.932909,2795.049948,2830.463706,2918.576458,2941.255656,2994.504732,2891.152698
2699.117786,2767.943178,2795.053423,2830.386660,2918.588086,2941.264136,2994.513756,2891.157887
2699.118247,2767.926775,2795.047035,2830.474847,2918.582405,2941.268081,2994.512770,2891.114480
2699.112670,2768.126272,2795.104511,2829.524379,2918.575304,2941.217585,2994.516190,2891.251858
2699.074856,2767.892849,2795.025751,2830.581557,2918.586067,2941.262497,2994.556988,2891.238530
2699.064879,2768.107880,2795.085687,2829.530877,2918.609354,2941.236208,2994.564618,2891.382376
2698.999946,2768.080431,2795.075834,2829.522927,2918.668663,2941.343534,2994.631342,2891.142583
2698.984129,2768.071198,2795.071959,2829.491766,2918.645933,2941.309420,2994.645654,2891.238431
2698.981008,2768.074295,2795.068244,2829.510431,2918.656211,2941.299267,2994.650751,2891.271334
2698.957587,2768.041384,2795.052652,2829.625850,2918.672093,2941.303503,2994.673216,2891.578494
2698.952667,2767.838761,2794.987562,2830.613494,2918.660827,2941.332248,2994.681107,2891.449285
2698.880652,2767.804656,2794.968282,2830.613259,2918.700618,2941.383361,2994.753842,2891.464144
2698.880666,2767.804744,2794.968196,2830.613515,2918.700823,2941.382958,2994.753829,2891.470823
2698.878364,2767.803644,2794.967554,2830.614024,2918.702100,2941.384625,2994.756160,2891.471433
2698.868881,2767.799100,2794.965079,2830.613109,2918.707313,2941.391387,2994.765735,2891.472778
2698.857882,2768.010246,2795.029033,2829.535351,2918.728533,2941.372395,2994.773816,2891.602155
2698.854813,2767.895746,2795.007764,2829.932974,2918.747683,2941.443735,2994.778038,2891.274261
2698.838296,2768.001098,2795.023735,2829.535075,2918.739885,2941.385058,2994.793640,2891.626671
2698.820672,2767.972343,2795.014437,2829.651678,2918.747386,2941.401930,2994.811559,2891.588588
2698.793940,2767.962847,2795.007320,2829.643420,2918.763194,2941.418545,2994.838678,2891.630824
2698.788564,2767.901200,2794.989933,2829.980574,2918.757845,2941.436945,2994.844179,2891.507924
2698.779866,2767.973589,2795.008042,2829.534689,2918.772046,2941.427158,2994.852599,2891.630379
2698.746205,2767.942934,2794.995523,2829.625971,2918.788984,2941.453637,2994.886744,2891.619927
2698.729105,2767.739494,2794.936618,2830.539671,2918.776266,2941.512374,2994.906196,2891.137633
2698.726857,2767.731960,2794.927029,2830.613424,2918.786266,2941.491193,2994.909224,2891.521176
2698.699396,2767.741967,2794.939501,2830.411265,2918.819687,2941.554641,2994.936507,2891.322875
2698.645346,2767.690172,2794.909751,2830.590860,2918.826095,2941.561014,2994.991023,2891.415908
2698.642291,2767.690793,2794.904535,2830.619419,2918.831185,2941.556637,2994.994648,2891.458175
2698.620059,2767.898618,2794.965244,2829.532287,2918.861370,2941.538423,2995.014078,2891.701158
2698.588156,2767.883798,2794.957109,2829.529124,2918.878086,2941.563158,2995.046268,2891.674894
2698.567126,2767.836846,2794.950658,2829.688969,2918.910957,2941.644226,2995.068281,2891.369504
2698.523952,2767.650839,2794.889106,2830.454479,2918.914816,2941.678198,2995.113727,2891.383102
2698.498029,2767.623831,2794.865764,2830.613837,2918.913569,2941.651828,2995.140408,2891.602002
2698.493139,2767.619524,2794.871872,2830.554479,2918.910642,2941.669680,2995.144782,2891.499871
2698.486646,2767.617586,2794.871336,2830.538186,2918.914513,2941.675502,2995.151255,2891.505907
2698.459646,2767.619821,2794.868250,2830.522836,2918.954725,2941.716415,2995.179148,2891.420827
2698.373700,2767.561450,2794.836390,2830.601187,2918.977537,2941.752023,2995.265589,2891.506843
2698.373908,2767.583144,2794.850416,2830.432592,2918.996939,2941.783907,2995.265264,2891.402948
2698.354700,2767.554829,2794.835474,2830.537678,2918.985973,2941.770640,2995.284519,2891.492003
2698.353672,2767.554444,2794.835154,2830.542097,2918.986889,2941.771620,2995.285600,2891.489952
2698.324143,2767.542845,2794.829485,2830.509588,2919.002732,2941.794948,2995.315408,2891.490080
2698.318535,2767.535126,2794.821051,2830.608495,2919.008638,2941.789847,2995.321383,2891.533133
2698.305250,2767.528785,2794.817229,2830.612170,2919.015534,2941.801096,2995.334845,2891.503205
2698.304277,2767.528504,2794.817537,2830.603819,2919.016425,2941.800016,2995.335765,2891.539271
2698.299172,2767.545363,2794.828713,2830.461069,2919.039798,2941.837702,2995.340790,2891.419436
2698.295404,2767.526582,2794.819603,2830.540337,2919.018237,2941.816776,2995.344419,2891.450590
2698.287391,2767.521239,2794.813837,2830.590566,2919.024844,2941.813986,2995.352568,2891.518087
2698.250979,2767.527542,2794.818497,2830.419594,2919.067349,2941.871305,2995.389478,2891.446760
2698.246206,2767.502347,2794.803680,2830.577570,2919.048496,2941.840490,2995.394251,2891.583677
2698.241326,2767.501147,2794.805237,2830.539596,2919.050058,2941.847985,2995.399064,2891.579282
2698.235001,2767.499225,2794.795580,2830.615052,2919.059138,2941.838759,2995.406140,2891.661775
2698.226797,2767.711698,2794.867197,2829.507910,2919.065760,2941.853616,2995.411679,2891.320799
2698.224018,2767.519743,2794.813088,2830.396537,2919.084640,2941.888490,2995.416631,2891.489176
2698.197285,2767.478388,2794.789430,2830.597032,2919.074332,2941.880675,2995.443802,2891.494310
2698.188855,2767.474074,2794.786766,2830.602761,2919.080692,2941.880994,2995.452389,2891.581464
2698.181540,2767.471199,2794.785291,2830.596394,2919.084403,2941.887164,2995.459732,2891.569513
2698.172366,2767.466333,2794.782760,2830.596900,2919.089494,2941.893507,2995.469008,2891.579999
2698.155003,2767.472642,2794.789091,2830.469256,2919.118576,2941.942115,2995.486033,2891.475572
2698.148629,2767.455360,2794.777196,2830.583954,2919.101873,2941.912169,2995.492929,2891.571834
2698.144091,2767.474543,2794.788330,2830.444788,2919.127240,2941.945251,2995.497564,2891.494750
2698.139607,2767.464427,2794.784346,2830.475737,2919.124560,2941.951516,2995.501880,2891.449566
2698.111566,2767.457026,2794.779743,2830.432130,2919.138887,2941.965548,2995.530139,2891.502170
2698.086772,2767.454809,2794.776289,2830.397775,2919.161193,2941.985716,2995.555277,2891.531518
2698.080412,2767.438343,2794.769438,2830.460554,2919.154930,2941.986889,2995.561535,2891.515602
2698.065862,2767.444936,2794.770693,2830.397734,2919.172821,2942.000261,2995.576429,2891.540550
2698.053017,2767.428646,2794.763234,2830.450679,2919.176279,2942.010617,2995.589616,2891.514531
2698.038141,2767.421481,2794.759534,2830.446323,2919.183923,2942.020303,2995.604921,2891.534962
2697.958914,2767.394369,2794.742004,2830.398850,2919.232353,2942.075020,2995.684441,2891.580650
2697.948893,2767.373834,2794.732551,2830.486529,2919.229181,2942.084144,2995.694958,2891.505895
2697.929486,2767.352723,2794.718294,2830.587222,2919.224176,2942.065753,2995.714148,2891.640292
2697.903249,2767.473762,2794.750322,2830.024441,2919.248234,2942.063111,2995.737986,2891.788073
2697.878224,2767.438976,2794.737625,2830.146873,2919.264106,2942.077225,2995.765142,2891.826082
2697.877320,2767.375718,2794.719360,2830.349581,2919.262853,2942.079253,2995.766610,2891.828516
2697.867370,2767.545417,2794.764632,2829.521019,2919.279996,2942.067819,2995.774363,2891.952981
2697.850932,2767.537702,2794.761044,2829.517190,2919.286104,2942.086516,2995.790808,2891.844478
2697.844784,2767.534881,2794.759012,2829.518553,2919.290904,2942.087809,2995.797063,2891.895922
2697.844513,2767.534673,2794.758927,2829.518971,2919.291054,2942.087883,2995.797358,2891.897408
2697.822152,2767.524273,2794.752939,2829.518374,2919.303799,2942.102883,2995.819966,2891.916375
2697.773534,2767.325239,2794.688804,2830.444281,2919.317052,2942.159715,2995.870845,2891.855125
2697.771246,2767.500568,2794.743099,2829.500645,2919.329112,2942.143560,2995.871094,2891.906761
2697.750549,2767.490696,2794.734042,2829.516901,2919.344135,2942.151955,2995.892294,2891.965826
2697.731124,2767.481853,2794.729831,2829.510843,2919.351259,2942.174342,2995.911729,2891.828672
2697.730288,2767.481174,2794.728843,2829.515759,2919.353790,2942.170114,2995.912686,2891.905956
2697.722690,2767.454198,2794.721465,2829.642337,2919.357490,2942.175500,2995.920658,2891.938025
2697.721350,2767.454252,2794.720866,2829.643321,2919.359477,2942.173461,2995.922015,2891.985467
2697.682613,2767.458973,2794.716076,2829.514401,2919.380479,2942.203587,2995.960856,2891.923562
2697.654638,2767.445775,2794.708226,2829.516526,2919.397441,2942.219854,2995.989175,2891.986089
2697.653927,2767.426425,2794.704423,2829.612673,2919.395621,2942.224445,2995.990014,2891.945803
2697.625219,2767.431848,2794.700261,2829.517337,2919.414198,2942.239811,2996.018914,2892.009630
2697.565342,2767.375205,2794.676749,2829.696193,2919.443566,2942.289390,2996.079658,2891.958033
2697.563994,2767.373433,2794.676436,2829.698773,2919.443694,2942.290138,2996.080701,2891.969503
2697.518773,2767.158619,2794.606969,2830.611768,2919.455473,2942.347196,2996.129411,2891.867552
2697.445160,2767.124086,2794.588239,2830.597880,2919.495848,2942.400994,2996.203707,2891.884154
2697.440194,2767.121932,2794.587534,2830.588818,2919.497630,2942.407474,2996.208689,2891.847853
2697.431969,2767.132351,2794.595845,2830.466450,2919.518037,2942.442300,2996.216775,2891.756448
2697.429836,2767.120717,2794.586807,2830.563672,2919.503185,2942.414381,2996.218848,2891.866502
2697.409341,2767.122942,2794.590557,2830.458242,2919.533681,2942.462292,2996.240021,2891.745017
2697.398248,2767.129344,2794.591913,2830.402421,2919.543963,2942.469697,2996.250799,2891.753545
2697.378463,2767.108994,2794.582828,2830.444565,2919.544942,2942.477341,2996.270596,2891.783244
2697.374347,2767.103916,2794.580124,2830.473306,2919.552970,2942.491107,2996.274499,2891.729504
2697.370617,2767.105628,2794.580728,2830.450100,2919.552716,2942.488840,2996.278395,2891.743021
2697.360352,2767.085040,2794.565966,2830.595486,2919.542349,2942.463273,2996.289400,2891.875205
2697.358961,2767.083860,2794.566119,2830.584799,2919.541794,2942.468047,2996.290629,2891.822711
2697.338925,2767.075679,2794.562246,2830.564445,2919.553186,2942.480732,2996.310842,2891.870131
2697.329809,2767.069999,2794.558560,2830.582992,2919.558814,2942.485957,2996.320261,2891.882204
2697.323290,2767.067670,2794.555521,2830.603646,2919.563846,2942.486522,2996.326803,2891.909415
2697.317575,2767.065747,2794.556160,2830.570649,2919.565747,2942.493678,2996.332398,2891.896509
2697.304350,2767.059068,2794.553510,2830.555499,2919.571842,2942.507262,2996.345714,2891.864496
2697.274796,2767.055701,2794.547442,2830.548913,2919.590868,2942.522295,2996.375787,2891.900001
2697.249201,2767.052277,2794.549736,2830.430304,2919.621797,2942.572405,2996.401354,2891.801204
2697.237680,2767.026830,2794.534494,2830.573555,2919.608621,2942.556178,2996.413230,2891.837357
2697.235654,2767.025687,2794.532382,2830.598101,2919.611472,2942.552390,2996.415346,2891.890992
2697.205696,2767.011976,2794.526240,2830.569526,2919.627212,2942.575500,2996.445387,2891.902048
2697.187216,2767.002842,2794.519649,2830.596225,2919.639293,2942.584298,2996.464422,2891.947370
2697.183909,2767.001824,2794.519433,2830.590217,2919.640960,2942.588257,2996.467754,2891.929738
2697.128835,2766.991674,2794.515734,2830.459222,2919.689242,2942.657754,2996.522871,2891.855587
2697.090134,2766.977927,2794.507739,2830.423221,2919.709989,2942.682511,2996.562015,2891.878380
2697.076208,2766.964128,2794.500325,2830.481102,2919.718802,2942.693320,2996.575611,2891.895680
2697.036844,2766.948280,2794.491322,2830.456697,2919.739621,2942.718968,2996.615949,2891.918952
2696.998114,2767.111248,2794.527883,2829.658015,2919.759964,2942.687910,2996.652379,2892.145376
2696.931187,2766.976888,2794.489984,2829.873693,2919.783927,2942.758599,2996.720101,2892.078684
2696.917482,2766.889080,2794.457757,2830.483844,2919.808342,2942.805785,2996.736768,2891.941199
2696.872232,2766.854440,2794.434455,2830.611681,2919.815972,2942.802638,2996.782628,2892.082125
2696.853898,2767.071279,2794.496723,2829.496983,2919.841205,2942.789064,2996.797949,2892.170068
2696.841114,2767.068739,2794.499343,2829.503447,2919.874764,2942.856041,2996.811429,2891.941555
2696.841562,2766.856226,2794.439180,2830.458250,2919.849350,2942.858971,2996.812785,2891.961843
2696.835863,2766.864080,2794.441675,2830.408091,2919.857801,2942.861816,2996.818914,2891.990955
2696.818830,2766.845383,2794.433443,2830.447322,2919.857829,2942.871544,2996.835837,2891.975640
2696.801848,2766.825610,2794.419605,2830.567470,2919.854415,2942.856095,2996.853557,2892.105052
2696.797693,2767.046695,2794.488411,2829.495061,2919.893080,2942.883571,2996.854838,2891.976200
2696.792439,2766.818252,2794.416652,2830.566499,2919.858519,2942.864095,2996.863102,2892.089081
2696.780227,2766.987053,2794.471252,2829.679211,2919.906115,2942.897845,2996.873225,2892.006208
2696.770759,2766.830058,2794.423585,2830.412607,2919.890322,2942.907672,2996.884634,2891.997777
2696.757531,2766.804405,2794.401888,2830.620473,2919.883528,2942.874801,2996.898891,2892.207599
2696.740145,2767.018771,2794.472808,2829.500497,2919.927050,2942.928589,2996.913471,2891.961097
2696.706159,2766.777308,2794.392849,2830.578469,2919.907482,2942.922829,2996.950391,2892.130026
2696.660659,2766.950559,2794.444683,2829.656140,2919.972919,2942.979840,2996.993897,2892.058897
2696.645299,2766.774241,2794.390850,2830.409523,2919.963925,2942.994937,2997.011421,2892.063289
2696.624794,2766.758840,2794.384241,2830.418734,2919.972513,2943.018044,2997.031864,2891.990752
2696.517741,2766.848721,2794.392207,2829.800109,2920.024031,2943.033279,2997.137702,2892.242842
2696.516940,2766.894598,2794.402253,2829.597013,2920.031681,2943.019523,2997.138671,2892.392659
2696.512891,2766.911256,2794.405530,2829.498638,2920.032180,2943.027665,2997.142359,2892.309190
2696.510352,2766.910057,2794.405019,2829.497914,2920.032931,2943.031099,2997.144881,2892.283744
2696.444478,2766.655472,2794.318647,2830.617291,2920.057019,2943.098343,2997.215136,2892.279569
2696.433676,2766.648448,2794.317795,2830.611441,2920.061231,2943.109905,2997.225760,2892.254816
2696.380429,2766.790067,2794.354171,2829.843861,2920.101929,2943.126181,2997.276642,2892.380531
2696.366068,2766.813154,2794.358215,2829.682675,2920.113218,2943.131361,2997.291298,2892.398730
2696.365439,2766.677171,2794.318488,2830.379565,2920.104381,2943.147653,2997.293886,2892.327957
2696.349635,2766.834966,2794.361569,2829.499469,2920.125932,2943.136417,2997.307442,2892.464994
2696.297530,2766.783293,2794.341612,2829.654245,2920.152858,2943.176567,2997.360367,2892.460793
2696.284795,2766.709212,2794.318695,2829.775485,2920.155315,2943.192505,2997.373327,2892.414323
2696.220742,2766.553565,2794.266736,2830.536335,2920.177312,2943.268895,2997.439650,2892.246468
2696.206556,2766.567572,2794.274025,2830.412329,2920.208852,2943.303554,2997.454602,2892.218946
2696.154680,2766.535179,2794.257038,2830.452852,2920.233994,2943.342275,2997.507006,2892.186098
2696.122082,2766.518570,2794.247783,2830.460838,2920.251635,2943.364044,2997.540020,2892.212089
2696.119178,2766.500813,2794.234664,2830.603521,2920.235721,2943.334618,2997.543383,2892.317076
2696.116996,2766.499790,2794.234319,2830.600284,2920.236447,2943.337625,2997.545574,2892.297820
2696.091828,2766.487934,2794.226947,2830.611766,2920.252363,2943.349615,2997.571149,2892.383741
2696.074097,2766.700203,2794.287019,2829.534357,2920.279452,2943.330976,2997.585883,2892.561575
2695.987268,2766.669451,2794.272789,2829.493193,2920.351828,2943.452809,2997.673839,2892.291355
2695.974218,2766.662605,2794.269322,2829.494934,2920.358591,2943.467046,2997.686973,2892.229092
2695.948198,2766.651168,2794.262505,2829.490348,2920.372874,2943.479003,2997.713337,2892.305962
2695.943701,2766.443857,2794.204107,2830.413748,2920.355359,2943.487052,2997.720121,2892.320697
2695.892086,2766.394308,2794.173919,2830.611469,2920.363760,2943.491081,2997.772935,2892.438229
2695.854103,2766.527037,2794.212785,2829.799721,2920.395724,2943.497279,2997.808347,2892.524912
2695.834425,2766.563471,2794.217999,2829.672029,2920.409649,2943.506544,2997.828060,2892.573767
2695.739592,2766.533188,2794.196211,2829.591705,2920.465222,2943.568101,2997.923792,2892.669488
2695.721788,2766.392897,2794.153479,2830.279594,2920.463858,2943.599137,2997.942857,2892.585007
2695.707257,2766.315390,2794.126344,2830.586013,2920.469153,2943.616859,2997.959822,2892.520569
2695.671103,2766.496775,2794.177500,2829.613204,2920.502907,2943.617377,2997.992960,2892.688170
2695.666011,2766.289987,2794.112176,2830.617988,2920.492209,2943.645446,2998.001651,2892.566617
2695.643729,2766.277811,2794.108759,2830.603702,2920.501903,2943.667951,2998.023858,2892.503614
2695.615822,2766.280349,2794.110159,2830.516398,2920.538417,2943.708903,2998.051863,2892.462723
2695.575449,2766.261521,2794.098960,2830.525827,2920.561992,2943.734772,2998.092723,2892.509501
2695.575039,2766.266554,2794.103063,2830.465729,2920.562394,2943.743741,2998.092696,2892.449686
2695.566094,2766.241605,2794.089371,2830.585726,2920.545117,2943.721911,2998.102062,2892.567940
2695.540602,2766.229755,2794.081494,2830.599744,2920.560607,2943.736845,2998.127858,2892.601531
2695.520896,2766.240545,2794.088553,2830.467447,2920.592590,2943.780439,2998.147396,2892.497824
2695.508704,2766.216230,2794.070525,2830.617468,2920.580175,2943.756223,2998.160578,2892.621728
2695.508165,2766.214357,2794.073139,2830.597961,2920.577982,2943.761804,2998.160729,2892.584638
2695.494104,2766.207877,2794.069528,2830.596639,2920.586175,2943.770984,2998.174911,2892.600883
2695.487698,2766.229357,2794.083054,2830.415916,2920.610053,2943.809934,2998.180728,2892.460759
2695.484041,2766.205096,2794.069456,2830.560369,2920.589029,2943.786870,2998.184683,2892.499168
2695.459049,2766.192274,2794.062840,2830.557412,2920.602673,2943.804764,2998.209945,2892.518319
2695.436289,2766.189466,2794.058945,2830.537583,2920.618470,2943.813504,2998.232723,2892.588265
2695.405160,2766.166615,2794.048058,2830.566795,2920.633800,2943.839667,2998.264557,2892.581223
2695.395854,2766.174942,2794.054122,2830.476324,2920.656908,2943.877325,2998.273459,2892.451828
2695.394245,2766.172427,2794.052816,2830.483928,2920.657829,2943.877444,2998.275033,2892.458471
2695.370178,2766.161086,2794.046307,2830.490748,2920.672132,2943.895822,2998.299365,2892.454980
2695.365778,2766.159152,2794.045606,2830.478347,2920.673485,2943.897567,2998.303775,2892.469410
2695.356013,2766.357522,2794.099693,2829.548127,2920.671182,2943.864075,2998.311973,2892.481354
2695.352762,2766.162468,2794.046977,2830.406362,2920.677817,2943.904289,2998.316509,2892.476055
2695.301500,2766.128647,2794.028297,2830.485410,2920.708489,2943.940565,2998.368313,2892.525470
2695.286686,2766.121965,2794.024285,2830.490171,2920.718934,2943.952334,2998.383488,2892.526084
2695.227872,2766.089623,2794.005245,2830.526539,2920.740556,2943.978201,2998.443480,2892.600852
2695.199676,2766.094057,2794.006779,2830.417932,2920.771163,2944.010802,2998.471695,2892.585041
2695.190027,2766.067305,2793.986967,2830.607667,2920.758183,2943.980722,2998.482324,2892.742534
2695.185212,2766.063059,2793.986558,2830.612027,2920.759945,2943.986182,2998.487106,2892.726643
2695.176545,2766.277387,2794.048899,2829.548365,2920.780600,2943.964063,2998.492616,2892.866972
2695.159755,2766.180538,2794.020914,2830.023406,2920.780821,2943.990258,2998.509665,2892.798723
2695.159416,2766.093947,2793.994313,2830.418051,2920.778627,2943.995368,2998.512552,2892.785400
2695.119539,2766.032165,2793.968939,2830.615521,2920.796195,2944.034203,2998.553527,2892.717302
2695.053943,2766.046771,2793.967428,2830.391847,2920.837161,2944.070044,2998.618575,2892.813825
2695.054488,2766.001922,2793.952296,2830.607536,2920.832799,2944.078918,2998.619118,2892.766379
2695.026564,2765.988891,2793.945035,2830.605945,2920.848539,2944.098111,2998.647319,2892.785167
2695.017682,2765.985848,2793.940866,2830.618176,2920.854772,2944.101990,2998.656655,2892.796390
2695.004877,2766.190648,2794.002915,2829.570630,2920.876614,2944.084598,2998.665992,2892.931372
2694.975291,2765.970175,2793.931311,2830.601129,2920.879224,2944.130786,2998.699463,2892.810688
2694.952844,2765.955306,2793.923890,2830.617898,2920.890731,2944.148574,2998.722137,2892.806448
2694.916763,2765.953434,2793.921324,2830.489160,2920.911022,2944.172844,2998.757189,2892.804426
2694.907081,2766.141146,2793.975362,2829.604902,2920.930262,2944.155836,2998.764847,2892.946734
2694.881492,2765.971575,2793.923763,2830.386938,2920.932102,2944.196900,2998.792839,2892.808670
2694.874120,2765.917446,2793.904363,2830.611297,2920.934155,2944.204825,2998.801432,2892.844207
2694.850505,2765.906341,2793.897877,2830.614926,2920.947551,2944.221231,2998.825336,2892.850778
2694.832575,2765.941423,2793.906846,2830.446841,2920.958469,2944.233531,2998.842557,2892.812790
2694.774080,2765.871614,2793.876679,2830.617722,2920.990941,2944.274076,2998.902739,2892.876333
2694.760782,2765.864173,2793.873875,2830.618752,2920.996435,2944.288989,2998.916022,2892.803772
2694.752538,2765.860210,2793.871709,2830.618245,2921.000346,2944.297117,2998.924323,2892.768389
2694.751136,2765.860762,2793.870691,2830.618031,2921.003584,2944.290798,2998.925910,2892.876501
2694.750180,2765.859376,2793.871253,2830.616658,2921.003498,2944.292696,2998.926731,2892.870575
2694.750176,2765.859361,2793.871327,2830.615751,2921.003264,2944.293386,2998.926733,2892.860156
2694.731124,2765.850472,2793.866285,2830.615436,2921.014253,2944.305845,2998.945956,2892.883542
2694.692820,2765.851085,2793.863387,2830.504992,2921.036223,2944.332754,2998.983937,2892.839378
2694.693154,2765.832689,2793.856218,2830.616464,2921.035189,2944.333623,2998.984355,2892.878022
2694.689194,2765.831050,2793.854513,2830.622805,2921.037389,2944.337097,2998.988467,2892.858026
2694.681331,2765.837518,2793.860368,2830.547316,2921.058255,2944.363147,2998.995992,2892.807066
2694.670362,2765.822867,2793.849399,2830.618592,2921.048713,2944.348055,2999.007516,2892.901395
2694.575522,2765.801203,2793.841542,2830.420551,2921.120231,2944.449543,2999.102110,2892.812766
2694.550385,2765.784604,2793.833303,2830.438718,2921.132015,2944.468445,2999.127563,2892.806684
2694.546305,2765.764122,2793.819923,2830.581230,2921.115209,2944.443025,2999.132334,2892.888392
2694.545296,2765.772127,2793.825165,2830.537233,2921.134954,2944.467199,2999.133249,2892.830014
2694.524681,2765.755728,2793.814910,2830.572830,2921.127109,2944.459697,2999.154200,2892.867739
2694.525268,2765.771111,2793.825992,2830.446324,2921.144287,2944.485605,2999.152885,2892.812484
2694.500823,2765.746189,2793.809321,2830.565856,2921.140849,2944.475502,2999.178238,2892.886376
2694.496362,2765.764132,2793.820698,2830.419746,2921.164446,2944.505209,2999.182110,2892.840538
2694.489941,2765.746945,2793.812147,2830.513607,2921.165397,2944.510412,2999.188784,2892.819173
2694.487125,2765.736740,2793.804611,2830.577017,2921.148201,2944.485394,2999.192077,2892.901663
2694.477377,2765.733764,2793.802783,2830.566846,2921.153386,2944.492609,2999.201674,2892.898346
2694.445730,2765.737318,2793.806494,2830.427627,2921.190966,2944.542192,2999.233269,2892.844350
2694.444295,2765.727306,2793.802554,2830.475780,2921.190090,2944.545987,2999.235114,2892.823435
2694.429463,2765.709331,2793.787456,2830.605087,2921.182068,2944.521954,2999.250708,2892.949169
2694.349948,2765.813088,2793.810905,2829.966579,2921.231683,2944.567107,2999.327232,2892.984715
2694.318945,2765.708313,2793.775180,2830.404226,2921.248003,2944.590833,2999.361780,2893.029060
2694.311783,2765.735840,2793.781290,2830.278581,2921.250426,2944.598816,2999.367213,2893.012538
2694.307913,2765.652451,2793.754036,2830.622863,2921.250715,2944.606460,2999.373639,2892.982188
2694.304982,2765.694695,2793.771468,2830.378588,2921.255851,2944.598559,2999.375104,2893.029720
2694.241167,2765.851081,2793.805302,2829.475291,2921.304258,2944.623961,2999.437146,2893.173405
2694.234076,2765.662169,2793.750723,2830.419751,2921.294807,2944.652586,2999.447179,2893.054449
2694.231016,2765.616879,2793.734947,2830.609266,2921.294048,2944.659842,2999.451221,2893.044096
2694.171112,2765.588716,2793.718682,2830.612067,2921.327557,2944.701844,2999.511684,2893.062114
2694.165765,2765.586235,2793.716917,2830.617739,2921.331375,2944.703260,2999.517205,2893.096041
2694.159832,2765.583477,2793.715679,2830.613235,2921.334496,2944.707872,2999.523139,2893.096309
2694.089330,2765.550314,2793.697057,2830.613761,2921.372562,2944.762199,2999.594363,2893.044420
2694.064875,2765.540054,2793.691579,2830.608216,2921.388870,2944.778288,2999.619024,2893.096904
2694.054603,2765.534202,2793.687636,2830.618145,2921.393275,2944.782887,2999.629549,2893.111897
2694.051053,2765.533497,2793.691034,2830.555638,2921.392155,2944.792269,2999.632338,2893.080460
2694.024114,2765.688335,2793.733335,2829.811071,2921.420115,2944.786196,2999.656841,2893.203694
2694.024311,2765.520036,2793.679655,2830.617936,2921.410677,2944.802994,2999.660158,2893.144615
2694.003133,2765.510188,2793.674137,2830.617350,2921.422392,2944.818316,2999.681542,2893.146476
2693.973911,2765.496543,2793.666445,2830.617023,2921.438725,2944.839121,2999.711060,2893.153256
2693.939600,2765.480579,2793.658386,2830.605540,2921.456924,2944.866662,2999.745615,2893.128605
2693.938434,2765.479961,2793.657289,2830.613953,2921.457869,2944.866316,2999.746823,2893.133478
2693.926723,2765.481160,2793.655800,2830.584433,2921.465907,2944.870859,2999.758620,2893.179623
2693.920260,2765.491696,2793.659719,2830.505559,2921.470780,2944.872335,2999.764608,2893.203526
2693.918365,2765.470663,2793.651692,2830.618581,2921.470104,2944.877645,2999.767212,2893.181228
2693.913515,2765.468315,2793.650489,2830.618133,2921.472518,2944.881894,2999.772109,2893.169825
2693.889052,2765.473234,2793.658131,2830.448896,2921.500130,2944.934075,2999.795462,2893.023260
2693.880403,2765.452814,2793.641631,2830.619634,2921.490602,2944.906924,2999.805547,2893.150903
2693.836589,2765.531379,2793.662560,2830.179480,2921.520007,2944.927050,2999.847401,2893.245142
2693.809134,2765.420099,2793.622900,2830.614867,2921.531559,2944.954138,2999.877553,2893.228877
2693.807525,2765.419403,2793.626220,2830.567073,2921.529203,2944.962865,2999.878542,2893.172274
2693.776615,2765.410479,2793.619197,2830.575815,2921.563093,2944.994542,2999.910148,2893.173121
2693.725096,2765.380254,2793.601846,2830.604575,2921.576834,2945.018391,2999.962250,2893.193578
2693.721029,2765.397795,2793.614912,2830.438771,2921.597392,2945.049899,2999.965397,2893.128646
2693.703551,2765.370451,2793.595795,2830.612796,2921.590855,2945.033724,2999.984279,2893.211728
2693.686407,2765.362426,2793.591947,2830.599249,2921.599108,2945.043654,3000.001233,2893.247757
2693.685117,2765.367265,2793.595419,2830.575121,2921.615730,2945.063428,3000.002416,2893.197345
2693.623042,2765.339098,2793.579133,2830.572530,2921.648958,2945.103697,3000.065257,2893.226450
2693.590784,2765.317651,2793.565678,2830.615690,2921.653060,2945.111003,3000.098133,2893.261669
2693.549255,2765.298262,2793.555053,2830.611672,2921.676313,2945.140240,3000.140018,2893.283076
2693.535005,2765.292312,2793.550801,2830.612418,2921.685343,2945.147429,3000.154551,2893.325369
2693.531543,2765.292946,2793.551206,2830.602703,2921.687390,2945.149762,3000.157812,2893.318055
2693.480140,2765.288167,2793.552660,2830.424870,2921.733484,2945.219923,3000.208624,2893.214037
2693.475124,2765.285909,2793.551426,2830.423469,2921.736355,2945.223685,3000.213668,2893.214459
2693.414964,2765.235918,2793.522318,2830.574825,2921.749306,2945.240881,3000.275189,2893.283506
2693.389359,2765.234096,2793.523753,2830.491047,2921.780882,2945.286216,3000.300969,2893.196413
2693.361501,2765.210807,2793.507461,2830.586437,2921.779985,2945.277145,3000.329366,2893.311252
2693.358400,2765.209499,2793.507290,2830.578429,2921.781169,2945.280458,3000.332453,2893.308736
2693.338795,2765.203722,2793.502476,2830.576596,2921.793299,2945.291668,3000.352380,2893.318641
2693.299005,2765.192225,2793.501063,2830.474890,2921.831628,2945.350924,3000.392093,2893.244667
2693.296852,2765.181594,2793.491082,2830.578295,2921.815712,2945.323848,3000.394374,2893.316129
2693.296668,2765.192456,2793.501004,2830.458407,2921.824929,2945.345731,3000.393931,2893.259285
2693.267488,2765.188716,2793.496873,2830.424433,2921.852753,2945.370130,3000.423410,2893.289226
2693.257661,2765.162492,2793.480378,2830.582694,2921.838343,2945.349740,3000.434191,2893.360054
2693.257306,2765.162133,2793.478599,2830.607000,2921.839838,2945.347079,3000.434946,2893.377358
2693.237947,2765.153727,2793.476503,2830.563573,2921.848559,2945.365266,3000.453835,2893.362198
2693.236035,2765.152423,2793.474747,2830.581657,2921.850473,2945.364763,3000.455992,2893.372489
2693.227533,2765.170080,2793.486299,2830.424924,2921.875137,2945.398104,3000.463775,2893.304640
2693.218721,2765.144355,2793.470637,2830.577241,2921.859679,2945.378710,3000.473517,2893.357900
2693.181371,2765.126783,2793.459382,2830.596657,2921.882041,2945.401350,3000.511447,2893.403722
2693.154492,2765.114141,2793.451984,2830.601396,2921.897178,2945.420290,3000.538685,2893.408904
2693.093216,2765.085747,2793.437661,2830.577676,2921.930137,2945.467291,3000.600300,2893.404888
2693.035305,2765.060706,2793.422581,2830.577488,2921.963149,2945.506631,3000.658775,2893.441690
2693.019043,2765.066606,2793.429389,2830.451519,2921.989832,2945.547236,3000.674424,2893.357012
2693.016482,2765.071472,2793.430875,2830.424977,2921.993426,2945.546428,3000.676955,2893.383562
2692.981116,2765.054928,2793.421645,2830.424427,2922.013168,2945.571302,3000.712672,2893.396185
2692.960694,2765.025315,2793.401009,2830.604752,2922.006484,2945.556569,3000.734593,2893.465009
2692.910661,2765.000526,2793.387386,2830.611604,2922.035057,2945.589705,3000.785246,2893.522935
2692.879325,2764.999966,2793.386618,2830.519966,2922.051932,2945.614670,3000.816250,2893.462219
2692.799221,2764.954323,2793.363414,2830.564425,2922.112354,2945.685467,3000.897386,2893.536054
2692.793978,2764.946173,2793.356832,2830.610616,2922.100618,2945.671995,3000.903129,2893.566461
2692.772784,2764.937821,2793.352822,2830.588309,2922.111898,2945.688317,3000.924076,2893.553152
2692.760286,2765.030384,2793.382497,2830.154215,2922.124952,2945.685302,3000.935101,2893.631738
2692.757303,2764.933316,2793.349165,2830.587526,2922.121349,2945.698174,3000.940066,2893.563473
2692.749279,2765.138173,2793.411552,2829.565594,2922.129531,2945.706738,3000.942883,2893.318913
2692.721840,2764.912641,2793.337856,2830.610877,2922.141428,2945.722128,3000.976018,2893.605119
2692.687324,2764.896539,2793.329353,2830.603530,2922.160475,2945.747146,3001.010761,2893.616243
2692.685861,2764.895845,2793.328336,2830.613034,2922.161640,2945.747559,3001.012411,2893.613051
2692.656708,2764.987883,2793.356313,2830.129709,2922.181806,2945.759512,3001.039409,2893.651763
2692.646786,2764.977401,2793.352512,2830.159505,2922.190122,2945.763842,3001.050176,2893.683673
2692.639857,2764.874426,2793.316402,2830.610951,2922.187221,2945.780747,3001.058829,2893.619628
2692.631253,2764.870467,2793.313719,2830.617437,2922.192858,2945.784724,3001.067709,2893.650584
2692.613161,2764.866349,2793.311015,2830.585091,2922.203237,2945.797000,3001.085424,2893.656941
2692.588376,2764.850456,2793.302759,2830.613365,2922.216491,2945.816192,3001.110932,2893.650410
2692.583415,2764.955249,2793.335276,2830.136809,2922.219210,2945.819136,3001.112234,2893.627425
2692.580808,2765.060315,2793.365368,2829.575791,2922.233141,2945.799889,3001.114744,2893.728931
2692.500057,2764.881470,2793.304768,2830.291402,2922.268143,2945.874936,3001.198262,2893.682836
2692.457876,2764.790593,2793.269579,2830.600256,2922.288992,2945.910836,3001.242613,2893.662090
2692.452300,2764.787050,2793.267394,2830.609106,2922.292470,2945.913607,3001.248320,2893.681503
2692.450631,2764.786296,2793.266739,2830.612125,2922.293680,2945.914181,3001.250085,2893.689768
2692.446313,2764.784287,2793.265745,2830.611033,2922.296297,2945.916315,3001.254430,2893.706149
2692.383628,2764.755155,2793.249877,2830.601998,2922.331020,2945.961928,3001.317550,2893.719557
2692.355794,2764.752358,2793.246269,2830.558641,2922.346851,2945.980067,3001.345045,2893.738201
2692.290007,2764.797568,2793.255012,2830.200518,2922.386907,2946.020178,3001.409221,2893.784104
2692.258625,2764.696958,2793.217757,2830.593937,2922.400788,2946.051192,3001.443711,2893.756190
2692.254583,2764.695066,2793.216532,2830.596868,2922.403376,2946.053245,3001.447881,2893.766531
2692.241514,2764.692147,2793.215058,2830.569536,2922.409162,2946.067186,3001.460502,2893.689834
2692.236962,2764.688918,2793.211996,2830.598392,2922.414251,2946.063503,3001.465840,2893.784544
2692.224029,2764.681001,2793.209616,2830.580889,2922.419601,2946.076886,3001.478443,2893.763083
2692.210774,2764.674618,2793.204885,2830.600260,2922.428048,2946.084156,3001.492192,2893.779139
2692.179922,2764.661959,2793.199569,2830.570359,2922.447582,2946.113224,3001.523266,2893.765311
2692.174936,2764.890894,2793.264880,2829.452311,2922.462714,2946.084297,3001.524138,2893.882293
2692.167173,2764.869640,2793.262433,2829.527568,2922.461210,2946.100703,3001.531940,2893.831658
2692.137151,2764.873703,2793.256395,2829.444668,2922.482711,2946.113349,3001.562079,2893.871997
2692.132650,2764.872187,2793.254154,2829.449231,2922.486454,2946.114438,3001.566746,2893.882460
2692.118451,2764.864719,2793.250334,2829.451019,2922.494364,2946.124289,3001.581189,2893.902871
2692.105050,2764.840160,2793.241930,2829.561831,2922.500576,2946.135295,3001.595124,2893.913674
2692.069054,2764.841970,2793.237688,2829.448768,2922.521122,2946.162104,3001.630996,2893.874173
2692.024996,2764.821422,2793.226071,2829.449254,2922.546438,2946.191689,3001.675548,2893.916264
2691.998316,2764.809143,2793.219331,2829.447557,2922.561012,2946.211566,3001.702495,2893.910111
2691.982550,2764.784595,2793.211521,2829.546480,2922.567976,2946.224710,3001.718605,2893.938182
2691.965530,2764.793968,2793.211606,2829.443716,2922.578677,2946.236104,3001.735455,2893.908861
2691.949706,2764.774211,2793.203720,2829.522013,2922.587674,2946.246013,3001.751885,2893.959509
2691.934283,2764.779640,2793.203211,2829.444767,2922.596160,2946.258967,3001.767035,2893.898920
2691.931592,2764.564993,2793.146543,2830.428636,2922.602189,2946.310720,3001.772794,2893.782961
2691.926572,2764.775695,2793.201359,2829.444330,2922.600926,2946.262592,3001.774920,2893.943556
2691.880044,2764.754121,2793.188404,2829.448095,2922.627998,2946.293700,3001.821991,2893.976309
2691.872084,2764.620643,2793.151766,2830.119906,2922.621545,2946.316097,3001.830894,2893.925000
2691.842429,2764.644161,2793.160901,2829.720403,2922.667406,2946.373233,3001.860875,2893.789762
2691.835037,2764.591577,2793.140058,2830.171681,2922.641081,2946.346775,3001.869584,2893.917286
2691.808704,2764.721040,2793.169943,2829.447000,2922.667352,2946.346167,3001.894000,2893.967576
2691.782130,2764.629541,2793.147220,2829.843297,2922.674254,2946.378099,3001.921979,2893.951485
2691.774272,2764.705453,2793.161697,2829.442030,2922.686475,2946.370703,3001.928607,2893.985368
2691.773856,2764.705258,2793.161584,2829.442055,2922.686713,2946.370989,3001.929027,2893.985599
2691.769296,2764.704332,2793.164186,2829.450680,2922.713089,2946.420091,3001.934025,2893.819735
2691.763119,2764.699235,2793.163503,2829.436980,2922.705728,2946.421831,3001.939207,2893.812733
2691.754654,2764.696616,2793.159902,2829.423794,2922.694562,2946.390068,3001.948067,2893.953098
2691.731527,2764.687505,2793.152007,2829.440901,2922.708468,2946.410048,3001.971940,2893.816720
2691.693648,2764.667609,2793.143936,2829.424120,2922.728219,2946.434620,3002.009744,2893.966987
2691.650249,2764.422972,2793.067914,2830.498050,2922.758884,2946.507834,3002.057666,2893.893481
2691.634107,2764.638043,2793.126536,2829.440763,2922.755780,2946.500838,3002.070496,2893.573588
2691.627013,2764.622253,2793.124303,2829.460006,2922.749694,2946.532662,3002.078859,2893.328835
2691.607323,2764.629080,2793.120025,2829.433743,2922.774403,2946.510579,3002.097476,2893.687313
2691.596062,2764.624807,2793.117412,2829.431709,2922.785169,2946.502034,3002.108390,2893.945231
2691.559436,2764.378730,2793.040088,2830.524878,2922.792288,2946.549511,3002.149148,2893.946909
2691.538576,2764.591428,2793.099881,2829.470888,2922.814511,2946.551942,3002.167006,2893.834227
2691.491179,2764.573993,2793.092137,2829.426765,2922.846871,2946.588437,3002.214784,2894.008560
2691.490863,2764.573924,2793.092133,2829.440603,2922.863936,2946.616456,3002.214428,2893.917198
2691.450829,2764.355383,2793.026686,2830.289143,2922.849415,2946.643204,3002.257823,2893.698983
2691.435255,2764.344020,2793.020352,2830.321024,2922.858546,2946.654082,3002.273390,2893.710487
2691.417131,2764.373654,2793.028053,2830.105091,2922.866699,2946.670691,3002.288355,2893.566900
2691.402888,2764.500659,2793.060051,2829.567737,2922.869564,2946.709403,3002.300348,2893.226432
2691.399085,2764.297300,2792.992709,2830.601970,2922.885074,2946.656591,3002.312363,2894.080010
2691.356890,2764.310929,2793.001705,2830.298382,2922.901854,2946.715785,3002.355164,2893.605250
2691.355947,2764.277274,2792.982320,2830.591022,2922.908805,2946.688125,3002.355758,2894.093084
2691.300447,2764.255238,2792.970164,2830.558336,2922.938366,2946.733015,3002.411271,2894.021504
2691.287413,2764.251301,2792.967373,2830.552682,2922.946317,2946.740573,3002.424460,2894.041225
2691.241912,2764.228589,2792.956267,2830.556138,2922.980170,2946.779834,3002.470299,2894.101141
2691.218712,2764.443308,2793.017279,2829.462371,2922.978305,2946.800977,3002.489241,2893.651430
2691.223514,2764.242964,2792.963690,2830.344444,2922.978364,2946.798074,3002.486854,2893.881167
2691.217002,2764.212724,2792.946466,2830.585306,2922.986733,2946.786868,3002.495986,2894.140684
2691.211853,2764.221684,2792.953235,2830.468110,2922.983569,2946.813340,3002.500101,2893.781768
2691.196443,2764.224510,2792.953523,2830.407434,2922.993130,2946.820290,3002.514865,2893.858111
2691.169883,2764.232531,2792.954732,2830.287066,2923.009237,2946.839842,3002.541502,2893.779235
2691.139398,2764.177090,2792.926794,2830.577239,2923.029349,2946.844493,3002.574073,2894.127970
2691.120471,2764.402041,2792.989440,2829.448715,2923.056650,2946.827799,3002.589462,2894.278289
2691.020568,2764.121479,2792.895225,2830.586549,2923.097458,2946.925513,3002.694490,2894.211974
2691.006878,2764.341943,2792.964829,2829.432088,2923.117468,2946.928364,3002.714770,2894.083668
2690.955801,2764.091808,2792.878866,2830.577633,2923.132289,2946.976910,3002.759855,2894.150697
2690.954184,2764.091334,2792.878144,2830.582696,2923.134046,2946.975818,3002.761563,2894.179732
2690.899412,2764.291358,2792.930606,2829.496964,2923.179679,2946.986970,3002.812963,2894.331441
2690.897445,2764.078592,2792.870335,2830.491842,2923.166827,2947.012500,3002.817808,2894.217528
2690.894279,2764.062904,2792.862426,2830.584100,2923.167982,2947.016564,3002.822011,2894.228486
2690.889400,2764.060746,2792.861371,2830.584216,2923.171444,2947.018769,3002.827007,2894.256045
2690.880578,2764.280654,2792.927798,2829.483637,2923.183663,2947.017633,3002.831555,2894.123367
2690.862324,2764.279531,2792.925390,2829.444661,2923.195781,2947.024718,3002.849681,2894.176938
2690.864152,2764.048965,2792.855020,2830.577808,2923.185089,2947.037338,3002.852334,2894.257338
2690.857365,2764.271713,2792.920546,2829.499664,2923.199524,2947.028159,3002.855161,2894.166820
2690.823514,2764.030101,2792.843512,2830.591574,2923.208761,2947.064142,3002.893677,2894.285884
2690.806175,2764.140718,2792.878075,2830.052462,2923.223127,2947.066715,3002.908097,2894.321427
2690.794154,2764.023687,2792.840698,2830.524024,2923.224235,2947.086676,3002.922158,2894.264273
2690.766862,2764.004770,2792.829677,2830.578834,2923.239907,2947.106391,3002.950637,2894.276431
2690.751421,2764.015678,2792.838802,2830.427948,2923.265704,2947.143374,3002.964883,2894.216476
2690.723088,2763.988289,2792.824019,2830.526377,2923.279701,2947.163145,3002.993656,2894.228982
2690.704156,2763.986378,2792.819086,2830.507104,2923.274881,2947.152315,3003.013202,2894.243326
2690.698172,2763.983133,2792.818773,2830.481306,2923.274180,2947.170669,3003.018831,2894.081106
2690.679675,2763.963334,2792.806921,2830.579935,2923.289135,2947.167466,3003.038750,2894.326413
2690.616896,2764.169502,2792.863411,2829.419754,2923.332266,2947.204757,3003.097608,2894.176716
2690.613029,2764.168538,2792.861509,2829.424396,2923.335669,2947.209592,3003.102140,2894.112827
2690.584627,2764.155877,2792.854697,2829.419493,2923.353414,2947.219830,3003.130013,2894.291164
2690.577901,2764.153457,2792.852584,2829.422506,2923.356449,2947.230751,3003.137546,2894.166622
2690.567834,2764.150472,2792.849479,2829.428585,2923.364303,2947.233211,3003.147798,2894.199224
2690.564402,2764.144977,2792.850339,2829.412512,2923.364307,2947.232719,3003.150677,2894.378285
2690.553206,2763.912545,2792.781906,2830.494135,2923.370669,2947.280560,3003.164956,2894.291371
2690.549032,2763.917244,2792.784219,2830.454308,2923.378981,2947.286128,3003.169250,2894.294458
2690.540339,2763.922281,2792.787380,2830.357741,2923.363642,2947.295418,3003.181241,2893.959094
2690.524548,2764.126952,2792.839778,2829.413988,2923.386362,2947.262539,3003.190840,2894.343955
2690.497211,2764.113859,2792.828230,2829.439716,2923.406433,2947.272043,3003.218987,2894.450855
2690.492730,2764.111715,2792.826944,2829.440938,2923.409487,2947.273730,3003.223567,2894.477018
2690.465720,2763.880830,2792.758037,2830.502295,2923.412072,2947.313711,3003.254711,2894.418492
2690.463637,2763.875433,2792.761522,2830.456960,2923.423416,2947.348974,3003.255814,2894.303047
2690.462265,2763.862382,2792.750638,2830.575314,2923.410447,2947.325251,3003.258235,2894.346247
2690.462121,2763.862385,2792.749708,2830.589224,2923.412197,2947.320614,3003.258760,2894.404084
2690.453963,2763.858578,2792.747611,2830.589460,2923.416978,2947.325487,3003.267007,2894.418151
2690.437144,2763.850772,2792.743521,2830.584749,2923.425755,2947.339708,3003.283852,2894.395284
2690.432266,2763.858494,2792.747316,2830.522139,2923.427941,2947.346452,3003.288261,2894.330639
2690.397653,2764.043633,2792.798496,2829.564439,2923.454984,2947.365096,3003.320250,2894.225939
2690.396157,2764.054966,2792.802335,2829.472503,2923.455777,2947.371713,3003.322706,2894.186411
2690.394151,2764.051661,2792.800688,2829.491992,2923.454621,2947.371614,3003.322869,2894.196361
2690.349397,2763.825003,2792.727097,2830.510639,2923.476614,2947.399558,3003.372358,2894.423460
2690.339114,2763.806660,2792.721519,2830.543775,2923.482009,2947.416538,3003.382470,2894.408630
2690.315306,2763.794324,2792.711660,2830.588253,2923.494943,2947.424493,3003.407073,2894.459172
2690.300803,2763.795042,2792.712181,2830.533220,2923.502626,2947.436875,3003.421217,2894.416219
2690.267329,2763.776882,2792.704876,2830.522876,2923.525355,2947.469977,3003.454414,2894.435417
2690.256412,2763.771443,2792.702913,2830.506949,2923.529257,2947.479362,3003.465183,2894.424515
2690.252244,2763.766139,2792.697600,2830.560579,2923.530285,2947.472942,3003.470294,2894.465800
2690.250527,2763.764550,2792.695462,2830.579049,2923.530961,2947.471586,3003.472294,2894.473676
2690.249322,2763.768162,2792.698327,2830.533942,2923.529922,2947.476847,3003.472725,2894.407644
2690.229065,2763.772845,2792.702896,2830.431014,2923.559742,2947.512630,3003.492485,2894.406671
2690.177703,2763.737110,2792.680774,2830.522841,2923.570907,2947.526668,3003.545263,2894.424923
2690.170105,2763.740174,2792.679359,2830.523763,2923.576400,2947.528293,3003.553172,2894.478389
2690.162936,2763.735803,2792.678043,2830.515365,2923.581437,2947.530692,3003.560442,2894.502769
2690.137965,2763.937565,2792.731832,2829.504815,2923.608981,2947.525490,3003.582276,2894.605815
2690.119792,2763.934027,2792.732742,2829.437778,2923.610887,2947.563351,3003.600520,2894.272011
2690.118249,2763.761589,2792.679946,2830.343653,2923.607070,2947.561149,3003.604243,2894.536078
2690.095201,2763.701787,2792.659897,2830.523775,2923.619449,2947.581078,3003.629098,2894.514858
2690.077733,2763.684213,2792.650153,2830.586113,2923.628915,2947.592454,3003.647066,2894.546826
2690.072244,2763.681706,2792.648945,2830.582584,2923.631831,2947.596593,3003.652535,2894.546605
2690.045708,2763.869569,2792.703483,2829.635487,2923.660406,2947.590883,3003.675837,2894.643357
2690.044259,2763.903985,2792.710369,2829.441739,2923.662233,2947.591465,3003.676573,2894.631347
2690.028583,2763.668634,2792.639879,2830.556438,2923.656049,2947.629368,3003.696442,2894.537044
2690.016269,2763.676107,2792.646186,2830.417468,2923.661899,2947.637892,3003.706983,2894.542344
2689.999855,2763.883494,2792.703552,2829.423621,2923.688027,2947.642512,3003.721243,2894.544134
2689.991717,2763.885455,2792.698736,2829.437014,2923.694552,2947.624951,3003.729886,2894.614085
2689.977494,2763.712561,2792.650330,2830.257094,2923.689005,2947.656698,3003.746518,2894.603549
2689.965437,2763.867936,2792.689980,2829.438472,2923.707425,2947.645760,3003.756479,2894.683892
2689.959373,2763.647650,2792.632891,2830.430572,2923.711614,2947.702953,3003.764922,2894.507503
2689.932078,2763.616666,2792.612647,2830.583288,2923.710975,2947.695594,3003.794169,2894.602133
2689.918686,2763.610549,2792.609249,2830.580475,2923.718281,2947.705922,3003.807641,2894.597162
2689.907236,2763.605259,2792.606448,2830.578260,2923.724623,2947.714191,3003.819155,2894.601228
2689.794923,2763.788411,2792.651846,2829.422858,2923.813751,2947.810746,3003.926933,2894.542745
2689.789976,2763.788030,2792.649843,2829.435801,2923.827813,2947.816891,3003.933404,2894.557953
2689.783149,2763.676535,2792.617066,2829.989135,2923.798758,2947.794086,3003.941449,2894.669558
2689.776651,2763.779974,2792.646870,2829.430730,2923.831704,2947.830657,3003.946666,2894.524226
2689.751770,2763.548835,2792.578936,2830.413626,2923.815963,2947.846131,3003.973975,2894.548299
2689.735906,2763.525885,2792.562346,2830.574995,2923.821183,2947.835491,3003.992192,2894.666387
2689.686921,2763.539934,2792.570297,2830.252717,2923.843692,2947.885904,3004.039025,2894.431016
2689.677436,2763.516921,2792.559826,2830.429555,2923.870526,2947.902084,3004.049668,2894.612953
2689.626304,2763.525647,2792.559531,2830.192825,2923.875647,2947.939674,3004.100009,2894.282648
2689.620695,2763.675966,2792.621996,2829.306582,2923.860831,2948.063188,3004.106874,2893.811180
2689.616503,2763.674096,2792.620894,2829.306528,2923.865266,2948.071334,3004.111266,2893.773163
2689.612534,2763.670933,2792.619418,2829.314825,2923.866368,2948.072226,3004.115083,2893.786727
2689.583078,2763.458687,2792.527665,2830.502847,2923.902753,2947.955742,3004.145300,2894.591382
2689.581446,2763.490822,2792.544311,2830.242195,2923.903718,2947.963042,3004.147176,2894.453196
2689.580673,2763.467247,2792.532829,2830.457131,2923.924307,2947.970876,3004.147668,2894.648402
2689.558692,2763.449993,2792.521887,2830.493595,2923.916093,2947.975086,3004.169697,2894.540964
2689.552712,2763.459145,2792.527627,2830.428642,2923.940890,2947.990667,3004.175657,2894.654862
2689.536909,2763.443250,2792.515170,2830.520522,2923.934045,2947.974918,3004.192800,2894.730578
2689.532325,2763.431946,2792.509719,2830.572481,2923.936090,2947.979762,3004.197830,2894.731153
2689.523239,2763.430673,2792.508383,2830.560873,2923.941572,2947.985184,3004.206955,2894.745051
2689.502605,2763.423762,2792.509022,2830.505458,2923.968291,2948.026526,3004.226633,2894.672744
2689.432265,2763.620337,2792.552988,2829.455138,2924.005238,2948.030770,3004.294666,2894.721487
2689.421079,2763.602047,2792.547456,2829.519403,2924.008221,2948.046167,3004.305763,2894.669519
2689.411780,2763.606912,2792.547679,2829.465698,2924.015964,2948.046241,3004.315216,2894.753801
2689.386902,2763.368934,2792.475834,2830.521549,2924.016183,2948.086968,3004.343812,2894.744732
2689.364129,2763.580057,2792.537278,2829.441527,2924.038721,2948.095956,3004.367281,2894.646953
2689.349127,2763.564926,2792.527718,2829.531101,2924.049848,2948.093092,3004.378835,2894.812013
2689.332146,2763.343951,2792.460878,2830.536773,2924.048448,2948.122956,3004.399576,2894.778994
2689.300351,2763.324289,2792.449815,2830.572483,2924.066678,2948.145325,3004.432161,2894.804286
2689.295896,2763.322698,2792.449518,2830.563044,2924.069142,2948.148967,3004.436522,2894.814124
2689.294649,2763.328758,2792.455935,2830.494110,2924.084715,2948.171562,3004.436864,2894.760713
2689.281164,2763.315337,2792.445126,2830.565759,2924.076481,2948.161992,3004.451338,2894.769928
2689.201730,2763.278591,2792.424049,2830.576058,2924.122911,2948.213311,3004.531905,2894.861754
2689.187627,2763.492186,2792.487168,2829.506018,2924.136905,2948.224044,3004.542564,2894.657755
2689.170209,2763.264119,2792.415706,2830.577329,2924.140696,2948.235912,3004.563762,2894.867912
2689.169078,2763.263573,2792.415498,2830.576248,2924.141366,2948.236490,3004.564886,2894.870540
2689.165769,2763.261974,2792.414775,2830.575559,2924.143199,2948.238835,3004.568228,2894.874210
2689.142184,2763.251160,2792.408729,2830.573954,2924.156343,2948.256274,3004.592015,2894.875771
2689.130684,2763.478171,2792.475378,2829.448021,2924.170878,2948.261371,3004.599363,2894.637499
2689.127497,2763.266298,2792.412655,2830.484672,2924.165309,2948.266162,3004.606546,2894.870666
2689.099747,2763.231499,2792.397746,2830.574139,2924.180389,2948.285955,3004.634914,2894.893778
2689.098395,2763.230879,2792.397322,2830.574884,2924.181195,2948.286863,3004.636305,2894.893260
2689.086062,2763.229536,2792.396461,2830.544099,2924.187580,2948.297045,3004.648288,2894.869665
2689.081250,2763.222923,2792.392996,2830.574170,2924.190859,2948.298949,3004.653604,2894.901827
2689.073558,2763.222052,2792.393343,2830.541166,2924.193492,2948.309009,3004.660816,2894.844654
2689.046747,2763.434402,2792.454196,2829.447897,2924.219513,2948.318896,3004.686896,2894.771353
2689.043167,2763.205287,2792.383166,2830.573483,2924.212341,2948.325894,3004.692072,2894.915283
2689.015083,2763.192327,2792.376248,2830.567833,2924.227211,2948.348881,3004.720239,2894.886222
2689.010276,2763.190070,2792.374699,2830.573895,2924.230954,2948.349155,3004.725292,2894.929161
2689.008925,2763.189963,2792.374642,2830.569123,2924.231437,2948.351230,3004.726579,2894.914674
2689.006249,2763.232138,2792.388029,2830.391214,2924.232180,2948.352403,3004.726743,2894.913251
2688.959720,2763.166875,2792.362217,2830.565252,2924.258935,2948.386518,3004.776191,2894.936747
2688.958977,2763.166403,2792.361572,2830.571329,2924.259801,2948.385811,3004.777081,2894.943515
2688.897023,2763.366619,2792.413691,2829.472291,2924.304846,2948.416721,3004.835525,2894.891724
2688.874848,2763.165890,2792.352879,2830.412525,2924.306612,2948.448291,3004.860563,2894.927804
2688.874259,2763.129934,2792.341841,2830.540146,2924.305604,2948.452038,3004.862101,2894.891068
2688.842171,2763.326283,2792.397311,2829.546144,2924.332304,2948.465603,3004.890520,2894.757933
2688.818806,2763.122582,2792.334846,2830.456020,2924.340523,2948.482483,3004.918211,2894.995236
2688.785752,2763.102640,2792.328261,2830.442957,2924.373789,2948.530505,3004.950554,2894.951661
2688.767132,2763.294332,2792.378801,2829.510147,2924.373693,2948.528852,3004.969238,2894.737329
2688.761959,2763.293693,2792.384622,2829.410366,2924.375669,2948.569415,3004.986926,2894.302964
2688.757807,2763.295218,2792.379613,2829.460085,2924.376611,2948.547809,3004.979276,2894.583943
2688.734525,2763.269073,2792.367855,2829.562587,2924.389746,2948.556296,3005.001361,2894.728551
2688.703948,2763.048551,2792.295881,2830.568605,2924.403699,2948.567133,3005.034669,2895.029019
2688.679904,2763.043347,2792.296050,2830.492040,2924.420117,2948.597866,3005.057402,2894.987940
2688.663027,2763.127314,2792.323639,2830.042150,2924.429066,2948.591307,3005.072681,2895.039639
2688.579783,2763.005138,2792.273959,2830.457813,2924.489395,2948.676421,3005.158636,2895.019020
2688.579543,2763.008267,2792.275940,2830.429776,2924.489911,2948.678979,3005.158645,2895.014032
2688.565616,2762.985794,2792.262336,2830.544025,2924.482274,2948.669718,3005.174108,2895.063768
2688.553269,2762.982019,2792.261953,2830.527711,2924.503494,2948.694399,3005.185994,2895.036690
2688.525062,2762.973914,2792.253792,2830.518612,2924.504754,2948.694728,3005.215044,2895.073420
2688.515610,2762.966597,2792.253016,2830.516563,2924.524668,2948.720518,3005.223869,2895.051879
2688.508676,2762.972177,2792.252265,2830.482371,2924.513729,2948.707267,3005.231164,2895.048220
2688.503626,2762.956042,2792.244717,2830.561199,2924.516557,2948.709909,3005.236937,2895.098721
2688.496889,2762.969978,2792.254629,2830.430102,2924.536648,2948.737833,3005.242150,2895.042166
2688.463913,2763.169052,2792.302288,2829.461824,2924.549514,2948.724109,3005.272516,2895.009965
2688.434901,2762.941136,2792.238654,2830.432016,2924.571759,2948.782050,3005.304767,2895.063492
2688.433235,2762.929874,2792.231998,2830.504121,2924.562990,2948.771531,3005.306737,2895.091504
2688.415910,2762.947527,2792.234767,2830.406882,2924.566710,2948.769964,3005.324178,2895.140711
2688.376504,2763.125131,2792.278830,2829.481335,2924.599850,2948.782336,3005.360971,2895.117203
2688.373401,2762.990241,2792.241626,2830.153050,2924.590811,2948.799133,3005.365297,2895.153138
2688.358906,2763.121009,2792.278850,2829.413782,2924.599550,2948.805151,3005.387966,2894.919910
2688.337286,2762.958298,2792.234149,2830.068182,2924.612856,2948.825592,3005.402156,2895.061192
2688.271145,2763.057824,2792.247648,2829.576201,2924.647953,2948.877732,3005.465268,2894.898386
2688.272613,2762.866004,2792.196734,2830.433819,2924.663253,2948.897265,3005.468580,2895.120119
2688.240043,2763.053294,2792.244908,2829.478200,2924.672126,2948.898776,3005.502182,2895.011457
2688.212852,2762.824144,2792.173708,2830.532485,2924.694782,2948.931371,3005.529858,2895.189406
2688.188637,2762.810573,2792.163444,2830.563148,2924.694843,2948.932868,3005.555167,2895.217029
2688.166439,2762.805855,2792.163151,2830.513464,2924.721417,2948.964328,3005.576836,2895.202936
2688.161123,2762.804663,2792.162099,2830.500981,2924.718162,2948.966082,3005.581528,2895.188769
2688.155572,2762.838768,2792.175834,2830.227140,2924.708208,2948.974906,3005.585465,2894.870802
2688.134331,2762.796615,2792.158699,2830.463903,2924.740717,2948.993866,3005.608429,2895.182047
2688.128574,2762.856063,2792.171515,2830.259154,2924.730346,2948.971991,3005.613688,2895.231542
2688.114816,2763.002342,2792.210345,2829.498078,2924.748085,2948.968495,3005.625968,2895.206202
2688.063400,2762.753451,2792.131387,2830.561130,2924.765877,2949.021105,3005.681653,2895.265705
2688.053788,2762.977510,2792.198240,2829.440189,2924.778029,2949.025565,3005.690184,2895.057140
2688.016261,2762.746086,2792.126888,2830.460186,2924.791747,2949.057111,3005.728410,2895.224361
2687.997657,2762.735362,2792.122347,2830.444959,2924.800315,2949.073400,3005.746299,2895.213452
2687.996902,2762.741026,2792.125147,2830.399818,2924.800318,2949.074681,3005.746599,2895.199069
2687.931682,2762.691844,2792.097281,2830.564252,2924.840355,2949.114577,3005.814779,2895.314451
2687.897605,2762.702305,2792.100428,2830.413371,2924.860199,2949.140106,3005.848444,2895.256424
2687.859200,2762.670969,2792.087181,2830.471820,2924.896387,2949.181525,3005.886849,2895.315750
2687.857116,2762.661600,2792.080276,2830.536889,2924.882254,2949.168921,3005.889962,2895.316608
2687.839986,2762.649665,2792.073834,2830.563351,2924.892231,2949.179972,3005.907419,2895.346787
2687.812140,2762.636802,2792.066554,2830.563442,2924.907969,2949.199618,3005.935519,2895.355735
2687.752859,2762.609476,2792.051365,2830.561347,2924.941380,2949.241986,3005.995429,2895.372056
2687.722361,2762.609773,2792.050238,2830.477414,2924.958756,2949.264758,3006.025727,2895.336562
2687.690429,2762.580494,2792.035361,2830.560732,2924.976715,2949.286037,3006.058495,2895.397558
2687.638986,2762.556922,2792.022190,2830.560381,2925.005776,2949.322880,3006.110441,2895.413858
2687.601322,2762.542813,2792.014488,2830.532359,2925.025684,2949.354020,3006.147893,2895.365657
2687.546444,2762.745337,2792.069195,2829.419016,2925.058266,2949.413349,3006.200005,2894.863461
2687.540865,2762.730290,2792.064527,2829.496742,2925.061959,2949.410872,3006.204638,2894.943804
2687.494593,2762.715675,2792.057572,2829.415648,2925.087779,2949.460116,3006.256586,2894.858391
2687.480683,2762.492297,2791.990318,2830.464961,2925.108843,2949.460905,3006.268107,2895.404109
2687.450327,2762.469946,2791.974173,2830.552899,2925.111722,2949.459288,3006.300820,2895.453291
2687.415163,2762.453737,2791.964756,2830.559088,2925.132465,2949.481811,3006.336530,2895.493763
2687.391954,2762.451740,2791.965678,2830.489807,2925.159660,2949.513578,3006.358852,2895.484446
2687.375017,2762.435332,2791.954527,2830.558152,2925.155056,2949.510851,3006.377023,2895.503813
2687.374548,2762.434984,2791.954471,2830.558072,2925.155433,2949.510586,3006.377544,2895.511137
2687.365943,2762.639030,2792.014504,2829.577133,2925.165431,2949.517116,3006.382010,2895.292784
2687.337455,2762.417943,2791.944908,2830.557211,2925.176339,2949.537349,3006.415024,2895.518524
2687.320641,2762.426235,2791.951807,2830.431522,2925.201304,2949.570630,3006.430247,2895.479034
2687.301597,2762.625261,2792.000859,2829.501727,2925.195310,2949.570697,3006.441880,2895.134356
2687.273769,2762.405729,2791.936989,2830.443570,2925.211396,2949.585315,3006.478041,2895.471900
2687.264650,2762.524997,2791.968775,2829.939359,2925.221676,2949.580708,3006.485132,2895.560514
2687.244912,2762.375410,2791.921344,2830.557153,2925.228882,2949.602710,3006.508476,2895.559652
2687.225314,2762.597707,2791.984437,2829.446736,2925.247830,2949.606257,3006.522279,2895.454645
2687.221321,2762.577877,2791.976553,2829.568370,2925.253309,2949.598979,3006.528324,2895.625093
2687.222121,2762.364869,2791.915446,2830.555269,2925.241733,2949.618585,3006.531482,2895.570455
2687.210099,2762.597639,2791.983018,2829.408742,2925.258870,2949.616257,3006.539936,2895.424134
2687.203760,2762.594477,2791.982901,2829.425656,2925.287766,2949.646192,3006.545540,2895.516435
2687.159767,2762.574076,2791.971505,2829.426473,2925.312429,2949.677997,3006.589761,2895.527861
2687.131071,2762.560959,2791.964184,2829.425670,2925.328835,2949.698272,3006.618924,2895.538667
2687.114982,2762.553672,2791.960161,2829.425725,2925.338281,2949.710335,3006.635201,2895.540892
2687.113760,2762.553016,2791.959831,2829.425255,2925.338575,2949.711940,3006.636403,2895.526880
2687.087994,2762.539727,2791.953699,2829.415570,2925.344972,2949.730431,3006.661015,2895.511431
2687.080521,2762.536050,2791.951920,2829.414598,2925.349121,2949.735487,3006.668874,2895.525807
2687.069275,2762.532148,2791.947528,2829.402595,2925.334341,2949.728122,3006.681268,2895.330618
2687.066534,2762.532384,2791.946098,2829.410418,2925.340694,2949.715750,3006.684516,2895.513220
2687.053582,2762.525567,2791.939933,2829.427343,2925.352926,2949.711354,3006.698053,2895.713067
2687.053481,2762.525547,2791.939846,2829.427438,2925.353025,2949.711386,3006.698157,2895.713212
2687.022741,2762.510572,2791.936757,2829.422912,2925.389293,2949.777084,3006.728320,2895.567754
2687.001779,2762.502715,2791.929336,2829.411669,2925.379052,2949.756097,3006.749785,2895.617860
2686.998764,2762.499942,2791.929364,2829.404149,2925.376616,2949.769215,3006.752592,2895.491938
2686.911254,2762.460702,2791.906306,2829.409670,2925.428816,2949.824908,3006.841249,2895.586517
2686.908521,2762.458514,2791.907143,2829.424807,2925.454741,2949.855115,3006.843754,2895.629581
2686.888971,2762.449734,2791.901004,2829.405778,2925.439417,2949.846118,3006.863563,2895.537657
2686.836666,2762.425464,2791.887442,2829.406303,2925.469346,2949.884139,3006.917038,2895.545121
2686.828361,2762.422948,2791.884729,2829.412100,2925.476958,2949.880921,3006.925005,2895.656064
2686.827375,2762.422874,2791.884374,2829.413469,2925.477557,2949.885621,3006.927346,2895.570486
2686.804668,2762.410616,2791.879479,2829.404099,2925.484867,2949.915678,3006.948980,2895.415741
2686.801213,2762.410021,2791.878122,2829.408705,2925.489638,2949.908367,3006.952362,2895.547134
2686.800464,2762.409452,2791.878025,2829.407694,2925.489950,2949.908719,3006.953005,2895.556795
2686.799827,2762.409307,2791.877780,2829.408455,2925.490778,2949.907896,3006.953748,2895.574845
2686.771122,2762.395835,2791.870663,2829.407687,2925.506871,2949.928161,3006.982725,2895.588507
2686.751203,2762.386021,2791.866714,2829.425213,2925.543544,2949.967183,3007.002475,2895.681102
2686.722541,2762.137625,2791.790902,2830.523612,2925.532484,2949.985732,3007.034966,2895.705138
2686.713574,2762.192213,2791.806550,2830.284404,2925.532138,2949.973825,3007.043197,2895.768361
2686.670554,2762.349931,2791.843773,2829.418024,2925.566071,2949.995100,3007.084663,2895.678449
2686.666919,2762.348793,2791.842998,2829.416480,2925.568928,2949.994771,3007.088191,2895.720814
2686.644053,2762.098419,2791.767624,2830.552258,2925.569089,2950.029605,3007.115431,2895.774779
2686.585692,2762.257502,2791.809027,2829.703877,2925.613160,2950.051920,3007.171215,2895.839492
2686.559775,2762.298691,2791.815049,2829.422303,2925.629474,2950.071973,3007.196592,2895.741284
2686.545147,2762.289204,2791.810868,2829.430141,2925.634028,2950.093524,3007.211153,2895.597556
2686.521422,2762.281234,2791.805379,2829.420058,2925.649653,2950.104186,3007.234990,2895.669715
2686.521404,2762.281228,2791.805375,2829.420050,2925.649664,2950.104197,3007.235009,2895.669717
2686.516133,2762.278324,2791.804323,2829.417824,2925.652859,2950.105542,3007.240197,2895.724236
2686.496738,2762.083138,2791.754767,2830.221675,2925.672434,2950.154268,3007.261653,2895.778004
2686.486855,2762.262500,2791.796015,2829.427547,2925.668022,2950.132546,3007.269979,2895.661102
2686.480088,2762.259717,2791.793542,2829.437653,2925.674076,2950.130586,3007.276777,2895.745009
2686.483060,2762.024504,2791.726867,2830.543677,2925.659441,2950.146464,3007.277824,2895.803597
2686.476537,2762.026972,2791.730044,2830.502643,2925.677937,2950.164127,3007.283752,2895.818454
2686.475702,2762.026898,2791.730206,2830.491980,2925.675699,2950.169746,3007.284098,2895.731553
2686.463764,2762.026331,2791.728572,2830.446023,2925.666467,2950.174162,3007.295998,2895.628455
2686.445548,2762.008353,2791.719614,2830.506033,2925.676664,2950.185613,3007.314820,2895.677763
2686.437068,2762.017133,2791.723891,2830.419984,2925.681809,2950.193871,3007.323392,2895.636155
2686.417974,2762.013591,2791.720735,2830.392170,2925.692866,2950.204807,3007.341982,2895.661320
2686.415402,2762.005467,2791.718697,2830.445835,2925.712832,2950.212219,3007.344923,2895.817647
2686.377817,2761.991282,2791.710006,2830.433566,2925.734978,2950.239314,3007.382599,2895.827194
2686.375368,2761.979465,2791.702884,2830.514955,2925.732547,2950.230144,3007.386106,2895.871442
2686.362871,2761.975945,2791.703083,2830.476073,2925.743345,2950.251288,3007.397956,2895.828368
2686.360428,2761.968162,2791.695920,2830.538719,2925.729102,2950.232728,3007.401750,2895.866002
2686.327934,2761.964572,2791.696704,2830.440222,2925.762577,2950.275876,3007.433323,2895.839489
2686.325200,2761.958332,2791.694267,2830.432356,2925.742708,2950.287463,3007.437214,2895.504732
2686.288518,2762.170201,2791.744005,2829.447277,2925.783192,2950.264650,3007.470745,2895.845882
2686.222290,2762.140098,2791.727437,2829.441273,2925.818341,2950.319490,3007.537065,2895.753352
2686.200579,2762.027661,2791.695604,2829.968713,2925.827100,2950.333202,3007.560931,2895.954617
2686.196108,2762.123861,2791.719799,2829.457777,2925.831138,2950.343538,3007.563758,2895.716006
2686.192763,2762.123580,2791.720003,2829.439172,2925.831098,2950.362964,3007.565906,2895.527256
2686.189597,2762.123338,2791.718838,2829.444609,2925.835543,2950.350555,3007.570807,2895.683784
2686.184048,2762.121166,2791.719587,2829.412106,2925.833157,2950.370476,3007.576254,2895.510202
2686.173334,2762.120893,2791.716504,2829.418371,2925.847577,2950.348443,3007.586617,2895.858351
2686.169917,2762.118957,2791.715260,2829.422472,2925.849233,2950.353103,3007.590244,2895.823160
2686.157199,2762.111909,2791.711997,2829.423956,2925.854882,2950.365936,3007.602911,2895.782576
2686.148601,2762.110139,2791.710123,2829.417768,2925.862237,2950.365276,3007.611802,2895.874949
2686.099122,2762.087316,2791.697488,2829.417304,2925.889587,2950.402935,3007.661750,2895.854980
2686.048756,2762.063832,2791.684512,2829.418555,2925.918086,2950.438498,3007.712577,2895.879419
2686.004842,2762.043988,2791.673761,2829.412914,2925.942764,2950.471244,3007.757186,2895.876836
2685.996512,2762.039606,2791.671983,2829.411380,2925.946827,2950.476166,3007.765221,2895.912678
2685.995371,2762.039426,2791.671582,2829.410508,2925.948176,2950.475065,3007.766364,2895.938433
2685.981493,2762.033265,2791.667665,2829.414061,2925.956126,2950.486556,3007.780622,2895.902318
2685.974445,2762.026968,2791.663115,2829.443687,2925.964005,2950.479522,3007.788135,2896.084868
2685.949658,2762.013780,2791.660019,2829.405650,2925.966301,2950.535832,3007.813648,2895.608745
2685.947714,2761.782014,2791.591663,2830.523012,2925.963703,2950.525675,3007.818585,2896.010162
2685.940529,2762.014207,2791.655104,2829.427432,2925.983529,2950.503453,3007.822292,2896.088591
2685.935890,2762.012059,2791.653950,2829.427451,2925.986145,2950.506824,3007.826937,2896.089988
2685.911979,2762.001215,2791.647860,2829.427186,2925.999915,2950.523317,3007.851119,2896.105846
2685.908356,2761.996287,2791.647679,2829.432413,2925.998092,2950.534907,3007.853832,2896.003294
2685.874978,2761.977372,2791.637811,2829.455277,2926.015788,2950.563029,3007.888302,2895.952061
2685.831572,2761.962735,2791.628045,2829.431633,2926.041531,2950.593274,3007.932269,2895.946076
2685.814679,2761.956357,2791.623949,2829.428139,2926.052891,2950.600274,3007.949559,2896.014082
2685.805579,2761.953229,2791.620914,2829.435854,2926.059537,2950.602502,3007.958476,2896.047882
2685.798154,2761.947105,2791.618895,2829.440100,2926.062708,2950.610500,3007.966389,2896.046074
2685.792717,2761.942627,2791.616934,2829.449532,2926.065997,2950.612558,3007.971863,2896.093189
2685.780373,2761.860388,2791.596536,2829.835083,2926.069598,2950.624846,3007.985878,2896.133587
2685.757745,2761.707823,2791.547375,2830.473153,2926.071827,2950.660118,3008.010269,2896.073140
2685.731516,2761.703537,2791.544235,2830.428075,2926.088675,2950.674343,3008.036792,2896.109761
2685.727787,2761.677200,2791.533965,2830.542285,2926.088421,2950.681775,3008.040934,2896.097545
2685.716008,2761.671858,2791.531443,2830.534041,2926.093995,2950.693452,3008.052576,2896.061133
2685.712982,2761.674566,2791.531742,2830.522188,2926.096784,2950.693502,3008.055736,2896.078334
2685.703147,2761.665779,2791.527570,2830.543138,2926.102484,2950.699054,3008.065882,2896.108692
2685.701750,2761.677853,2791.535520,2830.454768,2926.118179,2950.715119,3008.065728,2896.093195
2685.693471,2761.693224,2791.535343,2830.418586,2926.107064,2950.709868,3008.074313,2896.055543
2685.688832,2761.726090,2791.544660,2830.275881,2926.111594,2950.708044,3008.078619,2896.107485
2685.683188,2761.736347,2791.548240,2830.207554,2926.116425,2950.706614,3008.083695,2896.127545
2685.653781,2761.643247,2791.514899,2830.544280,2926.130535,2950.734418,3008.115725,2896.124982
2685.648159,2761.649556,2791.517343,2830.494496,2926.133893,2950.738746,3008.121027,2896.098286
2685.632878,2761.633676,2791.509662,2830.542601,2926.142397,2950.749174,3008.136841,2896.132858
2685.608740,2761.862476,2791.572190,2829.416135,2926.168158,2950.752103,3008.157541,2896.023158
2685.535731,2761.702071,2791.520452,2830.057118,2926.202633,2950.807199,3008.232491,2896.195839
2685.510449,2761.810570,2791.544109,2829.462607,2926.225203,2950.815907,3008.256907,2896.163653
2685.505049,2761.574432,2791.477529,2830.538129,2926.213835,2950.843371,3008.265858,2896.140162
2685.490783,2761.801892,2791.540113,2829.448600,2926.232640,2950.840520,3008.276125,2896.024348
2685.470814,2761.796963,2791.537508,2829.410204,2926.241788,2950.863201,3008.296320,2895.916694
2685.448509,2761.788651,2791.531247,2829.417124,2926.259117,2950.864864,3008.319073,2896.098610
2685.434609,2761.780070,2791.528205,2829.409754,2926.262357,2950.893046,3008.333716,2895.893867
2685.416794,2761.772296,2791.523400,2829.412659,2926.273209,2950.901786,3008.351218,2895.944700
2685.405370,2761.765832,2791.520247,2829.417397,2926.279302,2950.909092,3008.362435,2895.963618
2685.353813,2761.745079,2791.505879,2829.424560,2926.316294,2950.921399,3008.414935,2896.295242
2685.347914,2761.742440,2791.504249,2829.425328,2926.319650,2950.925955,3008.420862,2896.289255
2685.341196,2761.734004,2791.503579,2829.424539,2926.312579,2950.966057,3008.427201,2895.837263
2685.333361,2761.735503,2791.500043,2829.428182,2926.328381,2950.935022,3008.435716,2896.311145
2685.303784,2761.722569,2791.494478,2829.414960,2926.341105,2950.968305,3008.465197,2896.144915
2685.243260,2761.694859,2791.478853,2829.417437,2926.376379,2951.008494,3008.526414,2896.200976
2685.239667,2761.693009,2791.477951,2829.416911,2926.377733,2951.014294,3008.530161,2896.160677
2685.147859,2761.650357,2791.454951,2829.412569,2926.428334,2951.082571,3008.622613,2896.168520
2685.124883,2761.639771,2791.449223,2829.412529,2926.442640,2951.093595,3008.645842,2896.263950
2685.121548,2761.638239,2791.448369,2829.412553,2926.444522,2951.096030,3008.649205,2896.263980
2685.102753,2761.629699,2791.443496,2829.413067,2926.455256,2951.109542,3008.668211,2896.265336
2685.100938,2761.628872,2791.443028,2829.413124,2926.456292,2951.110838,3008.670047,2896.265606
2685.096395,2761.401938,2791.382989,2830.430433,2926.461698,2951.148938,3008.676981,2896.302886
2685.090387,2761.619626,2791.440135,2829.430246,2926.463418,2951.131104,3008.680014,2896.189213
2685.089342,2761.620948,2791.439785,2829.422444,2926.460727,2951.124642,3008.681355,2896.201635
2685.088867,2761.622258,2791.439725,2829.416768,2926.461544,2951.124336,3008.682074,2896.197907
2685.044593,2761.602254,2791.428341,2829.418024,2926.487822,2951.152393,3008.726923,2896.261364
2685.030450,2761.595955,2791.424808,2829.415761,2926.494817,2951.166597,3008.741218,2896.202203
2685.023684,2761.593078,2791.423076,2829.415074,2926.498714,2951.172240,3008.748244,2896.193014
2685.014840,2761.589227,2791.421012,2829.413627,2926.504454,2951.174970,3008.756997,2896.250818
2684.961671,2761.565095,2791.407013,2829.419301,2926.536084,2951.209542,3008.810865,2896.301176
2684.881023,2761.516100,2791.385050,2829.471562,2926.580871,2951.268024,3008.891970,2896.366097
2684.875313,2761.525396,2791.385232,2829.416464,2926.584340,2951.272663,3008.898072,2896.312030
2684.874960,2761.525440,2791.385152,2829.416470,2926.585038,2951.271474,3008.898383,2896.334181
2684.873208,2761.524468,2791.384738,2829.416330,2926.585963,2951.272568,3008.900161,2896.339243
2684.866958,2761.520075,2791.383182,2829.415954,2926.586315,2951.287009,3008.906058,2896.210673
2684.859726,2761.518757,2791.381148,2829.417135,2926.593550,2951.285065,3008.914085,2896.293347
2684.834083,2761.507073,2791.374683,2829.416561,2926.608391,2951.301059,3008.939768,2896.336799
2684.794041,2761.485894,2791.364416,2829.431899,2926.635346,2951.332559,3008.980117,2896.395648
2684.746013,2761.466031,2791.352218,2829.417148,2926.657112,2951.368956,3009.028798,2896.295168
2684.721605,2761.453502,2791.345795,2829.420260,2926.669978,2951.387542,3009.053196,2896.300585
2684.699371,2761.445178,2791.340302,2829.417859,2926.685160,2951.396212,3009.075857,2896.396274
2684.695449,2761.443360,2791.339437,2829.416384,2926.688210,2951.395686,3009.079833,2896.459353
2684.693870,2761.442042,2791.338161,2829.427020,2926.690000,2951.396917,3009.081984,2896.442306
2684.677643,2761.434642,2791.334761,2829.418357,2926.698294,2951.408722,3009.097986,2896.468764
2684.673863,2761.432906,2791.333887,2829.417064,2926.700356,2951.411309,3009.101674,2896.476349
2684.604753,2761.222428,2791.268191,2830.286007,2926.728449,2951.476816,3009.174033,2896.514886
2684.551756,2761.137409,2791.235043,2830.535965,2926.756409,2951.518809,3009.228896,2896.527759
2684.538904,2761.131479,2791.231818,2830.535201,2926.763710,2951.527846,3009.241885,2896.532640
2684.533849,2761.133067,2791.234461,2830.494126,2926.775360,2951.546806,3009.245907,2896.458153
2684.503390,2761.115186,2791.222780,2830.535981,2926.783895,2951.553295,3009.277759,2896.545342
2684.464473,2761.335213,2791.282660,2829.426144,2926.839579,2951.590867,3009.311980,2896.517167
2684.461159,2761.335388,2791.280138,2829.414310,2926.820842,2951.563114,3009.316396,2896.557936
2684.456498,2761.333339,2791.278416,2829.419775,2926.823013,2951.569594,3009.321235,2896.482966
2684.459051,2761.094889,2791.211487,2830.536488,2926.809079,2951.585087,3009.322535,2896.560846
2684.452271,2761.318134,2791.273104,2829.498522,2926.825599,2951.569944,3009.325937,2896.563635
2684.401900,2761.308241,2791.265026,2829.414685,2926.854162,2951.606508,3009.376279,2896.555152
2684.399446,2761.296017,2791.259756,2829.490262,2926.856715,2951.604046,3009.379313,2896.631276
2684.355746,2761.287203,2791.252783,2829.419342,2926.880102,2951.643329,3009.423218,2896.493258
2684.294672,2761.254177,2791.236532,2829.444388,2926.914761,2951.684113,3009.484559,2896.565107
2684.279689,2761.252644,2791.233645,2829.417444,2926.924034,2951.693780,3009.499746,2896.580400
2684.257381,2761.078945,2791.186637,2830.186743,2926.928865,2951.717890,3009.524681,2896.655708
2684.237599,2761.232949,2791.222565,2829.422276,2926.948756,2951.721956,3009.542643,2896.620786
2684.225678,2761.227469,2791.220070,2829.417048,2926.955375,2951.728987,3009.554382,2896.665788
2684.223869,2761.034155,2791.170580,2830.249101,2926.945591,2951.747080,3009.558368,2896.611924
2684.218292,2761.016503,2791.162549,2830.377260,2926.949088,2951.750181,3009.565094,2896.661149
2684.215987,2761.196672,2791.211885,2829.548170,2926.954655,2951.754170,3009.563993,2896.451910
2684.202789,2760.993804,2791.153258,2830.451119,2926.956655,2951.764488,3009.581486,2896.657478
2684.196829,2761.018314,2791.159291,2830.357716,2926.959687,2951.769289,3009.586497,2896.657172
2684.146758,2761.189379,2791.201983,2829.426164,2927.019409,2951.816960,3009.632591,2896.636183
2684.067165,2761.155148,2791.179692,2829.417646,2927.045355,2951.843389,3009.714585,2896.691820
2684.055344,2761.149084,2791.177138,2829.413517,2927.051417,2951.851989,3009.726370,2896.721275
2684.031527,2761.004840,2791.142351,2829.932376,2927.078641,2951.903050,3009.751047,2896.691534
2684.025032,2761.131338,2791.169429,2829.413102,2927.062504,2951.898439,3009.757170,2896.427864
2683.994126,2761.120159,2791.160282,2829.428900,2927.085879,2951.900680,3009.788502,2896.636463
2683.984916,2761.080242,2791.147818,2829.620418,2927.086783,2951.907840,3009.797450,2896.748195
2683.969985,2761.110636,2791.154313,2829.426974,2927.101931,2951.910289,3009.812968,2896.737605
2683.953164,2761.102879,2791.150105,2829.425930,2927.111070,2951.923640,3009.829935,2896.726239
2683.945821,2761.099277,2791.148237,2829.425549,2927.114528,2951.931363,3009.837400,2896.694837
2683.944664,2761.097996,2791.148078,2829.423643,2927.113766,2951.937456,3009.838577,2896.637147
2683.904310,2761.080389,2791.138535,2829.416268,2927.136881,2951.962485,3009.878845,2896.700690
2683.861941,2761.060385,2791.129032,2829.426428,2927.180965,2952.013032,3009.920717,2896.739425
2683.817739,2761.041002,2791.116559,2829.415583,2927.186416,2952.024065,3009.966594,2896.735468
2683.800160,2761.030995,2791.114054,2829.424584,2927.216791,2952.061821,3009.983515,2896.761723
2683.795186,2761.028672,2791.112589,2829.426812,2927.219175,2952.065035,3009.988235,2896.760572
2683.784595,2761.025421,2791.108328,2829.413605,2927.203400,2952.053561,3009.999862,2896.665328
2683.756336,2761.010429,2791.101257,2829.406446,2927.214085,2952.088642,3010.027249,2896.518098
2683.724918,2760.998353,2791.093108,2829.415079,2927.239899,2952.087551,3010.060400,2896.823511
2683.640685,2760.726162,2791.008505,2830.492217,2927.285667,2952.175072,3010.148205,2896.876913
2683.637902,2760.719258,2791.003731,2830.529339,2927.276022,2952.170753,3010.151879,2896.854769
2683.618680,2760.710166,2790.998784,2830.528082,2927.286793,2952.185173,3010.171326,2896.850244
2683.598133,2760.701096,2790.993704,2830.527716,2927.298554,2952.199602,3010.192019,2896.863002
2683.595223,2760.699753,2790.993019,2830.526883,2927.300052,2952.202121,3010.194926,2896.858682
2683.586444,2760.915325,2791.053785,2829.458797,2927.314528,2952.218963,3010.218225,2896.546227
2683.573398,2760.732680,2791.003224,2830.316604,2927.315890,2952.209917,3010.215983,2896.887287
2683.536641,2760.672178,2790.978194,2830.524919,2927.333081,2952.244755,3010.254212,2896.863723
2683.494706,2760.653324,2790.967603,2830.525842,2927.357109,2952.274161,3010.296506,2896.884662
2683.493677,2760.652310,2790.967164,2830.529220,2927.358292,2952.273051,3010.297838,2896.909047
2683.481318,2760.647630,2790.964031,2830.528706,2927.365333,2952.282158,3010.310101,2896.913926
2683.478394,2760.645790,2790.963296,2830.530175,2927.367097,2952.283786,3010.313158,2896.918123
2683.468807,2760.856535,2791.024230,2829.509586,2927.372553,2952.307067,3010.317577,2896.497311
2683.437969,2760.867111,2791.019346,2829.426992,2927.403057,2952.296036,3010.350270,2896.828826
2683.434415,2760.625824,2790.952277,2830.528173,2927.391602,2952.316888,3010.357410,2896.915521
2683.406645,2760.841295,2791.009413,2829.464290,2927.410405,2952.338769,3010.378730,2896.641081
2683.395388,2760.817303,2791.000397,2829.586642,2927.424405,2952.326490,3010.393518,2896.957143
2683.394106,2760.840559,2791.006098,2829.463911,2927.428506,2952.323564,3010.394851,2896.929836
2683.371026,2760.835208,2791.002134,2829.430840,2927.441827,2952.339351,3010.417742,2896.933018
2683.378006,2760.826290,2791.007318,2829.382259,2927.427819,2952.377661,3010.425168,2896.504671
2683.361133,2760.827827,2790.998812,2829.445665,2927.446024,2952.350533,3010.427731,2896.887716
2683.351442,2760.822184,2790.996089,2829.452579,2927.451942,2952.355804,3010.437691,2896.918831
2683.345349,2760.746952,2790.978100,2829.816881,2927.452695,2952.361591,3010.445208,2897.001418
2683.336786,2760.809648,2790.993587,2829.435285,2927.445221,2952.411651,3010.449580,2896.391470
2683.316027,2760.786706,2790.989570,2829.403195,2927.444590,2952.438706,3010.475364,2896.404911
2683.302202,2760.566882,2790.919913,2830.510855,2927.465641,2952.414783,3010.490559,2896.914979
2683.259541,2760.780354,2790.973659,2829.439028,2927.502292,2952.424579,3010.529617,2896.930812
2683.248791,2760.781684,2790.971303,2829.428742,2927.514492,2952.419645,3010.541654,2897.052382
2683.182103,2760.510278,2790.888450,2830.529133,2927.535784,2952.495369,3010.612445,2897.024952
2683.155245,2760.527069,2790.892133,2830.397308,2927.552688,2952.512317,3010.639026,2897.017391
2683.128964,2760.486234,2790.875151,2830.524733,2927.565559,2952.534680,3010.665944,2897.028112
2683.125546,2760.552951,2790.895346,2830.251481,2927.569712,2952.532005,3010.667860,2897.050238
2683.117059,2760.586080,2790.903034,2830.090771,2927.574272,2952.538505,3010.675298,2897.033846
2683.101676,2760.580207,2790.900337,2830.080543,2927.584697,2952.545112,3010.690833,2897.061369
2683.098259,2760.505178,2790.879081,2830.374739,2927.583735,2952.556040,3010.695777,2896.992796
2683.092896,2760.500987,2790.878313,2830.373014,2927.590302,2952.553301,3010.703319,2897.063126
2683.044333,2760.553571,2790.893344,2829.803987,2927.613208,2952.638299,3010.763368,2896.350197
2683.023401,2760.437812,2790.848423,2830.526742,2927.626303,2952.608083,3010.772767,2897.084798
2683.018463,2760.514134,2790.872982,2830.182530,2927.633244,2952.602466,3010.775779,2897.100178
2683.002873,2760.428227,2790.843208,2830.528974,2927.637964,2952.623073,3010.793527,2897.091208
2683.001139,2760.427535,2790.842760,2830.528517,2927.639017,2952.624071,3010.795273,2897.092531
2682.966115,2760.417443,2790.837244,2830.475159,2927.657387,2952.651481,3010.829296,2897.077864
2682.951012,2760.421718,2790.837578,2830.417760,2927.665508,2952.664582,3010.844098,2897.026110
2682.919521,2760.390949,2790.823022,2830.512211,2927.682954,2952.690033,3010.876994,2897.029602
2682.905497,2760.383727,2790.818607,2830.529032,2927.693464,2952.692570,3010.891886,2897.126922
2682.901523,2760.382192,2790.817722,2830.523433,2927.695534,2952.695627,3010.895871,2897.121285
2682.899797,2760.382655,2790.817865,2830.515905,2927.696142,2952.698021,3010.897400,2897.107161
2682.897311,2760.530991,2790.859812,2829.877303,2927.702763,2952.688797,3010.896722,2897.145148
2682.880989,2760.605881,2790.878417,2829.432215,2927.713344,2952.708154,3010.912045,2896.896430
2682.866125,2760.450363,2790.836772,2830.148369,2927.721009,2952.710153,3010.929793,2897.152433
2682.849605,2760.593529,2790.869711,2829.443176,2927.737028,2952.715585,3010.944352,2897.084340
2682.846632,2760.568149,2790.865425,2829.546218,2927.733467,2952.731589,3010.946790,2896.920225
2682.789681,2760.463157,2790.827538,2829.963870,2927.760901,2952.771830,3011.004998,2897.130907
2682.781881,2760.566328,2790.853555,2829.424809,2927.774848,2952.770854,3011.013108,2896.987845
2682.764324,2760.559857,2790.848829,2829.428550,2927.788764,2952.771613,3011.031134,2897.138973
2682.763674,2760.559477,2790.848673,2829.428330,2927.788807,2952.772459,3011.031804,2897.133268
2682.757351,2760.538815,2790.842107,2829.518546,2927.789925,2952.777930,3011.038126,2897.215200
2682.744477,2760.535285,2790.839499,2829.511234,2927.798741,2952.784409,3011.051268,2897.229155
2682.742847,2760.543412,2790.841703,2829.458184,2927.799257,2952.788428,3011.052746,2897.169328
2682.741899,2760.501263,2790.833303,2829.653769,2927.801855,2952.783221,3011.054891,2897.244094
2682.657928,2760.504528,2790.820834,2829.449033,2927.845785,2952.853852,3011.138275,2897.146877
2682.599421,2760.364612,2790.780275,2829.993889,2927.876940,2952.896840,3011.200088,2897.266111
2682.547907,2760.461352,2790.793979,2829.430595,2927.913291,2952.922241,3011.249890,2897.264591
2682.481730,2760.425685,2790.777789,2829.428924,2927.944716,2952.982908,3011.315767,2897.173034
2682.484114,2760.191412,2790.712592,2830.522712,2927.933655,2952.993101,3011.317564,2897.279957
2682.434556,2760.407672,2790.765606,2829.428515,2927.975004,2953.009905,3011.363826,2897.238090
2682.420478,2760.210498,2790.711423,2830.326492,2927.968669,2953.040502,3011.379384,2897.244565
2682.409408,2760.357688,2790.756283,2829.540280,2927.971576,2953.068358,3011.389612,2896.942579
2682.397080,2760.267947,2790.724242,2830.038497,2927.984596,2953.053466,3011.402496,2897.275477
2682.389724,2760.153643,2790.690938,2830.496128,2927.988088,2953.060687,3011.413086,2897.301733
2682.356105,2760.371326,2790.746426,2829.421214,2928.017664,2953.069618,3011.442565,2897.227220
2682.331834,2760.121726,2790.674075,2830.526209,2928.020532,2953.102012,3011.471371,2897.336972
2682.323536,2760.146722,2790.683183,2830.376965,2928.026771,2953.104938,3011.478758,2897.332284
2682.310852,2760.113474,2790.669513,2830.513447,2928.031821,2953.118824,3011.492265,2897.320013
2682.301915,2760.213421,2790.696833,2830.089499,2928.037518,2953.121522,3011.497867,2897.324168
2682.263648,2760.093217,2790.657926,2830.510210,2928.059457,2953.150518,3011.540091,2897.358906
2682.260988,2760.088798,2790.656456,2830.519709,2928.060223,2953.154377,3011.542835,2897.338884
2682.234034,2760.077294,2790.649558,2830.522727,2928.076293,2953.171733,3011.570148,2897.372536
2682.171750,2760.099511,2790.652847,2830.227264,2928.117373,2953.205417,3011.632301,2897.399400
2682.151808,2760.040215,2790.628919,2830.522379,2928.123079,2953.230523,3011.652939,2897.406941
2682.120191,2760.079396,2790.638604,2830.293481,2928.141993,2953.252462,3011.683462,2897.367047
2682.119651,2760.030125,2790.623636,2830.498292,2928.149692,2953.257197,3011.684625,2897.437428
2682.115884,2760.023275,2790.619743,2830.524638,2928.143689,2953.256355,3011.689491,2897.414926
2682.112078,2760.241317,2790.680295,2829.511137,2928.151203,2953.259773,3011.690169,2897.159507
2682.042581,2759.989843,2790.601338,2830.523222,2928.185614,2953.308358,3011.763571,2897.442184
2682.041722,2759.989880,2790.601224,2830.521724,2928.185677,2953.310403,3011.764231,2897.427740
2682.038555,2759.988610,2790.600524,2830.520108,2928.187242,2953.313244,3011.767319,2897.421639
2682.011539,2760.012095,2790.605763,2830.368836,2928.203497,2953.332136,3011.794034,2897.399765
2682.002963,2760.020720,2790.608602,2830.304868,2928.210060,2953.336930,3011.802846,2897.392488
2682.001818,2759.978897,2790.595836,2830.474835,2928.219850,2953.343511,3011.803777,2897.479244
2681.994108,2760.045118,2790.616694,2830.064225,2928.216075,2953.344039,3011.810710,2897.282555
2681.988305,2759.965010,2790.587817,2830.521361,2928.216571,2953.347013,3011.818431,2897.461948
2681.977161,2759.966573,2790.589027,2830.482194,2928.233485,2953.361511,3011.828533,2897.488762
2681.956300,2759.950265,2790.579556,2830.526244,2928.234884,2953.370149,3011.850770,2897.473449
2681.917947,2759.933379,2790.570151,2830.522828,2928.256468,2953.398259,3011.889246,2897.480412
2681.916845,2759.932327,2790.569681,2830.524708,2928.257467,2953.398003,3011.890615,2897.489178
2681.892155,2759.921037,2790.563595,2830.523527,2928.271464,2953.415874,3011.915573,2897.496863
2681.885565,2759.918116,2790.561944,2830.522569,2928.275208,2953.420548,3011.922207,2897.499638
2681.885001,2759.917899,2790.561864,2830.521320,2928.275558,2953.420793,3011.922796,2897.499963
2681.835635,2759.895735,2790.549441,2830.522905,2928.303687,2953.456393,3011.972536,2897.517984
2681.830753,2760.022560,2790.589455,2829.935030,2928.310229,2953.456084,3011.974405,2897.419880
2681.796965,2760.110389,2790.605269,2829.431453,2928.331114,2953.492562,3012.008280,2897.180367
2681.758046,2760.089264,2790.594184,2829.453462,2928.352396,2953.516148,3012.046490,2897.230697
2681.755388,2759.859353,2790.529258,2830.521706,2928.349480,2953.513669,3012.053531,2897.548174
2681.730405,2759.994696,2790.565731,2829.743427,2928.377702,2953.506483,3012.077193,2897.605031
2681.718074,2760.003814,2790.568179,2829.807238,2928.382220,2953.521591,3012.089722,2897.597265
2681.708985,2760.076745,2790.582332,2829.434360,2928.390493,2953.525550,3012.097566,2897.537436
2681.698457,2760.071868,2790.579729,2829.434466,2928.396294,2953.533334,3012.108058,2897.535361
2681.698045,2760.071658,2790.579619,2829.434558,2928.396519,2953.533632,3012.108471,2897.535637
2681.612842,2760.027574,2790.560350,2829.416767,2928.438229,2953.619436,3012.196057,2897.306959
2681.590061,2760.014695,2790.554126,2829.426064,2928.449446,2953.645687,3012.218821,2897.216603
2681.572179,2760.015483,2790.547820,2829.434829,2928.469680,2953.620428,3012.235721,2897.606833
2681.565751,2759.805983,2790.493821,2830.367400,2928.460545,2953.645393,3012.245436,2897.610252
2681.564602,2759.841221,2790.503779,2830.227043,2928.461429,2953.644887,3012.245090,2897.606285
2681.533595,2759.994339,2790.538227,2829.436211,2928.488833,2953.651891,3012.273660,2897.620634
2681.517084,2759.989265,2790.534522,2829.428035,2928.498314,2953.666322,3012.290570,2897.557474
2681.504797,2759.967783,2790.527503,2829.514289,2928.504907,2953.673119,3012.303332,2897.635241
2681.495028,2759.739446,2790.464246,2830.513864,2928.496881,2953.704050,3012.316702,2897.582656
2681.477106,2759.731435,2790.459475,2830.516562,2928.507667,2953.714901,3012.334823,2897.614553
2681.460362,2759.942249,2790.514341,2829.547767,2928.530631,2953.703401,3012.348641,2897.686611
2681.372268,2759.914213,2790.495654,2829.475104,2928.579524,2953.771866,3012.437213,2897.624792
2681.358610,2759.917076,2790.494293,2829.432768,2928.589735,2953.778076,3012.451280,2897.633717
2681.284844,2759.884198,2790.476103,2829.429354,2928.633197,2953.826495,3012.526009,2897.719013
2681.266154,2759.726684,2790.439844,2829.967694,2928.626411,2953.870146,3012.543246,2897.542694
2681.267579,2759.636625,2790.406651,2830.521791,2928.628143,2953.862247,3012.546410,2897.726909
2681.161099,2759.811295,2790.440183,2829.517745,2928.701151,2953.917727,3012.650720,2897.790619
2681.160429,2759.826779,2790.445530,2829.430075,2928.708291,2953.920125,3012.651727,2897.794271
2681.148401,2759.822156,2790.441597,2829.431674,2928.711491,2953.923799,3012.663985,2897.765176
2681.075540,2759.747425,2790.414200,2829.640530,2928.748898,2953.982126,3012.737546,2897.783277
2680.955628,2759.500186,2790.332045,2830.461894,2928.801721,2954.101439,3012.860333,2897.619894
2680.878534,2759.459151,2790.309418,2830.517697,2928.850589,2954.139914,3012.939558,2897.869779
2680.876152,2759.461641,2790.310133,2830.498419,2928.851941,2954.141046,3012.941660,2897.878544
2680.863445,2759.453799,2790.306007,2830.510941,2928.858868,2954.151240,3012.954449,2897.874869
2680.815920,2759.670485,2790.357609,2829.438686,2928.902343,2954.158994,3012.999823,2897.917626
2680.800673,2759.617650,2790.344030,2829.664573,2928.906517,2954.176506,3013.015611,2897.932442
2680.766053,2759.647471,2790.345680,2829.431817,2928.929459,2954.198261,3013.050177,2897.903574
2680.731621,2759.579062,2790.323692,2829.700673,2928.941571,2954.232153,3013.084401,2897.944452
2680.688385,2759.600887,2790.322934,2829.491811,2928.971651,2954.257133,3013.128427,2897.927426
2680.673465,2759.556966,2790.311399,2829.678794,2928.978790,2954.268373,3013.144053,2897.975870
2680.584613,2759.525973,2790.291973,2829.626135,2929.031664,2954.328836,3013.233852,2897.996903
2680.583180,2759.324895,2790.235265,2830.518374,2929.019397,2954.351508,3013.237837,2897.978587
2680.542441,2759.377010,2790.246899,2830.230828,2929.044820,2954.376079,3013.277302,2897.999406
2680.535718,2759.303115,2790.223544,2830.518395,2929.046608,2954.385278,3013.285856,2897.996035
2680.520448,2759.386617,2790.247802,2830.135638,2929.056765,2954.393102,3013.298400,2897.973736
2680.517285,2759.407287,2790.251820,2830.050070,2929.060470,2954.391271,3013.301877,2898.022906
2680.500922,2759.523683,2790.279324,2829.433616,2929.077984,2954.393420,3013.316626,2897.967180
2680.503720,2759.288457,2790.215403,2830.520337,2929.065072,2954.407846,3013.318201,2898.009275
2680.488338,2759.490430,2790.270427,2829.574541,2929.083489,2954.407164,3013.330140,2897.913054
2680.480784,2759.488131,2790.268703,2829.570847,2929.088278,2954.412025,3013.338083,2897.915179
2680.470573,2759.512515,2790.271188,2829.437724,2929.098112,2954.410446,3013.348403,2897.989129
2680.458836,2759.505340,2790.268805,2829.432842,2929.100824,2954.432377,3013.359959,2897.831439
2680.450733,2759.503763,2790.266459,2829.434246,2929.109413,2954.425095,3013.368570,2897.996617
2680.442417,2759.499283,2790.263895,2829.441774,2929.115063,2954.429258,3013.377338,2898.027356
2680.381215,2759.279696,2790.200270,2830.319025,2929.137350,2954.490971,3013.441008,2898.060514
2680.385927,2759.459572,2790.250567,2829.432082,2929.137321,2954.514589,3013.442434,2897.596512
2680.369494,2759.466371,2790.245842,2829.438015,2929.155678,2954.483981,3013.450499,2898.014611
2680.355880,2759.455201,2790.240703,2829.466897,2929.163937,2954.490089,3013.464534,2898.096439
2680.356104,2759.457966,2790.242717,2829.435366,2929.159402,2954.503002,3013.463647,2897.917413
2680.327561,2759.417226,2790.227494,2829.589013,2929.174529,2954.518487,3013.492418,2898.092746
2680.316357,2759.372429,2790.214328,2829.785105,2929.174346,2954.535429,3013.503225,2898.069182
2680.278692,2759.422555,2790.221992,2829.455936,2929.208908,2954.544334,3013.542605,2898.124092
2680.259196,2759.356763,2790.206225,2829.708965,2929.217673,2954.561611,3013.563091,2898.125407
2680.249599,2759.410147,2790.216883,2829.425035,2929.217824,2954.589084,3013.570540,2897.810397
2680.112984,2759.348880,2790.181829,2829.436778,2929.300952,2954.670517,3013.709236,2898.076263
2680.107348,2759.345404,2790.180503,2829.436851,2929.304049,2954.673837,3013.714780,2898.107100
2680.085279,2759.279035,2790.161305,2829.729504,2929.313040,2954.691828,3013.738050,2898.193850
2680.068807,2759.311219,2790.167085,2829.526104,2929.324927,2954.704001,3013.754287,2898.103400
2680.067736,2759.229549,2790.148238,2829.912261,2929.322195,2954.705018,3013.756121,2898.201163
2680.054826,2759.243555,2790.150245,2829.817103,2929.332214,2954.712230,3013.769836,2898.194817
2680.033088,2759.131173,2790.117814,2830.248317,2929.339785,2954.735910,3013.793524,2898.196136
2680.002428,2759.196662,2790.130540,2829.931219,2929.358413,2954.755555,3013.822513,2898.192898
2680.000017,2759.059477,2790.089512,2830.519944,2929.353091,2954.768819,3013.826933,2898.194333
2679.972397,2759.228287,2790.133407,2829.722390,2929.376345,2954.777029,3013.851801,2898.162804
2679.947111,2759.141132,2790.108884,2830.061057,2929.387519,2954.799991,3013.878406,2898.174663
2679.935643,2759.030166,2790.073450,2830.519634,2929.390178,2954.814397,3013.892082,2898.218775
2679.865770,2759.042663,2790.070611,2830.329088,2929.431712,2954.862142,3013.961767,2898.224789
2679.856049,2758.993925,2790.053621,2830.518635,2929.435810,2954.871170,3013.972522,2898.248779
2679.838343,2758.985903,2790.049262,2830.517634,2929.445874,2954.883950,3013.990400,2898.255015
2679.771479,2759.016156,2790.053452,2830.233206,2929.489170,2954.923021,3014.057356,2898.293170
2679.739625,2758.941009,2790.024588,2830.518337,2929.502490,2954.954502,3014.090151,2898.291765
2679.733706,2759.176973,2790.086536,2829.441912,2929.519367,2954.939785,3014.092896,2898.233268
2679.728533,2759.001823,2790.041558,2830.255161,2929.510146,2954.959413,3014.099654,2898.296546
2679.718580,2759.170181,2790.083027,2829.438965,2929.528412,2954.948765,3014.108281,2898.273102
2679.693426,2759.155649,2790.077511,2829.433275,2929.537452,2954.988435,3014.134382,2898.037974
2679.688065,2759.149471,2790.073183,2829.478279,2929.545743,2954.968890,3014.139198,2898.339593
2679.631624,2759.125332,2790.062355,2829.428457,2929.568470,2955.044508,3014.195840,2897.938361
2679.612207,2759.121716,2790.056127,2829.443685,2929.589949,2955.023365,3014.215780,2898.329119
2679.588862,2759.111570,2790.050138,2829.445297,2929.604476,2955.037258,3014.239631,2898.371590
2679.532370,2758.975259,2790.009373,2829.980462,2929.624452,2955.096896,3014.296828,2898.366165
2679.514359,2759.068791,2790.030097,2829.477226,2929.641377,2955.105369,3014.314277,2898.249088
2679.466556,2759.003630,2790.009284,2829.692141,2929.670755,2955.130191,3014.363607,2898.415313
2679.466079,2758.816797,2789.956382,2830.517957,2929.659176,2955.150409,3014.366484,2898.392805
2679.430336,2758.913001,2789.985731,2829.836670,2929.690351,2955.220823,3014.403897,2897.725890
2679.398608,2758.792445,2789.941769,2830.487018,2929.698152,2955.197978,3014.434284,2898.418237
2679.295833,2758.967658,2789.974302,2829.496481,2929.769458,2955.251475,3014.535397,2898.477627
2679.280622,2758.934754,2789.965886,2829.623883,2929.777662,2955.263954,3014.551363,2898.467276
2679.191414,2758.923440,2789.949952,2829.467894,2929.825954,2955.338034,3014.640513,2898.353569
2679.190963,2758.921605,2789.952402,2829.441313,2929.821839,2955.371623,3014.639276,2898.010789
2679.189255,2758.691212,2789.887589,2830.513646,2929.817602,2955.349260,3014.646096,2898.485752
2679.181872,2758.896618,2789.942776,2829.591550,2929.835313,2955.332878,3014.651163,2898.513170
2679.182562,2758.749407,2789.905250,2830.264484,2929.824257,2955.349012,3014.652124,2898.504892
2679.177075,2758.835163,2789.928752,2829.821122,2929.836315,2955.337785,3014.656823,2898.526564
2679.153620,2758.842157,2789.927370,2829.777767,2929.847947,2955.360616,3014.680337,2898.481103
2679.142228,2758.669775,2789.875946,2830.514131,2929.844825,2955.382182,3014.693723,2898.512336
2679.126348,2758.812746,2789.915206,2829.867083,2929.860641,2955.381335,3014.707442,2898.517589
2679.113827,2758.872836,2789.926121,2829.557712,2929.871722,2955.385060,3014.719107,2898.535677
2679.014810,2758.612024,2789.844214,2830.511588,2929.917811,2955.473493,3014.822446,2898.559486
2678.996226,2758.756453,2789.881886,2829.863745,2929.931978,2955.480010,3014.837569,2898.546107
2678.971616,2758.592253,2789.833343,2830.516379,2929.942650,2955.504440,3014.866065,2898.576443
2678.964955,2758.712613,2789.868912,2829.979479,2929.952260,2955.500547,3014.870853,2898.547960
2678.951795,2758.789027,2789.885983,2829.583710,2929.962411,2955.512153,3014.882893,2898.407586
2678.949112,2758.762726,2789.878148,2829.728583,2929.964936,2955.505420,3014.886309,2898.589643
2678.909047,2758.729225,2789.865149,2829.797811,2929.988302,2955.533710,3014.927238,2898.618370
2678.902215,2758.735299,2789.864988,2829.757486,2929.991010,2955.540496,3014.933639,2898.596301
2678.853038,2758.776386,2789.866422,2829.449534,2930.024883,2955.568188,3014.982951,2898.598439
2678.844641,2758.753660,2789.860343,2829.546499,2930.028889,2955.573855,3014.991610,2898.639803
2678.828926,2758.687074,2789.844866,2829.806463,2930.035954,2955.588812,3015.008893,2898.652105
2678.816091,2758.521815,2789.794607,2830.516023,2930.031685,2955.616218,3015.023113,2898.633990
2678.752198,2758.730053,2789.841642,2829.446126,2930.080559,2955.648068,3015.084795,2898.539728
2678.738537,2758.564797,2789.801239,2830.169642,2930.082484,2955.662685,3015.101639,2898.675118
2678.726764,2758.691649,2789.829524,2829.586300,2930.096532,2955.658212,3015.111018,2898.692440
2678.727340,2758.650800,2789.819632,2829.783395,2930.088827,2955.670384,3015.109871,2898.628600
2678.700537,2758.471965,2789.767286,2830.492018,2930.096254,2955.703583,3015.139170,2898.614624
2678.684389,2758.664280,2789.817553,2829.622245,2930.119679,2955.691479,3015.153829,2898.679662
2678.642222,2758.614842,2789.799287,2829.772366,2930.139622,2955.726884,3015.196192,2898.709630
2678.610322,2758.665751,2789.806093,2829.448852,2930.162538,2955.747916,3015.228186,2898.614718
2678.593504,2758.657884,2789.802516,2829.445304,2930.172400,2955.764833,3015.246223,2898.571503
2678.593202,2758.657748,2789.802443,2829.445281,2930.172572,2955.765044,3015.246528,2898.571612
2678.588389,2758.656130,2789.800410,2829.451437,2930.176477,2955.758773,3015.250371,2898.682578
2678.579895,2758.652254,2789.798342,2829.450617,2930.181133,2955.765280,3015.258841,2898.681853
2678.543040,2758.485030,2789.752082,2830.162146,2930.189451,2955.808964,3015.296656,2898.716062
2678.544069,2758.398586,2789.727021,2830.517127,2930.187777,2955.811155,3015.297906,2898.735231
2678.478236,2758.606387,2789.772855,2829.453503,2930.240740,2955.834441,3015.361747,2898.766201
2678.465549,2758.600759,2789.769751,2829.452674,2930.248243,2955.842729,3015.374584,2898.783394
2678.455011,2758.357610,2789.704988,2830.512016,2930.239084,2955.873746,3015.388055,2898.779698
2678.378481,2758.323228,2789.685978,2830.515581,2930.282986,2955.929401,3015.465328,2898.797180
2678.374196,2758.373364,2789.701831,2830.278898,2930.286409,2955.932117,3015.468118,2898.731048
2678.370902,2758.482921,2789.729899,2829.813904,2930.295065,2955.921969,3015.470666,2898.809736
2678.336438,2758.541784,2789.737582,2829.454123,2930.321645,2955.937202,3015.504917,2898.805204
2678.335569,2758.538671,2789.738030,2829.443356,2930.315064,2955.956533,3015.504511,2898.596775
2678.327537,2758.537765,2789.735517,2829.452188,2930.326438,2955.944304,3015.513837,2898.799850
2678.323204,2758.451684,2789.714038,2829.862936,2930.317189,2955.964706,3015.517667,2898.771832
2678.310863,2758.292585,2789.669091,2830.516735,2930.321906,2955.977669,3015.533645,2898.823223
2678.274418,2758.514036,2789.722160,2829.454240,2930.358087,2955.979591,3015.567816,2898.856964
2678.235673,2758.488323,2789.713340,2829.452356,2930.367112,2956.045658,3015.606110,2898.407242
2678.231189,2758.494090,2789.711438,2829.453965,2930.381757,2956.014207,3015.611315,2898.825236
2678.214458,2758.248887,2789.645240,2830.515750,2930.377167,2956.047034,3015.631064,2898.857143
2678.194016,2758.239618,2789.640134,2830.515929,2930.388799,2956.062407,3015.651802,2898.857143
2678.165877,2758.226823,2789.633129,2830.516162,2930.404832,2956.083558,3015.680361,2898.857143
2678.158202,2758.251742,2789.641260,2830.378526,2930.410123,2956.088884,3015.687393,2898.814924
2678.138898,2758.449731,2789.689424,2829.444671,2930.429651,2956.092934,3015.703710,2898.728366
2678.138160,2758.450996,2789.688587,2829.452120,2930.433615,2956.084238,3015.705131,2898.826574
2678.096430,2758.365890,2789.663158,2829.777227,2930.449447,2956.136209,3015.749428,2898.714286
2678.062645,2758.405408,2789.677433,2829.400135,2930.463458,2956.211106,3015.791415,2898.093099
2677.983426,2758.381168,2789.650121,2829.449633,2930.519887,2956.208903,3015.862697,2898.714286
2677.983386,2758.381288,2789.650178,2829.448341,2930.519934,2956.209042,3015.862839,2898.714286
2677.952778,2758.366321,2789.643063,2829.444386,2930.535907,2956.231822,3015.892585,2898.714285
2677.951344,2758.365617,2789.642822,2829.443228,2930.536565,2956.232811,3015.893857,2898.714276
2677.934381,2758.209975,2789.601958,2830.148117,2930.536339,2956.264213,3015.913304,2898.714190
2677.927133,2758.316909,2789.628334,2829.639057,2930.549230,2956.256328,3015.920241,2898.714272
2677.926263,2758.313035,2789.627710,2829.651434,2930.549636,2956.256610,3015.921153,2898.714285
2677.903937,2758.107921,2789.568653,2830.505714,2930.551570,2956.292289,3015.945941,2898.714286
2677.880100,2758.333973,2789.624404,2829.450131,2930.578427,2956.286343,3015.967086,2898.714270
2677.841582,2758.316901,2789.615206,2829.447292,2930.600506,2956.314526,3016.006136,2898.714286
2677.839650,2758.316076,2789.614703,2829.447148,2930.601672,2956.315969,3016.008223,2898.714286
2677.785999,2758.063609,2789.545419,2830.438074,2930.628926,2956.403657,3016.063730,2898.571429
2677.772776,2758.048484,2789.536923,2830.492428,2930.624114,2956.402010,3016.078061,2898.571429
2677.750702,2758.274227,2789.592781,2829.445982,2930.648897,2956.393584,3016.097540,2898.571429
2677.728523,2758.263394,2789.587055,2829.450880,2930.661508,2956.410125,3016.119945,2898.571429
2677.698017,2758.250380,2789.579739,2829.444768,2930.678754,2956.433016,3016.150824,2898.571429
2677.661846,2758.233836,2789.571149,2829.440138,2930.698880,2956.460216,3016.186962,2898.571336
2677.634511,2758.221589,2789.564155,2829.443026,2930.714815,2956.480463,3016.214906,2898.571429
2677.597182,2758.027659,2789.511826,2830.234136,2930.725203,2956.526624,3016.253761,2898.571428
2677.590248,2758.178386,2789.548873,2829.552494,2930.738981,2956.515346,3016.259791,2898.571425
2677.540567,2757.952601,2789.484511,2830.441062,2930.770703,2956.575551,3016.311783,2898.714286
2677.529162,2758.129075,2789.527632,2829.671441,2930.772890,2956.556973,3016.322044,2898.714284
2677.513300,2758.056928,2789.509874,2829.945582,2930.779297,2956.572243,3016.338230,2898.695835
2677.506775,2758.071165,2789.512778,2829.854017,2930.785210,2956.572505,3016.344929,2898.714285
2677.482513,2758.095177,2789.514814,2829.714538,2930.800715,2956.588736,3016.369512,2898.714286
2677.476265,2757.914322,2789.462801,2830.504719,2930.797118,2956.600367,3016.378052,2898.857143
2677.471397,2758.056617,2789.502216,2829.890025,2930.803525,2956.595419,3016.379810,2898.829662
2677.386973,2758.096453,2789.499432,2829.520423,2930.859942,2956.644542,3016.465416,2898.857143
2677.372660,2757.879843,2789.441494,2830.443832,2930.856653,2956.676423,3016.482338,2898.857143
2677.362393,2757.862641,2789.434647,2830.504725,2930.861875,2956.685798,3016.493002,2898.857143
2677.360710,2757.862111,2789.434478,2830.500115,2930.862919,2956.686576,3016.494724,2898.857143
2677.278308,2758.014174,2789.466611,2829.637020,2930.918177,2956.737828,3016.575322,2898.714286
2677.257909,2757.824118,2789.414585,2830.438312,2930.931300,2956.786108,3016.597309,2898.714286
2677.239887,2757.982686,2789.454401,2829.719339,2930.938336,2956.769728,3016.614208,2898.714286
2677.236111,2757.942292,2789.444026,2829.835637,2930.940121,2956.772527,3016.618606,2898.714286
2677.183893,2758.016365,2789.451954,2829.452740,2930.973498,2956.805637,3016.670215,2898.714286
2677.164984,2757.773506,2789.386900,2830.486173,2930.972541,2956.844763,3016.692056,2898.714286
2677.107966,2757.747586,2789.372735,2830.486313,2931.004954,2956.887258,3016.749619,2898.714286
2677.082763,2757.736245,2789.366634,2830.484995,2931.019411,2956.906365,3016.775090,2898.714286
2677.037357,2757.818563,2789.386923,2830.030537,2931.050075,2956.928308,3016.819512,2898.714278
2676.967836,2757.684294,2789.338314,2830.482653,2931.084863,2956.992765,3016.891100,2898.714286
2676.923960,2757.851770,2789.378821,2829.636205,2931.119653,2957.002512,3016.933176,2898.714286
2676.909406,2757.847079,2789.375842,2829.654214,2931.126998,2957.015495,3016.947732,2898.714286
2676.899195,2757.653568,2789.321787,2830.475549,2931.123939,2957.043391,3016.960340,2898.714286
2676.879305,2757.833184,2789.368335,2829.643530,2931.144699,2957.036704,3016.978187,2898.714286
2676.854601,2757.814444,2789.358250,2829.599145,2931.160063,2957.051646,3017.003310,2898.714286
2676.732098,2757.703654,2789.317202,2829.934150,2931.223812,2957.155114,3017.127151,2898.714286
2676.723684,2757.573967,2789.278498,2830.475327,2931.224541,2957.174968,3017.137681,2898.714286
2676.710183,2757.788428,2789.332904,2829.509447,2931.242308,2957.160906,3017.148721,2898.714286
2676.582643,2757.743407,2789.303771,2829.447485,2931.315763,2957.254855,3017.277452,2898.714286
2676.563434,2757.734757,2789.299055,2829.446932,2931.326725,2957.269229,3017.296866,2898.714286
2676.553190,2757.496955,2789.236492,2830.473235,2931.322171,2957.303231,3017.309881,2898.714286
2676.525346,2757.658134,2789.275891,2829.626852,2931.347619,2957.298031,3017.335917,2898.714286
2676.510308,2757.583197,2789.255953,2830.045558,2931.348337,2957.328223,3017.351231,2898.714286
2676.491556,2757.637385,2789.268473,2829.743432,2931.364008,2957.330433,3017.369801,2898.714286
2676.484880,2757.466349,2789.220579,2830.458535,2931.360282,2957.365377,3017.378615,2898.571429
2676.475923,2757.642843,2789.264831,2829.591185,2931.376089,2957.334388,3017.385997,2898.714286
2676.450603,2757.630045,2789.260444,2829.654569,2931.389455,2957.356437,3017.411288,2898.714286
2676.447882,2757.636801,2789.261919,2829.649969,2931.390371,2957.359968,3017.413843,2898.714286
2676.439784,2757.637038,2789.260686,2829.636943,2931.395006,2957.366171,3017.421984,2898.714286
2676.438691,2757.643297,2789.261791,2829.607204,2931.395878,2957.366344,3017.423022,2898.714286
2676.433684,2757.657063,2789.263715,2829.528249,2931.400135,2957.367340,3017.428064,2898.714286
2676.349769,2757.411810,2789.190450,2830.428675,2931.448025,2957.462513,3017.514703,2898.714286
2676.348053,2757.411036,2789.190028,2830.428632,2931.449003,2957.463796,3017.516436,2898.714286
2676.336908,2757.526791,2789.220403,2829.842859,2931.452682,2957.444514,3017.526619,2898.714286
2676.327247,2757.541299,2789.221393,2829.733867,2931.459426,2957.448381,3017.536061,2898.714286
2676.315689,2757.595851,2789.233110,2829.555673,2931.467225,2957.455931,3017.547275,2898.714286
2676.301345,2757.569173,2789.226039,2829.640337,2931.472759,2957.480121,3017.561636,2898.571429
2676.299121,2757.544081,2789.220718,2829.744650,2931.471272,2957.496453,3017.563730,2898.428571
2676.278597,2757.373672,2789.170786,2830.441170,2931.478229,2957.531535,3017.586760,2898.428571
2676.236364,2757.489655,2789.197493,2829.762143,2931.508276,2957.539355,3017.627592,2898.428571
2676.224454,2757.546546,2789.209576,2829.559065,2931.516800,2957.546194,3017.639232,2898.428571
2676.185948,2757.490632,2789.190505,2829.668548,2931.538419,2957.575537,3017.678609,2898.428571
2676.185025,2757.498074,2789.193879,2829.727469,2931.536687,2957.582626,3017.678981,2898.428571
2676.159999,2757.507382,2789.190775,2829.577187,2931.553677,2957.593973,3017.704243,2898.428571
2676.136991,2757.309901,2789.136172,2830.436947,2931.559736,2957.637584,3017.729792,2898.428571
2676.121681,2757.485126,2789.179301,2829.565392,2931.575880,2957.621233,3017.743180,2898.428571
2676.092366,2757.369614,2789.149659,2830.096449,2931.587145,2957.661360,3017.773656,2898.428571
2676.079870,2757.284179,2789.122208,2830.435319,2931.592637,2957.680369,3017.787489,2898.428571
2676.057410,2757.467808,2789.168092,2829.573631,2931.612227,2957.671625,3017.807876,2898.428571
2676.029993,2757.261713,2789.110016,2830.434011,2931.621372,2957.717714,3017.837870,2898.428571
2676.012936,2757.431751,2789.153355,2829.684309,2931.635282,2957.713241,3017.852761,2898.428571
2675.996406,2757.402292,2789.143511,2829.677141,2931.646876,2957.717440,3017.869903,2898.428571
2675.998118,2757.247391,2789.102240,2830.432867,2931.639733,2957.741592,3017.870066,2898.428571
2675.983761,2757.453443,2789.154137,2829.512599,2931.654765,2957.726473,3017.882165,2898.428571
2675.940528,2757.221475,2789.088181,2830.431039,2931.672932,2957.784738,3017.928238,2898.428571
2675.937980,2757.220327,2789.087558,2830.430985,2931.674402,2957.786642,3017.930812,2898.428571
2675.934747,2757.373507,2789.129844,2829.775035,2931.680014,2957.771439,3017.931918,2898.428571
2675.930206,2757.368677,2789.127707,2829.793864,2931.681986,2957.776498,3017.936397,2898.428571
2675.929012,2757.294209,2789.109063,2830.101931,2931.681062,2957.784053,3017.938695,2898.428571
2675.913572,2757.400594,2789.131392,2829.559339,2931.695118,2957.778097,3017.953184,2898.428571
2675.910142,2757.371377,2789.125870,2829.725719,2931.694701,2957.787192,3017.956605,2898.428571
2675.890281,2757.427298,2789.134283,2829.436323,2931.708477,2957.794339,3017.976170,2898.428571
2675.887426,2757.426502,2789.133269,2829.437669,2931.710879,2957.797474,3017.979541,2898.428571
2675.811387,2757.163387,2789.056676,2830.426944,2931.747410,2957.881488,3018.058692,2898.428571
2675.786903,2757.215544,2789.070433,2830.126651,2931.763461,2957.888980,3018.082278,2898.428571
2675.779014,2757.216250,2789.069611,2830.103347,2931.768067,2957.893744,3018.089983,2898.428571
2675.759253,2757.307811,2789.087698,2829.614451,2931.783753,2957.893276,3018.109287,2898.428571
2675.736288,2757.129613,2789.038350,2830.424694,2931.790749,2957.937747,3018.134553,2898.428571
2675.725495,2757.352709,2789.093472,2829.438470,2931.803868,2957.918819,3018.143132,2898.428571
2675.722263,2757.123296,2789.034919,2830.424432,2931.798844,2957.948251,3018.148722,2898.428571
2675.704411,2757.115288,2789.030575,2830.423682,2931.809148,2957.961620,3018.166754,2898.428571
2675.691666,2757.258115,2789.067076,2829.693011,2931.821841,2957.945772,3018.177770,2898.428571
2675.671014,2757.100274,2789.022428,2830.422731,2931.828428,2957.986633,3018.200491,2898.428571
2675.665581,2757.097832,2789.021102,2830.422544,2931.831567,2957.990695,3018.205978,2898.428571
2675.628220,2757.081061,2789.011990,2830.423212,2931.853659,2958.019475,3018.243732,2898.428571
2675.615745,2757.303027,2789.066701,2829.435946,2931.866729,2958.000783,3018.253840,2898.428571
2675.562286,2757.278779,2789.053824,2829.433504,2931.897102,2958.040335,3018.307652,2898.428571
2675.550744,2757.273467,2789.051101,2829.432798,2931.903496,2958.048607,3018.319141,2898.428571
2675.546871,2757.270761,2789.050096,2829.431087,2931.905607,2958.055251,3018.323577,2898.428571
2675.534226,2757.266283,2789.046798,2829.434045,2931.913636,2958.061875,3018.336218,2898.428571
2675.479769,2757.109080,2789.002855,2829.912407,2931.942173,2958.109152,3018.392205,2898.428571
2675.478509,2757.168606,2789.017223,2829.781198,2931.942318,2958.103566,3018.392799,2898.571429
2675.434481,2757.050195,2788.981535,2830.172955,2931.966458,2958.130355,3018.438429,2898.714286
2675.427812,2757.197462,2789.015867,2829.542939,2931.975615,2958.120727,3018.444088,2898.714286
2675.429423,2756.990608,2788.961941,2830.441206,2931.967825,2958.144318,3018.444859,2898.714286
2675.394277,2757.115804,2788.992238,2829.859887,2931.990986,2958.158905,3018.478557,2898.714286
2675.390164,2757.161080,2789.000876,2829.566787,2931.997688,2958.146898,3018.482265,2898.714286
2675.383167,2757.141671,2788.997510,2829.701240,2931.999390,2958.158644,3018.489299,2898.714286
2675.376396,2756.966779,2788.949035,2830.439381,2931.998386,2958.184101,3018.498421,2898.714286
2675.343166,2756.951839,2788.940944,2830.438338,2932.017548,2958.209022,3018.531990,2898.714286
2675.334057,2756.947759,2788.938734,2830.437918,2932.022798,2958.215869,3018.541194,2898.714286
2675.306971,2756.936102,2788.932916,2830.424435,2932.038467,2958.247813,3018.568390,2898.571429
2675.298387,2756.932241,2788.930820,2830.424277,2932.043428,2958.254223,3018.577062,2898.571429
2675.283797,2756.925689,2788.927268,2830.423819,2932.051859,2958.265158,3018.591803,2898.571429
2675.261122,2756.915502,2788.921746,2830.423114,2932.064960,2958.282162,3018.614707,2898.571429
2675.245662,2757.041939,2788.955057,2829.774401,2932.077734,2958.270204,3018.627953,2898.571429
2675.183041,2756.879871,2788.901939,2830.433631,2932.109933,2958.329063,3018.693739,2898.714286
2675.150043,2756.864544,2788.893485,2830.440095,2932.129131,2958.354951,3018.727122,2898.714286
2675.126038,2756.854849,2788.888871,2830.418894,2932.143053,2958.383395,3018.751170,2898.571429
2675.125194,2756.854475,2788.888669,2830.418814,2932.143541,2958.384035,3018.752023,2898.571429
2675.064684,2757.053534,2788.931214,2829.439598,2932.184124,2958.401550,3018.810545,2898.571429
2675.054056,2757.048797,2788.928464,2829.441055,2932.190645,2958.410039,3018.821482,2898.571429
2675.043720,2756.947524,2788.904182,2829.777539,2932.194888,2958.422027,3018.832703,2898.571429
2675.028486,2757.037522,2788.922275,2829.438735,2932.205337,2958.429280,3018.847305,2898.571429
2674.995705,2757.022174,2788.914158,2829.441244,2932.224097,2958.453595,3018.880325,2898.571429
2674.950250,2757.001916,2788.902943,2829.440466,2932.250591,2958.488075,3018.926481,2898.571429
2674.952297,2756.776875,2788.846606,2830.413549,2932.243587,2958.513588,3018.926691,2898.571429
2674.946732,2756.968364,2788.896232,2829.584200,2932.251240,2958.494068,3018.929975,2898.571429
2674.904598,2756.846041,2788.860890,2829.929221,2932.273600,2958.529128,3018.973311,2898.571429
2674.879657,2756.744293,2788.828959,2830.411134,2932.285649,2958.568050,3019.000079,2898.571429
2674.826968,2756.721327,2788.816733,2830.398364,2932.315814,2958.606303,3019.053250,2898.571429
2674.818979,2756.717082,2788.814217,2830.409193,2932.320798,2958.613543,3019.061382,2898.571429
2674.808970,2756.712045,2788.811313,2830.417723,2932.326823,2958.622862,3019.071536,2898.571429
2674.794276,2756.705997,2788.808210,2830.408494,2932.335112,2958.632051,3019.086338,2898.571429
2674.775509,2756.697582,2788.803651,2830.407904,2932.345988,2958.646111,3019.105300,2898.571429
2674.768433,2756.694407,2788.801931,2830.407699,2932.350090,2958.651412,3019.112448,2898.571429
2674.765584,2756.693131,2788.801240,2830.407584,2932.351742,2958.653549,3019.115328,2898.571429
2674.749725,2756.686029,2788.797393,2830.406993,2932.360930,2958.665450,3019.131347,2898.571429
2674.738755,2756.681119,2788.794741,2830.406471,2932.367295,2958.673675,3019.142439,2898.571429
2674.722101,2756.848056,2788.835115,2829.578600,2932.381488,2958.658873,3019.157122,2898.571429
2674.697976,2756.662840,2788.784831,2830.405243,2932.390932,2958.704210,3019.183633,2898.571429
2674.654009,2756.643149,2788.774169,2830.403610,2932.416426,2958.737189,3019.228055,2898.571429
2674.619925,2756.627871,2788.765893,2830.402544,2932.436196,2958.762731,3019.262492,2898.571429
2674.582362,2756.611043,2788.756777,2830.401313,2932.457988,2958.790883,3019.300443,2898.571429
2674.559838,2756.600959,2788.751310,2830.400555,2932.471055,2958.807765,3019.323198,2898.571429
2674.467400,2756.559562,2788.728891,2830.397439,2932.524710,2958.877044,3019.416596,2898.571429
2674.434002,2756.767433,2788.776724,2829.441122,2932.548230,2958.874299,3019.447906,2898.571429
2674.430172,2756.766006,2788.775591,2829.441902,2932.551042,2958.878043,3019.452110,2898.571429
2674.422649,2756.762546,2788.773767,2829.441950,2932.555320,2958.883592,3019.459649,2898.571429
2674.382239,2756.521443,2788.708248,2830.394509,2932.574164,2958.940866,3019.502641,2898.571429
2674.372041,2756.516880,2788.705779,2830.394111,2932.580088,2958.948527,3019.512945,2898.571429
2674.314735,2756.492276,2788.692890,2830.376598,2932.614701,2959.002767,3019.570779,2898.428571
2674.295354,2756.483620,2788.688201,2830.375832,2932.625979,2959.017278,3019.590362,2898.428571
2674.259754,2756.467698,2788.679580,2830.374604,2932.646704,2959.043963,3019.626335,2898.428571
2674.256486,2756.466236,2788.678788,2830.374494,2932.648607,2959.046410,3019.629637,2898.428571
2674.249657,2756.463181,2788.677134,2830.374265,2932.652583,2959.051533,3019.636537,2898.428571
2674.226755,2756.452955,2788.671595,2830.373352,2932.665918,2959.068683,3019.659680,2898.428571
2674.194932,2756.438738,2788.663896,2830.372125,2932.684455,2959.092508,3019.691840,2898.428571
2674.157162,2756.421841,2788.654746,2830.370930,2932.706458,2959.120812,3019.730004,2898.428571
2674.131052,2756.410215,2788.648452,2830.369559,2932.721669,2959.140380,3019.756390,2898.428571
2674.130296,2756.409867,2788.648262,2830.369651,2932.722113,2959.140936,3019.757159,2898.428571
2674.124695,2756.519327,2788.677014,2829.815969,2932.726904,2959.123256,3019.761290,2898.428571
2674.125114,2756.407548,2788.647008,2830.369496,2932.725127,2959.144828,3019.762391,2898.428571
2674.088869,2756.391377,2788.638252,2830.367940,2932.746251,2959.171984,3019.799018,2898.428571
2674.082163,2756.607422,2788.691156,2829.436694,2932.752487,2959.149459,3019.803100,2898.428571
2674.080561,2756.387662,2788.636240,2830.367669,2932.751093,2959.178203,3019.807413,2898.428571
2674.079535,2756.387199,2788.635988,2830.367710,2932.751691,2959.178957,3019.808450,2898.428571
2674.071869,2756.383779,2788.634138,2830.367354,2932.756160,2959.184712,3019.816197,2898.428571
2674.053576,2756.375511,2788.629637,2830.368162,2932.766865,2959.198778,3019.834700,2898.428571
2674.041394,2756.588991,2788.681305,2829.435576,2932.775970,2959.179688,3019.844278,2898.428571
2674.037294,2756.368346,2788.625780,2830.366001,2932.776313,2959.210606,3019.851135,2898.428571
2674.006595,2756.354601,2788.618340,2830.365182,2932.794217,2959.233563,3019.882164,2898.428571
2674.003422,2756.353225,2788.617593,2830.364704,2932.796063,2959.235973,3019.885367,2898.428571
2673.993956,2756.349005,2788.615312,2830.364232,2932.801584,2959.243095,3019.894932,2898.428571
2673.966533,2756.336764,2788.608681,2830.363219,2932.817576,2959.263618,3019.922644,2898.428571
2673.902982,2756.526497,2788.647323,2829.436935,2932.857013,2959.284380,3019.984564,2898.428571
2673.877114,2756.296861,2788.587081,2830.359716,2932.869742,2959.330606,3020.013009,2898.428571
2673.859349,2756.288906,2788.582767,2830.359364,2932.880107,2959.343854,3020.030959,2898.428571
2673.797792,2756.479205,2788.621555,2829.436608,2932.918310,2959.363575,3020.090845,2898.428571
2673.794679,2756.330984,2788.588254,2830.009259,2932.920112,2959.390032,3020.095095,2898.285714
2673.772142,2756.455305,2788.618621,2829.442881,2932.941265,2959.410256,3020.129622,2898.273439
2673.751179,2756.242181,2788.557837,2830.336927,2932.945436,2959.435766,3020.140269,2898.285714
2673.735735,2756.235337,2788.554132,2830.335954,2932.954471,2959.447351,3020.155882,2898.285714
2673.734504,2756.235289,2788.554295,2830.326658,2932.954774,2959.446824,3020.157063,2898.285714
2673.714791,2756.332000,2788.577102,2829.815232,2932.966887,2959.441880,3020.175376,2898.285714
2673.706290,2756.222154,2788.546619,2830.341195,2932.972474,2959.471873,3020.186037,2898.285714
2673.670856,2756.206442,2788.538484,2830.333299,2932.992424,2959.495907,3020.221451,2898.285714
2673.664673,2756.418220,2788.589718,2829.431043,2932.997111,2959.474332,3020.225466,2898.285714
2673.634528,2756.190274,2788.529731,2830.331625,2933.013688,2959.523112,3020.258169,2898.285714
2673.626481,2756.186688,2788.527790,2830.331332,2933.018395,2959.529114,3020.266300,2898.285714
2673.574836,2756.163721,2788.515351,2830.329013,2933.048632,2959.567780,3020.318506,2898.285714
2673.550182,2756.153407,2788.509833,2830.319395,2933.062792,2959.585258,3020.343399,2898.285714
2673.540675,2756.148513,2788.507118,2830.327544,2933.068628,2959.593322,3020.353026,2898.285714
2673.533498,2756.358785,2788.557922,2829.429731,2933.073368,2959.572260,3020.358032,2898.285714
2673.531501,2756.357449,2788.557370,2829.432027,2933.074718,2959.573759,3020.360290,2898.285714
2673.523304,2756.353616,2788.555630,2829.430313,2933.078546,2959.578576,3020.367954,2898.285714
2673.493535,2756.340246,2788.548126,2829.432367,2933.096409,2959.601894,3020.398082,2898.285714
2673.495481,2756.128410,2788.496236,2830.325521,2933.095099,2959.627157,3020.398706,2898.285714
2673.449348,2756.106223,2788.483889,2830.342397,2933.119667,2959.650927,3020.445323,2898.428571
2673.396610,2756.297178,2788.524029,2829.436526,2933.151870,2959.664057,3020.496714,2898.428571
2673.399296,2756.083944,2788.471835,2830.340241,2933.148954,2959.688429,3020.495910,2898.428571
2673.378958,2756.289199,2788.519591,2829.437564,2933.162640,2959.677869,3020.514940,2898.428571
2673.370796,2756.285535,2788.517785,2829.436242,2933.166372,2959.682965,3020.522167,2898.428571
2673.370207,2756.285258,2788.517615,2829.436383,2933.167153,2959.683760,3020.523275,2898.428571
2673.355363,2756.064399,2788.461257,2830.338340,2933.174662,2959.721310,3020.540313,2898.428571
2673.351665,2756.276699,2788.513349,2829.434771,2933.177127,2959.696398,3020.541571,2898.428571
2673.350446,2756.276146,2788.513054,2829.434762,2933.177834,2959.697303,3020.542804,2898.428571
2673.335604,2756.057325,2788.457752,2830.318441,2933.188788,2959.746776,3020.560308,2898.285714
2673.329408,2756.054568,2788.456258,2830.318208,2933.192414,2959.751408,3020.566563,2898.285714
2673.316334,2756.260349,2788.505109,2829.430315,2933.199687,2959.734563,3020.577093,2898.285714
2673.313124,2756.258584,2788.504388,2829.430887,2933.201430,2959.736528,3020.580417,2898.285714
2673.234101,2756.224158,2788.484696,2829.434100,2933.246291,2959.785459,3020.660541,2898.428571
2673.217169,2756.215990,2788.480466,2829.437103,2933.255807,2959.797726,3020.677241,2898.428571
2673.198166,2756.207334,2788.475773,2829.437543,2933.267094,2959.812301,3020.696650,2898.428571
2673.139735,2755.968487,2788.409362,2830.329118,2933.300947,2959.882744,3020.758253,2898.428571
2673.133442,2756.178152,2788.460167,2829.435486,2933.304437,2959.860368,3020.761801,2898.428571
2673.118016,2755.959613,2788.404623,2830.317767,2933.313335,2959.897944,3020.780174,2898.428571
2673.099550,2755.950644,2788.399705,2830.327230,2933.324497,2959.912821,3020.798872,2898.428571
2673.091886,2755.947226,2788.397854,2830.327002,2933.328991,2959.918566,3020.806617,2898.428571
2673.084187,2755.943810,2788.396009,2830.326593,2933.333504,2959.924332,3020.814399,2898.428571
2673.029919,2755.919647,2788.383334,2830.314883,2933.364856,2959.963579,3020.869309,2898.428571
2673.020837,2755.915664,2788.380782,2830.323776,2933.370647,2959.971752,3020.878433,2898.428571
2673.001967,2755.907278,2788.376244,2830.322970,2933.381720,2959.985864,3020.897515,2898.428571
2672.991997,2755.902855,2788.373848,2830.322496,2933.387560,2959.993336,3020.907581,2898.428571
2672.987096,2756.098908,2788.422479,2829.494013,2933.389883,2959.971800,3020.910100,2898.428571
2672.970087,2755.893125,2788.368587,2830.321475,2933.400420,2960.009732,3020.929741,2898.428571
2672.959418,2755.888378,2788.366018,2830.321097,2933.406667,2960.017702,3020.940513,2898.428571
2672.888498,2755.856877,2788.348977,2830.318014,2933.448277,2960.070799,3021.012197,2898.428571
2672.880385,2755.853270,2788.347027,2830.317674,2933.453044,2960.076867,3021.020404,2898.428571
2672.878051,2755.852226,2788.346438,2830.318217,2933.454470,2960.079134,3021.022766,2898.428571
2672.862975,2755.845551,2788.342849,2830.316802,2933.463258,2960.089878,3021.037999,2898.428571
2672.860506,2755.844463,2788.342261,2830.316604,2933.464707,2960.091739,3021.040493,2898.428571
2672.834391,2755.832868,2788.335987,2830.315488,2933.480039,2960.111275,3021.066894,2898.428571
2672.829064,2755.830502,2788.334708,2830.315239,2933.483161,2960.115255,3021.072275,2898.428571
2672.810394,2755.822204,2788.330223,2830.314472,2933.494124,2960.129253,3021.091148,2898.428571
2672.791664,2755.813905,2788.325730,2830.313529,2933.505118,2960.143242,3021.110080,2898.428571
2672.782483,2755.809819,2788.323522,2830.313212,2933.510518,2960.150135,3021.119369,2898.428571
2672.774317,2755.806204,2788.321567,2830.312746,2933.515305,2960.156253,3021.127614,2898.428571
2672.774207,2755.806158,2788.321540,2830.312730,2933.515372,2960.156308,3021.127729,2898.428571
2672.772398,2755.805358,2788.321109,2830.312630,2933.516434,2960.157664,3021.129559,2898.428571
2672.759188,2755.799490,2788.317938,2830.312029,2933.524191,2960.167562,3021.142910,2898.428571
2672.754757,2755.797523,2788.316870,2830.311885,2933.526795,2960.170860,3021.147391,2898.428571
2672.747291,2755.794225,2788.315083,2830.311429,2933.531179,2960.176453,3021.154937,2898.428571
2672.727827,2755.785580,2788.310407,2830.310625,2933.542608,2960.191015,3021.174608,2898.428571
2672.722711,2755.783309,2788.309180,2830.310403,2933.545610,2960.194833,3021.179778,2898.428571
2672.673971,2755.763814,2788.298878,2830.287028,2933.577365,2960.241568,3021.229105,2898.285714
2672.648812,2755.752672,2788.292849,2830.285784,2933.592172,2960.260380,3021.254541,2898.285714
2672.616355,2755.738995,2788.285056,2830.280222,2933.611230,2960.284979,3021.287352,2898.285714
2672.570299,2755.718610,2788.274015,2830.277972,2933.638331,2960.319394,3021.333901,2898.285714
2672.547709,2755.708619,2788.268607,2830.276833,2933.651633,2960.336279,3021.356745,2898.285714
2672.497450,2755.685683,2788.256597,2830.278136,2933.681272,2960.373516,3021.407555,2898.285714
2672.459100,2755.667122,2788.245945,2830.294309,2933.700512,2960.392405,3021.446246,2898.428571
2672.444603,2755.662944,2788.244299,2830.268311,2933.712062,2960.412073,3021.460899,2898.285714
2672.414640,2755.852801,2788.286012,2829.431718,2933.728711,2960.410971,3021.489492,2898.285714
2672.393251,2755.843322,2788.280792,2829.431073,2933.741496,2960.427446,3021.511212,2898.285714
2672.385706,2755.839482,2788.279029,2829.432499,2933.745203,2960.432206,3021.518299,2898.285714
2672.368470,2755.832154,2788.274928,2829.430022,2933.755349,2960.445242,3021.535750,2898.285714
2672.364326,2755.829779,2788.273826,2829.432928,2933.757801,2960.448299,3021.539920,2898.285714
2672.351252,2755.823485,2788.271285,2829.426237,2933.768500,2960.468584,3021.553282,2898.142857
2672.326105,2755.811811,2788.265145,2829.427851,2933.783543,2960.487457,3021.578957,2898.142857
2672.323344,2755.810656,2788.264504,2829.427332,2933.784886,2960.489343,3021.581490,2898.142857
2672.295600,2755.798660,2788.257920,2829.423778,2933.801115,2960.510278,3021.609485,2898.142857
2672.298560,2755.600377,2788.210562,2830.244231,2933.802170,2960.531842,3021.608721,2898.142857
2672.290228,2755.796091,2788.256588,2829.425265,2933.803721,2960.513826,3021.614327,2898.142857
2672.287998,2755.794664,2788.255965,2829.427359,2933.805687,2960.515809,3021.617234,2898.142857
2672.287654,2755.794834,2788.255829,2829.426373,2933.806438,2960.516743,3021.617976,2898.142857
2672.284267,2755.792892,2788.255017,2829.428022,2933.807810,2960.518614,3021.620896,2898.142857
2672.243984,2755.576308,2788.197530,2830.241115,2933.834390,2960.572574,3021.663900,2898.142857
2672.199276,2755.556589,2788.186851,2830.238621,2933.860788,2960.605942,3021.709102,2898.142857
2672.173017,2755.545023,2788.180584,2830.237086,2933.876294,2960.625523,3021.735651,2898.142857
2672.165054,2755.626717,2788.200100,2829.827880,2933.878984,2960.614877,3021.742029,2898.142857
2672.159554,2755.539068,2788.177363,2830.236446,2933.884247,2960.635583,3021.749262,2898.142857
2672.130840,2755.526433,2788.170517,2830.234677,2933.901207,2960.656996,3021.778295,2898.142857
2672.125370,2755.524703,2788.169168,2830.230678,2933.904389,2960.661404,3021.783819,2898.142857
2672.082521,2755.701911,2788.206132,2829.428171,2933.926862,2960.669988,3021.825022,2898.142857
2672.067827,2755.499349,2788.155438,2830.227339,2933.938383,2960.704328,3021.842000,2898.142857
2672.032260,2755.483680,2788.146952,2830.225295,2933.959401,2960.730862,3021.877961,2898.142857
2672.024085,2755.571819,2788.167925,2829.787732,2933.962126,2960.719145,3021.884624,2898.142857
2672.020923,2755.478696,2788.144252,2830.224613,2933.966102,2960.739324,3021.889424,2898.142857
2671.959234,2755.451519,2788.129532,2830.221127,2934.002568,2960.785342,3021.951796,2898.142857
2671.949369,2755.446466,2788.127215,2830.224377,2934.008452,2960.792385,3021.961775,2898.142857
2671.903798,2755.427116,2788.116315,2830.217895,2934.035347,2960.826694,3022.007848,2898.142857
2671.898767,2755.424900,2788.115117,2830.217566,2934.038318,2960.830434,3022.012934,2898.142857
2671.879298,2755.416327,2788.110472,2830.216504,2934.049833,2960.844958,3022.032619,2898.142857
2671.845597,2755.401509,2788.102446,2830.214402,2934.069764,2960.870082,3022.066696,2898.142857
2671.831095,2755.588471,2788.145516,2829.426508,2934.074238,2960.857259,3022.078654,2898.142857
2671.786495,2755.375504,2788.088362,2830.210975,2934.104727,2960.914166,3022.126453,2898.142857
2671.777752,2755.564471,2788.132515,2829.426851,2934.107343,2960.898597,3022.133896,2898.142857
2671.775051,2755.563207,2788.131882,2829.427032,2934.108169,2960.900066,3022.135980,2898.142857
2671.776898,2755.371274,2788.086071,2830.210447,2934.110403,2960.921309,3022.136157,2898.142857
2671.756787,2755.554835,2788.127408,2829.427875,2934.119346,2960.914038,3022.154761,2898.142857
2671.688020,2755.523721,2788.110839,2829.427954,2934.160088,2960.965528,3022.224449,2898.142857
2671.674089,2755.517426,2788.107467,2829.428215,2934.167644,2960.975548,3022.237929,2898.142857
2671.654390,2755.508878,2788.102765,2829.426367,2934.179479,2960.990508,3022.258030,2898.142857
2671.654649,2755.317525,2788.056958,2830.203178,2934.182754,2961.012456,3022.259767,2898.142857
2671.596956,2755.482710,2788.088879,2829.427535,2934.213376,2961.033380,3022.316096,2898.142857
2671.586028,2755.478156,2788.086257,2829.425952,2934.219925,2961.041822,3022.327169,2898.142857
2671.580992,2755.285158,2788.039427,2830.198742,2934.226366,2961.067364,3022.334245,2898.142857
2671.571457,2755.471734,2788.082885,2829.424265,2934.227861,2961.052037,3022.341477,2898.142857
2671.561637,2755.276665,2788.034826,2830.197471,2934.237828,2961.081784,3022.353817,2898.142857
2671.550793,2755.462113,2788.077734,2829.426723,2934.240744,2961.068160,3022.362801,2898.142857
2671.519809,2755.448103,2788.070264,2829.426788,2934.259041,2961.091287,3022.394137,2898.142857
2671.475689,2755.428846,2788.058953,2829.432564,2934.281306,2961.114214,3022.438552,2898.285714
2671.465486,2755.425059,2788.056487,2829.429280,2934.288491,2961.122997,3022.449754,2898.285714
2671.415150,2755.402241,2788.044126,2829.431552,2934.318229,2961.161412,3022.500322,2898.285714
2671.407377,2755.205629,2787.996383,2830.214967,2934.324906,2961.187755,3022.509665,2898.285714
2671.406140,2755.205088,2787.996092,2830.214829,2934.325636,2961.188669,3022.510917,2898.285714
2671.369952,2755.381384,2788.033466,2829.431391,2934.344317,2961.193942,3022.545919,2898.285714
2671.283789,2755.341646,2788.013284,2829.427443,2934.398691,2961.267916,3022.632853,2898.142857
2671.272957,2755.336851,2788.010766,2829.426309,2934.404869,2961.275570,3022.643753,2898.142857
2671.227431,2755.316230,2787.999699,2829.427685,2934.431989,2961.309895,3022.689845,2898.142857
2671.205708,2755.306664,2787.994509,2829.426238,2934.444876,2961.326270,3022.711824,2898.142857
2671.186666,2755.297842,2787.989932,2829.427054,2934.456017,2961.340120,3022.731074,2898.142857
2671.176700,2755.293098,2787.987630,2829.427226,2934.461596,2961.346837,3022.741098,2898.142857
2671.161987,2755.101299,2787.939831,2830.172853,2934.474714,2961.379550,3022.757939,2898.142857
2671.147209,2755.091339,2787.934523,2830.199598,2934.479019,2961.381782,3022.772739,2898.285714
2671.127361,2755.082627,2787.929808,2830.198406,2934.490784,2961.396580,3022.792810,2898.285714
2671.096662,2755.072681,2787.924323,2830.168659,2934.513470,2961.428186,3022.823997,2898.142857
2671.082214,2755.066339,2787.920890,2830.167821,2934.522041,2961.438947,3022.838606,2898.142857
2671.057446,2755.055491,2787.915014,2830.166233,2934.536740,2961.457391,3022.863652,2898.142857
2671.053336,2755.237471,2787.957741,2829.428599,2934.535589,2961.440393,3022.866304,2898.142857
2671.052420,2755.053289,2787.913821,2830.165917,2934.539722,2961.461134,3022.868734,2898.142857
2671.045032,2755.050054,2787.912067,2830.165446,2934.544106,2961.466634,3022.876205,2898.142857
2671.037884,2755.046921,2787.910370,2830.165004,2934.548348,2961.471954,3022.883433,2898.142857
2670.991276,2755.022924,2787.897493,2830.190114,2934.571467,2961.498017,3022.930420,2898.285714
2670.987977,2755.208826,2787.941316,2829.434345,2934.570106,2961.479821,3022.932064,2898.285714
2670.969089,2755.013192,2787.892225,2830.188781,2934.584625,2961.514550,3022.952856,2898.285714
2670.953696,2755.006443,2787.888569,2830.187882,2934.593759,2961.526035,3022.968420,2898.285714
2670.951445,2755.005455,2787.888035,2830.187749,2934.595095,2961.527714,3022.970696,2898.285714
2670.935939,2754.998665,2787.884361,2830.186731,2934.604293,2961.539272,3022.986379,2898.285714
2670.915325,2755.175917,2787.924517,2829.426437,2934.616984,2961.543489,3023.005542,2898.142857
2670.894222,2755.166364,2787.919423,2829.426730,2934.629606,2961.559334,3023.026971,2898.142857
2670.875827,2754.975984,2787.871936,2830.154557,2934.644561,2961.592601,3023.047313,2898.142857
2670.867525,2755.154361,2787.912984,2829.426759,2934.645393,2961.579307,3023.053919,2898.142857
2670.853158,2755.147362,2787.909488,2829.429191,2934.653834,2961.589799,3023.068427,2898.142857
2670.855488,2754.967085,2787.867114,2830.153242,2934.656640,2961.607740,3023.067882,2898.142857
2670.848615,2754.964076,2787.865484,2830.152817,2934.660722,2961.612854,3023.074832,2898.142857
2670.845490,2755.144009,2787.907658,2829.428671,2934.658361,2961.595506,3023.076178,2898.142857
2670.826277,2755.136052,2787.903099,2829.425371,2934.669877,2961.610251,3023.095638,2898.142857
2670.763396,2754.926814,2787.845290,2830.147200,2934.711344,2961.676271,3023.161012,2898.142857
2670.757209,2754.924117,2787.843828,2830.146739,2934.715024,2961.680878,3023.167270,2898.142857
2670.746965,2755.099916,2787.884008,2829.427153,2934.716816,2961.669207,3023.175845,2898.142857
2670.732827,2754.913448,2787.838047,2830.145217,2934.729505,2961.699018,3023.191923,2898.142857
2670.707385,2755.082488,2787.874549,2829.425369,2934.740403,2961.699079,3023.215894,2898.142857
2670.681781,2755.070390,2787.868304,2829.428060,2934.755507,2961.717886,3023.241785,2898.142857
2670.653822,2755.057727,2787.861579,2829.428343,2934.772149,2961.738889,3023.270073,2898.142857
2670.648334,2754.876512,2787.818035,2830.139677,2934.779719,2961.761892,3023.277371,2898.142857
2670.623763,2754.869153,2787.814200,2830.111617,2934.799281,2961.787875,3023.302380,2898.000000
2670.558048,2755.014642,2787.839171,2829.420664,2934.834914,2961.820739,3023.367937,2898.000000
2670.556012,2754.840391,2787.798145,2830.102654,2934.839521,2961.838488,3023.370901,2898.000000
2670.511487,2754.820970,2787.787609,2830.099658,2934.866015,2961.871577,3023.415930,2898.000000
2670.503886,2754.817660,2787.785814,2830.099068,2934.870531,2961.877202,3023.423617,2898.000000
2670.500118,2754.816013,2787.784921,2830.098838,2934.872782,2961.880009,3023.427434,2898.000000
2670.492868,2754.812857,2787.783207,2830.098322,2934.877091,2961.885395,3023.434760,2898.000000
2670.451015,2754.790339,2787.771332,2830.126579,2934.897041,2961.908675,3023.476919,2898.142857
2670.435981,2754.959538,2787.809198,2829.429364,2934.900872,2961.901017,3023.489972,2898.142857
2670.403521,2754.769613,2787.760099,2830.123369,2934.925292,2961.943991,3023.524951,2898.142857
2670.357767,2754.754009,2787.751279,2830.088675,2934.957494,2961.985727,3023.571392,2898.000000
2670.351358,2754.920979,2787.789585,2829.423130,2934.956674,2961.973794,3023.576322,2898.000000
2670.309855,2754.733116,2787.739947,2830.085523,2934.986025,2962.021334,3023.619847,2898.000000
2670.293819,2754.895002,2787.775699,2829.424186,2934.990970,2962.016853,3023.634527,2898.000000
2670.272554,2754.716861,2787.731130,2830.082983,2935.008233,2962.049029,3023.657571,2898.000000
2670.208332,2754.688152,2787.716005,2830.082414,2935.046534,2962.096421,3023.722517,2898.000000
2670.180252,2754.675934,2787.709376,2830.080396,2935.063259,2962.117269,3023.750916,2898.000000
2670.157918,2754.666216,2787.704102,2830.078810,2935.076562,2962.133851,3023.773504,2898.000000
2670.145481,2754.660806,2787.701167,2830.077918,2935.083970,2962.143083,3023.786082,2898.000000
2670.125014,2754.651897,2787.696333,2830.076493,2935.096163,2962.158280,3023.806782,2898.000000
2670.114212,2754.814654,2787.732646,2829.422233,2935.097320,2962.150829,3023.815698,2898.000000
2670.110760,2754.646494,2787.692941,2830.071177,2935.104591,2962.169132,3023.821204,2898.000000
2670.109117,2754.645765,2787.692546,2830.071186,2935.105575,2962.170367,3023.822865,2898.000000
2670.103882,2754.643469,2787.691305,2830.070944,2935.108694,2962.174264,3023.828159,2898.000000
2670.077474,2754.798035,2787.723827,2829.422647,2935.120184,2962.178622,3023.853653,2898.000000
2670.048272,2754.784581,2787.716834,2829.423890,2935.137127,2962.199830,3023.882953,2898.000000
2670.037872,2754.779922,2787.714401,2829.423513,2935.142245,2962.206825,3023.892757,2898.000000
2670.033914,2754.778165,2787.713339,2829.424239,2935.145751,2962.210773,3023.897470,2898.000000
2670.018050,2754.606148,2787.671047,2830.064790,2935.159834,2962.237964,3023.914969,2898.000000
2670.016715,2754.605567,2787.670732,2830.064695,2935.160634,2962.238952,3023.916322,2898.000000
2669.980553,2754.589866,2787.662210,2830.061939,2935.182170,2962.265771,3023.952891,2898.000000
2669.969249,2754.749387,2787.697702,2829.423720,2935.185040,2962.259975,3023.963226,2898.000000
2669.967233,2754.584079,2787.659069,2830.060956,2935.190110,2962.275659,3023.966363,2898.000000
2669.950470,2754.576777,2787.655110,2830.059869,2935.200114,2962.288116,3023.983325,2898.000000
2669.916677,2754.725782,2787.685297,2829.422506,2935.215593,2962.298192,3024.016080,2898.000000
2669.914346,2754.724913,2787.684404,2829.423835,2935.217871,2962.301431,3024.018655,2898.000000
2669.908429,2754.558523,2787.645200,2830.056706,2935.225159,2962.319299,3024.025836,2898.000000
2669.897450,2754.716905,2787.680719,2829.423101,2935.228053,2962.312745,3024.036386,2898.000000
2669.873904,2754.706380,2787.674998,2829.423592,2935.241122,2962.330122,3024.059359,2898.000000
2669.860660,2754.537733,2787.633923,2830.053526,2935.253639,2962.354768,3024.074149,2898.000000
2669.850327,2754.695259,2787.669780,2829.422405,2935.254407,2962.345541,3024.083297,2898.000000
2669.813006,2754.517063,2787.622698,2830.049849,2935.282044,2962.390103,3024.122346,2898.000000
2669.811128,2754.678247,2787.660131,2829.421959,2935.278253,2962.376303,3024.122831,2898.000000
2669.798866,2754.510920,2787.619364,2830.048836,2935.290475,2962.400595,3024.136648,2898.000000
2669.793826,2754.508731,2787.618176,2830.048471,2935.293480,2962.404334,3024.141745,2898.000000
2669.720725,2754.636863,2787.639217,2829.417056,2935.337731,2962.452380,3024.214646,2897.857143
2669.630898,2754.596752,2787.617362,2829.418936,2935.391860,2962.520741,3024.305497,2897.857143
2669.616780,2754.590313,2787.614126,2829.418179,2935.400085,2962.530593,3024.319816,2897.857143
2669.603681,2754.431232,2787.575475,2830.000595,2935.412147,2962.552147,3024.334243,2897.857143
2669.593367,2754.426762,2787.573047,2829.999825,2935.418301,2962.559787,3024.344675,2897.857143
2669.591320,2754.425875,2787.572565,2829.999672,2935.419522,2962.561303,3024.346745,2897.857143
2669.589327,2754.577157,2787.607508,2829.422184,2935.416345,2962.550746,3024.347573,2897.857143
2669.579546,2754.420771,2787.569791,2829.998823,2935.426553,2962.570042,3024.358654,2897.857143
2669.576503,2754.419451,2787.569074,2829.998608,2935.428368,2962.572295,3024.361731,2897.857143
2669.572138,2754.569751,2787.603479,2829.419937,2935.426574,2962.563260,3024.364996,2897.857143
2669.558491,2754.411657,2787.564839,2829.997154,2935.439111,2962.585616,3024.379950,2897.857143
2669.537481,2754.553808,2787.595123,2829.422084,2935.447269,2962.589111,3024.400051,2897.857143
2669.509950,2754.390613,2787.553405,2829.993657,2935.468082,2962.621594,3024.429046,2897.857143
2669.490767,2754.532876,2787.584225,2829.419480,2935.474722,2962.622580,3024.447325,2897.857143
2669.445766,2754.357697,2787.536192,2830.023108,2935.501094,2962.662470,3024.493780,2898.000000
2669.386490,2754.337110,2787.524342,2829.984656,2935.541771,2962.713034,3024.553920,2897.857143
2669.378681,2754.333743,2787.522509,2829.983963,2935.546432,2962.718816,3024.561818,2897.857143
2669.376108,2754.332650,2787.521911,2829.983612,2935.547961,2962.720697,3024.564420,2897.857143
2669.334715,2754.314709,2787.512164,2829.980686,2935.572673,2962.751364,3024.606287,2897.857143
2669.326811,2754.459143,2787.544714,2829.422768,2935.573105,2962.745885,3024.613207,2897.857143
2669.286020,2754.440825,2787.534951,2829.422977,2935.597481,2962.776273,3024.654476,2897.857143
2669.274059,2754.288462,2787.497901,2829.976077,2935.608883,2962.796265,3024.667638,2897.857143
2669.222742,2754.412665,2787.520428,2829.417525,2935.634389,2962.820889,3024.718557,2897.857143
2669.204591,2754.404576,2787.515832,2829.419188,2935.645610,2962.835490,3024.736853,2897.857143
2669.139348,2754.374739,2787.500361,2829.418658,2935.691004,2962.893843,3024.803129,2897.714286
2669.123448,2754.367749,2787.496580,2829.418377,2935.700369,2962.905544,3024.819181,2897.714286
2669.070112,2754.205587,2787.452058,2829.926141,2935.736016,2962.953311,3024.874115,2897.714286
2669.067843,2754.204591,2787.451520,2829.926069,2935.737366,2962.954986,3024.876406,2897.714286
2669.056656,2754.199777,2787.448896,2829.925079,2935.744049,2962.963253,3024.887722,2897.714286
2669.048807,2754.333685,2787.478936,2829.419387,2935.744687,2962.959810,3024.894788,2897.714286
2669.047951,2754.196011,2787.446850,2829.924445,2935.749251,2962.969698,3024.896529,2897.714286
2669.028527,2754.324754,2787.474413,2829.415810,2935.756444,2962.973371,3024.915403,2897.714286
2669.004320,2754.313717,2787.468303,2829.419620,2935.771303,2962.992929,3024.939798,2897.714286
2669.000933,2754.175690,2787.435802,2829.920920,2935.777336,2963.004465,3024.944088,2897.714286
2668.992063,2754.309118,2787.464463,2829.425196,2935.773463,2962.995977,3024.951797,2897.857143
2668.992466,2754.165852,2787.431750,2829.959353,2935.777117,2963.004463,3024.952453,2897.857143
2668.986497,2754.306378,2787.463379,2829.424237,2935.776500,2962.999020,3024.957523,2897.857143
2668.966125,2754.297301,2787.458479,2829.424410,2935.788722,2963.014389,3024.978123,2897.857143
2668.937939,2754.142282,2787.418942,2829.955238,2935.809687,2963.044800,3025.007608,2897.857143
2668.925796,2754.279403,2787.448960,2829.422726,2935.812751,2963.043980,3025.018960,2897.857143
2668.863129,2754.251333,2787.433705,2829.425171,2935.850574,2963.091789,3025.082263,2897.857143
2668.841704,2754.241366,2787.428838,2829.424802,2935.863069,2963.106542,3025.104031,2897.857143
2668.839140,2754.240536,2787.428086,2829.424793,2935.864756,2963.109248,3025.106550,2897.857143
2668.778234,2754.212913,2787.414279,2829.420687,2935.899818,2963.151037,3025.168079,2897.857143
2668.762858,2754.206042,2787.409932,2829.425980,2935.910315,2963.165601,3025.183755,2897.857143
2668.754135,2754.202018,2787.407956,2829.425630,2935.915447,2963.171624,3025.192629,2897.857143
2668.752711,2754.202191,2787.407030,2829.426179,2935.917022,2963.175117,3025.193860,2897.857143
2668.751536,2754.061708,2787.375163,2829.941495,2935.921059,2963.182724,3025.196154,2897.857143
2668.693142,2754.174730,2787.393610,2829.423479,2935.951701,2963.215803,3025.254418,2897.857143
2668.674628,2754.028476,2787.357107,2829.935845,2935.967019,2963.239617,3025.273947,2897.857143
2668.669651,2754.164265,2787.388087,2829.422446,2935.965454,2963.232977,3025.278160,2897.857143
2668.623672,2754.144480,2787.377028,2829.419494,2935.993082,2963.267580,3025.324653,2897.857143
2668.595151,2753.994869,2787.338383,2829.926232,2936.014458,2963.298688,3025.354348,2897.857143
2668.556271,2753.978070,2787.329256,2829.923423,2936.037699,2963.327446,3025.393677,2897.857143
2668.509715,2754.092504,2787.349630,2829.424901,2936.060764,2963.352086,3025.439561,2897.857143
2668.483274,2753.941152,2787.310039,2829.952580,2936.076007,2963.375515,3025.467328,2898.000000
2668.464213,2754.073230,2787.337550,2829.431465,2936.084036,2963.381393,3025.485786,2898.000000
2668.444293,2754.049374,2787.346451,2829.290458,2898.220356,2936.181921,2963.401465,3025.511881
2668.442129,2754.048350,2787.346402,2829.289472,2898.236328,2936.182380,2963.402658,3025.514085
2668.424414,2754.040996,2787.341331,2829.294829,2898.256735,2936.190871,2963.416925,3025.531681
2668.415324,2753.898727,2787.301788,2829.786391,2898.358005,2936.193659,2963.429378,3025.540630
2668.400201,2754.030744,2787.335136,2829.299786,2898.302633,2936.201822,2963.435489,3025.555824
2668.395896,2754.028917,2787.334040,2829.300625,2898.310937,2936.203783,2963.438761,3025.560125
2668.371376,2754.018475,2787.327820,2829.305167,2898.359224,2936.214963,2963.457221,3025.584616
2668.350779,2754.009670,2787.322627,2829.308694,2898.400604,2936.224424,2963.472527,3025.605212
2668.348663,2754.008764,2787.322095,2829.309045,2898.404879,2936.225395,2963.474093,3025.607324
2668.333808,2754.002391,2787.318366,2829.311419,2898.435111,2936.232266,2963.485017,3025.622189
2668.324023,2753.998184,2787.315918,2829.312910,2898.455153,2936.236812,2963.492172,3025.631988
2668.281460,2753.979817,2787.305325,2829.318838,2898.542484,2936.256818,2963.522951,3025.674659
2668.270810,2753.975205,2787.302687,2829.320187,2898.564261,2936.261882,2963.530578,3025.685345
2668.263321,2753.971956,2787.300838,2829.321095,2898.579532,2936.265460,2963.535923,3025.692868
2668.238231,2753.818880,2787.257199,2829.836048,2898.749880,2936.275451,2963.558220,3025.718149
2668.228301,2753.956737,2787.292202,2829.325100,2898.649783,2936.282350,2963.560807,3025.728036
2668.216264,2753.808456,2787.251934,2829.843238,2898.795747,2936.286111,2963.573325,3025.740223
2668.202411,2753.802309,2787.248549,2829.845446,2898.824335,2936.292894,2963.583060,3025.754155
2668.097405,2753.749300,2787.219762,2829.904398,2898.978801,2936.342899,2963.661689,3025.859847
2668.061573,2753.740568,2787.214295,2829.858265,2899.078161,2936.364571,2963.681894,3025.896033
2668.029842,2753.867571,2787.243062,2829.351390,2898.993477,2936.384204,2963.701126,3025.928159
2667.969242,2753.690014,2787.186902,2829.960604,2899.722860,2936.384876,2963.735674,3025.988169
2667.880918,2753.803282,2787.206813,2829.375824,2899.997980,2936.426477,2963.766223,3026.076909
2667.872223,2753.666188,2787.171193,2829.851648,2900.121494,2936.430335,2963.774204,3026.085922
2667.840137,2753.651882,2787.163504,2829.852247,2900.133608,2936.449102,2963.797418,3026.118364
2667.830926,2753.781368,2787.195068,2829.372895,2900.045426,2936.456713,2963.801103,3026.128531
2667.810046,2753.772231,2787.189978,2829.373706,2900.046585,2936.466308,2963.815678,3026.147652
2667.794424,2753.630822,2787.152647,2829.856819,2900.151835,2936.475812,2963.830164,3026.164578
2667.769984,2753.754222,2787.180438,2829.374151,2900.065186,2936.491248,2963.844987,3026.189317
2667.763974,2753.617914,2787.145255,2829.853754,2900.162420,2936.493666,2963.852540,3026.195377
2667.753978,2753.746693,2787.176538,2829.376536,2900.069481,2936.500294,2963.856458,3026.205263
2667.747159,2753.743649,2787.174900,2829.376666,2900.072032,2936.504267,2963.861389,3026.212145
2667.695733,2753.720086,2787.162506,2829.379932,2900.092841,2936.535163,2963.898648,3026.264750
2667.688487,2753.650650,2787.143614,2829.573383,2900.109677,2936.536387,2963.904161,3026.269799
2667.686094,2753.716770,2787.160322,2829.375214,2900.099475,2936.541276,2963.905886,3026.274836
2667.643014,2753.696495,2787.149878,2829.381311,2900.109534,2936.565273,2963.936680,3026.317492
2667.629746,2753.692046,2787.146859,2829.374658,2900.116842,2936.572583,2963.946381,3026.330553
2667.591219,2753.674380,2787.137550,2829.377534,2900.132680,2936.595877,2963.974359,3026.370080
2667.567302,2753.665484,2787.132609,2829.369279,2900.136109,2936.609661,2963.990940,3026.394130
2667.550765,2753.656527,2787.128016,2829.378420,2900.144829,2936.617862,2964.003051,3026.409685
2667.500982,2753.635849,2787.116492,2829.370020,2900.161282,2936.648516,2964.039342,3026.461206
2667.493439,2753.631179,2787.114129,2829.377547,2900.166869,2936.651958,2964.044934,3026.468067
2667.458182,2753.615173,2787.105830,2829.380348,2900.179481,2936.672134,2964.070057,3026.503358
2667.431227,2753.602525,2787.099350,2829.382928,2900.192181,2936.689130,2964.089839,3026.531569
2667.318572,2753.552577,2787.072184,2829.384524,2900.229635,2936.754027,2964.171051,3026.644570
2667.231307,2753.515591,2787.051904,2829.374571,2900.263030,2936.806424,2964.234614,3026.733890
2667.225834,2753.513151,2787.050594,2829.374670,2900.265026,2936.809614,2964.238580,3026.739411
2667.217413,2753.509396,2787.048579,2829.374807,2900.268254,2936.814562,2964.244682,3026.747938
2667.158247,2753.483070,2787.034643,2829.376177,2900.290447,2936.849183,2964.287148,3026.807748
2667.157976,2753.482948,2787.034579,2829.376173,2900.290621,2936.849352,2964.287345,3026.808031
2667.145553,2753.477410,2787.031604,2829.376390,2900.295337,2936.856627,2964.296342,3026.820591
2667.120103,2753.466065,2787.025515,2829.376825,2900.304927,2936.871535,2964.314776,3026.846325
2667.081862,2753.449019,2787.016364,2829.377487,2900.319345,2936.893935,2964.342476,3026.884991
2667.040797,2753.430715,2787.006540,2829.378193,2900.334877,2936.917988,2964.372222,3026.926512
2667.025380,2753.423844,2787.002852,2829.378458,2900.340711,2936.927029,2964.383391,3026.942107
2667.014648,2753.419061,2787.000284,2829.378646,2900.344754,2936.933309,2964.391163,3026.952954
2666.999071,2753.412118,2786.996560,2829.378911,2900.350574,2936.942427,2964.402428,3026.968705
2666.993341,2753.409565,2786.995188,2829.379017,2900.352779,2936.945786,2964.406600,3026.974494
2666.980166,2753.403692,2786.992037,2829.379238,2900.357836,2936.953519,2964.416142,3026.987828
2666.959474,2753.394470,2786.987090,2829.379592,2900.365692,2936.965649,2964.431132,3027.008756
2666.918353,2753.376094,2786.977029,2829.379951,2900.381324,2936.989762,2964.461305,3027.050342
2666.915914,2753.375006,2786.976448,2829.379985,2900.382351,2936.991202,2964.463071,3027.052820
2666.912398,2753.373440,2786.975606,2829.380053,2900.383631,2936.993252,2964.465619,3027.056365
2666.906639,2753.370873,2786.974229,2829.380152,2900.385821,2936.996627,2964.469791,3027.062188
2666.860272,2753.350037,2786.963323,2829.380815,2900.412323,2937.024654,2964.503479,3027.109706
2666.856229,2753.347040,2786.961894,2829.388558,2900.411606,2937.026573,2964.506380,3027.113456
2666.846833,2753.344273,2786.960156,2829.381548,2900.408361,2937.031658,2964.512742,3027.122660
2666.834031,2753.336966,2786.956581,2829.389580,2900.422045,2937.040403,2964.522672,3027.136488
2666.788138,2753.316607,2786.945396,2829.389781,2900.436555,2937.066240,2964.556036,3027.182123
2666.773702,2753.176575,2786.908398,2829.874122,2900.537928,2937.073547,2964.569611,3027.196720
2666.761687,2753.303862,2786.938925,2829.394981,2900.445429,2937.081922,2964.575076,3027.209017
2666.760598,2753.304289,2786.938794,2829.390604,2900.446583,2937.082346,2964.575973,3027.209942
2666.755057,2753.168284,2786.903948,2829.874450,2900.545008,2937.084472,2964.583116,3027.215573
2666.719297,2753.286254,2786.928970,2829.389663,2900.461044,2937.105792,2964.605770,3027.251126
2666.708412,2753.147511,2786.892807,2829.875464,2900.562737,2937.111809,2964.616911,3027.262738
2666.705886,2753.279008,2786.925592,2829.395818,2900.468438,2937.115131,2964.615674,3027.265780
2666.687181,2753.271118,2786.921130,2829.394997,2900.470321,2937.124140,2964.628854,3027.283242
2666.686572,2753.137772,2786.887594,2829.875977,2900.571062,2937.124616,2964.632730,3027.284832
2666.678596,2753.133546,2786.885790,2829.879800,2900.575022,2937.129260,2964.638187,3027.292888
2666.663938,2753.260048,2786.915693,2829.398933,2900.479223,2937.137796,2964.645236,3027.306792
2666.652005,2753.121717,2786.879446,2829.880303,2900.585113,2937.144844,2964.657452,3027.319776
2666.624053,2753.109948,2786.872677,2829.877240,2900.594881,2937.161260,2964.678037,3027.348050
2666.592047,2753.228710,2786.898659,2829.396676,2900.509224,2937.180815,2964.697667,3027.380148
2666.581716,2753.224432,2786.896245,2829.395004,2900.515052,2937.187300,2964.705283,3027.390913
2666.493085,2753.186690,2786.875642,2829.387799,2900.542482,2937.239047,2964.769094,3027.480383
2666.488258,2753.184491,2786.874264,2829.387524,2900.544472,2937.241899,2964.772968,3027.485275
2666.448265,2753.166679,2786.864717,2829.388234,2900.559712,2937.265357,2964.801959,3027.525722
2666.447998,2753.166612,2786.864879,2829.388608,2900.559548,2937.265486,2964.801777,3027.525975
2666.428748,2753.158040,2786.860284,2829.388955,2900.566843,2937.276769,2964.815730,3027.545436
2666.426567,2753.157068,2786.859763,2829.388990,2900.567712,2937.278057,2964.817308,3027.547649
2666.394133,2753.142626,2786.852022,2829.389576,2900.579977,2937.297077,2964.840822,3027.580445
2666.393951,2753.142545,2786.851979,2829.389580,2900.580044,2937.297184,2964.840955,3027.580629
2666.377210,2753.132328,2786.847239,2829.404020,2900.588159,2937.306003,2964.853080,3027.596805
2666.377470,2752.999494,2786.813955,2829.886229,2900.689656,2937.305806,2964.856416,3027.597394
2666.371086,2753.130797,2786.845904,2829.398896,2900.590888,2937.309138,2964.857600,3027.602621
2666.355681,2753.125503,2786.842846,2829.390259,2900.594689,2937.319635,2964.868698,3027.619335
2666.345111,2752.985093,2786.806238,2829.886922,2900.702032,2937.324792,2964.879870,3027.630123
2666.343723,2753.117317,2786.839327,2829.404541,2900.600989,2937.326543,2964.877522,3027.631334
2666.338987,2753.115596,2786.838208,2829.403126,2900.604229,2937.329265,2964.881037,3027.636089
2666.297806,2753.098085,2786.828188,2829.400253,2900.618084,2937.352145,2964.911037,3027.676737
2666.291506,2752.961227,2786.793460,2829.888133,2900.722429,2937.356227,2964.918729,3027.684328
2666.265527,2753.085365,2786.821332,2829.391898,2900.628882,2937.372510,2964.934055,3027.710494
2666.265090,2753.082739,2786.820578,2829.404211,2900.632736,2937.372645,2964.934641,3027.710841
2666.250447,2753.078603,2786.817511,2829.391806,2900.634779,2937.381381,2964.945363,3027.725759
2666.236795,2753.072575,2786.814481,2829.392418,2900.639757,2937.389370,2964.954887,3027.739554
2666.235087,2753.071815,2786.814073,2829.392450,2900.640406,2937.390376,2964.956125,3027.741283
2666.207161,2753.057820,2786.806655,2829.400575,2900.656245,2937.406739,2964.977070,3027.769489
2666.188922,2753.049018,2786.802225,2829.403986,2900.664178,2937.418254,2964.990335,3027.788563
2666.176390,2753.043954,2786.799211,2829.402862,2900.664304,2937.423423,2964.999061,3027.799562
2666.154190,2752.900818,2786.760644,2829.887390,2900.773925,2937.436810,2965.018607,3027.823201
2666.153002,2752.900263,2786.760354,2829.887562,2900.774428,2937.437508,2965.019467,3027.824405
2666.148952,2752.897803,2786.759492,2829.891174,2900.776843,2937.439860,2965.022075,3027.828497
2666.137251,2753.025956,2786.789876,2829.405649,2900.681189,2937.447660,2965.027651,3027.840120
2666.135842,2753.025680,2786.789595,2829.403674,2900.684470,2937.449193,2965.028856,3027.842072
2666.130277,2753.022958,2786.788225,2829.405285,2900.683961,2937.451738,2965.032714,3027.847164
2666.122706,2752.886816,2786.753145,2829.888041,2900.785976,2937.455290,2965.041428,3027.855049
2666.103309,2753.011744,2786.781870,2829.402220,2900.693507,2937.466680,2965.052177,3027.873753
2666.071470,2752.864028,2786.740942,2829.889128,2900.805513,2937.485349,2965.078580,3027.906859
2666.061489,2752.993275,2786.771952,2829.401881,2900.710896,2937.491663,2965.082591,3027.916388
2666.052512,2752.855596,2786.736429,2829.889529,2900.812830,2937.496481,2965.092324,3027.926039
2666.023225,2752.975521,2786.762684,2829.406853,2900.722363,2937.513489,2965.110143,3027.954605
2665.964079,2752.949789,2786.748922,2829.404540,2900.749476,2937.548971,2965.153005,3028.015015
2665.949660,2752.809148,2786.712031,2829.895543,2900.852915,2937.556804,2965.166580,3028.030040
2665.948590,2752.808682,2786.711778,2829.895519,2900.853249,2937.557425,2965.167359,3028.031114
2665.926515,2752.933113,2786.739945,2829.405231,2900.762614,2937.570451,2965.180161,3028.052576
2665.923590,2752.797562,2786.705825,2829.896074,2900.862834,2937.572097,2965.185483,3028.056398
2665.879343,2752.913492,2786.729270,2829.398982,2900.775746,2937.599148,2965.214102,3028.101042
2665.875047,2752.911581,2786.728247,2829.399064,2900.777343,2937.601671,2965.217216,3028.105388
2665.871111,2752.909829,2786.727311,2829.399128,2900.778913,2937.603992,2965.220071,3028.109378
2665.833054,2752.892897,2786.718244,2829.399840,2900.793369,2937.626329,2965.247678,3028.147860
2665.796265,2752.876530,2786.709481,2829.400525,2900.807424,2937.647931,2965.274362,3028.185068
2665.760064,2752.860426,2786.700863,2829.401199,2900.821161,2937.669183,2965.300624,3028.221676
2665.742221,2752.717596,2786.662571,2829.896386,2900.931272,2937.678597,2965.317351,3028.239832
2665.736129,2752.714891,2786.661124,2829.896491,2900.933596,2937.682173,2965.321767,3028.245993
2665.730396,2752.845881,2786.693017,2829.408895,2900.835258,2937.685382,2965.322632,3028.250716
2665.726979,2752.843932,2786.692107,2829.411462,2900.835525,2937.687168,2965.325001,3028.254013
2665.722487,2752.842075,2786.691148,2829.409797,2900.841351,2937.691474,2965.328620,3028.259828
2665.711108,2752.837057,2786.688446,2829.409801,2900.845630,2937.698107,2965.336867,3028.271299
2665.702315,2752.699163,2786.653176,2829.900957,2900.947409,2937.702005,2965.345972,3028.280187
2665.680966,2752.689662,2786.648096,2829.901481,2900.955607,2937.714543,2965.361460,3028.301779
2665.654086,2752.812069,2786.675197,2829.408691,2900.871222,2937.732734,2965.378260,3028.329741
2665.641663,2752.672197,2786.638748,2829.902333,2900.970602,2937.737605,2965.389971,3028.341514
2665.602427,2752.788190,2786.662490,2829.414699,2900.885268,2937.761629,2965.415594,3028.380990
2665.592537,2752.784679,2786.660337,2829.409320,2900.895570,2937.769207,2965.423347,3028.392223
2665.591931,2752.784483,2786.660133,2829.409980,2900.889783,2937.767279,2965.423161,3028.391225
2665.566571,2752.774365,2786.654800,2829.404844,2900.894927,2937.782815,2965.441002,3028.417359
2665.563392,2752.772952,2786.654045,2829.404905,2900.896096,2937.784690,2965.443305,3028.420582
2665.529557,2752.756343,2786.645449,2829.413162,2900.916408,2937.804767,2965.468358,3028.454946
2665.509483,2752.748930,2786.640989,2829.405558,2900.916942,2937.816375,2965.482796,3028.475112
2665.505046,2752.747004,2786.640161,2829.406006,2900.918414,2937.818961,2965.485642,3028.479589
2665.440645,2752.718369,2786.624841,2829.407236,2900.942950,2937.856788,2965.532378,3028.544714
2665.432340,2752.714677,2786.622865,2829.407394,2900.946137,2937.861666,2965.538403,3028.553113
2665.431082,2752.714117,2786.622567,2829.407418,2900.946597,2937.862408,2965.539317,3028.554387
2665.429962,2752.713516,2786.622252,2829.406931,2900.953103,2937.862897,2965.540210,3028.555429
2665.427042,2752.712322,2786.621602,2829.407508,2900.948105,2937.864777,2965.542246,3028.558468
2665.419312,2752.708861,2786.619727,2829.407180,2900.955146,2937.868727,2965.547712,3028.565895
2665.403376,2752.701799,2786.615978,2829.407947,2900.957159,2937.878684,2965.559424,3028.582406
2665.376303,2752.687956,2786.608785,2829.416677,2900.976339,2937.896079,2965.580080,3028.610847
2665.376282,2752.688447,2786.608800,2829.414946,2900.972163,2937.894021,2965.579667,3028.609357
2665.374282,2752.687734,2786.608430,2829.413085,2900.977074,2937.896764,2965.581501,3028.612520
2665.364385,2752.682476,2786.605919,2829.418204,2900.982580,2937.903049,2965.589075,3028.622736
2665.334137,2752.669539,2786.598991,2829.416513,2900.990837,2937.919578,2965.610155,3028.652581
2665.323118,2752.665368,2786.596463,2829.413721,2900.990288,2937.924113,2965.617693,3028.662236
2665.316563,2752.527701,2786.561487,2829.909628,2901.094973,2937.928572,2965.625853,3028.670312
2665.285043,2752.646700,2786.587187,2829.422939,2901.005391,2937.948122,2965.645517,3028.702004
2665.284945,2752.513656,2786.553978,2829.910321,2901.107062,2937.947147,2965.648798,3028.702288
2665.260819,2752.502925,2786.548246,2829.910930,2901.116379,2937.961333,2965.666308,3028.726696
2665.248684,2752.631681,2786.578697,2829.417999,2901.021671,2937.969397,2965.672019,3028.738702
2665.242771,2752.495618,2786.543870,2829.907536,2901.122490,2937.971968,2965.679727,3028.744960
2665.225936,2752.620116,2786.572895,2829.424788,2901.027262,2937.982885,2965.688724,3028.761800
2665.224188,2752.620397,2786.572485,2829.421013,2901.025816,2937.982115,2965.689704,3028.762200
2665.144719,2752.452077,2786.520592,2829.909679,2901.160007,2938.029578,2965.750890,3028.844117
2665.126745,2752.577244,2786.549460,2829.420947,2901.068542,2938.041406,2965.760917,3028.862282
2665.118667,2752.574199,2786.547632,2829.418254,2901.068565,2938.045038,2965.766310,3028.869728
2665.108385,2752.435919,2786.511965,2829.910594,2901.173884,2938.050936,2965.777264,3028.880868
2665.102197,2752.566120,2786.543636,2829.421928,2901.081244,2938.057254,2965.779061,3028.888124
2665.089859,2752.561929,2786.541009,2829.415234,2901.083437,2938.062807,2965.787675,3028.899368
2665.061064,2752.549599,2786.534390,2829.414181,2901.088148,2938.079886,2965.808252,3028.928627
2665.058266,2752.548355,2786.533725,2829.414235,2901.089216,2938.081531,2965.810283,3028.931457
2665.051419,2752.545361,2786.532328,2829.414735,2901.091620,2938.085550,2965.814893,3028.938377
2664.995184,2752.520324,2786.518744,2829.415456,2901.113458,2938.118631,2965.856086,3028.995268
2664.992551,2752.519155,2786.518118,2829.415516,2901.114300,2938.120164,2965.857987,3028.997921
2664.982939,2752.379514,2786.482296,2829.917110,2901.222802,2938.124657,2965.868007,3029.007740
2664.979721,2752.513504,2786.515292,2829.416158,2901.118955,2938.127693,2965.866946,3029.010879
2664.975005,2752.511359,2786.513950,2829.415859,2901.121122,2938.130493,2965.870737,3029.015673
2664.963346,2752.506178,2786.511183,2829.416085,2901.125585,2938.137350,2965.879204,3029.027467
2664.942460,2752.496900,2786.506224,2829.416499,2901.133481,2938.149620,2965.894361,3029.048583
2664.930030,2752.491424,2786.503501,2829.417109,2901.138056,2938.156922,2965.903028,3029.061149
2664.896718,2752.476625,2786.495593,2829.417762,2901.150786,2938.176511,2965.927217,3029.094841
2664.893721,2752.475294,2786.494881,2829.417827,2901.151881,2938.178267,2965.929395,3029.097866
2664.882933,2752.469233,2786.491582,2829.424426,2901.161756,2938.184105,2965.937983,3029.108317
2664.832706,2752.448190,2786.480399,2829.419030,2901.175176,2938.214147,2965.973697,3029.159576
2664.828940,2752.446469,2786.479277,2829.418728,2901.176988,2938.216389,2965.976798,3029.163406
2664.804463,2752.435597,2786.473467,2829.419216,2901.186250,2938.230774,2965.994565,3029.188155
2664.803068,2752.434976,2786.473135,2829.419242,2901.186862,2938.231600,2965.995589,3029.189568
2664.710230,2752.393742,2786.451108,2829.421084,2901.222376,2938.286213,2966.063011,3029.283469
2664.705990,2752.389238,2786.449438,2829.434437,2901.226160,2938.288556,2966.066186,3029.287664
2664.699366,2752.388917,2786.448532,2829.421296,2901.226535,2938.292605,2966.070902,3029.294459
2664.679424,2752.380060,2786.443800,2829.421695,2901.234173,2938.304331,2966.085385,3029.314624
2664.678619,2752.379703,2786.443610,2829.421711,2901.234410,2938.304799,2966.085960,3029.315437
2664.647241,2752.230458,2786.402704,2829.924898,2901.351609,2938.322078,2966.111766,3029.347277
2664.637904,2752.226313,2786.400492,2829.925122,2901.355162,2938.327565,2966.118546,3029.356715
2664.586657,2752.337269,2786.421290,2829.431109,2901.279935,2938.360848,2966.153559,3029.409803
2664.539590,2752.317966,2786.410641,2829.424489,2901.287718,2938.386605,2966.186953,3029.456059
2664.537842,2752.182604,2786.376692,2829.923734,2901.392731,2938.386454,2966.191542,3029.457928
2664.528618,2752.313095,2786.408040,2829.424709,2901.291902,2938.393065,2966.194927,3029.467158
2664.507593,2752.303806,2786.403284,2829.425504,2901.299673,2938.405417,2966.209840,3029.488408
2664.478960,2752.291047,2786.396268,2829.425708,2901.310903,2938.422281,2966.230996,3029.517382
2664.410256,2752.125287,2786.346576,2829.930429,2901.442547,2938.461504,2966.283900,3029.586966
2664.409574,2752.124995,2786.346418,2829.930378,2901.442813,2938.461914,2966.284397,3029.587662
2664.326352,2752.221841,2786.359799,2829.436322,2901.378051,2938.513180,2966.342037,3029.672536
2664.320996,2752.085693,2786.325450,2829.932467,2901.476939,2938.514044,2966.348746,3029.677258
2664.299926,2752.211620,2786.354073,2829.429707,2901.379348,2938.527643,2966.360715,3029.698455
2664.296096,2752.209919,2786.353168,2829.429777,2901.380887,2938.529907,2966.363495,3029.702339
2664.282751,2752.203997,2786.350006,2829.430056,2901.385957,2938.537753,2966.373194,3029.715828
2664.269040,2752.196656,2786.346313,2829.436184,2901.399731,2938.546938,2966.383717,3029.730500
2664.264703,2752.195976,2786.345672,2829.430458,2901.388875,2938.546358,2966.385290,3029.732835
2664.249210,2752.054560,2786.308370,2829.930406,2901.503877,2938.556310,2966.401210,3029.749870
2664.220132,2752.174815,2786.334418,2829.438295,2901.414237,2938.573919,2966.419161,3029.778668
2664.154705,2752.147126,2786.319454,2829.432303,2901.435585,2938.613137,2966.466577,3029.845356
2664.146407,2752.143490,2786.317720,2829.432847,2901.438464,2938.618008,2966.472249,3029.853736
2664.145296,2752.142951,2786.317226,2829.432498,2901.439220,2938.618678,2966.473416,3029.854874
2664.138716,2752.139879,2786.315891,2829.432055,2901.451914,2938.624138,2966.478351,3029.862707
2664.128845,2752.135698,2786.313562,2829.433213,2901.445329,2938.628354,2966.485024,3029.871500
2664.112290,2752.128352,2786.309642,2829.433555,2901.451696,2938.638104,2966.497056,3029.888246
2664.108864,2752.126725,2786.308785,2829.433084,2901.459529,2938.640076,2966.499570,3029.891748
2664.097564,2752.121818,2786.306157,2829.433857,2901.457404,2938.646771,2966.507756,3029.903141
2664.073132,2752.110978,2786.300371,2829.434366,2901.466839,2938.661158,2966.525512,3029.927852
2664.071293,2752.110162,2786.299939,2829.434398,2901.467458,2938.662236,2966.526838,3029.929713
2664.060735,2752.105394,2786.297404,2829.434195,2901.476723,2938.668420,2966.534479,3029.940441
2664.050640,2752.100998,2786.295051,2829.434826,2901.475516,2938.674404,2966.541860,3029.950604
2664.035357,2752.094171,2786.291203,2829.434767,2901.481755,2938.683419,2966.553324,3029.966078
2663.997829,2752.077567,2786.282553,2829.435911,2901.496005,2938.705511,2966.580241,3030.004031
2663.944408,2752.053871,2786.269915,2829.437028,2901.516443,2938.736957,2966.619056,3030.058057
2663.933116,2752.048862,2786.267243,2829.437266,2901.520854,2938.743612,2966.627272,3030.069479
2663.921702,2752.043800,2786.264548,2829.437500,2901.525172,2938.750340,2966.635573,3030.081029
2663.913891,2752.040332,2786.262695,2829.437657,2901.528390,2938.754949,2966.641251,3030.088936
2663.889907,2752.029695,2786.257022,2829.438162,2901.537625,2938.769077,2966.658683,3030.113196
2663.885710,2752.027834,2786.256029,2829.438255,2901.539175,2938.771541,2966.661737,3030.117434
2663.882992,2752.026628,2786.255387,2829.438311,2901.540217,2938.773135,2966.663707,3030.120180
2663.849793,2752.011903,2786.247535,2829.439002,2901.553077,2938.792694,2966.687844,3030.153762
2663.809588,2751.994072,2786.238027,2829.439845,2901.568620,2938.816390,2966.717066,3030.194440
2663.791693,2751.986089,2786.233565,2829.439844,2901.575873,2938.826934,2966.730434,3030.212545
2663.773211,2751.977892,2786.229196,2829.440230,2901.582924,2938.837814,2966.743854,3030.231239
2663.762552,2751.973165,2786.226676,2829.440454,2901.587046,2938.844094,2966.751604,3030.242021
2663.729696,2751.824219,2786.185570,2829.942739,2901.704994,2938.862218,2966.778749,3030.275363
2663.662080,2751.928612,2786.202926,2829.442570,2901.625991,2938.903306,2966.824665,3030.343658
2663.659851,2751.927624,2786.202400,2829.442614,2901.626894,2938.904620,2966.826284,3030.345913
2663.639101,2751.918424,2786.197496,2829.443057,2901.634854,2938.916842,2966.841373,3030.366898
2663.638365,2751.918098,2786.197322,2829.443074,2901.635169,2938.917271,2966.841904,3030.367640
2663.633976,2751.916152,2786.196284,2829.443167,2901.636852,2938.919862,2966.845098,3030.372082
2663.600145,2751.901152,2786.188291,2829.443883,2901.649948,2938.939795,2966.869696,3030.406301
2663.597107,2751.899805,2786.187573,2829.443945,2901.651122,2938.941586,2966.871906,3030.409375
2663.590208,2751.896792,2786.186174,2829.444466,2901.653440,2938.945646,2966.876570,3030.416345
2663.589825,2751.896577,2786.185852,2829.444102,2901.653939,2938.945876,2966.877198,3030.416741
2663.588936,2751.896183,2786.185642,2829.444121,2901.654282,2938.946399,2966.877844,3030.417639
2663.571072,2751.888309,2786.181653,2829.444873,2901.660830,2938.956923,2966.890484,3030.435701
2663.561768,2751.884184,2786.179455,2829.445073,2901.664442,2938.962397,2966.897245,3030.445107
2663.559070,2751.882987,2786.178817,2829.445129,2901.665496,2938.963988,2966.899208,3030.447838
2663.535817,2751.872679,2786.173325,2829.445619,2901.674391,2938.977687,2966.916105,3030.471358
2663.531573,2751.870750,2786.172091,2829.445328,2901.676563,2938.980219,2966.919557,3030.475675
2663.519509,2751.731075,2786.135951,2829.947830,2901.786494,2938.986067,2966.931562,3030.487978
2663.452007,2751.700437,2786.120113,2829.953321,2901.813329,2939.025822,2966.980335,3030.556247
2663.422872,2751.820388,2786.145784,2829.459025,2901.721985,2939.044116,2966.998783,3030.585510
2663.418734,2751.818683,2786.144824,2829.458477,2901.723774,2939.046563,2967.001792,3030.589708
2663.375719,2751.801668,2786.135286,2829.448661,2901.736722,2939.072072,2967.032888,3030.633320
2663.357085,2751.793456,2786.131119,2829.449439,2901.743640,2939.083059,2967.046105,3030.652161
2663.323797,2751.778703,2786.123260,2829.450156,2901.756530,2939.102678,2967.070315,3030.685829
2663.279153,2751.758917,2786.112724,2829.451106,2901.773934,2939.129012,2967.102787,3030.731000
2663.235386,2751.739524,2786.102395,2829.452057,2901.790729,2939.154805,2967.134615,3030.775264
2663.224864,2751.734862,2786.099913,2829.452286,2901.794889,2939.161013,2967.142277,3030.785907
2663.208687,2751.726670,2786.095714,2829.457318,2901.801527,2939.169504,2967.153438,3030.801807
2663.170738,2751.709685,2786.086630,2829.459937,2901.819125,2939.191831,2967.181696,3030.839868
2663.151998,2751.700733,2786.082143,2829.463509,2901.825114,2939.203020,2967.195001,3030.859078
2663.135677,2751.693550,2786.078285,2829.463415,2901.835824,2939.213841,2967.207577,3030.876275
2663.126781,2751.691317,2786.076756,2829.453960,2901.838918,2939.219392,2967.213878,3030.885516
2663.123083,2751.688524,2786.075448,2829.460224,2901.841656,2939.221890,2967.216712,3030.889521
2663.075459,2751.533688,2786.031346,2829.962423,2901.959454,2939.247836,2967.254209,3030.937158
2663.023357,2751.511349,2786.018982,2829.959930,2901.979049,2939.278587,2967.292416,3030.989876
2662.992484,2751.630319,2786.044335,2829.465022,2901.891463,2939.298319,2967.312089,3031.021138
2662.980043,2751.624773,2786.041397,2829.465459,2901.896310,2939.305700,2967.321140,3031.033756
2662.923278,2751.600036,2786.028053,2829.464957,2901.913868,2939.337653,2967.361903,3031.090137
2662.917041,2751.597086,2786.026728,2829.465457,2901.912308,2939.340963,2967.365575,3031.096569
2662.910996,2751.593998,2786.024994,2829.469125,2901.917322,2939.344247,2967.370825,3031.101992
2662.892375,2751.585885,2786.020723,2829.467652,2901.927010,2939.356841,2967.384486,3031.122141
2662.891961,2751.585439,2786.020559,2829.468731,2901.923902,2939.356535,2967.383943,3031.122425
2662.882886,2751.581506,2786.018418,2829.469092,2901.929632,2939.361904,2967.391218,3031.131355
2662.858233,2751.570494,2786.012537,2829.470949,2901.936067,2939.375141,2967.408999,3031.155248
2662.821760,2751.554046,2786.004195,2829.472321,2901.957177,2939.398649,2967.435990,3031.193566
2662.814108,2751.550916,2786.002331,2829.470800,2901.965334,2939.404152,2967.442172,3031.201910
2662.798948,2751.543938,2785.998713,2829.472461,2901.966319,2939.412150,2967.452789,3031.216681
2662.790968,2751.540397,2785.996742,2829.472965,2901.967228,2939.416812,2967.458532,3031.224719
2662.773342,2751.532993,2785.992520,2829.472101,2901.983621,2939.428803,2967.472906,3031.243214
2662.681073,2751.491879,2785.970873,2829.474766,2902.010381,2939.481745,2967.538583,3031.335929
2662.679680,2751.491448,2785.970616,2829.472920,2902.014022,2939.484260,2967.539766,3031.338624
2662.667383,2751.487902,2785.968276,2829.464115,2902.011417,2939.489933,2967.548277,3031.349875
2662.627606,2751.468718,2785.958573,2829.473186,2902.034279,2939.513605,2967.577380,3031.390259
2662.616716,2751.465517,2785.956579,2829.465619,2902.030696,2939.519833,2967.584813,3031.401118
2662.601037,2751.458576,2785.952887,2829.465972,2902.036873,2939.529095,2967.596240,3031.416979
2662.547568,2751.434908,2785.940302,2829.467161,2902.057638,2939.560671,2967.635166,3031.471078
2662.469262,2751.400250,2785.921874,2829.468919,2902.088036,2939.606906,2967.692179,3031.550294
2662.414879,2751.374407,2785.908431,2829.479797,2902.113090,2939.638027,2967.731818,3031.604588
2662.381496,2751.361407,2785.901226,2829.470885,2902.122077,2939.658724,2967.756065,3031.639081
2662.327909,2751.337697,2785.888623,2829.472101,2902.142944,2939.690386,2967.795097,3031.693297
2662.283387,2751.315055,2785.877298,2829.486195,2902.158044,2939.716040,2967.826876,3031.738289
2662.268275,2751.177294,2785.841383,2829.978617,2902.272714,2939.724283,2967.841997,3031.753762
2662.141345,2751.255155,2785.844762,2829.476323,2902.215453,2939.800588,2967.930956,3031.882038
2662.132890,2751.251415,2785.842775,2829.476517,2902.218747,2939.805585,2967.937116,3031.890591
2662.130848,2751.250511,2785.842295,2829.476564,2902.219545,2939.806792,2967.938605,3031.892658
2662.110547,2751.240328,2785.837090,2829.482500,2902.237140,2939.820307,2967.954117,3031.914239
2662.061023,2751.219626,2785.825888,2829.478159,2902.246813,2939.848054,2967.989472,3031.963300
2662.052424,2751.214151,2785.823261,2829.486205,2902.259168,2939.853468,2967.996375,3031.972238
2662.007847,2751.061440,2785.780335,2829.988984,2902.374718,2939.878113,2968.031357,3032.017222
2661.996002,2751.056204,2785.777555,2829.989289,2902.379330,2939.885113,2968.039985,3032.029206
2661.978064,2751.048281,2785.773347,2829.989719,2902.386367,2939.895711,2968.053046,3032.047354
2661.969699,2751.179236,2785.804436,2829.480250,2902.282323,2939.902030,2968.055999,3032.055695
2661.949290,2751.170210,2785.799642,2829.480722,2902.290257,2939.914088,2968.070863,3032.076341
2661.904895,2751.148552,2785.788568,2829.492385,2902.311036,2939.939642,2968.103251,3032.120793
2661.890583,2751.142868,2785.785250,2829.490064,2902.316671,2939.946976,2968.113759,3032.134338
2661.878656,2751.004354,2785.750028,2829.992233,2902.425088,2939.954466,2968.125465,3032.147928
2661.875538,2751.135570,2785.781696,2829.492799,2902.324739,2939.957568,2968.124974,3032.150859
2661.846466,2751.122164,2785.774827,2829.496154,2902.333767,2939.974791,2968.146009,3032.180302
2661.843410,2751.121089,2785.774119,2829.494854,2902.336129,2939.976494,2968.148273,3032.183336
2661.843395,2751.121081,2785.774116,2829.494861,2902.336201,2939.976513,2968.148291,3032.183356
2661.829525,2751.115035,2785.770823,2829.495501,2902.339369,2939.983502,2968.158179,3032.196475
2661.826785,2751.114696,2785.770325,2829.490787,2902.342178,2939.985370,2968.160250,3032.199438
2661.807738,2751.107619,2785.766409,2829.483982,2902.345372,2939.997768,2968.174002,3032.219554
2661.803724,2751.105844,2785.765466,2829.484078,2902.346918,2940.000141,2968.176925,3032.223615
2661.799966,2751.104183,2785.764584,2829.484166,2902.348419,2940.002362,2968.179664,3032.227416
2661.790355,2751.099934,2785.762328,2829.484389,2902.352147,2940.008044,2968.186668,3032.237139
2661.779495,2751.095131,2785.759779,2829.484636,2902.356386,2940.014465,2968.194582,3032.248127
2661.773323,2751.091322,2785.757866,2829.490273,2902.364206,2940.017610,2968.199279,3032.254015
2661.772620,2751.092092,2785.758166,2829.484794,2902.358962,2940.018525,2968.199580,3032.255083
2661.740500,2751.074872,2785.749708,2829.499724,2902.373002,2940.037439,2968.223454,3032.287522
2661.716634,2751.067340,2785.745029,2829.486086,2902.380915,2940.051643,2968.240386,3032.311736
2661.697082,2750.849656,2785.666630,2830.537535,2902.453645,2940.007201,2968.221147,3032.332091
2661.700679,2750.925726,2785.708301,2829.996748,2902.494441,2940.059680,2968.255130,3032.327997
2661.654692,2751.049442,2785.712769,2829.595612,2902.347839,2940.035447,2968.242754,3032.372489
2661.642227,2751.032991,2785.726760,2829.495560,2902.413239,2940.094352,2968.295010,3032.386058
2661.629845,2750.895176,2785.691610,2829.994748,2902.521516,2940.101584,2968.307044,3032.399675
2661.570261,2751.013758,2785.693442,2829.592710,2902.431576,2940.084107,2968.300593,3032.458132
2661.529307,2750.982587,2785.700057,2829.501755,2902.469081,2940.163696,2968.379681,3032.501423
2661.516152,2750.988483,2785.680075,2829.603848,2902.461129,2940.114786,2968.338027,3032.512690
2661.515267,2750.986313,2785.682415,2829.595046,2903.067549,2940.107943,2968.322248,3032.515819
2661.507806,2750.984760,2785.678029,2829.604580,2902.472569,2940.119561,2968.343872,3032.521185
2661.480560,2750.828523,2785.656734,2830.002313,2902.580228,2940.189855,2968.415542,3032.550705
2661.460038,2750.819454,2785.651926,2830.002883,2902.588242,2940.201996,2968.430505,3032.571469
2661.436222,2750.941767,2785.678702,2829.500887,2902.497949,2940.217850,2968.445296,3032.595669
2661.429442,2750.939197,2785.677121,2829.499369,2902.503575,2940.222161,2968.450982,3032.602472
2661.417612,2750.935184,2785.674904,2829.493083,2902.497265,2940.228491,2968.458316,3032.614264
2661.401528,2750.925684,2785.670468,2829.505585,2902.509007,2940.238471,2968.470367,3032.630868
2661.388271,2750.922219,2785.668026,2829.493777,2902.508793,2940.245858,2968.479718,3032.643952
2661.370635,2750.913141,2785.663194,2829.499749,2902.524304,2940.257266,2968.493462,3032.662481
2661.364883,2750.910366,2785.661764,2829.501859,2902.520620,2940.258769,2968.496933,3032.667051
2661.350009,2750.903648,2785.658274,2829.502625,2902.528995,2940.268650,2968.508157,3032.682823
2661.295710,2750.879483,2785.645532,2829.504584,2902.544902,2940.300068,2968.547006,3032.737463
2661.255664,2750.861546,2785.636279,2829.507201,2902.567816,2940.324206,2968.576923,3032.778028
2661.247172,2750.725489,2785.602102,2830.008299,2902.671241,2940.327936,2968.585670,3032.786846
2661.229539,2750.717714,2785.597979,2830.008720,2902.678209,2940.338368,2968.598521,3032.804687
2661.210089,2750.709861,2785.593335,2830.005448,2902.685180,2940.349903,2968.613003,3032.824381
2661.159085,2750.819156,2785.613420,2829.509337,2902.602058,2940.379853,2968.647322,3032.874550
2661.154073,2750.817205,2785.612399,2829.506658,2902.605250,2940.384518,2968.650961,3032.881025
2661.152127,2750.817858,2785.612473,2829.498996,2902.601421,2940.385602,2968.652216,3032.882894
2661.147286,2750.814285,2785.610842,2829.505919,2902.600707,2940.387641,2968.654859,3032.887574
2661.141153,2750.679454,2785.577213,2830.007156,2902.712303,2940.390687,2968.663254,3032.894127
2661.139006,2750.812012,2785.609675,2829.498860,2902.598128,2940.390989,2968.659269,3032.895130
2661.116070,2750.799813,2785.603609,2829.511176,2902.621494,2940.406829,2968.678596,3032.919269
2661.058225,2750.642115,2785.557911,2830.013148,2902.745526,2940.439748,2968.723424,3032.978024
2660.983206,2750.741915,2785.572600,2829.510968,2902.672939,2940.484649,2968.775334,3033.053075
2660.971287,2750.736012,2785.569681,2829.514766,2902.676392,2940.491480,2968.783914,3033.064958
2660.965921,2750.733879,2785.568411,2829.513925,2902.675405,2940.493599,2968.787461,3033.069682
2660.949849,2750.740456,2785.545286,2829.639280,2902.955114,2940.439625,2968.726299,3033.085881
2660.937151,2750.515730,2785.487180,2830.587890,2903.245536,2940.440612,2968.735821,3033.101071
2660.903043,2750.707908,2785.554410,2829.505369,2902.698883,2940.533026,2968.833503,3033.134905
2660.878554,2750.563580,2785.515820,2830.014063,2902.815569,2940.546119,2968.854725,3033.159837
2660.855702,2750.698618,2785.523577,2829.642602,2903.187012,2940.491056,2968.784369,3033.180614
2660.845191,2750.681065,2785.540097,2829.513492,2902.724823,2940.566016,2968.876025,3033.192542
2660.809946,2750.680466,2785.512467,2829.641923,2903.113171,2940.519810,2968.819462,3033.227623
2660.797414,2750.673111,2785.510203,2829.642218,2903.372248,2940.523386,2968.820004,3033.239920
2660.795835,2750.527094,2785.496494,2830.016242,2902.848181,2940.595086,2968.915048,3033.243531
2660.789865,2750.655712,2785.527090,2829.518586,2902.743541,2940.599613,2968.915957,3033.249343
2660.783052,2750.520714,2785.493601,2830.020379,2902.853701,2940.602634,2968.924069,3033.256455
2660.718100,2750.624434,2785.510242,2829.520046,2902.775897,2940.640962,2968.968926,3033.320791
2660.700554,2750.616756,2785.506155,2829.520145,2902.781039,2940.650984,2968.981506,3033.338320
2660.646643,2750.593136,2785.493669,2829.519402,2902.807349,2940.685133,2969.021355,3033.394494
2660.646439,2750.592964,2785.493614,2829.519731,2902.804606,2940.684842,2969.021139,3033.394504
2660.585976,2750.361950,2785.404443,2830.611647,2903.660217,2940.642203,2968.969428,3033.456568
2660.582876,2750.360583,2785.403718,2830.611845,2903.663188,2940.644010,2968.971518,3033.459709
2660.556891,2750.472231,2785.431188,2830.066721,2903.484573,2940.663198,2968.990069,3033.484327
2660.520082,2750.551910,2785.443464,2829.665794,2903.464273,2940.685874,2969.014261,3033.520695
2660.464885,2750.308913,2785.376022,2830.618517,2903.785532,2940.712481,2969.051362,3033.579165
2660.457263,2750.377813,2785.417460,2830.025150,2902.981633,2940.795612,2969.162021,3033.586121
2660.451189,2750.375153,2785.416048,2830.025203,2902.984021,2940.799218,2969.166449,3033.592273
2660.445273,2750.372550,2785.414669,2830.025337,2902.986329,2940.802716,2969.170765,3033.598254
2660.389390,2750.494403,2785.412371,2829.675472,2903.557414,2940.762349,2969.104884,3033.653144
2660.387120,2750.493512,2785.411851,2829.675123,2903.560696,2940.763716,2969.106571,3033.655467
2660.380598,2750.344042,2785.399583,2830.027052,2903.011841,2940.841046,2969.217955,3033.663705
2660.369251,2750.470183,2785.428712,2829.529603,2902.917439,2940.849453,2969.224117,3033.674989
2660.290443,2750.452587,2785.389625,2829.672988,2903.612944,2940.820840,2969.173668,3033.753577
2660.285886,2750.449088,2785.388122,2829.679454,2903.667849,2940.822544,2969.175675,3033.757994
2660.212337,2750.401125,2785.392129,2829.533025,2902.982189,2940.942511,2969.338948,3033.833733
2660.199449,2750.395008,2785.389183,2829.533705,2902.972758,2940.948902,2969.345855,3033.846701
2660.190005,2750.260048,2785.355145,2830.032150,2903.086943,2940.953990,2969.357037,3033.856561
2660.177611,2750.385768,2785.384000,2829.534482,2902.997958,2940.963284,2969.364736,3033.868856
2660.176707,2750.384660,2785.383797,2829.536413,2902.987339,2940.963169,2969.363807,3033.869798
2660.170986,2750.383362,2785.382610,2829.530747,2902.995013,2940.967055,2969.368447,3033.875855
2660.168185,2750.381751,2785.382022,2829.531573,2902.981778,2940.966969,2969.368055,3033.878247
2660.154889,2750.375003,2785.378706,2829.537093,2902.995921,2940.976103,2969.379721,3033.891878
2660.149791,2750.372735,2785.377515,2829.537306,2902.998215,2940.979165,2969.383474,3033.897056
2660.121175,2750.229737,2785.339111,2830.033908,2903.114138,2940.994791,2969.407273,3033.926212
2660.107993,2750.355554,2785.367923,2829.532215,2903.016641,2941.004099,2969.414004,3033.939509
2660.093631,2750.348930,2785.364474,2829.535116,2903.028463,2941.012750,2969.425400,3033.953826
2660.024484,2750.318208,2785.348250,2829.538631,2903.058694,2941.054168,2969.476660,3034.023822
2660.021757,2750.185933,2785.315951,2830.036601,2903.153377,2941.053734,2969.479833,3034.026820
2659.972647,2750.163570,2785.304606,2830.041650,2903.173261,2941.082845,2969.515394,3034.076505
2659.950506,2750.286387,2785.331467,2829.534845,2903.076383,2941.096270,2969.527813,3034.098282
2659.943141,2750.282632,2785.329513,2829.539418,2903.086758,2941.100801,2969.534681,3034.105259
2659.942658,2750.150367,2785.297626,2830.042430,2903.185064,2941.100622,2969.537287,3034.106849
2659.901092,2750.132051,2785.287946,2830.043593,2903.201411,2941.125270,2969.567629,3034.148913
2659.880241,2750.122881,2785.283097,2830.044085,2903.209784,2941.137645,2969.582859,3034.170016
2659.858056,2750.244539,2785.309775,2829.541756,2903.104292,2941.151022,2969.594368,3034.192131
2659.852552,2750.242066,2785.308428,2829.543311,2903.119353,2941.155424,2969.600519,3034.197798
2659.785489,2750.212527,2785.292808,2829.544958,2903.145846,2941.195210,2969.649488,3034.265662
2659.783318,2750.211587,2785.292317,2829.544635,2903.143892,2941.196307,2969.650675,3034.267849
2659.780580,2750.210336,2785.291662,2829.545205,2903.147694,2941.198122,2969.653066,3034.270631
2659.761890,2750.202138,2785.287364,2829.544824,2903.151502,2941.208675,2969.665701,3034.289515
2659.755269,2750.067851,2785.254011,2830.047454,2903.259042,2941.211767,2969.674105,3034.296479
2659.745446,2750.063531,2785.251727,2830.047688,2903.262934,2941.217599,2969.681278,3034.306423
2659.733449,2750.190054,2785.280763,2829.543520,2903.161627,2941.225564,2969.686589,3034.318289
2659.705292,2750.046613,2785.242295,2830.044900,2903.278268,2941.241439,2969.710892,3034.347070
2659.625618,2749.941457,2785.180005,2830.654305,2904.496933,2941.204668,2969.632727,3034.428842
2659.624497,2749.940965,2785.179737,2830.654414,2904.499142,2941.205314,2969.633418,3034.429978
2659.531535,2749.970139,2785.201892,2830.049536,2903.346836,2941.344534,2969.837791,3034.522905
2659.531165,2749.969977,2785.201807,2830.049547,2903.347034,2941.344754,2969.838059,3034.523280
2659.443605,2749.862490,2785.137197,2830.670929,2904.828147,2941.310906,2969.743828,3034.613335
2659.429663,2749.856435,2785.133920,2830.672185,2904.852917,2941.319100,2969.752404,3034.627468
2659.402326,2749.844584,2785.127511,2830.674366,2904.899463,2941.335194,2969.769350,3034.655176
2659.365428,2749.828585,2785.118863,2830.677215,2904.961537,2941.356957,2969.792303,3034.692576
2659.368237,2750.029035,2785.195508,2829.554249,2903.311538,2941.442942,2969.954676,3034.687914
2659.336129,2750.014216,2785.187997,2829.557556,2903.317498,2941.461576,2969.977256,3034.720352
2659.317024,2749.875763,2785.152049,2830.055264,2903.431730,2941.471860,2969.994478,3034.739991
2659.250276,2749.846403,2785.136544,2830.057059,2903.457962,2941.511496,2970.043240,3034.807545
2659.248532,2749.975349,2785.167613,2829.561014,2903.352870,2941.513857,2970.041563,3034.809081
2659.238440,2749.841181,2785.133796,2830.057466,2903.462785,2941.518531,2970.051897,3034.819529
2659.224565,2749.835118,2785.130573,2830.057652,2903.468197,2941.526765,2970.062031,3034.833562
2659.197635,2749.823250,2785.124324,2830.058475,2903.478647,2941.542751,2970.081714,3034.860815
2659.190448,2749.950460,2785.154149,2829.559889,2903.378952,2941.548449,2970.084285,3034.867882
2659.163171,2749.808094,2785.116323,2830.059401,2903.492389,2941.563220,2970.106900,3034.895694
2659.142002,2749.929206,2785.142915,2829.560282,2903.393354,2941.576873,2970.119028,3034.916865
2659.140125,2749.928261,2785.142457,2829.561149,2903.396717,2941.578146,2970.120748,3034.918767
2659.125119,2749.920944,2785.138928,2829.564174,2903.398693,2941.587016,2970.131401,3034.933985
2659.121912,2749.920229,2785.138209,2829.562008,2903.406928,2941.589147,2970.134458,3034.937206
2659.103910,2749.911897,2785.134004,2829.563739,2903.407980,2941.599567,2970.146906,3034.955443
2659.025479,2749.681048,2785.039404,2830.700976,2905.486072,2941.559194,2970.007747,3035.037131
2658.958754,2749.652083,2785.023852,2830.705065,2905.580094,2941.599153,2970.050806,3035.104755
2658.954288,2749.650123,2785.022807,2830.705423,2905.586166,2941.601833,2970.053714,3035.109282
2658.946416,2749.646714,2785.020970,2830.705912,2905.597343,2941.606543,2970.058786,3035.117257
2658.927786,2749.638634,2785.016634,2830.706953,2905.623073,2941.617714,2970.070853,3035.136140
2658.834106,2749.597953,2784.994830,2830.712217,2905.748931,2941.673943,2970.131829,3035.231074
2658.798371,2749.582422,2784.986517,2830.714241,2905.795678,2941.695421,2970.155201,3035.267292
2658.792162,2749.579750,2784.985072,2830.714491,2905.804150,2941.699142,2970.159243,3035.273580
2658.758050,2749.564929,2784.977137,2830.716326,2905.848204,2941.719649,2970.181623,3035.308148
2658.739955,2749.557057,2784.972933,2830.717308,2905.871042,2941.730535,2970.193506,3035.326482
2658.702402,2749.540745,2784.964206,2830.719276,2905.918344,2941.753130,2970.218228,3035.364534
2658.691251,2749.535903,2784.961611,2830.719888,2905.932467,2941.759840,2970.225579,3035.375838
2658.677978,2749.530126,2784.958532,2830.720563,2905.948580,2941.767837,2970.234362,3035.389288
2658.648096,2749.517147,2784.951584,2830.722114,2905.985758,2941.785817,2970.254102,3035.419563
2658.639506,2749.592486,2784.971276,2830.366717,2905.832014,2941.792466,2970.265002,3035.426631
2658.624438,2749.506873,2784.946096,2830.723213,2906.014485,2941.800067,2970.269733,3035.443536
2658.588190,2749.491128,2784.937675,2830.724986,2906.058575,2941.821891,2970.293740,3035.480262
2658.576403,2749.486008,2784.934942,2830.725597,2906.072507,2941.829001,2970.301579,3035.492207
2658.569564,2749.631791,2784.971769,2830.071751,2905.819939,2941.835533,2970.314660,3035.497136
2658.558549,2749.478233,2784.930800,2830.726487,2906.093558,2941.839760,2970.313450,3035.510298
2658.449263,2749.430746,2784.905451,2830.731521,2906.220933,2941.905636,2970.386324,3035.621031
2658.391370,2749.405596,2784.892032,2830.734070,2906.286297,2941.940554,2970.425088,3035.679683
2658.380774,2749.400980,2784.889574,2830.734629,2906.298225,2941.946944,2970.432190,3035.690421
2658.358475,2749.391263,2784.884410,2830.735427,2906.318746,2941.960335,2970.447534,3035.713009
2658.347289,2749.386380,2784.881822,2830.735816,2906.326099,2941.967014,2970.455472,3035.724325
2658.261643,2749.513277,2784.903313,2830.015083,2906.066781,2942.020712,2970.527818,3035.808931
2658.258589,2749.510190,2784.902370,2830.024122,2906.081684,2942.022230,2970.528999,3035.811914
2658.249481,2749.511996,2784.901287,2829.999912,2906.071144,2942.027920,2970.536548,3035.821186
2658.245906,2749.472798,2784.892113,2830.170283,2906.141882,2942.029440,2970.537060,3035.824986
2658.228050,2749.498365,2784.895302,2830.019099,2906.089426,2942.040707,2970.551741,3035.842861
2658.226568,2749.333640,2784.853935,2830.739035,2906.404017,2942.039111,2970.541311,3035.846567
2658.191833,2749.318500,2784.845916,2830.739771,2906.425613,2942.059840,2970.566094,3035.881728
2658.149837,2749.300139,2784.836221,2830.740859,2906.450892,2942.084902,2970.596115,3035.924247
2658.101597,2749.279063,2784.825087,2830.742076,2906.479393,2942.113690,2970.630641,3035.973091
2658.092877,2749.274997,2784.823042,2830.742942,2906.484193,2942.118860,2970.637011,3035.981937
2658.092223,2749.274974,2784.822929,2830.742063,2906.485157,2942.119257,2970.637401,3035.982582
2658.064111,2749.262762,2784.816489,2830.742506,2906.498197,2942.136079,2970.657731,3036.010985
2658.044150,2749.397539,2784.848313,2830.124762,2906.266574,2942.149975,2970.680603,3036.029493
2658.043675,2749.409511,2784.850992,2830.072331,2906.255403,2942.150263,2970.680968,3036.030150
2658.025605,2749.246808,2784.808035,2830.739924,2906.529043,2942.159745,2970.684370,3036.049488
2658.022805,2749.245668,2784.807427,2830.739670,2906.531708,2942.161469,2970.686291,3036.052269
2658.016080,2749.242911,2784.805969,2830.739104,2906.537662,2942.165647,2970.690871,3036.058979
2658.010544,2749.240655,2784.804771,2830.738613,2906.542695,2942.169083,2970.694639,3036.064499
2657.999520,2749.362068,2784.834500,2830.184935,2906.336218,2942.177410,2970.709168,3036.074433
2657.996622,2749.397756,2784.841708,2830.033685,2906.304344,2942.179240,2970.711697,3036.077209
2657.994770,2749.376539,2784.836852,2830.126747,2906.347716,2942.180153,2970.711719,3036.079399
2657.993236,2749.233566,2784.801015,2830.737249,2906.558161,2942.179827,2970.706441,3036.081763
2657.952447,2749.216882,2784.792154,2830.733727,2906.594383,2942.205111,2970.734367,3036.122451
2657.948212,2749.215134,2784.791232,2830.733437,2906.598002,2942.207738,2970.737287,3036.126684
2657.940203,2749.211836,2784.789479,2830.732859,2906.604654,2942.212702,2970.742828,3036.134690
2657.939270,2749.211451,2784.789275,2830.732803,2906.605444,2942.213281,2970.743469,3036.135622
2657.930880,2749.208002,2784.787434,2830.732123,2906.612144,2942.218489,2970.749316,3036.144026
2657.904509,2749.196684,2784.781472,2830.732015,2906.627822,2942.235075,2970.768768,3036.170692
2657.891870,2749.192456,2784.779161,2830.722868,2906.646084,2942.242697,2970.775834,3036.182980
2657.846599,2749.172721,2784.768784,2830.727839,2906.676742,2942.271214,2970.809183,3036.228679
2657.838498,2749.169387,2784.767014,2830.727130,2906.683834,2942.276247,2970.814815,3036.236770
2657.801624,2749.154204,2784.758959,2830.724164,2906.715819,2942.299188,2970.840378,3036.273650
2657.784711,2749.147226,2784.755265,2830.722895,2906.730333,2942.309704,2970.852098,3036.290567
2657.744112,2749.130376,2784.746338,2830.719974,2906.762616,2942.334771,2970.880521,3036.331239
2657.735690,2749.126829,2784.744476,2830.719561,2906.768498,2942.339973,2970.886513,3036.339702
2657.731793,2749.125208,2784.743613,2830.719317,2906.771392,2942.342376,2970.889280,3036.343612
2657.710159,2749.116136,2784.738832,2830.718024,2906.786765,2942.355719,2970.904678,3036.365338
2657.675916,2749.101783,2784.731265,2830.715945,2906.811088,2942.376824,2970.929076,3036.399728
2657.654911,2749.093003,2784.726618,2830.714623,2906.825956,2942.389767,2970.944045,3036.420827
2657.607996,2749.073300,2784.716236,2830.711922,2906.858440,2942.418647,2970.977542,3036.467963
2657.589053,2749.065362,2784.712044,2830.710734,2906.871567,2942.430303,2970.991074,3036.486998
2657.559025,2749.055651,2784.706015,2830.694787,2906.876580,2942.448446,2971.014777,3036.516940
2657.556562,2749.051727,2784.704854,2830.708768,2906.893901,2942.450284,2971.014307,3036.519653
2657.550490,2749.049189,2784.703508,2830.708407,2906.898051,2942.454015,2971.018648,3036.525752
2657.500046,2749.027966,2784.692312,2830.705588,2906.931541,2942.484964,2971.054797,3036.576483
2657.494378,2749.026000,2784.690912,2830.701194,2906.926751,2942.487985,2971.060552,3036.582009
2657.492818,2749.024896,2784.690704,2830.705330,2906.936141,2942.489391,2971.059990,3036.583756
2657.449645,2749.006707,2784.681097,2830.703059,2906.964123,2942.515811,2971.090989,3036.627188
2657.448560,2749.006236,2784.680859,2830.703061,2906.964703,2942.516482,2971.091773,3036.628289
2657.435110,2749.000547,2784.677861,2830.702446,2906.973109,2942.524707,2971.101441,3036.641824
2657.427006,2748.997135,2784.676058,2830.701995,2906.978365,2942.529661,2971.107267,3036.649980
2657.398460,2748.985078,2784.669700,2830.700586,2906.996375,2942.547102,2971.127799,3036.678711
2657.366863,2748.971700,2784.662648,2830.699235,2907.015858,2942.566397,2971.150546,3036.710527
2657.365138,2748.970992,2784.662268,2830.699071,2907.017140,2942.567452,2971.151783,3036.712264
2657.363747,2748.970411,2784.661961,2830.698905,2907.017920,2942.568305,2971.152784,3036.713670
2657.347668,2748.963575,2784.658371,2830.698334,2907.027805,2942.578111,2971.164373,3036.729859
2657.341631,2748.961008,2784.657022,2830.698156,2907.031424,2942.581789,2971.168709,3036.735939
2657.300809,2748.944322,2784.647739,2830.689248,2907.048514,2942.606300,2971.199263,3036.776914
2657.258400,2748.925733,2784.638421,2830.694693,2907.081685,2942.632506,2971.228751,3036.819781
2657.249507,2748.921969,2784.636437,2830.694241,2907.086947,2942.637930,2971.235168,3036.828753
2657.233966,2748.947634,2784.640283,2830.560966,2907.008445,2942.640760,2971.245710,3036.844987
2657.219948,2748.909420,2784.629820,2830.693064,2907.104340,2942.655907,2971.256516,3036.858535
2657.210687,2748.905445,2784.627729,2830.692956,2907.109358,2942.661510,2971.263229,3036.867878
2657.200236,2748.900883,2784.625327,2830.693088,2907.113651,2942.667705,2971.270896,3036.878451
2657.177369,2748.891453,2784.620157,2830.686068,2907.111489,2942.681020,2971.288536,3036.901838
2657.111121,2748.861929,2784.604853,2830.694837,2907.149758,2942.720745,2971.336167,3036.968651
2657.105489,2748.859448,2784.603553,2830.695108,2907.151948,2942.724097,2971.340293,3036.974356
2657.099773,2748.856968,2784.602246,2830.695093,2907.154326,2942.727505,2971.344477,3036.980140
2657.054896,2748.837357,2784.591937,2830.695943,2907.172564,2942.754206,2971.377354,3037.025563
2657.034601,2748.828484,2784.587269,2830.696385,2907.180768,2942.766262,2971.392234,3037.046102
2657.013022,2749.003523,2784.632653,2829.858152,2906.718726,2942.774367,2971.436476,3037.072387
2656.974789,2748.802348,2784.573538,2830.697553,2907.204970,2942.801881,2971.436045,3037.106648
2656.942245,2748.788143,2784.566068,2830.698142,2907.218164,2942.821252,2971.459892,3037.139590
2656.926502,2748.781261,2784.562447,2830.698431,2907.224522,2942.830603,2971.471439,3037.155526
2656.900851,2748.770057,2784.556562,2830.698967,2907.234968,2942.845884,2971.490228,3037.181489
2656.899587,2748.769732,2784.555874,2830.695680,2907.235383,2942.846251,2971.491065,3037.182493
2656.885942,2748.763532,2784.553139,2830.699309,2907.241039,2942.854762,2971.501145,3037.196579
2656.875640,2748.759031,2784.550772,2830.699531,2907.245192,2942.860885,2971.508701,3037.207006
2656.870158,2748.756643,2784.549514,2830.699573,2907.247426,2942.864141,2971.512721,3037.212554
2656.868062,2748.755738,2784.549034,2830.699572,2907.248271,2942.865393,2971.514265,3037.214669
2656.841721,2748.745362,2784.542992,2830.696416,2907.262610,2942.880975,2971.533878,3037.241045
2656.835394,2748.741457,2784.541531,2830.700241,2907.261442,2942.884830,2971.538201,3037.247745
2656.834848,2748.741223,2784.541417,2830.700270,2907.261692,2942.885187,2971.538587,3037.248304
2656.834189,2748.740929,2784.541264,2830.700287,2907.261987,2942.885576,2971.539068,3037.248966
2656.803366,2748.727457,2784.534185,2830.700965,2907.274489,2942.903914,2971.561661,3037.280164
2656.792412,2748.724044,2784.531831,2830.693461,2907.281105,2942.910517,2971.569797,3037.291130
2656.751751,2748.707242,2784.522779,2830.692892,2907.297521,2942.934543,2971.599663,3037.332183
2656.714651,2748.688726,2784.513833,2830.702637,2907.310414,2942.956751,2971.626680,3037.369965
2656.704359,2748.684211,2784.511475,2830.702931,2907.314610,2942.962883,2971.634211,3037.380387
2656.703867,2748.683980,2784.511354,2830.702993,2907.314677,2942.963153,2971.634586,3037.380891
2656.679494,2748.673367,2784.505771,2830.703325,2907.324710,2942.977677,2971.652441,3037.405554
2656.670323,2748.669354,2784.503665,2830.703500,2907.328435,2942.983128,2971.659169,3037.414836
2656.604214,2748.640490,2784.488506,2830.704798,2907.355256,2943.022497,2971.707625,3037.481755
2656.603091,2748.639981,2784.488246,2830.704964,2907.355680,2943.023172,2971.708444,3037.482896
2656.589315,2748.633983,2784.485086,2830.705159,2907.361255,2943.031372,2971.718546,3037.496838
2656.586193,2748.632617,2784.484376,2830.705241,2907.362577,2943.033252,2971.720823,3037.499998
2656.568736,2748.788236,2784.517759,2830.009369,2907.296606,2943.049813,2971.728898,3037.516929
2656.554715,2748.618881,2784.477159,2830.705807,2907.375338,2943.051987,2971.743904,3037.531861
2656.533016,2748.609401,2784.472184,2830.706268,2907.384174,2943.064917,2971.759806,3037.553826
2656.531752,2748.608850,2784.471889,2830.706289,2907.384686,2943.065645,2971.760744,3037.555102
2656.521187,2748.604238,2784.469471,2830.706512,2907.388957,2943.071953,2971.768483,3037.565801
2656.510487,2748.599559,2784.467019,2830.706738,2907.393279,2943.078332,2971.776324,3037.576633
2656.479710,2748.587697,2784.460372,2830.696767,2907.405661,2943.096655,2971.798677,3037.607832
2656.439658,2748.568639,2784.450786,2830.708158,2907.421988,2943.120522,2971.828251,3037.648336
2656.424617,2748.562087,2784.447339,2830.708423,2907.428093,2943.129480,2971.839283,3037.663562
2656.414796,2748.557811,2784.445091,2830.708579,2907.432125,2943.135328,2971.846481,3037.673496
2656.403623,2748.552916,2784.442527,2830.708852,2907.436682,2943.141976,2971.854676,3037.684806
2656.378031,2748.541743,2784.436663,2830.709403,2907.447069,2943.157228,2971.873438,3037.710713
2656.351814,2748.530311,2784.430664,2830.709884,2907.457727,2943.172862,2971.892651,3037.737251
2656.329528,2748.520573,2784.425558,2830.710356,2907.466727,2943.186141,2971.908993,3037.759817
2656.327631,2748.519757,2784.425122,2830.710350,2907.467595,2943.187266,2971.910384,3037.761730
2656.302024,2748.508582,2784.419259,2830.710857,2907.477918,2943.202522,2971.929164,3037.787655
2656.299238,2748.507359,2784.418621,2830.710955,2907.479042,2943.204189,2971.931204,3037.790477
2656.298244,2748.506926,2784.418392,2830.710917,2907.479461,2943.204772,2971.931936,3037.791479
2656.271378,2748.495205,2784.412240,2830.711442,2907.490366,2943.220779,2971.951637,3037.818675
2656.269054,2748.494204,2784.411710,2830.711482,2907.491262,2943.222167,2971.953341,3037.821035
2656.235021,2748.479331,2784.403913,2830.712284,2907.505129,2943.242454,2971.978294,3037.855482
2656.217153,2748.471560,2784.399822,2830.712462,2907.512378,2943.253076,2971.991411,3037.873566
2656.213988,2748.470169,2784.399095,2830.712594,2907.513662,2943.254967,2971.993729,3037.876770
2656.200442,2748.625761,2784.433608,2830.024376,2907.506942,2943.273087,2971.996121,3037.888404
2656.186386,2748.458121,2784.392782,2830.713191,2907.524893,2943.271436,2972.013959,3037.904715
2656.183098,2748.456690,2784.392029,2830.713172,2907.526245,2943.273386,2972.016375,3037.908040
2656.175033,2748.532583,2784.410583,2830.377410,2907.522973,2943.283290,2972.018475,3037.915186
2656.175796,2748.453492,2784.390356,2830.713405,2907.529202,2943.277744,2972.021727,3037.915432
2656.169130,2748.450590,2784.388832,2830.713501,2907.531898,2943.281717,2972.026616,3037.922181
2656.149508,2748.442031,2784.384341,2830.713926,2907.539882,2943.293419,2972.041003,3037.942044
2656.108832,2748.424298,2784.375031,2830.714683,2907.556359,2943.317653,2972.070843,3037.983227
2656.086925,2748.414731,2784.370013,2830.715181,2907.565285,2943.330705,2972.086910,3038.005396
2656.084243,2748.413556,2784.369401,2830.715290,2907.566409,2943.332316,2972.088872,3038.008112
2656.077327,2748.410537,2784.367818,2830.715421,2907.569232,2943.336433,2972.093946,3038.015112
2656.029888,2748.556170,2784.395506,2830.015186,2907.574246,2943.374671,2972.121639,3038.061049
2656.014726,2748.383232,2784.353500,2830.716660,2907.594650,2943.373765,2972.139855,3038.078485
2655.981379,2748.368699,2784.345869,2830.717267,2907.608236,2943.393623,2972.164326,3038.112241
2655.973675,2748.365323,2784.344107,2830.717542,2907.611354,2943.398231,2972.169969,3038.120041
2655.956722,2748.357938,2784.340231,2830.717836,2907.618242,2943.408340,2972.182405,3038.137204
2655.932669,2748.347447,2784.334726,2830.718277,2907.628042,2943.422658,2972.200060,3038.161551
2655.928775,2748.345747,2784.333836,2830.718387,2907.629633,2943.424984,2972.202914,3038.165492
2655.928213,2748.345495,2784.333709,2830.718457,2907.629828,2943.425337,2972.203319,3038.166065
2655.895944,2748.331427,2784.326331,2830.719110,2907.642967,2943.444574,2972.226991,3038.198730
2655.875649,2748.322582,2784.321695,2830.719481,2907.651201,2943.456685,2972.241875,3038.219279
2655.854675,2748.344779,2784.325026,2830.588308,2907.658355,2943.470887,2972.255831,3038.239799
2655.837235,2748.305834,2784.312913,2830.720262,2907.666820,2943.479598,2972.270054,3038.258166
2655.827579,2748.301624,2784.310703,2830.720436,2907.670761,2943.485344,2972.277145,3038.267940
2655.796530,2748.291320,2784.304734,2830.705604,2907.685150,2943.504711,2972.300719,3038.299283
2655.778088,2748.280041,2784.299393,2830.721432,2907.690875,2943.514865,2972.313451,3038.318042
2655.769473,2748.276288,2784.297421,2830.721654,2907.694373,2943.520000,2972.319778,3038.326763
2655.758542,2748.268394,2784.292992,2830.734029,2907.630087,2943.519299,2972.328439,3038.338975
2655.746950,2748.272176,2784.292557,2830.700462,2907.634864,2943.526239,2972.336450,3038.350431
2655.744607,2748.265443,2784.291743,2830.722185,2907.704491,2943.534845,2972.338012,3038.351939
2655.733189,2748.260468,2784.289128,2830.722356,2907.709155,2943.541628,2972.346403,3038.363495
2655.703109,2748.247347,2784.282257,2830.723059,2907.721390,2943.559588,2972.368464,3038.393946
2655.691939,2748.242478,2784.279708,2830.723241,2907.725926,2943.566255,2972.376657,3038.405256
2655.668604,2748.232316,2784.274378,2830.723706,2907.735422,2943.580175,2972.393780,3038.428880
2655.661738,2748.229322,2784.272809,2830.723844,2907.738216,2943.584270,2972.398819,3038.435831
2655.624101,2748.212917,2784.264209,2830.724617,2907.753531,2943.606715,2972.426441,3038.473930
2655.592678,2748.199219,2784.257033,2830.725272,2907.766322,2943.625468,2972.449497,3038.505743
2655.584890,2748.310077,2784.283364,2830.240847,2907.763214,2943.637077,2972.449277,3038.511992
2655.570355,2748.189483,2784.251934,2830.725772,2907.775408,2943.638783,2972.465879,3038.528342
2655.549824,2748.180541,2784.247247,2830.726157,2907.783763,2943.651037,2972.480944,3038.549127
2655.548683,2748.180044,2784.246987,2830.726181,2907.784227,2943.651717,2972.481782,3038.550281
2655.535803,2748.174434,2784.244049,2830.726429,2907.789472,2943.659405,2972.491234,3038.563323
2655.518504,2748.166894,2784.240098,2830.726795,2907.796518,2943.669730,2972.503926,3038.580834
2655.514189,2748.165013,2784.239112,2830.726834,2907.798268,2943.672294,2972.507099,3038.585202
2655.504296,2748.160700,2784.236850,2830.727075,2907.802308,2943.678187,2972.514365,3038.595217
2655.477228,2748.148892,2784.230671,2830.727763,2907.813297,2943.694362,2972.534219,3038.622622
2655.464368,2748.143290,2784.227736,2830.728027,2907.818543,2943.702038,2972.543656,3038.635641
2655.428772,2748.127779,2784.219613,2830.728773,2907.833065,2943.723288,2972.569779,3038.671679
2655.408580,2748.118987,2784.215004,2830.729148,2907.841266,2943.735327,2972.584605,3038.692119
2655.342481,2748.090186,2784.199921,2830.730538,2907.868180,2943.774781,2972.633121,3038.759037
2655.332526,2748.085850,2784.197651,2830.730749,2907.872241,2943.780727,2972.640427,3038.769116
2655.302719,2748.072865,2784.190850,2830.731355,2907.884370,2943.798512,2972.662310,3038.799292
2655.294991,2748.069500,2784.189088,2830.731507,2907.887529,2943.803125,2972.667983,3038.807115
2655.282729,2748.064159,2784.186291,2830.731758,2907.892525,2943.810444,2972.676984,3038.819529
2655.279720,2748.062847,2784.185604,2830.731822,2907.893741,2943.812239,2972.679194,3038.822576
2655.263977,2748.055991,2784.182013,2830.732143,2907.900166,2943.821637,2972.690751,3038.838514
2655.259723,2748.054138,2784.181043,2830.732232,2907.901889,2943.824174,2972.693874,3038.842820
2655.257551,2748.053191,2784.180547,2830.732277,2907.902775,2943.825471,2972.695469,3038.845020
2655.255680,2748.052377,2784.180121,2830.732315,2907.903537,2943.826588,2972.696843,3038.846914
2655.253609,2748.051476,2784.179649,2830.732353,2907.904391,2943.827826,2972.698363,3038.849010
2655.250136,2748.049962,2784.178856,2830.732426,2907.905796,2943.829897,2972.700913,3038.852527
2655.235919,2748.043770,2784.175614,2830.732724,2907.911588,2943.838384,2972.711349,3038.866920
2655.226804,2748.039797,2784.173536,2830.732949,2907.915313,2943.843832,2972.718038,3038.876149
2655.197245,2748.026922,2784.166798,2830.733573,2907.927362,2943.861490,2972.739733,3038.906076
2655.167725,2748.014067,2784.160068,2830.734176,2907.939374,2943.879116,2972.761406,3038.935963
2655.163236,2748.012110,2784.159047,2830.734258,2907.941188,2943.881801,2972.764699,3038.940511
2655.156937,2748.009686,2784.157841,2830.734315,2907.943922,2943.885762,2972.770373,3038.946700
2655.151458,2748.006983,2784.156358,2830.734519,2907.946019,2943.888821,2972.773353,3038.952431
2655.116036,2747.991558,2784.148287,2830.735205,2907.960433,2943.909977,2972.799357,3038.988297
2655.112238,2747.989895,2784.147417,2830.735392,2907.961957,2943.912245,2972.802147,3038.992143
2655.065048,2747.969357,2784.136661,2830.736295,2907.981224,2943.940413,2972.836801,3039.039913
2654.964881,2747.925744,2784.113841,2830.738416,2908.022058,2944.000251,2972.910347,3039.141329
2654.947101,2747.918011,2784.109793,2830.738727,2908.029303,2944.010871,2972.923405,3039.159330
2654.863716,2747.881713,2784.090798,2830.740494,2908.063325,2944.060662,2972.984650,3039.243748
2654.859566,2747.879902,2784.089855,2830.740629,2908.065032,2944.063151,2972.987694,3039.247952
2654.769327,2747.840633,2784.069312,2830.742447,2908.101832,2944.117062,2973.053972,3039.339315
2654.766214,2747.839273,2784.068601,2830.742604,2908.103093,2944.118925,2973.056258,3039.342467
2654.745792,2747.830388,2784.063956,2830.742988,2908.111439,2944.131131,2973.071256,3039.363145
2654.715289,2747.817118,2784.057014,2830.743598,2908.123880,2944.149356,2973.093664,3039.394028
2654.703856,2747.812130,2784.054408,2830.743961,2908.128514,2944.156188,2973.102062,3039.405607
2654.688145,2747.805304,2784.050835,2830.744232,2908.134976,2944.165573,2973.113603,3039.421508
2654.624461,2747.778963,2784.037147,2830.731537,2908.148255,2944.204223,2973.161429,3039.486153
2654.613364,2747.772767,2784.033821,2830.745815,2908.165475,2944.210263,2973.168539,3039.497223
2654.611175,2747.768309,2784.031401,2830.762057,2908.097649,2944.204463,2973.171250,3039.500544
2654.580466,2747.758456,2784.026336,2830.746501,2908.178923,2944.229918,2973.192711,3039.530530
2654.530466,2747.736706,2784.014966,2830.747557,2908.199348,2944.259803,2973.229445,3039.581154
2654.518781,2747.731623,2784.012309,2830.747810,2908.204117,2944.266789,2973.238030,3039.592985
2654.490330,2747.715686,2784.004015,2830.764365,2908.145740,2944.276937,2973.259962,3039.623003
2654.488723,2747.718541,2784.005478,2830.748519,2908.216333,2944.284789,2973.260096,3039.623424
2654.483424,2747.716247,2784.004272,2830.748496,2908.218538,2944.287929,2973.264005,3039.628785
2654.482155,2747.715695,2784.003986,2830.748522,2908.219031,2944.288690,2973.264938,3039.630075
2654.450953,2747.698608,2783.994960,2830.765460,2908.163260,2944.300262,2973.289023,3039.662743
2654.393458,2747.677120,2783.983822,2830.750408,2908.255285,2944.341714,2973.330112,3039.719875
2654.363033,2747.854367,2784.017909,2829.942806,2908.084168,2944.358331,2973.349167,3039.749666
2654.323297,2747.646610,2783.967874,2830.751945,2908.283949,2944.383655,2973.381674,3039.790912
2654.283584,2747.629337,2783.958852,2830.752845,2908.300187,2944.407412,2973.410854,3039.831123
2654.274817,2747.625528,2783.956860,2830.753005,2908.303752,2944.412652,2973.417299,3039.840000
2654.251040,2747.615197,2783.951463,2830.753451,2908.313464,2944.426879,2973.434771,3039.864078
2654.242858,2747.612924,2783.950333,2830.740501,2908.305212,2944.432270,2973.441697,3039.872487
2654.239817,2747.610317,2783.948914,2830.753701,2908.318049,2944.433592,2973.443019,3039.875441
2654.220376,2747.601861,2783.944495,2830.754165,2908.326031,2944.445211,2973.457309,3039.895121
2654.217986,2747.600820,2783.943951,2830.754220,2908.326990,2944.446638,2973.459067,3039.897542
2654.204516,2747.594968,2783.940895,2830.754445,2908.332489,2944.454697,2973.468966,3039.911181
2654.183173,2747.585694,2783.936049,2830.754891,2908.341217,2944.467462,2973.484652,3039.932791
2654.155301,2747.570112,2783.927875,2830.771210,2908.283254,2944.477173,2973.506284,3039.962135
2654.141646,2747.568664,2783.927204,2830.747648,2908.358001,2944.493068,2973.515888,3039.974761
2654.139830,2747.566851,2783.926207,2830.755838,2908.358929,2944.493391,2973.516509,3039.976678
2654.112564,2747.554996,2783.920018,2830.756428,2908.370053,2944.509700,2973.536551,3040.004290
2654.096316,2747.547935,2783.916327,2830.756776,2908.376719,2944.519417,2973.548495,3040.020737
2654.006635,2747.508958,2783.895969,2830.758746,2908.413403,2944.573057,2973.614425,3040.111540
2653.999562,2747.505884,2783.894365,2830.758900,2908.416272,2944.577293,2973.619623,3040.118706
2653.989740,2747.501613,2783.892136,2830.759129,2908.420315,2944.583170,2973.626843,3040.128648
2653.978279,2747.496633,2783.889536,2830.759385,2908.425003,2944.590031,2973.635267,3040.140254
2653.972800,2747.494260,2783.888296,2830.759421,2908.427225,2944.593313,2973.639295,3040.145805
2653.955348,2747.486672,2783.884333,2830.759857,2908.434384,2944.603750,2973.652127,3040.163472
2653.913766,2747.468610,2783.874903,2830.760684,2908.451383,2944.628633,2973.682698,3040.205578
2653.876996,2747.452630,2783.866559,2830.761531,2908.466432,2944.650629,2973.709737,3040.242809
2653.828495,2747.431557,2783.855560,2830.762596,2908.486282,2944.679658,2973.745395,3040.291918
2653.817790,2747.426911,2783.853137,2830.762783,2908.490638,2944.686074,2973.753263,3040.302762
2653.815936,2747.426101,2783.852715,2830.762824,2908.491406,2944.687177,2973.754628,3040.304637
2653.804922,2747.421313,2783.850215,2830.763135,2908.495922,2944.693770,2973.762727,3040.315789
2653.798234,2747.418407,2783.848698,2830.763278,2908.498638,2944.697770,2973.767646,3040.322563
2653.787911,2747.413924,2783.846358,2830.763493,2908.502888,2944.703947,2973.775237,3040.333012
2653.772713,2747.408356,2783.843462,2830.755486,2908.510797,2944.713824,2973.786989,3040.348313
2653.753453,2747.398958,2783.838546,2830.764229,2908.516995,2944.724569,2973.800577,3040.367904
2653.750480,2747.398622,2783.838293,2830.756152,2908.521831,2944.727053,2973.803053,3040.370821
2653.732476,2747.389847,2783.833790,2830.764674,2908.525584,2944.737121,2973.816004,3040.389144
2653.713846,2747.381758,2783.829568,2830.765081,2908.533203,2944.748276,2973.829703,3040.408008
2653.689839,2747.371331,2783.824130,2830.765559,2908.543016,2944.762654,2973.847354,3040.432318
2653.663472,2747.359883,2783.818154,2830.766096,2908.553820,2944.778431,2973.866748,3040.459016
2653.658963,2747.357916,2783.817130,2830.766298,2908.555668,2944.781139,2973.870060,3040.463583
2653.617157,2747.339764,2783.807657,2830.767194,2908.572783,2944.806161,2973.900809,3040.505914
2653.612926,2747.337929,2783.806701,2830.767232,2908.574512,2944.808697,2973.903920,3040.510200
2653.552479,2747.311686,2783.793008,2830.768530,2908.599265,2944.844890,2973.948379,3040.571408
2653.532118,2747.302834,2783.788391,2830.769088,2908.607596,2944.857077,2973.963356,3040.592025
2653.519425,2747.297335,2783.785521,2830.769240,2908.612798,2944.864679,2973.972693,3040.604878
2653.510431,2747.293423,2783.783485,2830.769471,2908.616459,2944.870068,2973.979307,3040.613991
2653.504816,2747.290982,2783.782213,2830.769616,2908.618756,2944.873432,2973.983435,3040.619676
2653.499802,2747.288817,2783.781078,2830.769664,2908.620843,2944.876431,2973.987126,3040.624749
2653.459161,2747.271165,2783.771871,2830.770627,2908.637485,2944.900761,2974.017023,3040.665900
2653.452738,2747.268377,2783.770420,2830.770747,2908.640122,2944.904617,2974.021743,3040.672406
2653.444456,2747.264780,2783.768543,2830.770960,2908.643532,2944.909575,2974.027836,3040.680791
2653.437043,2747.261563,2783.766867,2830.771065,2908.646525,2944.914014,2974.033292,3040.688303
2653.399747,2747.245377,2783.758423,2830.771867,2908.661831,2944.936347,2974.060728,3040.726064
2653.395444,2747.243506,2783.757447,2830.772020,2908.663586,2944.938929,2974.063892,3040.730423
2653.376973,2747.235479,2783.753263,2830.772503,2908.671161,2944.949990,2974.077481,3040.749126
2653.334395,2747.217012,2783.743632,2830.773302,2908.688606,2944.975496,2974.108803,3040.792242
2653.317648,2747.209738,2783.739838,2830.773766,2908.695472,2944.985525,2974.121125,3040.809199
2653.311230,2747.206950,2783.738387,2830.773899,2908.698110,2944.989372,2974.125845,3040.815699
2653.302407,2747.204816,2783.737111,2830.759389,2908.694461,2944.995303,2974.133313,3040.824645
2653.281863,2747.194207,2783.731741,2830.774527,2908.710152,2945.006954,2974.147457,3040.845435
2653.280873,2747.193777,2783.731516,2830.774549,2908.710557,2945.007547,2974.148186,3040.846438
2653.278161,2747.192597,2783.730903,2830.774621,2908.711642,2945.009175,2974.150181,3040.849188
2653.267303,2747.187887,2783.728447,2830.774847,2908.716114,2945.015684,2974.158166,3040.860180
2653.242060,2747.176938,2783.722739,2830.775360,2908.726454,2945.030809,2974.176735,3040.885743
2653.237604,2747.171803,2783.720181,2830.787802,2908.667087,2945.026731,2974.180346,3040.891339
2653.214749,2747.165084,2783.716558,2830.776001,2908.737673,2945.047167,2974.196835,3040.913397
2653.207148,2747.161792,2783.714842,2830.776107,2908.740755,2945.051726,2974.202427,3040.921098
2653.194274,2747.157289,2783.712656,2830.767317,2908.743224,2945.060139,2974.212449,3040.934092
2653.194144,2747.156143,2783.711899,2830.776441,2908.746111,2945.059510,2974.211979,3040.934266
2653.192871,2747.155590,2783.711610,2830.776471,2908.746662,2945.060263,2974.212914,3040.935552
2653.076503,2747.101621,2783.683483,2830.795781,2908.724319,2945.123234,2974.299846,3041.054521
2653.076478,2747.105095,2783.685295,2830.778990,2908.794398,2945.130014,2974.298559,3041.053417
2653.062912,2747.247433,2783.715015,2830.156112,2908.683394,2945.137032,2974.302416,3041.066929
2653.054824,2747.095702,2783.680396,2830.779456,2908.803233,2945.142990,2974.314522,3041.075345
2653.012477,2747.079155,2783.671604,2830.765145,2908.812926,2945.169067,2974.346593,3041.118243
2653.003838,2747.073580,2783.668870,2830.780666,2908.824154,2945.173546,2974.352045,3041.126976
2652.995902,2747.070140,2783.667075,2830.780829,2908.827397,2945.178300,2974.357887,3041.135012
2652.967193,2747.057690,2783.660587,2830.781450,2908.839190,2945.195503,2974.379018,3041.164082
2652.959461,2747.054337,2783.658844,2830.781589,2908.842345,2945.200151,2974.384703,3041.171916
2652.952045,2747.051118,2783.657164,2830.781790,2908.845417,2945.204581,2974.390169,3041.179423
2652.942081,2747.046793,2783.654913,2830.782040,2908.849491,2945.210562,2974.397499,3041.189515
2652.919500,2747.037009,2783.649815,2830.782472,2908.858734,2945.224106,2974.414117,3041.212385
2652.911178,2747.033396,2783.647936,2830.782652,2908.862136,2945.229091,2974.420243,3041.220814
2652.908910,2747.032413,2783.647424,2830.782704,2908.863063,2945.230452,2974.421912,3041.223111
2652.890424,2747.024395,2783.643247,2830.783117,2908.870652,2945.241530,2974.435520,3041.241831
2652.890341,2747.024357,2783.643224,2830.783166,2908.870733,2945.241572,2974.435585,3041.241910
2652.883411,2747.021351,2783.641659,2830.783311,2908.873554,2945.245724,2974.440688,3041.248931
2652.878795,2747.019350,2783.640614,2830.783425,2908.875456,2945.248493,2974.444084,3041.253602
2652.874367,2747.017430,2783.639615,2830.783513,2908.877289,2945.251143,2974.447345,3041.258085
2652.863197,2747.012585,2783.637091,2830.783771,2908.881869,2945.257842,2974.455566,3041.269397
2652.861426,2747.011823,2783.636695,2830.783733,2908.882584,2945.258908,2974.456867,3041.271191
2652.857062,2747.009932,2783.635710,2830.783844,2908.884371,2945.261528,2974.460077,3041.275611
2652.825396,2746.996195,2783.628555,2830.784611,2908.897348,2945.280511,2974.483390,3041.307680
2652.800839,2746.985546,2783.623008,2830.785151,2908.907464,2945.295227,2974.501469,3041.332546
2652.739901,2746.956177,2783.607677,2830.797165,2908.861963,2945.325126,2974.547574,3041.395431
2652.737878,2746.958250,2783.608792,2830.786559,2908.933306,2945.332983,2974.547817,3041.396306
2652.733972,2746.956555,2783.607911,2830.786650,2908.934913,2945.335322,2974.550694,3041.400262
2652.731791,2746.955610,2783.607418,2830.786692,2908.935808,2945.336627,2974.552300,3041.402469
2652.728829,2746.954327,2783.606748,2830.786744,2908.937011,2945.338401,2974.554482,3041.405469
2652.715079,2746.948368,2783.603645,2830.787044,2908.942661,2945.346649,2974.564605,3041.419395
2652.705353,2746.944148,2783.601450,2830.787282,2908.946664,2945.352480,2974.571764,3041.429243
2652.673055,2746.930147,2783.594160,2830.788003,2908.959926,2945.371849,2974.595544,3041.461951
2652.645271,2746.918102,2783.587889,2830.788637,2908.971332,2945.388514,2974.615999,3041.490089
2652.644288,2746.917676,2783.587667,2830.788662,2908.971735,2945.389104,2974.616723,3041.491084
2652.606267,2746.901194,2783.579088,2830.789523,2908.987345,2945.411915,2974.644712,3041.529588
2652.603762,2746.896919,2783.576782,2830.803887,2908.919362,2945.406593,2974.647929,3041.533189
2652.583062,2746.891139,2783.573851,2830.790018,2908.996885,2945.425820,2974.661805,3041.553087
2652.573432,2746.886965,2783.571678,2830.790242,2909.000840,2945.431596,2974.668896,3041.562839
2652.536582,2746.870997,2783.563365,2830.791045,2909.015947,2945.453700,2974.696032,3041.600161
2652.535981,2746.867403,2783.561545,2830.805872,2908.948764,2945.447277,2974.697517,3041.601836
2652.502855,2746.853087,2783.554018,2830.807005,2908.960366,2945.467192,2974.722250,3041.635402
2652.476411,2746.844917,2783.549794,2830.792433,2909.040688,2945.489803,2974.740334,3041.661095
2652.468118,2746.838273,2783.546344,2830.804088,2908.972478,2945.488131,2974.747722,3041.670684
2652.456543,2746.836308,2783.545314,2830.792879,2909.048858,2945.501724,2974.754966,3041.681216
2652.448305,2746.832746,2783.543458,2830.792971,2909.052235,2945.506659,2974.761036,3041.689559
2652.444085,2746.830912,2783.542508,2830.793111,2909.053936,2945.509200,2974.764141,3041.693838
2652.433417,2746.826293,2783.540101,2830.793322,2909.058349,2945.515593,2974.772000,3041.704636
2652.428450,2746.824141,2783.538981,2830.793436,2909.060390,2945.518573,2974.775657,3041.709666
2652.408018,2746.815288,2783.534375,2830.793904,2909.068784,2945.530835,2974.790703,3041.730358
2652.387140,2746.806239,2783.529670,2830.794385,2909.077336,2945.543365,2974.806079,3041.751507
2652.357188,2746.793263,2783.522916,2830.795050,2909.089654,2945.561331,2974.828141,3041.781839
2652.291880,2746.764969,2783.508193,2830.796589,2909.116515,2945.600517,2974.876243,3041.847975
2652.283388,2746.761295,2783.506279,2830.796743,2909.119992,2945.605608,2974.882502,3041.856578
2652.279439,2746.759582,2783.505387,2830.796836,2909.121644,2945.607971,2974.885413,3041.860573
2652.273732,2746.757116,2783.504106,2830.796895,2909.123992,2945.611403,2974.889613,3041.866353
2652.272628,2746.756637,2783.503858,2830.796941,2909.124440,2945.612070,2974.890424,3041.867472
2652.236635,2746.741038,2783.495747,2830.797840,2909.139240,2945.633674,2974.916926,3041.903926
2652.228814,2746.734326,2783.492259,2830.813618,2909.072448,2945.631712,2974.924081,3041.912954
2652.215981,2746.732093,2783.491092,2830.798302,2909.147739,2945.646065,2974.932152,3041.924841
2652.144980,2746.701345,2783.475098,2830.799888,2909.176908,2945.688678,2974.984458,3041.996750
2652.108698,2746.685640,2783.466931,2830.800662,2909.191839,2945.710466,2975.011182,3042.033495
2652.059435,2746.664304,2783.455838,2830.801787,2909.212124,2945.740032,2975.047478,3042.083385
2652.056585,2746.663068,2783.455195,2830.801896,2909.213290,2945.741747,2975.049579,3042.086270
2652.010063,2746.642923,2783.444721,2830.802968,2909.232440,2945.769671,2975.083857,3042.133386
2651.923953,2746.605651,2783.425343,2830.804860,2909.267866,2945.821376,2975.147305,3042.220597
2651.890285,2746.590941,2783.417420,2830.810819,2909.285961,2945.841305,2975.172808,3042.254327
2651.889354,2746.590675,2783.417559,2830.805646,2909.282104,2945.842154,2975.172800,3042.255638
2651.884410,2746.588530,2783.416444,2830.805814,2909.284121,2945.845124,2975.176444,3042.260648
2651.859121,2746.577577,2783.410751,2830.806459,2909.294565,2945.860307,2975.195081,3042.286257
2651.855267,2746.575921,2783.409890,2830.806421,2909.296139,2945.862621,2975.197921,3042.290161
2651.842752,2746.570505,2783.407074,2830.806691,2909.301294,2945.870134,2975.207145,3042.302836
2651.779894,2746.543302,2783.392938,2830.808144,2909.327158,2945.907894,2975.253467,3042.366501
2651.742422,2746.527086,2783.384511,2830.809007,2909.342585,2945.930403,2975.281084,3042.404453
2651.723306,2746.518813,2783.380213,2830.809449,2909.350458,2945.941886,2975.295174,3042.423814
2651.716007,2746.515651,2783.378571,2830.809630,2909.353454,2945.946270,2975.300553,3042.431206
2651.706246,2746.511432,2783.376378,2830.809834,2909.357482,2945.952133,2975.307748,3042.441092
2651.684442,2746.501997,2783.371476,2830.810331,2909.366465,2945.965230,2975.323819,3042.463175
2651.668448,2746.495078,2783.367881,2830.810694,2909.373051,2945.974838,2975.335608,3042.479374
2651.594529,2746.463092,2783.351268,2830.812399,2909.403509,2946.019243,2975.390097,3042.554239
2651.572543,2746.453578,2783.346323,2830.812963,2909.412582,2946.032446,2975.406307,3042.576504
2651.548315,2746.439911,2783.339261,2830.827898,2909.352731,2946.040448,2975.425463,3042.602143
2651.525554,2746.433254,2783.335765,2830.814017,2909.431951,2946.060675,2975.440950,3042.624095
2651.517794,2746.429900,2783.334026,2830.814161,2909.435131,2946.065355,2975.446663,3042.631957
2651.488069,2746.413904,2783.325750,2830.828680,2909.377238,2946.076702,2975.470005,3042.663164
2651.477509,2746.412470,2783.324973,2830.815151,2909.451740,2946.089553,2975.476367,3042.672757
2651.458621,2746.404302,2783.320734,2830.815559,2909.459513,2946.100911,2975.490288,3042.691890
2651.455984,2746.403168,2783.320143,2830.815582,2909.460589,2946.102498,2975.492233,3042.694562
2651.354392,2746.359228,2783.297331,2830.817943,2909.502451,2946.163555,2975.567139,3042.797461
2651.333729,2746.350294,2783.292688,2830.818440,2909.511019,2946.175960,2975.582381,3042.818382
2651.332070,2746.366922,2783.295885,2830.748578,2909.434284,2946.170801,2975.584151,3042.820876
2651.329772,2746.345525,2783.290190,2830.831941,2909.443148,2946.171773,2975.586806,3042.823455
2651.314793,2746.338499,2783.286502,2830.839410,2909.450543,2946.180409,2975.598136,3042.838531
2651.302938,2746.336980,2783.285777,2830.819163,2909.523671,2946.194474,2975.605085,3042.849573
2651.285876,2746.329607,2783.281950,2830.819497,2909.530731,2946.204733,2975.617663,3042.866851
2651.200387,2746.292643,2783.262764,2830.821541,2909.566000,2946.256123,2975.680709,3042.953439
2651.166831,2746.278135,2783.255238,2830.822352,2909.579829,2946.276308,2975.705453,3042.987428
2651.153299,2746.272285,2783.252202,2830.822668,2909.585411,2946.284445,2975.715432,3043.001134
2651.152041,2746.271744,2783.251922,2830.822659,2909.585923,2946.285205,2975.716358,3043.002410
2651.121520,2746.258549,2783.245073,2830.823407,2909.598507,2946.303553,2975.738870,3043.033322
2651.108339,2746.252854,2783.242120,2830.823653,2909.603955,2946.311478,2975.748592,3043.046673
2651.101714,2746.249993,2783.240634,2830.823798,2909.606682,2946.315463,2975.753478,3043.053384
2651.043373,2746.224782,2783.227551,2830.825129,2909.630764,2946.350543,2975.796512,3043.112475
2651.039329,2746.223027,2783.226642,2830.825314,2909.632428,2946.352975,2975.799495,3043.116571
2651.027925,2746.218099,2783.224086,2830.825577,2909.637140,2946.359840,2975.807904,3043.128123
2651.023406,2746.216148,2783.223073,2830.825661,2909.638992,2946.362556,2975.811239,3043.132701
2651.016103,2746.212990,2783.221436,2830.825854,2909.642015,2946.366950,2975.816623,3043.140097
2651.013139,2746.211714,2783.220774,2830.825850,2909.643223,2946.368729,2975.818813,3043.143101
2650.992564,2746.202823,2783.216161,2830.826334,2909.651727,2946.381105,2975.833989,3043.163939
2650.987478,2746.200626,2783.215021,2830.826455,2909.653821,2946.384165,2975.837741,3043.169091
2650.952197,2746.185376,2783.207111,2830.827337,2909.668399,2946.405381,2975.863769,3043.204827
2650.934436,2746.177705,2783.203130,2830.827742,2909.675740,2946.416064,2975.876871,3043.222815
2650.926225,2746.174156,2783.201292,2830.827891,2909.679105,2946.421006,2975.882927,3043.231134
2650.919250,2746.171140,2783.199728,2830.828114,2909.681998,2946.425201,2975.888072,3043.238198
2650.913419,2746.168629,2783.198424,2830.828182,2909.684382,2946.428717,2975.892372,3043.244108
2650.890849,2746.158877,2783.193365,2830.828690,2909.693717,2946.442285,2975.909025,3043.266965
2650.877411,2746.153065,2783.190352,2830.829075,2909.699254,2946.450374,2975.918937,3043.280579
2650.838460,2746.136232,2783.181630,2830.829994,2909.715318,2946.473814,2975.947672,3043.320038
2650.826854,2746.131227,2783.179028,2830.830215,2909.720131,2946.480788,2975.956236,3043.331786
2650.806586,2746.122468,2783.174485,2830.830730,2909.728524,2946.492971,2975.971196,3043.352315
2650.805640,2746.122062,2783.174272,2830.830734,2909.728916,2946.493536,2975.971896,3043.353272
2650.790280,2746.115426,2783.170833,2830.831137,2909.735234,2946.502790,2975.983222,3043.368832
2650.788497,2746.114658,2783.170437,2830.831105,2909.735961,2946.503868,2975.984536,3043.370641
2650.787795,2746.114355,2783.170279,2830.831129,2909.736262,2946.504288,2975.985055,3043.371350
2650.781580,2746.111671,2783.168884,2830.831287,2909.738819,2946.508020,2975.989647,3043.377647
2650.759110,2746.101960,2783.163851,2830.831846,2909.748104,2946.521537,2976.006225,3043.400407
2650.734862,2746.091489,2783.158423,2830.832407,2909.758106,2946.536129,2976.024107,3043.424970
2650.683842,2746.069453,2783.146999,2830.833607,2909.779178,2946.566839,2976.061760,3043.476648
2650.653618,2746.056406,2783.140236,2830.834258,2909.791688,2946.585029,2976.084061,3043.507260
2650.583162,2746.025970,2783.124465,2830.835969,2909.820777,2946.627428,2976.136059,3043.578630
2650.566473,2746.018774,2783.120730,2830.836331,2909.827690,2946.637477,2976.148373,3043.595533
2650.564627,2746.017977,2783.120317,2830.836372,2909.828453,2946.638587,2976.149735,3043.597402
2650.548074,2746.010832,2783.116614,2830.836747,2909.835294,2946.648550,2976.161951,3043.614169
2650.534409,2746.004933,2783.113556,2830.837069,2909.840945,2946.656774,2976.172038,3043.628011
2650.533672,2746.004616,2783.113391,2830.837073,2909.841252,2946.657216,2976.172582,3043.628757
2650.491146,2745.986252,2783.103885,2830.838166,2909.858802,2946.682850,2976.203958,3043.671839
2650.466029,2745.975411,2783.098259,2830.838693,2909.869205,2946.697939,2976.222506,3043.697276
2650.457126,2745.971569,2783.096267,2830.838889,2909.872883,2946.703297,2976.229078,3043.706295
2650.445077,2745.966368,2783.093573,2830.839184,2909.877856,2946.710555,2976.237970,3043.718502
2650.417897,2745.954629,2783.087493,2830.839844,2909.889100,2946.726914,2976.258033,3043.746031
2650.409520,2745.951016,2783.085618,2830.840062,2909.892553,2946.731956,2976.264220,3043.754519
2650.349680,2745.925188,2783.072237,2830.841478,2909.917315,2946.767981,2976.308392,3043.815132
2650.344646,2745.923012,2783.071112,2830.841611,2909.919406,2946.771010,2976.312109,3043.820230
2650.284659,2745.897122,2783.057703,2830.843052,2909.944207,2946.807143,2976.356388,3043.880996
2650.277782,2745.894162,2783.056168,2830.843123,2909.947048,2946.811277,2976.361468,3043.887961
2650.265593,2745.888899,2783.053444,2830.843447,2909.952064,2946.818626,2976.370463,3043.900312
2650.258437,2745.885815,2783.051846,2830.843607,2909.955028,2946.822938,2976.375746,3043.907561
2650.188114,2745.855463,2783.036129,2830.845343,2909.984141,2946.865288,2976.427664,3043.978793
2650.151167,2745.839522,2783.027875,2830.846210,2909.999412,2946.887542,2976.454946,3044.016222
2650.086021,2745.808901,2783.011677,2830.858859,2909.957281,2946.920251,2976.504739,3044.083200
2650.050302,2745.796015,2783.005349,2830.848557,2910.041162,2946.948300,2976.529424,3044.118395
2650.046310,2745.794292,2783.004454,2830.848691,2910.042812,2946.950699,2976.532376,3044.122440
2650.044560,2745.793538,2783.004068,2830.848690,2910.043506,2946.951759,2976.533666,3044.124217
2650.032378,2745.788279,2783.001344,2830.849049,2910.048584,2946.959098,2976.542660,3044.136552
2650.026568,2745.785780,2783.000049,2830.849097,2910.050987,2946.962591,2976.546953,3044.142436
2650.001424,2745.772473,2782.992831,2830.860170,2909.992499,2946.971216,2976.567114,3044.168889
2649.962476,2745.758134,2782.985736,2830.850678,2910.077535,2947.001199,2976.594289,3044.207360
2649.940693,2745.748733,2782.980876,2830.851240,2910.086521,2947.014333,2976.610374,3044.229431
2649.923467,2745.741308,2782.977031,2830.851628,2910.093679,2947.024709,2976.623097,3044.246878
2649.922758,2745.741003,2782.976872,2830.851639,2910.093976,2947.025133,2976.623621,3044.247595
2649.906155,2745.733848,2782.973171,2830.852015,2910.100832,2947.035155,2976.635873,3044.264417
2649.855687,2745.712078,2782.961910,2830.853232,2910.121696,2947.065566,2976.673151,3044.315545
2649.835412,2745.703331,2782.957381,2830.853811,2910.130135,2947.077781,2976.688127,3044.336079
2649.833429,2745.702477,2782.956938,2830.853844,2910.130947,2947.078974,2976.689594,3044.338090
2649.786648,2745.682320,2782.946509,2830.854865,2910.150304,2947.107179,2976.724145,3044.385482
2649.777694,2745.678457,2782.944510,2830.855076,2910.154028,2947.112569,2976.730760,3044.394549
2649.756730,2745.669417,2782.939834,2830.855591,2910.162709,2947.125206,2976.746245,3044.415787
2649.751504,2745.667166,2782.938670,2830.855710,2910.164872,2947.128359,2976.750104,3044.421081
2649.743177,2745.663571,2782.936810,2830.855967,2910.168313,2947.133378,2976.756256,3044.429518
2649.742884,2745.663448,2782.936748,2830.855924,2910.168419,2947.133555,2976.756474,3044.429818
2649.727166,2745.656671,2782.933239,2830.856350,2910.174946,2947.143026,2976.768088,3044.445740
2649.727060,2745.656629,2782.933219,2830.856286,2910.174998,2947.143093,2976.768161,3044.445844
2649.723443,2745.655065,2782.932409,2830.856448,2910.176461,2947.145271,2976.770837,3044.449513
2649.700650,2745.645241,2782.927326,2830.856983,2910.185933,2947.159009,2976.787675,3044.472600
2649.695043,2745.642824,2782.926076,2830.857119,2910.188286,2947.162385,2976.791817,3044.478276
2649.663512,2745.629234,2782.919046,2830.857863,2910.201355,2947.181391,2976.815113,3044.510218
2649.648458,2745.622745,2782.915690,2830.858230,2910.207590,2947.190467,2976.826233,3044.525468
2649.643432,2745.620573,2782.914569,2830.858378,2910.209647,2947.193502,2976.829945,3044.530564
2649.643389,2745.620558,2782.914560,2830.858365,2910.209674,2947.193527,2976.829975,3044.530604
2649.615418,2745.608494,2782.908330,2830.859120,2910.221293,2947.210396,2976.850584,3044.558945
2649.541434,2745.576701,2782.891909,2830.859519,2910.253434,2947.254856,2976.904932,3044.633876
2649.537864,2745.575071,2782.891041,2830.860991,2910.253393,2947.257165,2976.907935,3044.637509
2649.518577,2745.566765,2782.886748,2830.861384,2910.261397,2947.268791,2976.922170,3044.657048
2649.496713,2745.557344,2782.881875,2830.861925,2910.270449,2947.281968,2976.938324,3044.679200
2649.494212,2745.556267,2782.881317,2830.861971,2910.271508,2947.283469,2976.940165,3044.681731
2649.485293,2745.552433,2782.879331,2830.862094,2910.275202,2947.288850,2976.946785,3044.690763
2649.460348,2745.541681,2782.873771,2830.862762,2910.285559,2947.303891,2976.965220,3044.716034
2649.453002,2745.535401,2782.870579,2830.877868,2910.236746,2947.301492,2976.971194,3044.724359
2649.449999,2745.537217,2782.871465,2830.863047,2910.289831,2947.310137,2976.972865,3044.726520
2649.432141,2745.529523,2782.867491,2830.863468,2910.297262,2947.320901,2976.986044,3044.744610
2649.413408,2745.518865,2782.862018,2830.872713,2910.241239,2947.325813,2977.000860,3044.764613
2649.405396,2745.518008,2782.861534,2830.864025,2910.308329,2947.337033,2977.005826,3044.771704
2649.328181,2745.484739,2782.844339,2830.865981,2910.340348,2947.383611,2977.062886,3044.849929
2649.322712,2745.482389,2782.843124,2830.866041,2910.342591,2947.386912,2977.066929,3044.855472
2649.319284,2745.480911,2782.842360,2830.866130,2910.344030,2947.388977,2977.069462,3044.858943
2649.286464,2745.466776,2782.835056,2830.866937,2910.357630,2947.408784,2977.093715,3044.892195
2649.248746,2745.450529,2782.826659,2830.867841,2910.373295,2947.431530,2977.121595,3044.930403
2649.198139,2745.428735,2782.815397,2830.869062,2910.394294,2947.462060,2977.159001,3044.981673
2649.185026,2745.423088,2782.812480,2830.869377,2910.399735,2947.469972,2977.168694,3044.994958
2649.184839,2745.423006,2782.812438,2830.869385,2910.399797,2947.470084,2977.168833,3044.995149
2649.183634,2745.422487,2782.812170,2830.869423,2910.400310,2947.470813,2977.169722,3044.996368
2649.147874,2745.407084,2782.804216,2830.870314,2910.415116,2947.492395,2977.196155,3045.032602
2649.126429,2745.397850,2782.799441,2830.870882,2910.424051,2947.505330,2977.212006,3045.054321
2649.123330,2745.396521,2782.798756,2830.870908,2910.425315,2947.507209,2977.214295,3045.057465
2649.103782,2745.388103,2782.794406,2830.871363,2910.433447,2947.518996,2977.228749,3045.077266
2649.099547,2745.386277,2782.793464,2830.871497,2910.435196,2947.521557,2977.231877,3045.081557
2649.080368,2745.378018,2782.789197,2830.872011,2910.443169,2947.533130,2977.246055,3045.100987
2649.070325,2745.373699,2782.786966,2830.872195,2910.447318,2947.539194,2977.253479,3045.111164
2649.056077,2745.367562,2782.783797,2830.872550,2910.453226,2947.547791,2977.264013,3045.125599
2649.045657,2745.363075,2782.781479,2830.872806,2910.457551,2947.554079,2977.271716,3045.136155
2649.040130,2745.360693,2782.780248,2830.872973,2910.459886,2947.557400,2977.275808,3045.141751
2648.998053,2745.342583,2782.770891,2830.873985,2910.477351,2947.582796,2977.306915,3045.184379
2648.991800,2745.339890,2782.769504,2830.874122,2910.479908,2947.586584,2977.311533,3045.190719
2648.966567,2745.329035,2782.763895,2830.874683,2910.490392,2947.601808,2977.330191,3045.216282
2648.959012,2745.325774,2782.762213,2830.874980,2910.493542,2947.606372,2977.335773,3045.223934
2648.954673,2745.323911,2782.761251,2830.875010,2910.495334,2947.608989,2977.338983,3045.228331
2648.927979,2745.312418,2782.755315,2830.875707,2910.506416,2947.625099,2977.358724,3045.255378
2648.908070,2745.303850,2782.750894,2830.876139,2910.514715,2947.637112,2977.373425,3045.275544
2648.850605,2745.279115,2782.738121,2830.877614,2910.538579,2947.671804,2977.415933,3045.333763
2648.847510,2745.277787,2782.737435,2830.877623,2910.539849,2947.673676,2977.418220,3045.336899
2648.832777,2745.271444,2782.734162,2830.878012,2910.545960,2947.682577,2977.429113,3045.351827
2648.832178,2745.271191,2782.734029,2830.877984,2910.546222,2947.682930,2977.429559,3045.352432
2648.798926,2745.256876,2782.726641,2830.878854,2910.560027,2947.703012,2977.454144,3045.386122
2648.783228,2745.250120,2782.723151,2830.879276,2910.566551,2947.712482,2977.465756,3045.402025
2648.779611,2745.248566,2782.722349,2830.879341,2910.568035,2947.714671,2977.468432,3045.405694
2648.767496,2745.244702,2782.720487,2830.867426,2910.569372,2947.722653,2977.477633,3045.417919
2648.735977,2745.229785,2782.712657,2830.880438,2910.586166,2947.741014,2977.500700,3045.449901
2648.732382,2745.228247,2782.711862,2830.880471,2910.587654,2947.743198,2977.503353,3045.453544
2648.707104,2745.217369,2782.706247,2830.881073,2910.598176,2947.758452,2977.522051,3045.479151
2648.652931,2745.194062,2782.694216,2830.882448,2910.620685,2947.791161,2977.562121,3045.534037
2648.645252,2745.190759,2782.692512,2830.882623,2910.623857,2947.795796,2977.567802,3045.541818
2648.628667,2745.183622,2782.688830,2830.883050,2910.630794,2947.805811,2977.580066,3045.558618
2648.579224,2745.162354,2782.677856,2830.884267,2910.651344,2947.835674,2977.616636,3045.608712
2648.577438,2745.161583,2782.677457,2830.884341,2910.652055,2947.836755,2977.617957,3045.610522
2648.541641,2745.143564,2782.668213,2830.894806,2910.595537,2947.852291,2977.646114,3045.647907
2648.475529,2745.117761,2782.654849,2830.886770,2910.694434,2947.898321,2977.693336,3045.713773
2648.471306,2745.115939,2782.653914,2830.886885,2910.696157,2947.900872,2977.696462,3045.718057
2648.454997,2745.106183,2782.648903,2830.898807,2910.632372,2947.904543,2977.710283,3045.735639
2648.435325,2745.100468,2782.645930,2830.887780,2910.711134,2947.922609,2977.723078,3045.754508
2648.429216,2745.097835,2782.644573,2830.888000,2910.713703,2947.926295,2977.727600,3045.760696
2648.388101,2745.080159,2782.635457,2830.889009,2910.730806,2947.951144,2977.758006,3045.802354
2648.378435,2745.076004,2782.633310,2830.889229,2910.734826,2947.956972,2977.765170,3045.812146
2648.350955,2745.064194,2782.627220,2830.889871,2910.746230,2947.973588,2977.785495,3045.839991
2648.346913,2745.062448,2782.626321,2830.890042,2910.747928,2947.976027,2977.788487,3045.844084
2648.299609,2745.042113,2782.615833,2830.891213,2910.767589,2948.004612,2977.823487,3045.892013
2648.289885,2745.037933,2782.613678,2830.891429,2910.771605,2948.010485,2977.830685,3045.901869
2648.271778,2745.030151,2782.609665,2830.891856,2910.779169,2948.021425,2977.844084,3045.920214
2648.236117,2745.014816,2782.601759,2830.892795,2910.794010,2948.042980,2977.870467,3045.956342
2648.223257,2745.009288,2782.598910,2830.893107,2910.799369,2948.050752,2977.879983,3045.969373
2648.218624,2745.007300,2782.597884,2830.893211,2910.801287,2948.053556,2977.883410,3045.974068
2648.197335,2744.998147,2782.593166,2830.893746,2910.810155,2948.066420,2977.899164,3045.995636
2648.170826,2744.986752,2782.587293,2830.894423,2910.821181,2948.082445,2977.918779,3046.022496
2648.155782,2744.980289,2782.583962,2830.894750,2910.827433,2948.091542,2977.929910,3046.037741
2648.132254,2744.970179,2782.578750,2830.895320,2910.837228,2948.105764,2977.947321,3046.061579
2648.131595,2744.969891,2782.578600,2830.895391,2910.837510,2948.106158,2977.947812,3046.062246
2648.110537,2744.960847,2782.573939,2830.895846,2910.846254,2948.118890,2977.963394,3046.083584
2648.109592,2744.960438,2782.573727,2830.895923,2910.846678,2948.119458,2977.964095,3046.084539
2648.108928,2744.960152,2782.573579,2830.895946,2910.846949,2948.119859,2977.964586,3046.085212
2648.066119,2744.941762,2782.564102,2830.896949,2910.864747,2948.145745,2977.996267,3046.128591
2648.064336,2744.940996,2782.563707,2830.896987,2910.865491,2948.146822,2977.997587,3046.130397
2648.053248,2744.936223,2782.561247,2830.897350,2910.870126,2948.153518,2978.005794,3046.141628
2648.050953,2744.935238,2782.560739,2830.897384,2910.871078,2948.154902,2978.007495,3046.143952
2648.037632,2744.929515,2782.557789,2830.897700,2910.876597,2948.162955,2978.017355,3046.157454
2648.031610,2744.926927,2782.556456,2830.897861,2910.879142,2948.166596,2978.021811,3046.163552
2648.020465,2744.922138,2782.553988,2830.898128,2910.883766,2948.173331,2978.030063,3046.174846
2648.015676,2744.920078,2782.552928,2830.898270,2910.885775,2948.176229,2978.033605,3046.179697
2648.003116,2744.914688,2782.550146,2830.898544,2910.891015,2948.183817,2978.042903,3046.192420
2647.967996,2744.899593,2782.542370,2830.899470,2910.905614,2948.205059,2978.068895,3046.228008
2647.852306,2744.849898,2782.516766,2830.902330,2910.953799,2948.275015,2978.154533,3046.345230
2647.851005,2744.849339,2782.516479,2830.902352,2910.954366,2948.275797,2978.155497,3046.346546
2647.843233,2744.846000,2782.514759,2830.902553,2910.957603,2948.280496,2978.161251,3046.354421
2647.842956,2744.845886,2782.514697,2830.902540,2910.957707,2948.280668,2978.161456,3046.354703
2647.837181,2744.843404,2782.513419,2830.902685,2910.960125,2948.284156,2978.165731,3046.360552
2647.830292,2744.840440,2782.511896,2830.902890,2910.962987,2948.288328,2978.170829,3046.367535
2647.820892,2744.836407,2782.509816,2830.903109,2910.966879,2948.294017,2978.177788,3046.377063
2647.804820,2744.829499,2782.506261,2830.903545,2910.973586,2948.303740,2978.189683,3046.393345
2647.789205,2744.822794,2782.502806,2830.903916,2910.980100,2948.313178,2978.201246,3046.409166
2647.724406,2744.794972,2782.488477,2830.905476,2911.007085,2948.352380,2978.249215,3046.474824
2647.723875,2744.794738,2782.488355,2830.905552,2911.007313,2948.352694,2978.249613,3046.475362
2647.709678,2744.788641,2782.485217,2830.905919,2911.013200,2948.361288,2978.260123,3046.489751
2647.688315,2744.779466,2782.480493,2830.906467,2911.022133,2948.374210,2978.275939,3046.511394
2647.653464,2744.764507,2782.472790,2830.907278,2911.036650,2948.395297,2978.301742,3046.546708
2647.639324,2744.758433,2782.469662,2830.907676,2911.042535,2948.403851,2978.312212,3046.561036
2647.581646,2744.730943,2782.455527,2830.920981,2910.997491,2948.432621,2978.356764,3046.620476
2647.572193,2744.729619,2782.454824,2830.909277,2911.070540,2948.444459,2978.361924,3046.629056
2647.561221,2744.724905,2782.452401,2830.909594,2911.075098,2948.451109,2978.370044,3046.640176
2647.541754,2744.716545,2782.448095,2830.910118,2911.083240,2948.462875,2978.384467,3046.659900
2647.524540,2744.709160,2782.444293,2830.910493,2911.090403,2948.473295,2978.397211,3046.677342
2647.403286,2744.657110,2782.417504,2830.913634,2911.140974,2948.546674,2978.487012,3046.800207
2647.300439,2744.612979,2782.394795,2830.916226,2911.183853,2948.608929,2978.563190,3046.904425
2647.291985,2744.609351,2782.392929,2830.916453,2911.187407,2948.614049,2978.569452,3046.912990
2647.289947,2744.608470,2782.392477,2830.916545,2911.188260,2948.615281,2978.570960,3046.915054
2647.287141,2744.607276,2782.391863,2830.916509,2911.189410,2948.616987,2978.573036,3046.917900
2647.269736,2744.599807,2782.388018,2830.916988,2911.196669,2948.627516,2978.585935,3046.935539
2647.269037,2744.599504,2782.387864,2830.917038,2911.196984,2948.627942,2978.586449,3046.936244
2647.256803,2744.594255,2782.385163,2830.917339,2911.202081,2948.635347,2978.595512,3046.948640
2647.251253,2744.591876,2782.383937,2830.917468,2911.204396,2948.638700,2978.599625,3046.954263
2647.202244,2744.570852,2782.373121,2830.918684,2911.224845,2948.668371,2978.635934,3047.003928
2647.172423,2744.558058,2782.366540,2830.919445,2911.237314,2948.686423,2978.658026,3047.034142
2647.159845,2744.552663,2782.363765,2830.919764,2911.242563,2948.694039,2978.667344,3047.046887
2647.146657,2744.547002,2782.360857,2830.920137,2911.248013,2948.702034,2978.677112,3047.060257
2647.104366,2744.528868,2782.351527,2830.921167,2911.265711,2948.727638,2978.708446,3047.103108
2647.076109,2744.514315,2782.344069,2830.930645,2911.207435,2948.738784,2978.731214,3047.132794
2647.039914,2744.501221,2782.337312,2830.922837,2911.292620,2948.766670,2978.756198,3047.168418
2647.037470,2744.500172,2782.336774,2830.922911,2911.293619,2948.768155,2978.758009,3047.170898
2647.007590,2744.484941,2782.328976,2830.932243,2911.236052,2948.780318,2978.781975,3047.202232
2646.997753,2744.480728,2782.326806,2830.932449,2911.240148,2948.786266,2978.789269,3047.212199
2646.992149,2744.478296,2782.325546,2830.933111,2911.242753,2948.789622,2978.793417,3047.217832
2646.961318,2744.467517,2782.319983,2830.924841,2911.325430,2948.814271,2978.814437,3047.248063
2646.930508,2744.454307,2782.313192,2830.925607,2911.338319,2948.832931,2978.837270,3047.279285
2646.886494,2744.435437,2782.303495,2830.926699,2911.356668,2948.859605,2978.869881,3047.323889
2646.879949,2744.432629,2782.302050,2830.926925,2911.359415,2948.863570,2978.874731,3047.330520
2646.828015,2744.410366,2782.290605,2830.928224,2911.381129,2948.895022,2978.913225,3047.383147
2646.827886,2744.410310,2782.290576,2830.928243,2911.381167,2948.895101,2978.913320,3047.383277
2646.825234,2744.409172,2782.289993,2830.928316,2911.382286,2948.896711,2978.915284,3047.385966
2646.787347,2744.392933,2782.281646,2830.929252,2911.398131,2948.919657,2978.943368,3047.424358
2646.785280,2744.392051,2782.281190,2830.929280,2911.398947,2948.920910,2978.944902,3047.426455
2646.767653,2744.384494,2782.277308,2830.929760,2911.406359,2948.931595,2978.957962,3047.444315
2646.759127,2744.380842,2782.275434,2830.929945,2911.409882,2948.936775,2978.964276,3047.452960
2646.741659,2744.373347,2782.271585,2830.930455,2911.417187,2948.947363,2978.977219,3047.470660
2646.708713,2744.359228,2782.264327,2830.931293,2911.430970,2948.967316,2979.001644,3047.504044
2646.693304,2744.352630,2782.260938,2830.931631,2911.437391,2948.976661,2979.013065,3047.519663
2646.674317,2744.344491,2782.256760,2830.932136,2911.445337,2948.988166,2979.027111,3047.538905
2646.665255,2744.340605,2782.254759,2830.932407,2911.449140,2948.993654,2979.033857,3047.548084
2646.657239,2744.337169,2782.252996,2830.932595,2911.452480,2948.998515,2979.039794,3047.556208
2646.605468,2744.314988,2782.241599,2830.933876,2911.474121,2949.029887,2979.078176,3047.608672
2646.598548,2744.312015,2782.240071,2830.934141,2911.477011,2949.034077,2979.083309,3047.615685
2646.572928,2744.301041,2782.234435,2830.934775,2911.487725,2949.049611,2979.102298,3047.641647
2646.567689,2744.298800,2782.233280,2830.934872,2911.489920,2949.052774,2979.106190,3047.646957
2646.564336,2744.297361,2782.232542,2830.934965,2911.491342,2949.054805,2979.108675,3047.650353
2646.490430,2744.265695,2782.216281,2830.936896,2911.522228,2949.099617,2979.163460,3047.725250
2646.430706,2744.240114,2782.203141,2830.938403,2911.547225,2949.135811,2979.207748,3047.785773
2646.397894,2744.223492,2782.194654,2830.950200,2911.491295,2949.149806,2979.233948,3047.820032
2646.337416,2744.200155,2782.182627,2830.940823,2911.586216,2949.192388,2979.276916,3047.880317
2646.327199,2744.195784,2782.180383,2830.941029,2911.590501,2949.198583,2979.284492,3047.890670
2646.290436,2744.180033,2782.172298,2830.942050,2911.605898,2949.220869,2979.311757,3047.927926
2646.283247,2744.176962,2782.170720,2830.942160,2911.608897,2949.225232,2979.317087,3047.935212
2646.261541,2744.165297,2782.164802,2830.951236,2911.547656,2949.232598,2979.334898,3047.958249
2646.244235,2744.160254,2782.162142,2830.943214,2911.625216,2949.248888,2979.346021,3047.974750
2646.204391,2744.143189,2782.153386,2830.944285,2911.641895,2949.273059,2979.375567,3048.015128
2646.189384,2744.136773,2782.150092,2830.944593,2911.648163,2949.282166,2979.386695,3048.030339
2646.141958,2744.116462,2782.139669,2830.945881,2911.668035,2949.310924,2979.421871,3048.078398
2646.136646,2744.114191,2782.138503,2830.945960,2911.670239,2949.314146,2979.425812,3048.083783
2646.129479,2744.111123,2782.136929,2830.946147,2911.673252,2949.318496,2979.431127,3048.091046
2646.125478,2744.109409,2782.136048,2830.946290,2911.674953,2949.320914,2979.434098,3048.095099
2646.125212,2744.109296,2782.135988,2830.946276,2911.675057,2949.321071,2979.434299,3048.095369
2646.118883,2744.106583,2782.134599,2830.946484,2911.677692,2949.324923,2979.438986,3048.101785
2646.061627,2744.082079,2782.122027,2830.947894,2911.701660,2949.359656,2979.481454,3048.159810
2646.055667,2744.079528,2782.120718,2830.948049,2911.704153,2949.363275,2979.485874,3048.165851
2646.039353,2744.072541,2782.117132,2830.948517,2911.711009,2949.373158,2979.497983,3048.182382
2646.021977,2744.065104,2782.113317,2830.948987,2911.718237,2949.383710,2979.510870,3048.199998
2646.020000,2744.062273,2782.111565,2830.956486,2911.650269,2949.378884,2979.514295,3048.202926
2646.001883,2744.056504,2782.108904,2830.949498,2911.726679,2949.395896,2979.525777,3048.220359
2645.994355,2744.053281,2782.107252,2830.949714,2911.729829,2949.400470,2979.531357,3048.227988
2645.963259,2744.039980,2782.100429,2830.950447,2911.742845,2949.419341,2979.554424,3048.259504
2645.959843,2744.038511,2782.099675,2830.950585,2911.744310,2949.421398,2979.556965,3048.262963
2645.950160,2744.034369,2782.097549,2830.950824,2911.748329,2949.427274,2979.564149,3048.272778
2645.942880,2744.031258,2782.095955,2830.950985,2911.751394,2949.431706,2979.569542,3048.280156
2645.928064,2744.024909,2782.092698,2830.951440,2911.757599,2949.440687,2979.580538,3048.295170
2645.886067,2744.004953,2782.082209,2830.959559,2911.706291,2949.460173,2979.613657,3048.338667
2645.865924,2743.998321,2782.079061,2830.953047,2911.783626,2949.478396,2979.626640,3048.358148
2645.838049,2743.986393,2782.072945,2830.953780,2911.795302,2949.495315,2979.647320,3048.386399
2645.830735,2743.980714,2782.069938,2830.966014,2911.729535,2949.493516,2979.654883,3048.394730
2645.816912,2743.974872,2782.067054,2830.964647,2911.734434,2949.502195,2979.664975,3048.408807
2645.758264,2743.952262,2782.055445,2830.955800,2911.828742,2949.543740,2979.706518,3048.467258
2645.743604,2743.945990,2782.052228,2830.956238,2911.834893,2949.552639,2979.717396,3048.482116
2645.700682,2743.927632,2782.042817,2830.957305,2911.852873,2949.578698,2979.749245,3048.525618
2645.672973,2743.915779,2782.036738,2830.958069,2911.864496,2949.595507,2979.769810,3048.553698
2645.655574,2743.908338,2782.032924,2830.958518,2911.871793,2949.606068,2979.782723,3048.571332
2645.611129,2743.889330,2782.023180,2830.959669,2911.890431,2949.633051,2979.815708,3048.616378
2645.586850,2743.878954,2782.017859,2830.960254,2911.900587,2949.647794,2979.833730,3048.640989
2645.564947,2743.869578,2782.013059,2830.960908,2911.909785,2949.661100,2979.849977,3048.663185
2645.562515,2743.868541,2782.012525,2830.960927,2911.910828,2949.662562,2979.851789,3048.665647
2645.555016,2743.865333,2782.010883,2830.961131,2911.913974,2949.667117,2979.857354,3048.673247
2645.524791,2743.852407,2782.004261,2830.961956,2911.926652,2949.685476,2979.879764,3048.703882
2645.522040,2743.848734,2782.002411,2830.972737,2911.858508,2949.681262,2979.883764,3048.707649
2645.484766,2743.835348,2781.995567,2830.965648,2911.934851,2949.709572,2979.910508,3048.744371
2645.462743,2743.825879,2781.990665,2830.963589,2911.952658,2949.723160,2979.925836,3048.766768
2645.420601,2743.807865,2781.981437,2830.964622,2911.970321,2949.748755,2979.957116,3048.809481
2645.410149,2743.803398,2781.979148,2830.964885,2911.974709,2949.755102,2979.964876,3048.820074
2645.405015,2743.801198,2781.978022,2830.965091,2911.976862,2949.758223,2979.968685,3048.825278
2645.374095,2743.787984,2781.971252,2830.965855,2911.989834,2949.777004,2979.991637,3048.856616
2645.370788,2743.786573,2781.970527,2830.965900,2911.991229,2949.779004,2979.994096,3048.859966
2645.367337,2743.785098,2781.969772,2830.965992,2911.992676,2949.781100,2979.996658,3048.863464
2645.353877,2743.779342,2781.966825,2830.966372,2911.998314,2949.789281,2980.006647,3048.877107
2645.337178,2743.772201,2781.963166,2830.966856,2912.005345,2949.799415,2980.019049,3048.894032
2645.336344,2743.771846,2781.962986,2830.966858,2912.005665,2949.799937,2980.019661,3048.894879
2645.293610,2743.753577,2781.953628,2830.968017,2912.023619,2949.825882,2980.051392,3048.938189
2645.281018,2743.748197,2781.950871,2830.968355,2912.028887,2949.833535,2980.060738,3048.950952
2645.275695,2743.745924,2781.949705,2830.968469,2912.031134,2949.836763,2980.064694,3048.956347
2645.273582,2743.745021,2781.949244,2830.968534,2912.032013,2949.838053,2980.066260,3048.958488
2645.246481,2743.730574,2781.941852,2830.985103,2911.975426,2949.848336,2980.088595,3048.986841
2645.243727,2743.729836,2781.941483,2830.979538,2911.975696,2949.850333,2980.090413,3048.989710
2645.209852,2743.717786,2781.935296,2830.970207,2912.058763,2949.876766,2980.113576,3049.023081
2645.174837,2743.702823,2781.927633,2830.971143,2912.073475,2949.898041,2980.139575,3049.058570
2645.164238,2743.698293,2781.925314,2830.971421,2912.077909,2949.904482,2980.147445,3049.069314
2645.164014,2743.698200,2781.925266,2830.971405,2912.078019,2949.904616,2980.147611,3049.069539
2645.114358,2743.676983,2781.914403,2830.972736,2912.098847,2949.934791,2980.184481,3049.119869
2645.113429,2743.676586,2781.914202,2830.972722,2912.099232,2949.935361,2980.185169,3049.120813
2645.039335,2743.644933,2781.897996,2830.974683,2912.130331,2949.980379,2980.240196,3049.195913
2645.025926,2743.639204,2781.895063,2830.975051,2912.136001,2949.988527,2980.250153,3049.209500
2645.002801,2743.626992,2781.888857,2830.984525,2912.076668,2949.996817,2980.269311,3049.233945
2644.912847,2743.590903,2781.870344,2830.978066,2912.183467,2950.057268,2980.334130,3049.324118
2644.911936,2743.590518,2781.870147,2830.978036,2912.183840,2950.057825,2980.334805,3049.325042
2644.910791,2743.590025,2781.869894,2830.978125,2912.184347,2950.058516,2980.335656,3049.326199
2644.889360,2743.578311,2781.863875,2830.991089,2912.125195,2950.065534,2980.353712,3049.348837
2644.888354,2743.580450,2781.864995,2830.978648,2912.193753,2950.072162,2980.352319,3049.348944
2644.871672,2743.571100,2781.860264,2830.986556,2912.131036,2950.076587,2980.366668,3049.366876
2644.866180,2743.570973,2781.860146,2830.979304,2912.203051,2950.085637,2980.368792,3049.371420
2644.865358,2743.570621,2781.859966,2830.979332,2912.203443,2950.086134,2980.369401,3049.372250
2644.864062,2743.570072,2781.859685,2830.979310,2912.203970,2950.086924,2980.370363,3049.373564
2644.844331,2743.561644,2781.855372,2830.979885,2912.212261,2950.098917,2980.385019,3049.393562
2644.829655,2743.555377,2781.852165,2830.980274,2912.218430,2950.107840,2980.395921,3049.408438
2644.826840,2743.554174,2781.851550,2830.980352,2912.219603,2950.109553,2980.398012,3049.411293
2644.795319,2743.538476,2781.843527,2830.989576,2912.163981,2950.122959,2980.423406,3049.444200
2644.789573,2743.538265,2781.843409,2830.981306,2912.235285,2950.132203,2980.425697,3049.449064
2644.786278,2743.536855,2781.842689,2830.981420,2912.236631,2950.134211,2980.428144,3049.452407
2644.772908,2743.528845,2781.838627,2830.990518,2912.173269,2950.136579,2980.440075,3049.466952
2644.682448,2743.492531,2781.820013,2830.984149,2912.280315,2950.197335,2980.505278,3049.557644
2644.675052,2743.489374,2781.818400,2830.984333,2912.283408,2950.201839,2980.510774,3049.565146
2644.663498,2743.484441,2781.815876,2830.984666,2912.288274,2950.208865,2980.519354,3049.576853
2644.626680,2743.468726,2781.807839,2830.985638,2912.303756,2950.231254,2980.546709,3049.614172
2644.617706,2743.464897,2781.805880,2830.985868,2912.307548,2950.236712,2980.553376,3049.623267
2644.602128,2743.458248,2781.802481,2830.986281,2912.314059,2950.246192,2980.564951,3049.639063
2644.596886,2743.456010,2781.801336,2830.986433,2912.316264,2950.249378,2980.568844,3049.644373
2644.563746,2743.441869,2781.794107,2830.987263,2912.330207,2950.269544,2980.593462,3049.677964
2644.552755,2743.437171,2781.791704,2830.987637,2912.334836,2950.276225,2980.601631,3049.689105
2644.548618,2743.435414,2781.790806,2830.987684,2912.336569,2950.278748,2980.604702,3049.693300
2644.545403,2743.434034,2781.790101,2830.987821,2912.337899,2950.280696,2980.607095,3049.696559
2644.541080,2743.432187,2781.789158,2830.987951,2912.339759,2950.283325,2980.610307,3049.700939
2644.512562,2743.420019,2781.782935,2830.988709,2912.351729,2950.300673,2980.631495,3049.729845
2644.478974,2743.405680,2781.775611,2830.989681,2912.365857,2950.321112,2980.656411,3049.763893
2644.470872,2743.402235,2781.773845,2830.989825,2912.369208,2950.326072,2980.662471,3049.772111
2644.451990,2743.394174,2781.769721,2830.990293,2912.377209,2950.337517,2980.676509,3049.791245
2644.432374,2743.385803,2781.765441,2830.990834,2912.385469,2950.349449,2980.691085,3049.811126
2644.428538,2743.384172,2781.764605,2830.990903,2912.387092,2950.351781,2980.693936,3049.815014
2644.416325,2743.378959,2781.761941,2830.991236,2912.392231,2950.359210,2980.703013,3049.827393
2644.388983,2743.367291,2781.755979,2830.991982,2912.403740,2950.375845,2980.723331,3049.855108
2644.359587,2743.354752,2781.749568,2830.992762,2912.416098,2950.393733,2980.745177,3049.884905
2644.358355,2743.354227,2781.749300,2830.992793,2912.416614,2950.394485,2980.746092,3049.886155
2644.344884,2743.348479,2781.746363,2830.993154,2912.422285,2950.402680,2980.756105,3049.899809
2644.313822,2743.335224,2781.739591,2830.994028,2912.435335,2950.421588,2980.779187,3049.931297
2644.306385,2743.329797,2781.736882,2831.002699,2912.369231,2950.420475,2980.786662,3049.939805
2644.304215,2743.331133,2781.737500,2830.994204,2912.439388,2950.427433,2980.786326,3049.941034
2644.250243,2743.305950,2781.724668,2831.002643,2912.390846,2950.454555,2980.828446,3049.996776
2644.234125,2743.301235,2781.722221,2830.996123,2912.468863,2950.470085,2980.838425,3050.012085
2644.219070,2743.294814,2781.718940,2830.996533,2912.475244,2950.479242,2980.849614,3050.027340
2644.214363,2743.292807,2781.717915,2830.996650,2912.477182,2950.482112,2980.853114,3050.032117
2644.192953,2743.283678,2781.713249,2830.997218,2912.486214,2950.495140,2980.869028,3050.053817
2644.191140,2743.282904,2781.712854,2830.997271,2912.486989,2950.496239,2980.870376,3050.055651
2644.177339,2743.277019,2781.709846,2830.997636,2912.492804,2950.504636,2980.880635,3050.069640
2644.169728,2743.273773,2781.708189,2830.997845,2912.495987,2950.509277,2980.886291,3050.077359
2644.138239,2743.260344,2781.701328,2830.998697,2912.509261,2950.528437,2980.909699,3050.109275
2644.135335,2743.259109,2781.700699,2830.998714,2912.510480,2950.530212,2980.911855,3050.112220
2644.134744,2743.256613,2781.699488,2831.007119,2912.441406,2950.524929,2980.914263,3050.113787
2644.117868,2743.251663,2781.696894,2830.999166,2912.517840,2950.540842,2980.924840,3050.129925
2644.115034,2743.250455,2781.696277,2830.999236,2912.519036,2950.542566,2980.926948,3050.132798
2644.095914,2743.242303,2781.692113,2830.999759,2912.527082,2950.554207,2980.941160,3050.152180
2643.996328,2743.199836,2781.670424,2831.002527,2912.569026,2950.614833,2981.015198,3050.253128
2643.961037,2743.184797,2781.662742,2831.003431,2912.583898,2950.636312,2981.041440,3050.288901
2643.957606,2743.183336,2781.661995,2831.003508,2912.585335,2950.638400,2981.043993,3050.292380
2643.933790,2743.173180,2781.656811,2831.004192,2912.595365,2950.652905,2981.061696,3050.316520
2643.894337,2743.156366,2781.648226,2831.005239,2912.611991,2950.676931,2981.091032,3050.356515
2643.839460,2743.132978,2781.636286,2831.006709,2912.635093,2950.710349,2981.131840,3050.412146
2643.803205,2743.117526,2781.628398,2831.007716,2912.650384,2950.732430,2981.158796,3050.448894
2643.785106,2743.109816,2781.624461,2831.008175,2912.658025,2950.743449,2981.172259,3050.467241
2643.777387,2743.106527,2781.622782,2831.008385,2912.661264,2950.748154,2981.177999,3050.475068
2643.764256,2743.100929,2781.619926,2831.008755,2912.666820,2950.756148,2981.187765,3050.488377
2643.730671,2743.086621,2781.612623,2831.009656,2912.680951,2950.776611,2981.212741,3050.522426
2643.730232,2743.086433,2781.612527,2831.009682,2912.681145,2950.776874,2981.213066,3050.522867
2643.714729,2743.079828,2781.609157,2831.010097,2912.687661,2950.786325,2981.224595,3050.538587
2643.711533,2743.078467,2781.608460,2831.010158,2912.689040,2950.788257,2981.226976,3050.541822
2643.696758,2743.072171,2781.605248,2831.010573,2912.695250,2950.797267,2981.237963,3050.556803
2643.678730,2743.064494,2781.601335,2831.011029,2912.702853,2950.808257,2981.251343,3050.575078
2643.615407,2743.037513,2781.587564,2831.012795,2912.729521,2950.846831,2981.298467,3050.639273
2643.582346,2743.023431,2781.580379,2831.013686,2912.743496,2950.866974,2981.323056,3050.672785
2643.569991,2743.129816,2781.601208,2830.552584,2912.641645,2950.871827,2981.329520,3050.685246
2643.561673,2743.014628,2781.575887,2831.014238,2912.752220,2950.879571,2981.338433,3050.693742
2643.559261,2743.013607,2781.575375,2831.014282,2912.753254,2950.881074,2981.340221,3050.696187
2643.541353,2743.115922,2781.594683,2830.560766,2912.657332,2950.889591,2981.350711,3050.714307
2643.493880,2742.985759,2781.561159,2831.016004,2912.780807,2950.920875,2981.388863,3050.762464
2643.425099,2743.114133,2781.578864,2830.362215,2912.795869,2950.970159,2981.433691,3050.830187
2643.414492,2742.951949,2781.543916,2831.018180,2912.814290,2950.969256,2981.447922,3050.842944
2643.364462,2742.928502,2781.531996,2831.027467,2912.766710,2950.994146,2981.487173,3050.894602
2643.351254,2742.925018,2781.530183,2831.019963,2912.840970,2951.007801,2981.494969,3050.907051
2643.339422,2742.919987,2781.527616,2831.020215,2912.845968,2951.015011,2981.503774,3050.919047
2643.338749,2742.919702,2781.527470,2831.020225,2912.846255,2951.015420,2981.504275,3050.919728
2643.333389,2742.917419,2781.526306,2831.020377,2912.848515,2951.018688,2981.508263,3050.925162
2643.313296,2742.908864,2781.521945,2831.020930,2912.856985,2951.030937,2981.523212,3050.945532
2643.171278,2742.848412,2781.491126,2831.024801,2912.916937,2951.117516,2981.628889,3051.089505
2643.126120,2742.829185,2781.481326,2831.026132,2912.936008,2951.145048,2981.662497,3051.135285
2643.123580,2742.828114,2781.480780,2831.026092,2912.937074,2951.146600,2981.664384,3051.137860
2643.119431,2742.826347,2781.479880,2831.026218,2912.938819,2951.149131,2981.667473,3051.142067
2643.092340,2742.815862,2781.474505,2831.018353,2912.948225,2951.166358,2981.688076,3051.169502
2643.091550,2742.814476,2781.473829,2831.027057,2912.950595,2951.166129,2981.688224,3051.170332
2643.090249,2742.811955,2781.472573,2831.032936,2912.881462,2951.161422,2981.691224,3051.172649
2643.056254,2742.799464,2781.466179,2831.027943,2912.965502,2951.187657,2981.714490,3051.206115
2643.040047,2742.790326,2781.461527,2831.037523,2912.902744,2951.191740,2981.728723,3051.223484
2642.991416,2742.771878,2781.452121,2831.029705,2912.992894,2951.227197,2981.762751,3051.271847
2642.982798,2742.768208,2781.450253,2831.029969,2912.996516,2951.232457,2981.769163,3051.280585
2642.975519,2742.765116,2781.448676,2831.030153,2912.999606,2951.236897,2981.774581,3051.287964
2642.973291,2742.764162,2781.448190,2831.030269,2913.000558,2951.238250,2981.776243,3051.290222
2642.939232,2742.749669,2781.440808,2831.031224,2913.014902,2951.259026,2981.801595,3051.324754
2642.929731,2742.745630,2781.438749,2831.031472,2913.018940,2951.264820,2981.808666,3051.334384
2642.915860,2742.739729,2781.435742,2831.031853,2913.024817,2951.273280,2981.818991,3051.348445
2642.895146,2742.730918,2781.431255,2831.032425,2913.033553,2951.285917,2981.834409,3051.369445
2642.889637,2742.728574,2781.430061,2831.032588,2913.035876,2951.289280,2981.838508,3051.375030
2642.868230,2742.719468,2781.425421,2831.033157,2913.044943,2951.302334,2981.854448,3051.396733
2642.798770,2742.689928,2781.410375,2831.035055,2913.074286,2951.344708,2981.906157,3051.467152
2642.788491,2742.685557,2781.408149,2831.035333,2913.078632,2951.350978,2981.913810,3051.477573
2642.765114,2742.675616,2781.403086,2831.035978,2913.088511,2951.365241,2981.931214,3051.501272
2642.733981,2742.662380,2781.396347,2831.036774,2913.101670,2951.384242,2981.954391,3051.532837
2642.706014,2742.650489,2781.390291,2831.037531,2913.113498,2951.401305,2981.975215,3051.561190
2642.673386,2742.636618,2781.383227,2831.038403,2913.127300,2951.421210,2981.999511,3051.594269
2642.644281,2742.624241,2781.376928,2831.039233,2913.139578,2951.438980,2982.021180,3051.623779
2642.612672,2742.610805,2781.370086,2831.040086,2913.152967,2951.458265,2982.044717,3051.655823
2642.606959,2742.608373,2781.368847,2831.040303,2913.155366,2951.461747,2982.048974,3051.661616
2642.586810,2742.599807,2781.364486,2831.040842,2913.163897,2951.474040,2982.063982,3051.682045
2642.572195,2742.591447,2781.360288,2831.049561,2913.101686,2951.477433,2982.076866,3051.697809
2642.534208,2742.577440,2781.353109,2831.042383,2913.186113,2951.506171,2982.103119,3051.735377
2642.512839,2742.566158,2781.347424,2831.051851,2913.126561,2951.513662,2982.121086,3051.757989
2642.412974,2742.523792,2781.325840,2831.053884,2913.168942,2951.574639,2982.195537,3051.859235
2642.381090,2742.512375,2781.319991,2831.046493,2913.250919,2951.599630,2982.217181,3051.890612
2642.373601,2742.509193,2781.318372,2831.046697,2913.254087,2951.604203,2982.222760,3051.898207
2642.351872,2742.497848,2781.312630,2831.055457,2913.194903,2951.611921,2982.241046,3051.921160
2642.329213,2742.490335,2781.308776,2831.047893,2913.272880,2951.631299,2982.255825,3051.943208
2642.325302,2742.488672,2781.307931,2831.048013,2913.274528,2951.633689,2982.258737,3051.947174
2642.259710,2742.460802,2781.293752,2831.049889,2913.302275,2951.673743,2982.307598,3052.013679
2642.248423,2742.453858,2781.290270,2831.058798,2913.238736,2951.675140,2982.318090,3052.026048
2642.243345,2742.453853,2781.290215,2831.050305,2913.309233,2951.683726,2982.319792,3052.030267
2642.195287,2742.433436,2781.279832,2831.051664,2913.329578,2951.713079,2982.355591,3052.078991
2642.194900,2742.433271,2781.279748,2831.051675,2913.329730,2951.713319,2982.355879,3052.079386
2642.191853,2742.431978,2781.279090,2831.051753,2913.331011,2951.715180,2982.358150,3052.082476
2642.179790,2742.425067,2781.275624,2831.055588,2913.263947,2951.717166,2982.369146,3052.095749
2642.170011,2742.422697,2781.274372,2831.052386,2913.340253,2951.728523,2982.374421,3052.104622
2642.161459,2742.419066,2781.272524,2831.052613,2913.343883,2951.733741,2982.380792,3052.113290
2642.091354,2742.389294,2781.257387,2831.054524,2913.373554,2951.776574,2982.433018,3052.184372
2642.036920,2742.366183,2781.245635,2831.056009,2913.396619,2951.809826,2982.473576,3052.239561
2642.023685,2742.360556,2781.242773,2831.056430,2913.402230,2951.817899,2982.483444,3052.252979
2642.010759,2742.355075,2781.239987,2831.056735,2913.407698,2951.825808,2982.493070,3052.266086
2641.999508,2742.350288,2781.237556,2831.057121,2913.412470,2951.832676,2982.501456,3052.277494
2641.947828,2742.328349,2781.226401,2831.058542,2913.434357,2951.864247,2982.539967,3052.329891
2641.941614,2742.325711,2781.225059,2831.058710,2913.437003,2951.868045,2982.544599,3052.336193
2641.920613,2742.316800,2781.220530,2831.059219,2913.445894,2951.880876,2982.560248,3052.357485
2641.913761,2742.313886,2781.219050,2831.059489,2913.448795,2951.885068,2982.565351,3052.364432
2641.909608,2742.310103,2781.217192,2831.066666,2913.381865,2951.882192,2982.570504,3052.369579
2641.877095,2742.298323,2781.211141,2831.060461,2913.464322,2951.907474,2982.592676,3052.401610
2641.867923,2742.294433,2781.209162,2831.060683,2913.468220,2951.913073,2982.599514,3052.410908
2641.848798,2742.286316,2781.205036,2831.061211,2913.476325,2951.924759,2982.613768,3052.430300
2641.847855,2742.283833,2781.203821,2831.069333,2913.408553,2951.919889,2982.616566,3052.432176
2641.846999,2742.283534,2781.203689,2831.068333,2913.408397,2951.920452,2982.617167,3052.433058
2641.826693,2742.276929,2781.200265,2831.061894,2913.485694,2951.938263,2982.630244,3052.452711
2641.817865,2742.273178,2781.198362,2831.062170,2913.489413,2951.943669,2982.636820,3052.461665
2641.769651,2742.250570,2781.186921,2831.072340,2913.441661,2951.967660,2982.674878,3052.511469
2641.744336,2742.241974,2781.182505,2831.064190,2913.520582,2951.988603,2982.691625,3052.536219
2641.731336,2742.236460,2781.179703,2831.064540,2913.526120,2951.996545,2982.701314,3052.549395
2641.727870,2742.234988,2781.178954,2831.064657,2913.527590,2951.998666,2982.703897,3052.552911
2641.713487,2742.228887,2781.175857,2831.065019,2913.533644,2952.007470,2982.714614,3052.567499
2641.709246,2742.224982,2781.173944,2831.073386,2913.466875,2952.004656,2982.719840,3052.572732
2641.690086,2742.211238,2781.168833,2831.090923,2913.473690,2952.015929,2982.734283,3052.592662
2641.685368,2742.216950,2781.169791,2831.065859,2913.545590,2952.024644,2982.735578,3052.596006
2641.684756,2742.216690,2781.169660,2831.065874,2913.545847,2952.025028,2982.736031,3052.596629
2641.654423,2742.203814,2781.163120,2831.066761,2913.558721,2952.043564,2982.758643,3052.627382
2641.652091,2742.202832,2781.162619,2831.066765,2913.559701,2952.044983,2982.760384,3052.629746
2641.630167,2742.193529,2781.157893,2831.067388,2913.569012,2952.058390,2982.776726,3052.651976
2641.620978,2742.189627,2781.155912,2831.067665,2913.572890,2952.064007,2982.783577,3052.661294
2641.556341,2742.160163,2781.141016,2831.076897,2913.530538,2952.098136,2982.833865,3052.727805
2641.548018,2742.158676,2781.140193,2831.069693,2913.603824,2952.108616,2982.837966,3052.735272
2641.547187,2742.156162,2781.138976,2831.078797,2913.536025,2952.103698,2982.840696,3052.737038
2641.513703,2742.144125,2781.132803,2831.070580,2913.618384,2952.129600,2982.863548,3052.770067
2641.504915,2742.140390,2781.130915,2831.070913,2913.622064,2952.134986,2982.870058,3052.778981
2641.486658,2742.132652,2781.126978,2831.071361,2913.629855,2952.146140,2982.883711,3052.797490
2641.440040,2742.112881,2781.116938,2831.072641,2913.649634,2952.174643,2982.918470,3052.844758
2641.439824,2742.112790,2781.116892,2831.072648,2913.649724,2952.174777,2982.918630,3052.844978
2641.414738,2742.102150,2781.111490,2831.073349,2913.660368,2952.190116,2982.937336,3052.870414
2641.403116,2742.097213,2781.108989,2831.073792,2913.665287,2952.197226,2982.945963,3052.882199
2641.397123,2742.094674,2781.107695,2831.073924,2913.667833,2952.200889,2982.950469,3052.888274
2641.391469,2742.092277,2781.106478,2831.074077,2913.670234,2952.204346,2982.954685,3052.894007
2641.381506,2742.088051,2781.104333,2831.074359,2913.674465,2952.210444,2982.962113,3052.904111
2641.335457,2742.068529,2781.094423,2831.075584,2913.693999,2952.238610,2982.996449,3052.950803
2641.308831,2742.057239,2781.088693,2831.076336,2913.705296,2952.254897,2983.016304,3052.977801
2641.268657,2742.040204,2781.080044,2831.077501,2913.722364,2952.279458,2983.046269,3053.018535
2641.259838,2742.036468,2781.078149,2831.077697,2913.726100,2952.284860,2983.052843,3053.027479
2641.235289,2742.026060,2781.072868,2831.078383,2913.736520,2952.299879,2983.071150,3053.052372
2641.231017,2742.024250,2781.071948,2831.078502,2913.738337,2952.302490,2983.074337,3053.056703
2641.212013,2742.016193,2781.067860,2831.079037,2913.746403,2952.314115,2983.088510,3053.075972
2641.194313,2742.008689,2781.064052,2831.079548,2913.753912,2952.324947,2983.101709,3053.093921
2641.165116,2741.996309,2781.057770,2831.080423,2913.766320,2952.342808,2983.123486,3053.123526
2641.114713,2741.974943,2781.046929,2831.081853,2913.787715,2952.373644,2983.161082,3053.174635
2641.113663,2741.974501,2781.046704,2831.081840,2913.788159,2952.374282,2983.161869,3053.175701
2641.084549,2741.962161,2781.040443,2831.082684,2913.800540,2952.392098,2983.183581,3053.205220
2641.060873,2741.952124,2781.035355,2831.083384,2913.810562,2952.406596,2983.201236,3053.229229
2641.002714,2741.927482,2781.022854,2831.084957,2913.835272,2952.442189,2983.244620,3053.288204
2640.989944,2741.922068,2781.020107,2831.085365,2913.840692,2952.450000,2983.254150,3053.301154
2640.968650,2741.911108,2781.014619,2831.092517,2913.781289,2952.457710,2983.272116,3053.323667
2640.946214,2741.903540,2781.010710,2831.086603,2913.859271,2952.476763,2983.286771,3053.345495
2640.936367,2741.899368,2781.008594,2831.086871,2913.863463,2952.482790,2983.294118,3053.355481
2640.923021,2741.891721,2781.004762,2831.094664,2913.800609,2952.485575,2983.306225,3053.369941
2640.922297,2741.891387,2781.004593,2831.094904,2913.800679,2952.485977,2983.306780,3053.370676
2640.807551,2741.844804,2780.980927,2831.090458,2913.918192,2952.561650,2983.390220,3053.486104
2640.791119,2741.837839,2780.977397,2831.090935,2913.925171,2952.571705,2983.402483,3053.502767
2640.748732,2741.819883,2780.968294,2831.092185,2913.943176,2952.597657,2983.434112,3053.545752
2640.708798,2741.802980,2780.959722,2831.093218,2913.960179,2952.622101,2983.463912,3053.586243
2640.688664,2741.794445,2780.955398,2831.093886,2913.968728,2952.634432,2983.478936,3053.606661
2640.669824,2741.786473,2780.951357,2831.094337,2913.976722,2952.645969,2983.492995,3053.625766
2640.620587,2741.763572,2780.939854,2831.103297,2913.929989,2952.670832,2983.531877,3053.676644
2640.614174,2741.762904,2780.939415,2831.095965,2914.000383,2952.680057,2983.534520,3053.682199
2640.606468,2741.759644,2780.937760,2831.096177,2914.003664,2952.684765,2983.540279,3053.690015
2640.596278,2741.755328,2780.935573,2831.096472,2914.008007,2952.691003,2983.547883,3053.700347
2640.585617,2741.750802,2780.933283,2831.096899,2914.012536,2952.697544,2983.555833,3053.711158
2640.579003,2741.748015,2780.931867,2831.096971,2914.015351,2952.701589,2983.560773,3053.717866
2640.563037,2741.739268,2780.927511,2831.104904,2913.954049,2952.706095,2983.574785,3053.734969
2640.549719,2741.736226,2780.925913,2831.094415,2914.026666,2952.720092,2983.583131,3053.747493
2640.519894,2741.721018,2780.918272,2831.105924,2913.972278,2952.732550,2983.606970,3053.778724
